{
	"format_version": "1.8.0",
	"animations": {
		"animation.titan.infected": {
			"loop": true,
			"animation_length": 1,
			"bones": {
				"head": {
					"rotation": {
						"0.0": [0, 0, -2.5],
						"0.0833": [0, 0, 2.5],
						"0.1667": [0, 0, -2.5],
						"0.25": [0, 0, 2.5],
						"0.3333": [0, 0, -2.5],
						"0.4167": [0, 0, 2.5],
						"0.5": [0, 0, -2.5],
						"0.5833": [0, 0, 2.5],
						"0.6667": [0, 0, -2.5],
						"0.75": [0, 0, 2.5],
						"0.8333": [0, 0, -2.5],
						"0.9167": [0, 0, 2.5],
						"1.0": [0, 0, -2.5]
					}
				},
				"infected_core": {
					"position": [0, 0, -2]
				},
				"normal_core": {
					"position": [0, 0, 2]
				}
			},
			"particle_effects": {
				"0.0": {
					"effect": "electric_spark",
					"locator": "spark9"
				},
				"0.0417": {
					"effect": "electric_spark",
					"locator": "spark8"
				},
				"0.0833": {
					"effect": "electric_spark",
					"locator": "spark7"
				},
				"0.125": {
					"effect": "electric_spark",
					"locator": "spark6"
				},
				"0.1667": {
					"effect": "electric_spark",
					"locator": "spark5"
				},
				"0.2083": {
					"effect": "electric_spark",
					"locator": "spark4"
				},
				"0.25": {
					"effect": "electric_spark",
					"locator": "spark3"
				},
				"0.2917": {
					"effect": "electric_spark",
					"locator": "spark2"
				},
				"0.3333": {
					"effect": "electric_spark",
					"locator": "spark"
				}
			}
		},
		"animation.skibidi.target": {
			"loop": true,
			"animation_length": 1.0417,
			"anim_time_update": "query.anim_time + query.delta_time * 1.0",
			"bones": {
				"mouth": {
					"scale": {
						"0.0": {
							"post": [1, 1, 1],
							"lerp_mode": "catmullrom"
						},
						"0.1667": {
							"post": [1.2, 1, 1],
							"lerp_mode": "catmullrom"
						},
						"0.2917": {
							"post": [1.2, 1, 1],
							"lerp_mode": "catmullrom"
						},
						"0.375": {
							"post": [1.2, 1.2, 1],
							"lerp_mode": "catmullrom"
						},
						"0.5": {
							"post": [1.2, 1.2, 1],
							"lerp_mode": "catmullrom"
						},
						"0.5833": {
							"post": [1, 1, 1],
							"lerp_mode": "catmullrom"
						},
						"0.6667": {
							"post": [1.2, 1.2, 1],
							"lerp_mode": "catmullrom"
						},
						"0.75": {
							"post": [1.2, 1, 1],
							"lerp_mode": "catmullrom"
						},
						"0.8333": {
							"post": [1.2, 1.2, 1],
							"lerp_mode": "catmullrom"
						},
						"0.9583": {
							"post": [1.2, 1.2, 1],
							"lerp_mode": "catmullrom"
						},
						"1.0417": {
							"post": [1, 1, 1],
							"lerp_mode": "catmullrom"
						}
					}
				},
				"upper_mouth": {
					"scale": 0
				},
				"upper": {
					"rotation": {
						"0.0": {
							"post": [0, 0, 0],
							"lerp_mode": "catmullrom"
						},
						"0.1667": {
							"post": [0, 0, 0],
							"lerp_mode": "catmullrom"
						},
						"0.2917": {
							"post": [0, 0, 0],
							"lerp_mode": "catmullrom"
						},
						"0.375": {
							"post": [-10, 0, 0],
							"lerp_mode": "catmullrom"
						},
						"0.5": {
							"post": [-10, 0, 0],
							"lerp_mode": "catmullrom"
						},
						"0.5833": {
							"post": [0, 0, 0],
							"lerp_mode": "catmullrom"
						},
						"0.6667": {
							"post": [-10, 0, 0],
							"lerp_mode": "catmullrom"
						},
						"0.75": {
							"post": [-10, 0, 0],
							"lerp_mode": "catmullrom"
						},
						"0.8333": {
							"post": [0, 0, 0],
							"lerp_mode": "catmullrom"
						},
						"0.9167": {
							"post": [-10, 0, 0],
							"lerp_mode": "catmullrom"
						},
						"1.0417": {
							"post": [0, 0, 0],
							"lerp_mode": "catmullrom"
						}
					}
				},
				"lower": {
					"rotation": {
						"0.0": {
							"post": [0, 0, 0],
							"lerp_mode": "catmullrom"
						},
						"0.1667": {
							"post": [0, 0, 0],
							"lerp_mode": "catmullrom"
						},
						"0.2917": {
							"post": [0, 0, 0],
							"lerp_mode": "catmullrom"
						},
						"0.375": {
							"post": [10, 0, 0],
							"lerp_mode": "catmullrom"
						},
						"0.5": {
							"post": [10, 0, 0],
							"lerp_mode": "catmullrom"
						},
						"0.5833": {
							"post": [0, 0, 0],
							"lerp_mode": "catmullrom"
						},
						"0.6667": {
							"post": [10, 0, 0],
							"lerp_mode": "catmullrom"
						},
						"0.75": {
							"post": [10, 0, 0],
							"lerp_mode": "catmullrom"
						},
						"0.8333": {
							"post": [0, 0, 0],
							"lerp_mode": "catmullrom"
						},
						"0.9167": {
							"post": [10, 0, 0],
							"lerp_mode": "catmullrom"
						},
						"1.0417": {
							"post": [0, 0, 0],
							"lerp_mode": "catmullrom"
						}
					}
				}
			},
			"sound_effects": {
				"0.0": {
					"effect": "chase"
				}
			}
		},
		"animation.spider_skibidi.look_at_target": {
			"loop": true,
			"bones": {
				"head": {
					"rotation": ["query.target_x_rotation * 0.7", "query.target_y_rotation * 0.7", "query.target_y_rotation * 0.05"]
				},
				"neck2": {
					"rotation": ["query.target_x_rotation * 0.2", "query.target_y_rotation * 0.2", 0]
				},
				"toilet": {
					"rotation": ["query.target_x_rotation * 0.15", "query.target_y_rotation * 0.15", "query.target_y_rotation * 0.05"]
				}
			}
		},
		"animation.toilet_titan.default_3": {
			"loop": true,
			"bones": {
				"root": {
					"position": [0, 0, 0],
					"scale": 4.8
				}
			}
		},
		"animation.ic_skibidi_claw.idle": {
			"loop": true,
			"animation_length": 4,
			"bones": {
				"toilet": {
					"rotation": {
						"0.0": {
							"post": [-2.5, 0, 0],
							"lerp_mode": "catmullrom"
						},
						"2.0": {
							"post": [0, 0, 0],
							"lerp_mode": "catmullrom"
						},
						"4.0": {
							"post": [-2.5, 0, 0],
							"lerp_mode": "catmullrom"
						}
					},
					"position": {
						"0.0": {
							"post": [0, 0, 0],
							"lerp_mode": "catmullrom"
						},
						"2.0": {
							"post": [0, -0.5, 0],
							"lerp_mode": "catmullrom"
						},
						"4.0": {
							"post": [0, 0, 0],
							"lerp_mode": "catmullrom"
						}
					}
				},
				"left_claw": {
					"rotation": {
						"0.0": {
							"post": [30.3389, 15.545, 2.48402],
							"lerp_mode": "catmullrom"
						},
						"2.0833": {
							"post": [15.00929, 5.60904, -1.20507],
							"lerp_mode": "catmullrom"
						},
						"4.0": {
							"post": [30.3389, 15.545, 2.48402],
							"lerp_mode": "catmullrom"
						}
					}
				},
				"right_claw": {
					"rotation": {
						"0.0": {
							"post": [28.87006, -11.02836, -6.05045],
							"lerp_mode": "catmullrom"
						},
						"1.9167": {
							"post": [15.00929, -5.60904, 1.20507],
							"lerp_mode": "catmullrom"
						},
						"4.0": {
							"post": [28.87006, -11.02836, -6.05045],
							"lerp_mode": "catmullrom"
						}
					}
				},
				"left_claw2": {
					"rotation": {
						"0.0": [0, 40, 0],
						"4.0": [0, 40, 0]
					}
				},
				"right_claw2": {
					"rotation": {
						"0.0": [0, -40, 0],
						"4.0": [0, -40, 0]
					}
				}
			}
		},
		"animation.ic_skibidi_claw.walk": {
			"loop": true,
			"animation_length": 2,
			"anim_time_update": "query.anim_time + query.delta_time * (query.ground_speed /17.5)",
			"bones": {
				"toilet": {
					"rotation": {
						"0.0": {
							"post": [2.5, 0, -2.5],
							"lerp_mode": "catmullrom"
						},
						"0.5": {
							"post": [-2.5, 0, 0],
							"lerp_mode": "catmullrom"
						},
						"1.0": {
							"post": [2.5, 0, 2.5],
							"lerp_mode": "catmullrom"
						},
						"1.5": {
							"post": [-2.5, 0, 0],
							"lerp_mode": "catmullrom"
						},
						"2.0": {
							"post": [2.5, 0, -2.5],
							"lerp_mode": "catmullrom"
						}
					},
					"position": {
						"0.0": {
							"post": [-1.31, -0.11, 0],
							"lerp_mode": "catmullrom"
						},
						"0.2083": {
							"post": [-1.5, -0.5, 0],
							"lerp_mode": "catmullrom"
						},
						"0.7083": {
							"post": [0, 0.5, 0],
							"lerp_mode": "catmullrom"
						},
						"1.0": {
							"post": [0, -0.5, 0],
							"lerp_mode": "catmullrom"
						},
						"1.2083": {
							"post": [0.5, -0.5, 0],
							"lerp_mode": "catmullrom"
						},
						"1.7083": {
							"post": [0, 0.5, 0],
							"lerp_mode": "catmullrom"
						},
						"2.0": {
							"post": [-1.31, -0.11, 0],
							"lerp_mode": "catmullrom"
						}
					}
				},
				"left_claw": {
					"rotation": [0, -12.5, 0]
				},
				"right_claw": {
					"rotation": [0, 7.5, 0]
				},
				"left_front_leg": {
					"rotation": {
						"0.0": {
							"post": [-10.11, -1.51, -9.45],
							"lerp_mode": "catmullrom"
						},
						"0.25": [-10, 17.5, 0],
						"0.75": [-7.71622, -22.73648, 1.45498],
						"1.25": {
							"pre": [-2.37841, -40.45238, 0.82222],
							"post": [-2.37841, -40.45238, 0.82222],
							"lerp_mode": "catmullrom"
						},
						"1.75": {
							"post": [-9.34507, -22.72861, -16.71608],
							"lerp_mode": "catmullrom"
						},
						"2.0": {
							"post": [-10.11, -1.51, -9.45],
							"lerp_mode": "catmullrom"
						}
					}
				},
				"left_front_leg2": {
					"rotation": {
						"0.0": {
							"post": [-1.49, 13.43, 8.55],
							"lerp_mode": "catmullrom"
						},
						"0.25": [1.52735, 15.0281, -2.11625],
						"0.75": [9.45269, 3.66602, -14.68],
						"1.25": {
							"pre": [6.9871, -0.53078, 0.50484],
							"post": [6.9871, -0.53078, 0.50484],
							"lerp_mode": "catmullrom"
						},
						"1.75": {
							"post": [-3.22336, 10.45142, 17.13683],
							"lerp_mode": "catmullrom"
						},
						"2.0": {
							"post": [-1.49, 13.43, 8.55],
							"lerp_mode": "catmullrom"
						}
					}
				},
				"right_front_leg": {
					"rotation": {
						"0.0": [-4.9, 34.11, -1.23],
						"0.25": {
							"pre": [-2.37841, 40.45238, -0.82222],
							"post": [-2.37841, 40.45238, -0.82222],
							"lerp_mode": "catmullrom"
						},
						"0.75": {
							"post": [-9.34507, 22.72861, 16.71608],
							"lerp_mode": "catmullrom"
						},
						"1.25": [-10, -17.5, 0],
						"1.75": [-7.71622, 22.73648, -1.45498],
						"2.0": [-4.9, 34.11, -1.23]
					}
				},
				"right_front_leg2": {
					"rotation": {
						"0.0": [8.72, -0.86, 7.87],
						"0.25": {
							"pre": [6.9871, 0.53078, -0.50484],
							"post": [6.9871, 0.53078, -0.50484],
							"lerp_mode": "catmullrom"
						},
						"0.75": {
							"post": [-3.22336, -10.45142, -17.13683],
							"lerp_mode": "catmullrom"
						},
						"1.25": [1.52735, -15.0281, 2.11625],
						"1.75": [9.45269, -3.66602, 14.68],
						"2.0": [8.72, -0.86, 7.87]
					}
				},
				"left_back_leg": {
					"rotation": {
						"0.0": {
							"post": [-2.37841, -40.45238, 0.82222],
							"lerp_mode": "catmullrom"
						},
						"0.5": {
							"post": [-9.34507, -22.72861, -16.71608],
							"lerp_mode": "catmullrom"
						},
						"1.0": [-10, 17.5, 0],
						"1.5": [-7.71622, -22.73648, 1.45498],
						"2.0": {
							"pre": [-2.37841, -40.45238, 0.82222],
							"post": [-2.37841, -40.45238, 0.82222],
							"lerp_mode": "catmullrom"
						}
					}
				},
				"left_back_leg2": {
					"rotation": {
						"0.0": {
							"post": [6.9871, -0.53078, 0.50484],
							"lerp_mode": "catmullrom"
						},
						"0.5": {
							"post": [-3.22336, 10.45142, 17.13683],
							"lerp_mode": "catmullrom"
						},
						"1.0": [1.52735, 15.0281, -2.11625],
						"1.5": [9.45269, 3.66602, -14.68],
						"2.0": {
							"pre": [6.9871, -0.53078, 0.50484],
							"post": [6.9871, -0.53078, 0.50484],
							"lerp_mode": "catmullrom"
						}
					}
				},
				"right_back_leg": {
					"rotation": {
						"0.0": [-10, -17.5, 0],
						"0.5": [-7.71622, 22.73648, -1.45498],
						"1.0": {
							"pre": [-2.37841, 40.45238, -0.82222],
							"post": [-2.37841, 40.45238, -0.82222],
							"lerp_mode": "catmullrom"
						},
						"1.5": {
							"post": [-9.34507, 22.72861, 16.71608],
							"lerp_mode": "catmullrom"
						},
						"2.0": {
							"post": [-10, -17.5, 0],
							"lerp_mode": "catmullrom"
						}
					}
				},
				"right_back_leg2": {
					"rotation": {
						"0.0": [1.52735, -15.0281, 2.11625],
						"0.5": [9.45269, -3.66602, 14.68],
						"1.0": {
							"pre": [6.9871, 0.53078, -0.50484],
							"post": [6.9871, 0.53078, -0.50484],
							"lerp_mode": "catmullrom"
						},
						"1.5": {
							"post": [-3.22336, -10.45142, -17.13683],
							"lerp_mode": "catmullrom"
						},
						"2.0": {
							"post": [1.52735, -15.0281, 2.11625],
							"lerp_mode": "catmullrom"
						}
					}
				}
			}
		},
		"animation.ic_skibidi_claw.attack1": {
			"animation_length": 1,
			"bones": {
				"left_claw": {
					"rotation": {
						"0.0": [0, 0, 0],
						"0.125": [0, -25, 0],
						"0.375": {
							"pre": [0, -35, 0],
							"post": [0, -35, 0],
							"lerp_mode": "catmullrom"
						},
						"0.5417": [5, 32.5, 0],
						"0.625": [5, 32.5, 0],
						"0.8333": {
							"pre": [5, 32.5, 0],
							"post": [5, 32.5, 0],
							"lerp_mode": "catmullrom"
						},
						"1.0": {
							"post": [0, 0, 0],
							"lerp_mode": "catmullrom"
						}
					}
				},
				"left_claw2": {
					"rotation": {
						"0.0": [0, 0, 0],
						"0.125": [0, 0, 35],
						"0.375": {
							"pre": [0, 0, 35],
							"post": [0, 0, 35],
							"lerp_mode": "catmullrom"
						},
						"0.5417": [0, 0, -10],
						"0.625": [0, 0, -10],
						"0.8333": {
							"pre": [0, 0, -10],
							"post": [0, 0, -10],
							"lerp_mode": "catmullrom"
						},
						"1.0": {
							"post": [0, 0, 0],
							"lerp_mode": "catmullrom"
						}
					}
				}
			}
		},
		"animation.ic_skibidi_claw.attack2": {
			"animation_length": 1,
			"bones": {
				"right_claw": {
					"rotation": {
						"0.0": [0, 0, 0],
						"0.125": [0, 25, 0],
						"0.375": {
							"pre": [0, 35, 0],
							"post": [0, 35, 0],
							"lerp_mode": "catmullrom"
						},
						"0.5417": [5, -32.5, 0],
						"0.625": [5, -32.5, 0],
						"0.8333": {
							"pre": [5, -32.5, 0],
							"post": [5, -32.5, 0],
							"lerp_mode": "catmullrom"
						},
						"1.0": {
							"post": [0, 0, 0],
							"lerp_mode": "catmullrom"
						}
					}
				},
				"right_claw2": {
					"rotation": {
						"0.0": [0, 0, 0],
						"0.125": [0, 0, -35],
						"0.375": {
							"pre": [0, 0, -35],
							"post": [0, 0, -35],
							"lerp_mode": "catmullrom"
						},
						"0.5417": [0, 0, 10],
						"0.625": [0, 0, 10],
						"0.8333": {
							"pre": [0, 0, 10],
							"post": [0, 0, 10],
							"lerp_mode": "catmullrom"
						},
						"1.0": {
							"post": [0, 0, 0],
							"lerp_mode": "catmullrom"
						}
					}
				}
			}
		},
		"animation.ic_skibidi_speaker_roar": {
			"loop": true,
			"animation_length": 0.25,
			"bones": {
				"head": {
					"rotation": [10, 0, 0]
				},
				"speaker": {
					"position": {
						"0.0": [-0.5, 0.5, 0],
						"0.0417": [0.5, 0, 0],
						"0.0833": [-0.5, -0.5, 0],
						"0.125": [0.5, 0.5, 0],
						"0.1667": [-0.5, 0, 0],
						"0.2083": [0.5, -0.5, 0],
						"0.25": [-0.5, 0, 0]
					}
				}
			}
		},
		"animation.ic_skibidi_speaker_boom": {
			"loop": true,
			"animation_length": 0.25,
			"sound_effects": {
				"0.0": {
					"effect": "blast"
				}
			}
		},
		"animation.ic_scientist_toilet.toxic_shoot": {
			"loop": true,
			"animation_length": 2,
			"bones": {
				"toilet": {
					"position": [0, -7, 0]
				},
				"toxic_gun_right": {
					"rotation": [-1.46151, 1.79802, -41.64987],
					"position": [0, 5, 0]
				},
				"toxic_gun_right3": {
					"rotation": {
						"0.0": {
							"post": [230, 0, 0],
							"lerp_mode": "catmullrom"
						},
						"0.9167": {
							"post": [225, 0, 0],
							"lerp_mode": "catmullrom"
						},
						"2.0": {
							"post": [230, 0, 0],
							"lerp_mode": "catmullrom"
						}
					}
				},
				"toxic_gun_right4": {
					"rotation": {
						"0.0": {
							"post": [-123.77785, 0.19602, -34.82494],
							"lerp_mode": "catmullrom"
						},
						"1.0": {
							"post": [-121.15669, 3.49179, -31.06243],
							"lerp_mode": "catmullrom"
						},
						"2.0": {
							"post": [-123.77785, 0.19602, -34.82494],
							"lerp_mode": "catmullrom"
						}
					}
				},
				"toxic_gun_right5": {
					"rotation": [2.5, -2.5, 0]
				},
				"toxic_gun_left": {
					"rotation": [33.5375, 28.13995, 39.63927],
					"position": [0, 4, 0]
				},
				"toxic_gun_left2": {
					"rotation": [-22.76727, 6.30476, -4.16265]
				},
				"toxic_gun_left3": {
					"rotation": {
						"0.0": {
							"post": [222.94691, 13.27207, 61.67841],
							"lerp_mode": "catmullrom"
						},
						"1.0417": {
							"post": [230.44691, 13.27207, 61.67841],
							"lerp_mode": "catmullrom"
						},
						"2.0": {
							"post": [222.94691, 13.27207, 61.67841],
							"lerp_mode": "catmullrom"
						}
					}
				},
				"toxic_gun_left4": {
					"rotation": {
						"0.0": {
							"post": [-143.42028, -29.4997, 30.0067],
							"lerp_mode": "catmullrom"
						},
						"1.0417": {
							"post": [-154.90805, -17.46986, 33.72241],
							"lerp_mode": "catmullrom"
						},
						"2.0": {
							"post": [-143.42028, -29.4997, 30.0067],
							"lerp_mode": "catmullrom"
						}
					}
				},
				"toxic_gun_left5": {
					"rotation": [10.70642, 6.2586, -12.27074]
				},
				"left_front_leg": {
					"rotation": [0, 0, -12.5],
					"position": [0, -7, 0]
				},
				"left_front_leg2": {
					"rotation": [0, 0, 30]
				},
				"right_front_leg": {
					"rotation": [0, 0, 15],
					"position": [0, -7, 0]
				},
				"right_front_leg2": {
					"rotation": [0, 0, -10]
				},
				"left_back_leg": {
					"rotation": [0, 0, -15],
					"position": [0, -7, 0]
				},
				"left_back_leg2": {
					"rotation": [0, 0, 10]
				},
				"right_back_leg": {
					"rotation": [0, 0, 15],
					"position": [0, -7, 0]
				},
				"right_back_leg2": {
					"rotation": [0, 0, -25]
				}
			}
		},
		"animation.ic_scientist_toilet.screen_fire": {
			"loop": true,
			"bones": {
				"toilet": {
					"position": [0, 0, 0]
				},
				"tv_glow": {
					"position": [0, 0, -0.6],
					"scale": 1.8
				}
			}
		},
		"animation.ic_scientist_toilet.laser_shoot": {
			"loop": true,
			"animation_length": 2,
			"bones": {
				"laser_gun_left": {
					"rotation": [-10, 0, 27.5]
				},
				"laser_gun_left2": {
					"rotation": [-6.72005, 2.68407, 32.40109]
				},
				"laser_gun_left3": {
					"rotation": {
						"0.0": {
							"post": [240, 0, 0],
							"lerp_mode": "catmullrom"
						},
						"1.0417": {
							"post": [240.07713, 1.91134, 4.62111],
							"lerp_mode": "catmullrom"
						},
						"2.0": {
							"post": [240, 0, 0],
							"lerp_mode": "catmullrom"
						}
					}
				},
				"laser_gun_left4": {
					"rotation": {
						"0.0": {
							"post": [-125.33072, -19.58154, 73.09681],
							"lerp_mode": "catmullrom"
						},
						"1.0": {
							"post": [-126.47052, -23.17271, 69.36162],
							"lerp_mode": "catmullrom"
						},
						"2.0": {
							"post": [-125.33072, -19.58154, 73.09681],
							"lerp_mode": "catmullrom"
						}
					}
				},
				"blast_left_laser": {
					"position": [-23, 24, -7],
					"scale": [1, 50, 1]
				},
				"laser_gun_left5": {
					"rotation": [-6.60165, 4.67132, 4.34588]
				},
				"blast_left": {
					"rotation": [0, 0, -5],
					"position": [13.75, -52.5, 40.75],
					"scale": [1, 60, 1]
				}
			}
		}
	}
}