{
	"format_version": "1.12.0",
	"minecraft:geometry": [
		{
			"description": {
				"identifier": "geometry.ic_scientist_toilet_titan",
				"texture_width": 256,
				"texture_height": 256,
				"visible_bounds_width": 22,
				"visible_bounds_height": 6.5,
				"visible_bounds_offset": [0, 2.75, 0]
			},
			"bones": [
				{
					"name": "root",
					"pivot": [0, 0, 0]
				},
				{
					"name": "trails",
					"parent": "root",
					"pivot": [0, 16, 0],
					"locators": {
						"trail": [0, 7, 0],
						"trail2": [0, 40, 0]
					}
				},
				{
					"name": "toilet",
					"parent": "root",
					"pivot": [0, 15, 0],
					"cubes": [
						{"origin": [-5, 17, -5], "size": [10, 7, 10], "uv": [0, 72]},
						{"origin": [-3, 15, -9], "size": [6, 9, 3], "pivot": [0, 20.5, -7.5], "rotation": [22.5, 0, 0], "uv": [181, 101]},
						{"origin": [-5, 16, 5], "size": [10, 18, 10], "uv": [0, 171]},
						{"origin": [-6, 15, -6], "size": [12, 4, 18], "uv": [187, 16]},
						{"origin": [-7, 24, -7], "size": [14, 3, 14], "uv": [0, 37]},
						{"origin": [-9, 26, -7.5], "size": [9, 3, 15], "pivot": [0, 36, 0], "rotation": [0, 0, -77.5], "uv": [0, 54]},
						{"origin": [0, 26, -7.5], "size": [9, 3, 15], "pivot": [0, 36, 0], "rotation": [0, 0, 77.5], "uv": [0, 54], "mirror": true},
						{"origin": [-7.5, 26, -9], "size": [15, 3, 9], "pivot": [0, 36, 0], "rotation": [77.5, 0, 0], "uv": [58, 23]},
						{"origin": [-7.5, 26, 0], "size": [15, 3, 9], "pivot": [0, 36, 0], "rotation": [-77.5, 0, 0], "uv": [58, 11]},
						{"origin": [-8, 32.16026, -9.29852], "size": [16, 4, 2], "pivot": [0, 34.16026, -8.29852], "rotation": [-90, 0, 0], "uv": [68, 0]},
						{"origin": [-8, 32.16026, 7.29852], "size": [16, 4, 2], "pivot": [0, 34.16026, 8.29852], "rotation": [90, 0, 0], "uv": [68, 0]},
						{"origin": [7.27352, 32.16026, -8], "size": [2, 4, 16], "pivot": [8.29852, 34.16026, 0], "rotation": [0, 0, -90], "uv": [24, 73]},
						{"origin": [-9.27352, 32.16026, -8], "size": [2, 4, 16], "pivot": [-8.29852, 34.16026, 0], "rotation": [0, 0, 90], "uv": [24, 73]}
					]
				},
				{
					"name": "lid1",
					"parent": "toilet",
					"pivot": [0, 36, 9],
					"cubes": [
						{"origin": [-8, 33.16026, -9.29852], "size": [16, 4, 1], "pivot": [0, 35.16026, -8.29852], "rotation": [-90, 0, 0], "uv": [97, 11]},
						{"origin": [-9.27352, 33.16026, -8], "size": [1, 4, 16], "pivot": [-8.29852, 35.16026, 0], "rotation": [0, 0, 90], "uv": [80, 57]},
						{"origin": [-8, 33.16026, 8.29852], "size": [16, 4, 1], "pivot": [0, 35.16026, 8.29852], "rotation": [90, 0, 0], "uv": [97, 11], "mirror": true},
						{"origin": [8.27352, 33.16026, -8], "size": [1, 4, 16], "pivot": [8.29852, 35.16026, 0], "rotation": [0, 0, -90], "uv": [80, 57]}
					]
				},
				{
					"name": "back",
					"parent": "toilet",
					"pivot": [0, 36, 11],
					"cubes": [
						{"origin": [-9.5, 32, 10], "size": [19, 21, 6], "uv": [150, 0]},
						{"origin": [-9.5, 38, 10], "size": [19, 22, 6], "inflate": -0.2, "uv": [206, 87]},
						{"origin": [-9, 58, 10.5], "size": [18, 3, 5], "uv": [3, 3]}
					]
				},
				{
					"name": "wing",
					"parent": "back",
					"pivot": [0, 36, 11],
					"cubes": [
						{"origin": [6, 33, 15.5], "size": [2, 9, 1], "inflate": 0.1, "pivot": [0, 36, 11], "rotation": [0, 0, 22.5], "uv": [112, 22]},
						{"origin": [6, 33.5, 16], "size": [3, 40, 0], "pivot": [0, 36, 11], "rotation": [0, 0, 22.5], "uv": [104, 99]},
						{"origin": [-8, 33, 15.5], "size": [2, 9, 1], "inflate": 0.1, "pivot": [0, 36, 11], "rotation": [0, 0, -22.5], "uv": [112, 22]},
						{"origin": [-9, 33.5, 16], "size": [3, 40, 0], "pivot": [0, 36, 11], "rotation": [0, 0, -22.5], "uv": [104, 99]}
					]
				},
				{
					"name": "toxic_gun_right",
					"parent": "back",
					"pivot": [-3.5, 25, 12],
					"rotation": [0, -25, 0],
					"cubes": [
						{"origin": [-4, 25, 11.5], "size": [1, 1, 6], "inflate": -0.1, "uv": [-4, -4]}
					]
				},
				{
					"name": "toxic_gun_right2",
					"parent": "toxic_gun_right",
					"pivot": [-3.5, 25.5, 17],
					"rotation": [92.5, 0, 0],
					"cubes": [
						{"origin": [-4, 25, 16.5], "size": [1, 1, 14], "inflate": -0.2, "uv": [63, 175]}
					]
				},
				{
					"name": "toxic_gun_right3",
					"parent": "toxic_gun_right2",
					"pivot": [-3.5, 25.5, 30],
					"rotation": [-172.5, 0, 0],
					"cubes": [
						{"origin": [-4, 25, 29.5], "size": [1, 1, 14], "inflate": -0.1, "uv": [63, 175]}
					]
				},
				{
					"name": "toxic_gun_right4",
					"parent": "toxic_gun_right3",
					"pivot": [-3.5, 25.5, 43],
					"rotation": [170, 0, 0],
					"cubes": [
						{"origin": [-4, 25, 42.5], "size": [1, 1, 14], "inflate": -0.2, "uv": [63, 175]}
					]
				},
				{
					"name": "toxic_gun_right5",
					"parent": "toxic_gun_right4",
					"pivot": [-3.75, 24.5, 51.25],
					"rotation": [-127.96931, -6.42341, 42.62314],
					"cubes": [
						{
							"origin": [-5.65974, 8.03431, 53.3548],
							"size": [2.22, 5.92, 2.96],
							"pivot": [-4.36474, 19.50431, 54.8348],
							"rotation": [-145.46655, 7.65103, 15.57204],
							"uv": {
								"north": {"uv": [249, 200], "uv_size": [-3, 8]},
								"east": {"uv": [253, 200], "uv_size": [-4, 8]},
								"south": {"uv": [256, 200], "uv_size": [-3, 8]},
								"west": {"uv": [246, 200], "uv_size": [-4, 8]},
								"up": {"uv": [249, 196], "uv_size": [-3, 4]},
								"down": {"uv": [252, 200], "uv_size": [-3, -4]}
							}
						},
						{
							"origin": [-5.65974, 1.74431, 53.7248],
							"size": [2.22, 6.66, 2.22],
							"pivot": [-4.36474, 19.50431, 54.8348],
							"rotation": [-145.46655, 7.65103, 15.57204],
							"uv": {
								"north": {"uv": [228, 235], "uv_size": [-3, 9]},
								"east": {"uv": [231, 235], "uv_size": [-3, 9]},
								"south": {"uv": [234, 235], "uv_size": [-3, 9]},
								"west": {"uv": [225, 235], "uv_size": [-3, 9]},
								"up": {"uv": [228, 232], "uv_size": [-3, 3]},
								"down": {"uv": [231, 235], "uv_size": [-3, -3]}
							}
						},
						{
							"origin": [-4.69406, 29.48045, 47.65391],
							"size": [4.44, 8.88, 4.44],
							"pivot": [-2.47406, 33.92045, 49.87391],
							"rotation": [-35.02151, -11.75878, -161.53521],
							"uv": {
								"north": {"uv": [225, 218], "uv_size": [-6, 12]},
								"east": {"uv": [231, 218], "uv_size": [-6, 12]},
								"south": {"uv": [237, 218], "uv_size": [-6, 12]},
								"west": {"uv": [219, 218], "uv_size": [-6, 12]},
								"up": {"uv": [225, 212], "uv_size": [-6, 6]},
								"down": {"uv": [231, 218], "uv_size": [-6, -6]}
							}
						},
						{
							"origin": [-0.42139, 26.08489, 43.86436],
							"size": [4.44, 8.88, 4.44],
							"pivot": [1.79861, 30.52489, 46.08436],
							"rotation": [-117.53635, 50.68243, 66.36057],
							"uv": {
								"north": {"uv": [225, 218], "uv_size": [-6, 12]},
								"east": {"uv": [231, 218], "uv_size": [-6, 12]},
								"south": {"uv": [237, 218], "uv_size": [-6, 12]},
								"west": {"uv": [219, 218], "uv_size": [-6, 12]},
								"up": {"uv": [225, 212], "uv_size": [-6, 6]},
								"down": {"uv": [231, 218], "uv_size": [-6, -6]}
							}
						},
						{
							"origin": [-4.22333, 26.88293, 44.92807],
							"size": [3.648, 6.608, 3.648],
							"inflate": 0.1,
							"pivot": [-2.39933, 31.29693, 46.75207],
							"rotation": [-130.69547, 42.18054, 48.31929],
							"uv": {
								"north": {"uv": [208, 235], "uv_size": [-5, 9]},
								"east": {"uv": [213, 235], "uv_size": [-5, 9]},
								"south": {"uv": [218, 235], "uv_size": [-5, 9]},
								"west": {"uv": [203, 235], "uv_size": [-5, 9]},
								"up": {"uv": [208, 230], "uv_size": [-5, 5]},
								"down": {"uv": [213, 235], "uv_size": [-5, -5]}
							}
						},
						{
							"origin": [-5.68574, 1.71831, 53.6988],
							"size": [2.272, 6.712, 2.272],
							"inflate": -0.1,
							"pivot": [-4.36474, 19.50431, 54.8348],
							"rotation": [-145.46655, 7.65103, 15.57204],
							"uv": {
								"north": {"uv": [242, 234], "uv_size": [-3, 9]},
								"east": {"uv": [245, 234], "uv_size": [-3, 9]},
								"south": {"uv": [248, 234], "uv_size": [-3, 9]},
								"west": {"uv": [239, 234], "uv_size": [-3, 9]},
								"up": {"uv": [242, 231], "uv_size": [-3, 3]},
								"down": {"uv": [245, 234], "uv_size": [-3, -3]}
							}
						},
						{
							"origin": [-5.60774, 7.34631, 53.4068],
							"size": [2.116, 2.116, 2.856],
							"inflate": 0.2,
							"pivot": [-4.36474, 19.50431, 54.8348],
							"rotation": [-145.46655, 7.65103, 15.57204],
							"uv": {
								"north": {"uv": [225, 199], "uv_size": [-3, 3]},
								"east": {"uv": [229, 199], "uv_size": [-4, 3]},
								"south": {"uv": [232, 199], "uv_size": [-3, 3]},
								"west": {"uv": [222, 199], "uv_size": [-4, 3]},
								"up": {"uv": [225, 195], "uv_size": [-3, 4]},
								"down": {"uv": [228, 199], "uv_size": [-3, -4]}
							}
						}
					]
				},
				{
					"name": "toxic_gun_left",
					"parent": "back",
					"pivot": [3.5, 25, 12],
					"rotation": [0, 25, 0],
					"cubes": [
						{"origin": [3, 25, 11.5], "size": [1, 1, 6], "inflate": -0.1, "uv": [-4, -4], "mirror": true}
					]
				},
				{
					"name": "toxic_gun_left2",
					"parent": "toxic_gun_left",
					"pivot": [3.5, 25.5, 17],
					"rotation": [92.5, 0, 0],
					"cubes": [
						{"origin": [3, 25, 16.5], "size": [1, 1, 14], "inflate": -0.2, "uv": [63, 175], "mirror": true}
					]
				},
				{
					"name": "toxic_gun_left3",
					"parent": "toxic_gun_left2",
					"pivot": [3.5, 25.5, 30],
					"rotation": [-172.5, 0, 0],
					"cubes": [
						{"origin": [3, 25, 29.5], "size": [1, 1, 14], "inflate": -0.1, "uv": [63, 175], "mirror": true}
					]
				},
				{
					"name": "toxic_gun_left4",
					"parent": "toxic_gun_left3",
					"pivot": [3.5, 25.5, 43],
					"rotation": [170, 0, 0],
					"cubes": [
						{"origin": [3, 25, 42.5], "size": [1, 1, 14], "inflate": -0.2, "uv": [63, 175], "mirror": true}
					]
				},
				{
					"name": "toxic_gun_left5",
					"parent": "toxic_gun_left4",
					"pivot": [3.75, 24.5, 51.25],
					"rotation": [-127.96931, 6.42341, -42.62314],
					"cubes": [
						{
							"origin": [3.43974, 8.03431, 53.3548],
							"size": [2.22, 5.92, 2.96],
							"pivot": [4.36474, 19.50431, 54.8348],
							"rotation": [-145.46655, -7.65103, -15.57204],
							"uv": {
								"north": {"uv": [246, 200], "uv_size": [3, 8]},
								"east": {"uv": [242, 200], "uv_size": [4, 8]},
								"south": {"uv": [253, 200], "uv_size": [3, 8]},
								"west": {"uv": [249, 200], "uv_size": [4, 8]},
								"up": {"uv": [246, 196], "uv_size": [3, 4]},
								"down": {"uv": [249, 200], "uv_size": [3, -4]}
							}
						},
						{
							"origin": [3.43974, 1.74431, 53.7248],
							"size": [2.22, 6.66, 2.22],
							"pivot": [4.36474, 19.50431, 54.8348],
							"rotation": [-145.46655, -7.65103, -15.57204],
							"uv": {
								"north": {"uv": [225, 235], "uv_size": [3, 9]},
								"east": {"uv": [222, 235], "uv_size": [3, 9]},
								"south": {"uv": [231, 235], "uv_size": [3, 9]},
								"west": {"uv": [228, 235], "uv_size": [3, 9]},
								"up": {"uv": [225, 232], "uv_size": [3, 3]},
								"down": {"uv": [228, 235], "uv_size": [3, -3]}
							}
						},
						{
							"origin": [0.25406, 29.48045, 47.65391],
							"size": [4.44, 8.88, 4.44],
							"pivot": [2.47406, 33.92045, 49.87391],
							"rotation": [-35.02151, 11.75878, 161.53521],
							"uv": {
								"north": {"uv": [219, 218], "uv_size": [6, 12]},
								"east": {"uv": [213, 218], "uv_size": [6, 12]},
								"south": {"uv": [231, 218], "uv_size": [6, 12]},
								"west": {"uv": [225, 218], "uv_size": [6, 12]},
								"up": {"uv": [219, 212], "uv_size": [6, 6]},
								"down": {"uv": [225, 218], "uv_size": [6, -6]}
							}
						},
						{
							"origin": [-4.01861, 26.08489, 43.86436],
							"size": [4.44, 8.88, 4.44],
							"pivot": [-1.79861, 30.52489, 46.08436],
							"rotation": [-117.53635, -50.68243, -66.36057],
							"uv": {
								"north": {"uv": [219, 218], "uv_size": [6, 12]},
								"east": {"uv": [213, 218], "uv_size": [6, 12]},
								"south": {"uv": [231, 218], "uv_size": [6, 12]},
								"west": {"uv": [225, 218], "uv_size": [6, 12]},
								"up": {"uv": [219, 212], "uv_size": [6, 6]},
								"down": {"uv": [225, 218], "uv_size": [6, -6]}
							}
						},
						{
							"origin": [0.57533, 26.88293, 44.92807],
							"size": [3.648, 6.608, 3.648],
							"inflate": 0.1,
							"pivot": [2.39933, 31.29693, 46.75207],
							"rotation": [-130.69547, -42.18054, -48.31929],
							"uv": {
								"north": {"uv": [203, 235], "uv_size": [5, 9]},
								"east": {"uv": [198, 235], "uv_size": [5, 9]},
								"south": {"uv": [213, 235], "uv_size": [5, 9]},
								"west": {"uv": [208, 235], "uv_size": [5, 9]},
								"up": {"uv": [203, 230], "uv_size": [5, 5]},
								"down": {"uv": [208, 235], "uv_size": [5, -5]}
							}
						},
						{
							"origin": [3.41374, 1.71831, 53.6988],
							"size": [2.272, 6.712, 2.272],
							"inflate": -0.1,
							"pivot": [4.36474, 19.50431, 54.8348],
							"rotation": [-145.46655, -7.65103, -15.57204],
							"uv": {
								"north": {"uv": [239, 234], "uv_size": [3, 9]},
								"east": {"uv": [236, 234], "uv_size": [3, 9]},
								"south": {"uv": [245, 234], "uv_size": [3, 9]},
								"west": {"uv": [242, 234], "uv_size": [3, 9]},
								"up": {"uv": [239, 231], "uv_size": [3, 3]},
								"down": {"uv": [242, 234], "uv_size": [3, -3]}
							}
						},
						{
							"origin": [3.49174, 7.34631, 53.4068],
							"size": [2.116, 2.116, 2.856],
							"inflate": 0.2,
							"pivot": [4.36474, 19.50431, 54.8348],
							"rotation": [-145.46655, -7.65103, -15.57204],
							"uv": {
								"north": {"uv": [222, 199], "uv_size": [3, 3]},
								"east": {"uv": [218, 199], "uv_size": [4, 3]},
								"south": {"uv": [229, 199], "uv_size": [3, 3]},
								"west": {"uv": [225, 199], "uv_size": [4, 3]},
								"up": {"uv": [222, 195], "uv_size": [3, 4]},
								"down": {"uv": [225, 199], "uv_size": [3, -4]}
							}
						}
					]
				},
				{
					"name": "laser_gun_left",
					"parent": "back",
					"pivot": [0.5, 39, 12],
					"rotation": [0, 25, 0],
					"cubes": [
						{"origin": [0, 39, 11.5], "size": [1, 1, 6], "inflate": -0.1, "uv": [-4, -4], "mirror": true}
					]
				},
				{
					"name": "laser_gun_left2",
					"parent": "laser_gun_left",
					"pivot": [0.5, 39.5, 17],
					"rotation": [92.5, 0, 0],
					"cubes": [
						{"origin": [0, 39, 16.5], "size": [1, 1, 14], "inflate": -0.2, "uv": [63, 175], "mirror": true}
					]
				},
				{
					"name": "laser_gun_left3",
					"parent": "laser_gun_left2",
					"pivot": [0.5, 39.5, 30],
					"rotation": [-172.5, 0, 0],
					"cubes": [
						{"origin": [0, 39, 29.5], "size": [1, 1, 14], "inflate": -0.1, "uv": [63, 175], "mirror": true}
					]
				},
				{
					"name": "laser_gun_left4",
					"parent": "laser_gun_left3",
					"pivot": [0.5, 39.5, 43],
					"rotation": [170, 0, 0],
					"cubes": [
						{"origin": [0, 39, 42.5], "size": [1, 1, 14], "inflate": -0.2, "uv": [63, 175], "mirror": true}
					]
				},
				{
					"name": "laser_gun_left5",
					"parent": "laser_gun_left4",
					"pivot": [0.75, 38.5, 51.25],
					"rotation": [-127.96931, 6.42341, -42.62314],
					"cubes": [
						{
							"origin": [0.43974, 22.03431, 53.3548],
							"size": [2.22, 5.92, 2.96],
							"pivot": [1.36474, 33.50431, 54.8348],
							"rotation": [-145.46655, -7.65103, -15.57204],
							"uv": {
								"north": {"uv": [181, 212], "uv_size": [3, 8]},
								"east": {"uv": [177, 212], "uv_size": [4, 8]},
								"south": {"uv": [188, 212], "uv_size": [3, 8]},
								"west": {"uv": [184, 212], "uv_size": [4, 8]},
								"up": {"uv": [181, 208], "uv_size": [3, 4]},
								"down": {"uv": [184, 212], "uv_size": [3, -4]}
							}
						},
						{"origin": [0.05974, 13.74431, 53.4248], "size": [3, 5, 3], "pivot": [1.36474, 33.50431, 54.8348], "rotation": [-145.46655, -7.65103, -15.57204], "uv": [158, 245]},
						{"origin": [0.05974, 14.74431, 53.4248], "size": [3, 5, 3], "inflate": -0.1, "pivot": [1.36474, 33.50431, 54.8348], "rotation": [-145.46655, -7.65103, -15.57204], "uv": [176, 248]},
						{
							"origin": [-2.42467, 42.88293, 44.92807],
							"size": [3.648, 4.608, 3.648],
							"inflate": 0.1,
							"pivot": [-0.60067, 45.29693, 46.75207],
							"rotation": [-145.46655, -7.65103, -15.57204],
							"uv": {
								"north": {"uv": [138, 247], "uv_size": [5, 9]},
								"east": {"uv": [133, 247], "uv_size": [5, 9]},
								"south": {"uv": [148, 247], "uv_size": [5, 9]},
								"west": {"uv": [143, 247], "uv_size": [5, 9]},
								"up": {"uv": [138, 242], "uv_size": [5, 5]},
								"down": {"uv": [143, 247], "uv_size": [5, -5]}
							}
						},
						{
							"origin": [0.49174, 21.34631, 53.4068],
							"size": [2.116, 2.116, 2.856],
							"inflate": 0.2,
							"pivot": [1.36474, 33.50431, 54.8348],
							"rotation": [-145.46655, -7.65103, -15.57204],
							"uv": {
								"north": {"uv": [157, 211], "uv_size": [3, 3]},
								"east": {"uv": [153, 211], "uv_size": [4, 3]},
								"south": {"uv": [164, 211], "uv_size": [3, 3]},
								"west": {"uv": [160, 211], "uv_size": [4, 3]},
								"up": {"uv": [157, 207], "uv_size": [3, 4]},
								"down": {"uv": [160, 211], "uv_size": [3, -4]}
							}
						}
					]
				},
				{
					"name": "blast_left",
					"parent": "laser_gun_left5",
					"pivot": [-0.25, 43.5, 48.1],
					"rotation": [77.21408, 52.30155, 64.96013],
					"cubes": [
						{"origin": [-1.23477, 46.51475, 47.13505], "size": [2, 3, 2], "inflate": -0.1, "pivot": [-0.19395, 47.04055, 48.08409], "rotation": [-179.60417, 0.25459, -2.74537], "uv": [177, 249]}
					]
				},
				{
					"name": "lid2",
					"parent": "toilet",
					"pivot": [0, 35, 10],
					"cubes": [
						{"origin": [-7, 36, 8], "size": [14, 2, 2], "uv": [44, 78]}
					]
				},
				{
					"name": "neck",
					"parent": "toilet",
					"pivot": [0, 27, 5.675],
					"rotation": [15, 0, 0],
					"cubes": [
						{"origin": [-2.5, 24.34478, 1.52888], "size": [5, 10, 5], "pivot": [0, 30.49954, 0.84149], "rotation": [25, 0, 0], "uv": [77, 89]}
					]
				},
				{
					"name": "neck2",
					"parent": "neck",
					"pivot": [0, 34.55658, 1.98278],
					"rotation": [-27.5, 0, 0],
					"cubes": [
						{"origin": [-2.575, 31.72074, -2.62002], "size": [5, 10, 5], "pivot": [0, 38.87551, -3.30741], "rotation": [25, 0, 0], "uv": [56, 89]}
					]
				},
				{
					"name": "head",
					"parent": "neck2",
					"pivot": [0, 43.55658, -2.01722],
					"cubes": [
						{"origin": [-5, 41.55658, -7.01722], "size": [10, 11, 10], "pivot": [0, 44.55658, -2.01722], "rotation": [10, 0, 0], "uv": [0, 112]}
					]
				},
				{
					"name": "eyes",
					"parent": "head",
					"pivot": [0, 46.67209, -6.87575],
					"rotation": [10, 0, 0],
					"cubes": [
						{
							"origin": [-3.5, 45.79709, -7.87575],
							"size": [2.25, 1.75, 2],
							"uv": {
								"north": {"uv": [2, 43], "uv_size": [2, 2]},
								"east": {"uv": [0, 43], "uv_size": [2, 2]},
								"south": {"uv": [6, 43], "uv_size": [2, 2]},
								"west": {"uv": [4, 43], "uv_size": [2, 2]},
								"up": {"uv": [2, 41], "uv_size": [2, 2]},
								"down": {"uv": [4, 43], "uv_size": [2, -2]}
							}
						},
						{
							"origin": [1.25, 45.79709, -7.87575],
							"size": [2.25, 1.75, 2],
							"uv": {
								"north": {"uv": [4, 43], "uv_size": [-2, 2]},
								"east": {"uv": [6, 43], "uv_size": [-2, 2]},
								"south": {"uv": [8, 43], "uv_size": [-2, 2]},
								"west": {"uv": [2, 43], "uv_size": [-2, 2]},
								"up": {"uv": [4, 41], "uv_size": [-2, 2]},
								"down": {"uv": [6, 43], "uv_size": [-2, -2]}
							}
						}
					]
				},
				{
					"name": "pupils",
					"parent": "eyes",
					"pivot": [0, 46.67209, -6.87575]
				},
				{
					"name": "1",
					"parent": "pupils",
					"pivot": [0, 46.67209, -6.87575],
					"cubes": [
						{"origin": [-2.85, 46.17209, -8.12575], "size": [1, 1, 1], "uv": [0, 46]}
					]
				},
				{
					"name": "2",
					"parent": "pupils",
					"pivot": [0, 46.67209, -6.87575],
					"cubes": [
						{"origin": [1.85, 46.17209, -8.12575], "size": [1, 1, 1], "uv": [0, 46], "mirror": true}
					]
				},
				{
					"name": "laser",
					"parent": "eyes",
					"pivot": [2, 46.67209, -8.87575],
					"cubes": [
						{"origin": [1.4, 45.77209, -7.97575], "size": [2, 2, 2], "inflate": 0.2, "uv": [248, 158]},
						{"origin": [1.4, 45.77209, -8.57575], "size": [2, 2, 2], "inflate": -0.2, "uv": [248, 164]}
					]
				},
				{
					"name": "mouth",
					"parent": "head",
					"pivot": [0, 43.58158, -1.99222],
					"cubes": [
						{
							"origin": [-4.975, 42.48158, -6.99222],
							"size": [9.9, 3.1, 4],
							"pivot": [0, 44.58158, -1.99222],
							"rotation": [10, 0, 0],
							"uv": {
								"north": {"uv": [46, 135], "uv_size": [10, 3]},
								"east": {"uv": [42, 135], "uv_size": [4, 3]},
								"south": {"uv": [60, 135], "uv_size": [10, 3]},
								"west": {"uv": [56, 135], "uv_size": [4, 3]},
								"up": {"uv": [46, 131], "uv_size": [10, 4]},
								"down": {"uv": [56, 135], "uv_size": [10, -4]}
							}
						},
						{
							"origin": [-5, 41.55658, -7.01722],
							"size": [10, 5, 5],
							"pivot": [0, 44.55658, -2.01722],
							"rotation": [10, 0, 0],
							"uv": {
								"north": {"uv": [47, 144], "uv_size": [10, 5]},
								"east": {"uv": [42, 144], "uv_size": [5, 5]},
								"south": {"uv": [62, 144], "uv_size": [10, 5]},
								"west": {"uv": [57, 144], "uv_size": [5, 5]},
								"up": {"uv": [47, 139], "uv_size": [10, 5]},
								"down": {"uv": [57, 144], "uv_size": [10, -5]}
							}
						}
					]
				},
				{
					"name": "upper_mouth",
					"parent": "mouth",
					"pivot": [0, 43.58158, -1.99222],
					"cubes": [
						{
							"origin": [-4, 44.05658, -7.01722],
							"size": [8, 2, 0],
							"pivot": [0, 44.55658, -2.01722],
							"rotation": [10, 0, 0],
							"uv": {
								"north": {"uv": [0, 142], "uv_size": [8, 2]},
								"east": {"uv": [0, 142], "uv_size": [0, 2]},
								"south": {"uv": [8, 142], "uv_size": [8, 2]},
								"west": {"uv": [8, 142], "uv_size": [0, 2]},
								"up": {"uv": [0, 142], "uv_size": [8, 0]},
								"down": {"uv": [8, 142], "uv_size": [8, 0]}
							}
						}
					]
				},
				{
					"name": "lower_mouth2",
					"parent": "mouth",
					"pivot": [0, 43.58158, -1.99222],
					"cubes": [
						{
							"origin": [-4, 42.05658, -7.01722],
							"size": [8, 2, 0],
							"pivot": [0, 44.55658, -2.01722],
							"rotation": [10, 0, 0],
							"uv": {
								"north": {"uv": [0, 144], "uv_size": [8, -2]},
								"east": {"uv": [0, 142], "uv_size": [0, 2]},
								"south": {"uv": [8, 142], "uv_size": [8, 2]},
								"west": {"uv": [8, 142], "uv_size": [0, 2]},
								"up": {"uv": [0, 142], "uv_size": [8, 0]},
								"down": {"uv": [8, 142], "uv_size": [8, 0]}
							}
						}
					]
				},
				{
					"name": "teeth",
					"parent": "head",
					"pivot": [0, 43.55658, -3.01722]
				},
				{
					"name": "upper",
					"parent": "teeth",
					"pivot": [0, 44.05658, -2.01722],
					"cubes": [
						{"origin": [-3, 43.86015, -6.2625], "size": [6, 2, 4], "pivot": [0, 44.86015, -4.2625], "rotation": [-170, 0, 0], "uv": [35, 56]}
					]
				},
				{
					"name": "lower",
					"parent": "teeth",
					"pivot": [0, 44.20658, -2.01722],
					"cubes": [
						{"origin": [-3, 41.89053, -5.9152], "size": [6, 2, 4], "pivot": [0, 42.89053, -3.9152], "rotation": [170, 0, 180], "uv": [35, 56]}
					]
				},
				{
					"name": "glasses",
					"parent": "head",
					"pivot": [0, 43.55658, -2.01722],
					"cubes": [
						{"origin": [-5.5, 44.55658, -7.76722], "size": [11, 4, 7], "pivot": [0, 44.55658, -8.01722], "rotation": [10, 0, 0], "uv": [220, 123]},
						{"origin": [-3.4, 45.55658, -7.51722], "size": [2, 2, 1], "inflate": 0.3, "pivot": [0, 44.55658, -8.01722], "rotation": [10, 0, 0], "uv": [226, 140]},
						{"origin": [1.35, 45.55658, -7.51722], "size": [2, 2, 1], "inflate": 0.3, "pivot": [0, 44.55658, -8.01722], "rotation": [10, 0, 0], "uv": [226, 140]}
					]
				},
				{
					"name": "flashlight",
					"parent": "head",
					"pivot": [-6, 46.55658, -2.01722],
					"cubes": [
						{"origin": [-6, 45.55658, -4.01722], "size": [1, 3, 3], "pivot": [-6, 46.55658, -2.01722], "rotation": [10, 0, 0], "uv": [248, 177]},
						{"origin": [-7, 46.55658, -5.01722], "size": [1, 1, 5], "pivot": [-6, 46.55658, -2.01722], "rotation": [10, 0, 0], "uv": [244, 187]},
						{"origin": [-7, 46.55658, -8.01722], "size": [1, 1, 5], "inflate": -0.1, "pivot": [-6, 46.55658, -2.01722], "rotation": [10, 0, 0], "uv": [244, 187]}
					]
				},
				{
					"name": "speaker",
					"parent": "toilet",
					"pivot": [0, 18, -1],
					"cubes": [
						{
							"origin": [6.73877, 24.62046, -11.91478],
							"size": [7.77004, 11.08104, 4.45904],
							"inflate": -0.4,
							"pivot": [8.62379, 28.83658, -8.34746],
							"rotation": [5.51385, -24.89837, -2.3273],
							"uv": {
								"north": {"uv": [212, 63], "uv_size": [-11, 16]},
								"east": {"uv": [218, 63], "uv_size": [-6, 16]},
								"south": {"uv": [229, 63], "uv_size": [-11, 16]},
								"west": {"uv": [201, 63], "uv_size": [-6, 16]},
								"up": {"uv": [212, 57], "uv_size": [-11, 6]},
								"down": {"uv": [223, 63], "uv_size": [-11, -6]}
							}
						},
						{
							"origin": [-14.50881, 24.62046, -11.91478],
							"size": [7.77004, 11.08104, 4.45904],
							"inflate": -0.4,
							"pivot": [-8.62379, 28.83658, -8.34746],
							"rotation": [5.51385, 24.89837, 2.3273],
							"uv": {
								"north": {"uv": [201, 63], "uv_size": [11, 16]},
								"east": {"uv": [195, 63], "uv_size": [6, 16]},
								"south": {"uv": [218, 63], "uv_size": [11, 16]},
								"west": {"uv": [212, 63], "uv_size": [6, 16]},
								"up": {"uv": [201, 57], "uv_size": [11, 6]},
								"down": {"uv": [212, 63], "uv_size": [11, -6]}
							}
						}
					]
				},
				{
					"name": "main_speaker",
					"parent": "speaker",
					"pivot": [0, 28, -9],
					"cubes": [
						{
							"origin": [-7.5609, 22.06141, -12.89079],
							"size": [15.1218, 13.7974, 5.851],
							"inflate": -0.3,
							"pivot": [0, 27.30461, -11.28969],
							"rotation": [7.5, 0, 0],
							"uv": {
								"north": {"uv": [132, 52], "uv_size": [22, 20]},
								"east": {"uv": [124, 52], "uv_size": [8, 20]},
								"south": {"uv": [162, 52], "uv_size": [22, 20]},
								"west": {"uv": [154, 52], "uv_size": [8, 20]},
								"up": {"uv": [132, 44], "uv_size": [22, 8]},
								"down": {"uv": [154, 52], "uv_size": [22, -8]}
							}
						}
					]
				},
				{
					"name": "left_claw",
					"parent": "toilet",
					"pivot": [3, 36, 0],
					"rotation": [-90, 7.5, 0],
					"cubes": [
						{"origin": [2, 36, -1], "size": [20, 1, 2], "pivot": [3, 36, 0], "rotation": [2.34502, 0.48417, 14.86027], "uv": [105, 82]},
						{"origin": [18, 36.75, 0], "size": [5, 3, 0], "pivot": [3, 36, 0], "rotation": [2.34502, 0.48417, 14.86027], "uv": [108, 89]},
						{"origin": [7.36503, 31.12785, -0.002], "size": [5, 3, 0], "pivot": [9.86503, 32.62785, -0.002], "rotation": [2.3942, -0.03471, 27.34963], "uv": [108, 93]},
						{"origin": [27.06541, 24.84391, -0.12535], "size": [5, 3, 0], "pivot": [29.56541, 26.09391, -0.12535], "rotation": [1.5129, -1.85616, 77.32585], "uv": [108, 93]},
						{"origin": [12, 35, -1], "size": [20, 1, 2], "pivot": [3, 36, 0], "rotation": [2.50431, 0.75326, 14.88148], "uv": [105, 82]},
						{"origin": [17, 35.5, -2], "size": [3, 1, 2], "pivot": [3, 36, 0], "rotation": [2.50431, 0.75326, 14.88148], "uv": [105, 82]},
						{"origin": [17, 35.5, -4], "size": [3, 1, 2], "pivot": [3, 36, 0], "rotation": [2.50431, 0.75326, 14.88148], "uv": [105, 82]},
						{"origin": [11.82597, 30.77771, -4.7846], "size": [15, 6, 0], "pivot": [19.32597, 31.01262, -3.97865], "rotation": [-18.70699, 5.58496, 14.95279], "uv": [44, 154]},
						{"origin": [11.87328, 25.42405, -4.78848], "size": [15, 6, 0], "pivot": [19.37328, 31.18913, -3.98253], "rotation": [26.29301, 5.58496, 14.95279], "uv": [44, 160], "mirror": true},
						{"origin": [31.5, 33, -1], "size": [1, 2, 2], "pivot": [3, 36, 0], "rotation": [2.50431, 0.75326, 14.88148], "uv": [160, 83]}
					]
				},
				{
					"name": "left_claw2",
					"parent": "left_claw",
					"pivot": [33, 24.75, 0],
					"rotation": [0, -20, 0],
					"cubes": [
						{"origin": [31, 24.75, -1.75], "size": [3, 2, 3], "pivot": [33, 25.75, 0], "rotation": [0, 0, 25], "uv": [126, 87]},
						{"origin": [33.20711, 24.25, -0.75], "size": [1, 3, 1], "inflate": -0.1, "pivot": [33.70711, 25.75, -0.25], "rotation": [0, 0, 65], "uv": [150, 105]},
						{"origin": [31.20711, 27, -0.75], "size": [4, 1, 1], "inflate": 0.1, "pivot": [33.70711, 25.75, -0.25], "rotation": [0, 0, 72.5], "uv": [142, 89]},
						{"origin": [29.70711, 27, -0.25], "size": [8, 2, 0], "pivot": [33.70711, 25.75, -0.25], "rotation": [0, 0, 72.5], "uv": [144, 96]},
						{"origin": [32.5, 25.25, -2.75], "size": [1, 1, 3], "pivot": [33, 25.75, 0], "rotation": [0, 0, 45], "uv": [126, 87]},
						{"origin": [27.5, 24.25, -3.075], "size": [5, 5, 0], "pivot": [31, 26.75, -0.25], "rotation": [-4.17679, 9.91074, 9.67236], "uv": [133, 94]},
						{"origin": [31.23904, 24.53967, -3.87373], "size": [3, 5, 0], "pivot": [29.73904, 27.03967, -1.04873], "rotation": [-4.31478, -17.51667, 11.6934], "uv": [136, 94]},
						{"origin": [32.25, 4.8, -1.25], "size": [2, 18, 0], "uv": [119, 143]},
						{"origin": [32, 21, -0.75], "size": [1, 4, 1], "uv": [117, 101]},
						{"origin": [31.45, 20, -1.35], "size": [2, 2, 2], "uv": [84, 83]},
						{"origin": [32.25, 4.8, 0.55], "size": [2, 18, 0], "uv": [119, 143]}
					]
				},
				{
					"name": "right_claw",
					"parent": "toilet",
					"pivot": [-3, 36, 0],
					"rotation": [-90, -7.5, 0],
					"cubes": [
						{"origin": [-22, 36, -1], "size": [20, 1, 2], "pivot": [-3, 36, 0], "rotation": [2.34502, -0.48417, -14.86027], "uv": [105, 82], "mirror": true},
						{"origin": [-23, 36.75, 0], "size": [5, 3, 0], "pivot": [-3, 36, 0], "rotation": [2.34502, -0.48417, -14.86027], "uv": [108, 89], "mirror": true},
						{"origin": [-12.36503, 31.12785, -0.002], "size": [5, 3, 0], "pivot": [-9.86503, 32.62785, -0.002], "rotation": [2.3942, 0.03471, -27.34963], "uv": [108, 93], "mirror": true},
						{"origin": [-32.06541, 24.84391, -0.12535], "size": [5, 3, 0], "pivot": [-29.56541, 26.09391, -0.12535], "rotation": [1.5129, 1.85616, -77.32585], "uv": [108, 93], "mirror": true},
						{"origin": [-32, 35, -1], "size": [20, 1, 2], "pivot": [-3, 36, 0], "rotation": [2.50431, -0.75326, -14.88148], "uv": [105, 82], "mirror": true},
						{"origin": [-20, 35.5, -2], "size": [3, 1, 2], "pivot": [-3, 36, 0], "rotation": [2.50431, -0.75326, -14.88148], "uv": [105, 82], "mirror": true},
						{"origin": [-20, 35.5, -4], "size": [3, 1, 2], "pivot": [-3, 36, 0], "rotation": [2.50431, -0.75326, -14.88148], "uv": [105, 82], "mirror": true},
						{"origin": [-26.82597, 30.77771, -4.7846], "size": [15, 6, 0], "pivot": [-19.32597, 31.01262, -3.97865], "rotation": [-18.70699, -5.58496, -14.95279], "uv": [44, 154], "mirror": true},
						{"origin": [-26.87328, 25.42405, -4.78848], "size": [15, 6, 0], "pivot": [-19.37328, 31.18913, -3.98253], "rotation": [26.29301, -5.58496, -14.95279], "uv": [44, 160]},
						{"origin": [-32.5, 33, -1], "size": [1, 2, 2], "pivot": [-3, 36, 0], "rotation": [2.50431, -0.75326, -14.88148], "uv": [160, 83], "mirror": true}
					]
				},
				{
					"name": "right_claw2",
					"parent": "right_claw",
					"pivot": [-33, 24.75, 0],
					"rotation": [0, 20, 0],
					"cubes": [
						{"origin": [-34, 24.75, -1.75], "size": [3, 2, 3], "pivot": [-33, 25.75, 0], "rotation": [0, 0, -25], "uv": [126, 87], "mirror": true},
						{"origin": [-34.20711, 24.25, -0.75], "size": [1, 3, 1], "inflate": -0.1, "pivot": [-33.70711, 25.75, -0.25], "rotation": [0, 0, -65], "uv": [150, 105], "mirror": true},
						{"origin": [-35.20711, 27, -0.75], "size": [4, 1, 1], "inflate": 0.1, "pivot": [-33.70711, 25.75, -0.25], "rotation": [0, 0, -72.5], "uv": [142, 89], "mirror": true},
						{"origin": [-37.70711, 27, -0.25], "size": [8, 2, 0], "pivot": [-33.70711, 25.75, -0.25], "rotation": [0, 0, -72.5], "uv": [144, 96], "mirror": true},
						{"origin": [-33.5, 25.25, -2.75], "size": [1, 1, 3], "pivot": [-33, 25.75, 0], "rotation": [0, 0, -45], "uv": [126, 87], "mirror": true},
						{"origin": [-32.5, 24.25, -3.075], "size": [5, 5, 0], "pivot": [-31, 26.75, -0.25], "rotation": [-4.17679, -9.91074, -9.67236], "uv": [133, 94], "mirror": true},
						{"origin": [-34.23904, 24.53967, -3.87373], "size": [3, 5, 0], "pivot": [-29.73904, 27.03967, -1.04873], "rotation": [-4.31478, 17.51667, -11.6934], "uv": [136, 94], "mirror": true},
						{"origin": [-34.25, 4.8, -1.25], "size": [2, 18, 0], "uv": [119, 143], "mirror": true},
						{"origin": [-33, 21, -0.75], "size": [1, 4, 1], "uv": [117, 101], "mirror": true},
						{"origin": [-33.45, 20, -1.35], "size": [2, 2, 2], "uv": [84, 83], "mirror": true},
						{"origin": [-34.25, 4.8, 0.55], "size": [2, 18, 0], "uv": [119, 143], "mirror": true}
					]
				},
				{
					"name": "tv_screen",
					"parent": "toilet",
					"pivot": [0, 30, -10],
					"cubes": [
						{"origin": [-6, 24, -10], "size": [12, 9, 2], "uv": [13, 224]},
						{"origin": [-6, 24, -10], "size": [12, 9, 2], "uv": [13, 224]},
						{"origin": [-7, 25.25, -11], "size": [14, 10, 0], "uv": [15, 210]},
						{"origin": [-6.5, 26, -11.1], "size": [13, 9, 0], "uv": [15, 200]}
					]
				},
				{
					"name": "tv_glow",
					"parent": "tv_screen",
					"pivot": [0, 30.5, -11.2],
					"cubes": [
						{
							"origin": [-5.28, 26.54, -10.925],
							"size": [10.56, 7.92, 0],
							"uv": {
								"north": {"uv": [46, 228], "uv_size": [16, 12]},
								"east": {"uv": [46, 228], "uv_size": [0, 12]},
								"south": {"uv": [62, 228], "uv_size": [16, 12]},
								"west": {"uv": [62, 228], "uv_size": [0, 12]},
								"up": {"uv": [46, 228], "uv_size": [16, 0]},
								"down": {"uv": [62, 228], "uv_size": [16, 0]}
							}
						},
						{
							"origin": [-5.28, 26.54, -10.925],
							"size": [10.56, 7.92, 0],
							"uv": {
								"north": {"uv": [46, 228], "uv_size": [16, 12]},
								"east": {"uv": [46, 228], "uv_size": [0, 12]},
								"south": {"uv": [62, 228], "uv_size": [16, 12]},
								"west": {"uv": [62, 228], "uv_size": [0, 12]},
								"up": {"uv": [46, 228], "uv_size": [16, 0]},
								"down": {"uv": [62, 228], "uv_size": [16, 0]}
							}
						},
						{
							"origin": [-5.28, 26.54, -10.925],
							"size": [10.56, 7.92, 0],
							"uv": {
								"north": {"uv": [46, 228], "uv_size": [16, 12]},
								"east": {"uv": [46, 228], "uv_size": [0, 12]},
								"south": {"uv": [62, 228], "uv_size": [16, 12]},
								"west": {"uv": [62, 228], "uv_size": [0, 12]},
								"up": {"uv": [46, 228], "uv_size": [16, 0]},
								"down": {"uv": [62, 228], "uv_size": [16, 0]}
							}
						}
					]
				},
				{
					"name": "left_front_leg",
					"parent": "root",
					"pivot": [9, 33, 2],
					"rotation": [0, 20, 0],
					"cubes": [
						{"origin": [8, 33, 1], "size": [20, 1, 2], "pivot": [9, 33, 2], "rotation": [2.36389, 0.38145, 17.35823], "uv": [105, 82]},
						{"origin": [24, 33.75, 2], "size": [5, 3, 0], "pivot": [9, 33, 2], "rotation": [2.36389, 0.38145, 17.35823], "uv": [108, 89]},
						{"origin": [13.36503, 28.12785, 1.998], "size": [5, 3, 0], "pivot": [15.86503, 29.62785, 1.998], "rotation": [2.3942, -0.03471, 27.34963], "uv": [108, 93]},
						{"origin": [33.06541, 21.84391, 1.87465], "size": [5, 3, 0], "pivot": [35.56541, 23.09391, 1.87465], "rotation": [1.5129, -1.85616, 77.32585], "uv": [108, 93]},
						{"origin": [17, 32, 1], "size": [20, 1, 2], "pivot": [9, 33, 2], "rotation": [2.53476, 0.64334, 17.37925], "uv": [105, 82]},
						{"origin": [37.5, 30, 1], "size": [1, 2, 2], "pivot": [9, 33, 2], "rotation": [2.50431, 0.75326, 14.88148], "uv": [160, 83]}
					]
				},
				{
					"name": "left_front_leg2",
					"parent": "left_front_leg",
					"pivot": [36, 21.75, 2],
					"rotation": [0, -20, 0],
					"cubes": [
						{"origin": [34, 21.75, 0.25], "size": [3, 2, 3], "pivot": [36, 22.75, 2], "rotation": [0, 0, 25], "uv": [126, 87]},
						{"origin": [36.20711, 21.25, 1.25], "size": [1, 3, 1], "inflate": -0.1, "pivot": [36.70711, 22.75, 1.75], "rotation": [0, 0, 65], "uv": [150, 105]},
						{"origin": [34.20711, 24, 1.25], "size": [4, 1, 1], "inflate": 0.1, "pivot": [36.70711, 22.75, 1.75], "rotation": [0, 0, 72.5], "uv": [142, 89]},
						{"origin": [32.70711, 24, 1.75], "size": [8, 2, 0], "pivot": [36.70711, 22.75, 1.75], "rotation": [0, 0, 72.5], "uv": [144, 96]},
						{"origin": [35.5, 22.25, -0.75], "size": [1, 1, 3], "pivot": [36, 22.75, 2], "rotation": [0, 0, 45], "uv": [126, 87]},
						{"origin": [30.5, 21.25, -1.075], "size": [5, 5, 0], "pivot": [34, 23.75, 1.75], "rotation": [-4.17679, 9.91074, 9.67236], "uv": [133, 94]},
						{"origin": [34.23904, 21.53967, -1.87373], "size": [3, 5, 0], "pivot": [32.73904, 24.03967, 0.95127], "rotation": [-4.31478, -17.51667, 11.6934], "uv": [136, 94]},
						{"origin": [35, 9, 1.25], "size": [1, 13, 1], "uv": [117, 101]},
						{"origin": [35.25, 0, 1.75], "size": [2, 22, 0], "uv": [125, 102]}
					]
				},
				{
					"name": "right_front_leg",
					"parent": "root",
					"pivot": [-9, 33, 2],
					"rotation": [0, -20, 0],
					"cubes": [
						{"origin": [-28, 33, 1], "size": [20, 1, 2], "pivot": [-9, 33, 2], "rotation": [2.36389, -0.38145, -17.35823], "uv": [105, 82], "mirror": true},
						{"origin": [-29, 33.75, 2], "size": [5, 3, 0], "pivot": [-9, 33, 2], "rotation": [2.36389, -0.38145, -17.35823], "uv": [108, 89], "mirror": true},
						{"origin": [-18.36503, 28.12785, 1.998], "size": [5, 3, 0], "pivot": [-15.86503, 29.62785, 1.998], "rotation": [2.3942, 0.03471, -27.34963], "uv": [108, 93], "mirror": true},
						{"origin": [-38.06541, 21.84391, 1.87465], "size": [5, 3, 0], "pivot": [-35.56541, 23.09391, 1.87465], "rotation": [1.5129, 1.85616, -77.32585], "uv": [108, 93], "mirror": true},
						{"origin": [-37, 32, 1], "size": [20, 1, 2], "pivot": [-9, 33, 2], "rotation": [2.53476, -0.64334, -17.37925], "uv": [105, 82], "mirror": true},
						{"origin": [-38.5, 30, 1], "size": [1, 2, 2], "pivot": [-9, 33, 2], "rotation": [2.50431, -0.75326, -14.88148], "uv": [160, 83], "mirror": true}
					]
				},
				{
					"name": "right_front_leg2",
					"parent": "right_front_leg",
					"pivot": [-36, 21.75, 2],
					"rotation": [0, 20, 0],
					"cubes": [
						{"origin": [-37, 21.75, 0.25], "size": [3, 2, 3], "pivot": [-36, 22.75, 2], "rotation": [0, 0, -25], "uv": [126, 87], "mirror": true},
						{"origin": [-37.20711, 21.25, 1.25], "size": [1, 3, 1], "inflate": -0.1, "pivot": [-36.70711, 22.75, 1.75], "rotation": [0, 0, -65], "uv": [150, 105], "mirror": true},
						{"origin": [-38.20711, 24, 1.25], "size": [4, 1, 1], "inflate": 0.1, "pivot": [-36.70711, 22.75, 1.75], "rotation": [0, 0, -72.5], "uv": [142, 89], "mirror": true},
						{"origin": [-40.70711, 24, 1.75], "size": [8, 2, 0], "pivot": [-36.70711, 22.75, 1.75], "rotation": [0, 0, -72.5], "uv": [144, 96], "mirror": true},
						{"origin": [-36.5, 22.25, -0.75], "size": [1, 1, 3], "pivot": [-36, 22.75, 2], "rotation": [0, 0, -45], "uv": [126, 87], "mirror": true},
						{"origin": [-35.5, 21.25, -1.075], "size": [5, 5, 0], "pivot": [-34, 23.75, 1.75], "rotation": [-4.17679, -9.91074, -9.67236], "uv": [133, 94], "mirror": true},
						{"origin": [-37.23904, 21.53967, -1.87373], "size": [3, 5, 0], "pivot": [-32.73904, 24.03967, 0.95127], "rotation": [-4.31478, 17.51667, -11.6934], "uv": [136, 94], "mirror": true},
						{"origin": [-36, 9, 1.25], "size": [1, 13, 1], "uv": [117, 101], "mirror": true},
						{"origin": [-37.25, 0, 1.75], "size": [2, 22, 0], "uv": [125, 102], "mirror": true}
					]
				},
				{
					"name": "left_back_leg",
					"parent": "root",
					"pivot": [9, 33, 6],
					"rotation": [0, -20, 0],
					"cubes": [
						{"origin": [8, 33, 5], "size": [20, 1, 2], "pivot": [9, 33, 6], "rotation": [-2.36389, -0.38145, 17.35823], "uv": [105, 82]},
						{"origin": [24, 33.75, 6], "size": [5, 3, 0], "pivot": [9, 33, 6], "rotation": [-2.36389, -0.38145, 17.35823], "uv": [108, 89]},
						{"origin": [13.36503, 28.12785, 6.002], "size": [5, 3, 0], "pivot": [15.86503, 29.62785, 6.002], "rotation": [-2.3942, 0.03471, 27.34963], "uv": [108, 93]},
						{"origin": [33.06541, 21.84391, 6.12535], "size": [5, 3, 0], "pivot": [35.56541, 23.09391, 6.12535], "rotation": [-1.5129, 1.85616, 77.32585], "uv": [108, 93]},
						{"origin": [17, 32, 5], "size": [20, 1, 2], "pivot": [9, 33, 6], "rotation": [-2.53476, -0.64334, 17.37925], "uv": [105, 82]},
						{"origin": [37.5, 30, 5], "size": [1, 2, 2], "pivot": [9, 33, 6], "rotation": [-2.50431, -0.75326, 14.88148], "uv": [160, 83]}
					]
				},
				{
					"name": "left_back_leg2",
					"parent": "left_back_leg",
					"pivot": [36, 21.75, 6],
					"rotation": [0, 20, 0],
					"cubes": [
						{"origin": [34, 21.75, 4.75], "size": [3, 2, 3], "pivot": [36, 22.75, 6], "rotation": [0, 0, 25], "uv": [126, 87]},
						{"origin": [36.20711, 21.25, 5.75], "size": [1, 3, 1], "inflate": -0.1, "pivot": [36.70711, 22.75, 6.25], "rotation": [0, 0, 65], "uv": [150, 105]},
						{"origin": [34.20711, 24, 5.75], "size": [4, 1, 1], "inflate": 0.1, "pivot": [36.70711, 22.75, 6.25], "rotation": [0, 0, 72.5], "uv": [142, 89]},
						{"origin": [32.70711, 24, 6.25], "size": [8, 2, 0], "pivot": [36.70711, 22.75, 6.25], "rotation": [0, 0, 72.5], "uv": [144, 96]},
						{"origin": [35.5, 22.25, 5.75], "size": [1, 1, 3], "pivot": [36, 22.75, 6], "rotation": [0, 0, 45], "uv": [126, 87]},
						{"origin": [30.5, 21.25, 9.075], "size": [5, 5, 0], "pivot": [34, 23.75, 6.25], "rotation": [4.17679, -9.91074, 9.67236], "uv": [133, 94]},
						{"origin": [34.23904, 21.53967, 9.87373], "size": [3, 5, 0], "pivot": [32.73904, 24.03967, 7.04873], "rotation": [4.31478, 17.51667, 11.6934], "uv": [136, 94]},
						{"origin": [35, 9, 5.75], "size": [1, 13, 1], "uv": [117, 101]},
						{"origin": [35.25, 0, 6.25], "size": [2, 22, 0], "uv": [125, 102]}
					]
				},
				{
					"name": "right_back_leg",
					"parent": "root",
					"pivot": [-9, 33, 6],
					"rotation": [0, 20, 0],
					"cubes": [
						{"origin": [-28, 33, 5], "size": [20, 1, 2], "pivot": [-9, 33, 6], "rotation": [-2.36389, 0.38145, -17.35823], "uv": [105, 82], "mirror": true},
						{"origin": [-29, 33.75, 6], "size": [5, 3, 0], "pivot": [-9, 33, 6], "rotation": [-2.36389, 0.38145, -17.35823], "uv": [108, 89], "mirror": true},
						{"origin": [-18.36503, 28.12785, 6.002], "size": [5, 3, 0], "pivot": [-15.86503, 29.62785, 6.002], "rotation": [-2.3942, -0.03471, -27.34963], "uv": [108, 93], "mirror": true},
						{"origin": [-38.06541, 21.84391, 6.12535], "size": [5, 3, 0], "pivot": [-35.56541, 23.09391, 6.12535], "rotation": [-1.5129, -1.85616, -77.32585], "uv": [108, 93], "mirror": true},
						{"origin": [-37, 32, 5], "size": [20, 1, 2], "pivot": [-9, 33, 6], "rotation": [-2.53476, 0.64334, -17.37925], "uv": [105, 82], "mirror": true},
						{"origin": [-38.5, 30, 5], "size": [1, 2, 2], "pivot": [-9, 33, 6], "rotation": [-2.50431, 0.75326, -14.88148], "uv": [160, 83], "mirror": true}
					]
				},
				{
					"name": "right_back_leg2",
					"parent": "right_back_leg",
					"pivot": [-36, 21.75, 6],
					"rotation": [0, -20, 0],
					"cubes": [
						{"origin": [-37, 21.75, 4.75], "size": [3, 2, 3], "pivot": [-36, 22.75, 6], "rotation": [0, 0, -25], "uv": [126, 87], "mirror": true},
						{"origin": [-37.20711, 21.25, 5.75], "size": [1, 3, 1], "inflate": -0.1, "pivot": [-36.70711, 22.75, 6.25], "rotation": [0, 0, -65], "uv": [150, 105], "mirror": true},
						{"origin": [-38.20711, 24, 5.75], "size": [4, 1, 1], "inflate": 0.1, "pivot": [-36.70711, 22.75, 6.25], "rotation": [0, 0, -72.5], "uv": [142, 89], "mirror": true},
						{"origin": [-40.70711, 24, 6.25], "size": [8, 2, 0], "pivot": [-36.70711, 22.75, 6.25], "rotation": [0, 0, -72.5], "uv": [144, 96], "mirror": true},
						{"origin": [-36.5, 22.25, 5.75], "size": [1, 1, 3], "pivot": [-36, 22.75, 6], "rotation": [0, 0, -45], "uv": [126, 87], "mirror": true},
						{"origin": [-35.5, 21.25, 9.075], "size": [5, 5, 0], "pivot": [-34, 23.75, 6.25], "rotation": [4.17679, 9.91074, -9.67236], "uv": [133, 94], "mirror": true},
						{"origin": [-37.23904, 21.53967, 9.87373], "size": [3, 5, 0], "pivot": [-32.73904, 24.03967, 7.04873], "rotation": [4.31478, -17.51667, -11.6934], "uv": [136, 94], "mirror": true},
						{"origin": [-36, 9, 5.75], "size": [1, 13, 1], "uv": [117, 101], "mirror": true},
						{"origin": [-37.25, 0, 6.25], "size": [2, 22, 0], "uv": [125, 102], "mirror": true}
					]
				}
			]
		}
	]
}