{
	"format_version": "1.12.0",
	"minecraft:geometry": [
		{
			"description": {
				"identifier": "geometry.unknown",
				"texture_width": 32,
				"texture_height": 32,
				"visible_bounds_width": 2,
				"visible_bounds_height": 1.5,
				"visible_bounds_offset": [0, 0.25, 0]
			},
			"bones": [
				{
					"name": "HandMain",
					"pivot": [-1, 4, 2],
					"cubes": [
						{"origin": [-3, 3, -4], "size": [5, 1, 6], "uv": [0, 7]},
						{"origin": [-3, 3, -4], "size": [5, 1, 6], "inflate": 0.1, "uv": [0, 0]}
					]
				},
				{
					"name": "Finger",
					"parent": "HandMain",
					"pivot": [-2.5, 4, -4],
					"cubes": [
						{"origin": [-3, 3, -6], "size": [1, 1, 2], "uv": [16, 10]}
					]
				},
				{
					"name": "FingerMiddle",
					"parent": "Finger",
					"pivot": [-2.5, 4, -6],
					"cubes": [
						{"origin": [-3, 3, -8], "size": [1, 1, 2], "uv": [16, 7]}
					]
				},
				{
					"name": "FingerLower",
					"parent": "FingerMiddle",
					"pivot": [-2.5, 4, -8],
					"cubes": [
						{"origin": [-3, 3, -9], "size": [1, 1, 1], "uv": [16, 14]}
					]
				},
				{
					"name": "Finger2",
					"parent": "HandMain",
					"pivot": [-1.25, 4, -4],
					"cubes": [
						{"origin": [-1.75, 3, -6], "size": [1, 1, 2], "uv": [16, 3]}
					]
				},
				{
					"name": "FingerMiddle2",
					"parent": "Finger2",
					"pivot": [-1.25, 4, -6],
					"cubes": [
						{"origin": [-1.75, 3, -8], "size": [1, 1, 2], "uv": [16, 0]}
					]
				},
				{
					"name": "FingerLower2",
					"parent": "FingerMiddle2",
					"pivot": [-1.25, 4, -8],
					"cubes": [
						{"origin": [-1.75, 3, -9.5], "size": [1, 1, 1.5], "uv": [10, 14]}
					]
				},
				{
					"name": "Finger3",
					"parent": "HandMain",
					"pivot": [0, 4, -4],
					"cubes": [
						{"origin": [-0.5, 3, -6], "size": [1, 1, 2], "uv": [12, 14]}
					]
				},
				{
					"name": "FingerMiddle3",
					"parent": "Finger3",
					"pivot": [0, 4, -6],
					"cubes": [
						{"origin": [-0.5, 3, -8], "size": [1, 1, 2], "uv": [6, 14]}
					]
				},
				{
					"name": "FingerLower3",
					"parent": "FingerMiddle3",
					"pivot": [0, 4, -8],
					"cubes": [
						{"origin": [-0.5, 3, -10], "size": [1, 1, 2], "uv": [0, 14]}
					]
				},
				{
					"name": "Finger4",
					"parent": "HandMain",
					"pivot": [1.5, 4, -4],
					"cubes": [
						{"origin": [1, 3, -6], "size": [1, 1, 2], "uv": [0, 10]}
					]
				},
				{
					"name": "FingerMiddle4",
					"parent": "Finger4",
					"pivot": [1.5, 4, -6],
					"cubes": [
						{"origin": [1, 3, -8], "size": [1, 1, 2], "uv": [0, 7]}
					]
				},
				{
					"name": "FingerLower4",
					"parent": "FingerMiddle4",
					"pivot": [1.5, 4, -8],
					"cubes": [
						{"origin": [1, 3, -9], "size": [1, 1, 1], "uv": [4, 14]}
					]
				},
				{
					"name": "Finger5",
					"parent": "HandMain",
					"pivot": [2, 4, -3],
					"rotation": [0, -90, 0],
					"cubes": [
						{"origin": [1.5, 3, -5], "size": [1, 1, 2], "uv": [0, 3]}
					]
				},
				{
					"name": "FingerMiddle5",
					"parent": "Finger5",
					"pivot": [2, 4, -5],
					"cubes": [
						{"origin": [1.5, 3, -7], "size": [1, 1, 2], "uv": [0, 0]}
					]
				}
			]
		}
	]
}