{
	"format_version": "1.12.0",
	"minecraft:geometry": [
		{
			"description": {
				"identifier": "geometry.gojidraw_upgrade_astro_commander",
				"texture_width": 256,
				"texture_height": 256,
				"visible_bounds_width": 11,
				"visible_bounds_height": 8,
				"visible_bounds_offset": [0, 3, 0]
			},
			"bones": [
				{
					"name": "Root",
					"pivot": [0, 32, 0]
				},
				{
					"name": "Toilet",
					"parent": "Root",
					"pivot": [0, 32, 1],
					"cubes": [
						{"origin": [-9.6, 32, -9.8], "size": [19.2, 3.6, 26.4], "uv": [0, 0]},
						{"origin": [-7.2, 35.6, -5], "size": [14.4, 9.6, 14.4], "uv": [0, 68]},
						{"origin": [-8.4, 35.6, 9.4], "size": [16.8, 9.6, 7.2], "uv": [116, 78]},
						{"origin": [-8.28, 45.2, 9.4], "size": [16.56, 9.6, 7.2], "pivot": [0, 45.2, 9.4], "rotation": [-25, 0, 0], "uv": [115, 0]},
						{"origin": [-8.4, 45.2, 10.6], "size": [16.8, 13.2, 2.4], "uv": [134, 16]},
						{"origin": [-10.8, 47.6, -9], "size": [2.4, 10.8, 11], "pivot": [-11, 51, -9], "rotation": [0, -20, 0], "uv": [0, 0]},
						{"origin": [8.4, 47.6, -9], "size": [2.4, 10.8, 11], "pivot": [11, 51, -9], "rotation": [0, 20, 0], "uv": [0, 0], "mirror": true},
						{"origin": [-14.46143, 47.62, 1.23499], "size": [2.4, 10.8, 13], "pivot": [-15, 51, 1], "rotation": [0, 17.5, 0], "uv": [56, 121]},
						{"origin": [12.06143, 47.62, 1.23499], "size": [2.4, 10.8, 13], "pivot": [15, 51, 1], "rotation": [0, -17.5, 0], "uv": [56, 121], "mirror": true},
						{"origin": [-10.8, 46, -8.6], "size": [2.4, 2, 21.6], "pivot": [-10.8, 47.6, 1], "rotation": [0, 0, -47.5], "uv": [0, 91]},
						{"origin": [-10.8, 48, -3.6], "size": [2.4, 2, 10.6], "pivot": [-10.8, 47.6, 1], "rotation": [0, 0, -47.5], "uv": [155, 122]},
						{"origin": [8.4, 48, -3.6], "size": [2.4, 2, 10.6], "pivot": [10.8, 47.6, 1], "rotation": [0, 0, 47.5], "uv": [155, 122], "mirror": true},
						{"origin": [8.4, 44, -8.6], "size": [2.4, 3.72, 21.6], "pivot": [10.8, 47.6, 1], "rotation": [0, 0, 47.5], "uv": [35, 78]},
						{"origin": [-10.8, 47.72, -12.08], "size": [2.4, 10.56, 3.48], "pivot": [-10.8, 52.4, -8.6], "rotation": [0, -45.1, 0], "uv": [0, 68], "mirror": true},
						{"origin": [8.4, 47.72, -12.08], "size": [2.4, 10.56, 3.48], "pivot": [10.8, 52.4, -8.6], "rotation": [0, 45.1, 0], "uv": [0, 68]},
						{"origin": [-8.4, 47.6, -11], "size": [16.8, 10.8, 2.4], "uv": [152, 53]},
						{"origin": [-8.4, 44.6, -11], "size": [16.8, 3, 2.4], "pivot": [0, 48.2, -11], "rotation": [40, 0, 0], "uv": [98, 24]},
						{"origin": [-8.4, 45.2, -8.6], "size": [16.8, 2.4, 19.2], "uv": [64, 0]}
					]
				},
				{
					"name": "bone2",
					"parent": "Toilet",
					"pivot": [-0.12, 50.60888, 12.4],
					"rotation": [-5, 0, 0],
					"cubes": [
						{"origin": [3.6, 52.4, 11.92], "size": [6, 27.6, 8.16], "pivot": [9.6, 52.4, 16], "rotation": [0, 0, 12.5], "uv": [0, 114]},
						{"origin": [-9.6, 52.4, 11.92], "size": [6, 27.6, 8.16], "pivot": [-9.6, 52.4, 16], "rotation": [0, 0, -12.5], "uv": [0, 114], "mirror": true},
						{"origin": [-15.6, 77.6, 11.2], "size": [31.2, 4.8, 9.6], "uv": [40, 29]},
						{"origin": [-9.6, 50, 11.8], "size": [19.2, 31.2, 8.4], "uv": [62, 60]}
					]
				},
				{
					"name": "B",
					"parent": "bone2",
					"pivot": [0, 82.4, 16],
					"cubes": [
						{"origin": [-1.8, 81.2, 14.2], "size": [3.6, 2.4, 3.6], "uv": [42, 77]}
					]
				},
				{
					"name": "lid2",
					"parent": "Toilet",
					"pivot": [0, 53.6, 13],
					"cubes": [
						{"origin": [-9.6, 57.2, 9.4], "size": [19.2, 16.8, 2.4], "uv": [117, 94]},
						{"origin": [-8.4, 74, 9.4], "size": [16.8, 3.6, 2.4], "uv": [64, 21]},
						{"origin": [-7.2, 77.6, 9.4], "size": [14.4, 3.6, 2.4], "uv": [152, 65]},
						{"origin": [7.2, 80, 9.52], "size": [7.56, 1.2, 2.16], "pivot": [7.2, 81.2, 10.6], "rotation": [0, 0, 72], "uv": [42, 74]},
						{"origin": [-14.76, 80, 9.52], "size": [7.56, 1.2, 2.16], "pivot": [-7.2, 81.2, 10.6], "rotation": [0, 0, -72], "uv": [42, 74], "mirror": true},
						{"origin": [-8.4, 54.8, 9.4], "size": [16.8, 2.4, 2.4], "uv": [142, 31]}
					]
				},
				{
					"name": "Allcircle",
					"parent": "Root",
					"pivot": [0, 32, 0]
				},
				{
					"name": "Circle",
					"parent": "Allcircle",
					"pivot": [0, 29, 3],
					"cubes": [
						{"origin": [-3.97281, 36, -13], "size": [7.94562, 13, 7], "uv": [89, 151]},
						{"origin": [-4.97281, 34, -22], "size": [9.94562, 18, 9], "uv": [116, 51]},
						{"origin": [-4.97281, 34, -22], "size": [9.94562, 18, 9], "pivot": [0, 29, 3], "rotation": [0, 45, 0], "uv": [116, 51]},
						{"origin": [-4.97281, 34, -22], "size": [9.94562, 18, 9], "pivot": [0, 29, 3], "rotation": [0, 90, 0], "uv": [116, 51]},
						{"origin": [-4.97281, 34, -22], "size": [9.94562, 18, 9], "pivot": [0, 29, 3], "rotation": [0, 135, 0], "uv": [116, 51]},
						{"origin": [-4.97281, 34, -22], "size": [9.94562, 18, 9], "pivot": [0, 29, 3], "rotation": [0, 180, 0], "uv": [116, 51]},
						{"origin": [-4.97281, 34, -22], "size": [9.94562, 18, 9], "pivot": [0, 29, 3], "rotation": [0, -135, 0], "uv": [116, 51]},
						{"origin": [-4.97281, 34, -22], "size": [9.94562, 18, 9], "pivot": [0, 29, 3], "rotation": [0, -90, 0], "uv": [116, 51]},
						{"origin": [-4.97281, 34, -22], "size": [9.94562, 18, 9], "pivot": [0, 29, 3], "rotation": [0, -45, 0], "uv": [116, 51]},
						{"origin": [-4.97281, 33.99, -22], "size": [9.94562, 18, 9], "pivot": [0, 29, 3], "rotation": [0, 22.5, 0], "uv": [116, 51]},
						{"origin": [-4.97281, 33.99, -22], "size": [9.94562, 18, 9], "pivot": [0, 29, 3], "rotation": [0, 67.5, 0], "uv": [116, 51]},
						{"origin": [-4.97281, 33.99, -22], "size": [9.94562, 18, 9], "pivot": [0, 29, 3], "rotation": [0, 112.5, 0], "uv": [116, 51]},
						{"origin": [-4.97281, 33.99, -22], "size": [9.94562, 18, 9], "pivot": [0, 29, 3], "rotation": [0, -157.5, 0], "uv": [116, 51]},
						{"origin": [-4.97281, 33.99, -22], "size": [9.94562, 18, 9], "pivot": [0, 29, 3], "rotation": [0, -112.5, 0], "uv": [116, 51]},
						{"origin": [-4.97281, 33.99, -22], "size": [9.94562, 18, 9], "pivot": [0, 29, 3], "rotation": [0, -67.5, 0], "uv": [116, 51]},
						{"origin": [-4.97281, 33.99, -22], "size": [9.94562, 18, 9], "pivot": [0, 29, 3], "rotation": [0, -22.5, 0], "uv": [116, 51]},
						{"origin": [-4.97281, 33.99, -22], "size": [9.94562, 18, 9], "pivot": [0, 29, 3], "rotation": [0, 157.5, 0], "uv": [116, 51]},
						{"origin": [-5.669, 35.5, -26.5], "size": [11.338, 15, 5], "uv": [129, 112]},
						{"origin": [-5.669, 35.69, -26.5], "size": [11.338, 15, 5], "pivot": [0, 21, 3], "rotation": [0, 22.5, 0], "uv": [129, 112]},
						{"origin": [-5.669, 35.69, -26.5], "size": [11.338, 15, 5], "pivot": [0, 21, 3], "rotation": [0, 67.5, 0], "uv": [129, 112]},
						{"origin": [-5.669, 35.69, -26.5], "size": [11.338, 15, 5], "pivot": [0, 21, 3], "rotation": [0, 112.5, 0], "uv": [129, 112]},
						{"origin": [-5.669, 35.69, -26.5], "size": [11.338, 15, 5], "pivot": [0, 21, 3], "rotation": [0, 157.5, 0], "uv": [129, 112]},
						{"origin": [-5.669, 35.69, -26.5], "size": [11.338, 15, 5], "pivot": [0, 21, 3], "rotation": [0, -157.5, 0], "uv": [129, 112]},
						{"origin": [-5.669, 35.69, -26.5], "size": [11.338, 15, 5], "pivot": [0, 21, 3], "rotation": [0, -112.5, 0], "uv": [129, 112]},
						{"origin": [-5.669, 35.69, -26.5], "size": [11.338, 15, 5], "pivot": [0, 21, 3], "rotation": [0, -67.5, 0], "uv": [129, 112]},
						{"origin": [-5.669, 35.69, -26.5], "size": [11.338, 15, 5], "pivot": [0, 21, 3], "rotation": [0, -22.5, 0], "uv": [129, 112]},
						{"origin": [-5.669, 35.5, -26.5], "size": [11.338, 15, 5], "pivot": [0, 21, 3], "rotation": [0, 45, 0], "uv": [129, 112]},
						{"origin": [-5.669, 35.5, -26.5], "size": [11.338, 15, 5], "pivot": [0, 21, 3], "rotation": [0, 90, 0], "uv": [129, 112]},
						{"origin": [-5.669, 35.5, -26.5], "size": [11.338, 15, 5], "pivot": [0, 21, 3], "rotation": [0, 135, 0], "uv": [129, 112]},
						{"origin": [-5.669, 35.5, -26.5], "size": [11.338, 15, 5], "pivot": [0, 21, 3], "rotation": [0, 180, 0], "uv": [129, 112]},
						{"origin": [-5.669, 35.5, -26.5], "size": [11.338, 15, 5], "pivot": [0, 21, 3], "rotation": [0, -135, 0], "uv": [129, 112]},
						{"origin": [-5.669, 35.5, -26.5], "size": [11.338, 15, 5], "pivot": [0, 21, 3], "rotation": [0, -90, 0], "uv": [129, 112]},
						{"origin": [-5.669, 35.5, -26.5], "size": [11.338, 15, 5], "pivot": [0, 21, 3], "rotation": [0, -45, 0], "uv": [129, 112]},
						{"origin": [-5.669, 36.5, -31.5], "size": [11.338, 13, 5], "uv": [28, 139]},
						{"origin": [-5.669, 36.5, -31.5], "size": [11.338, 13, 5], "pivot": [0, 21, 3], "rotation": [0, -22.5, 0], "uv": [28, 139]},
						{"origin": [-5.669, 36.5, -31.5], "size": [11.338, 13, 5], "pivot": [0, 21, 3], "rotation": [0, -45, 0], "uv": [28, 139]},
						{"origin": [0, 47.5, -31.5], "size": [0, 14, 17], "pivot": [0, 21, 3], "rotation": [0, -22.5, 0], "uv": [40, 25]},
						{"origin": [0, 47.5, -31.5], "size": [0, 14, 17], "uv": [40, 25]},
						{"origin": [0, 47.5, -31.5], "size": [0, 14, 17], "pivot": [0, 21, 3], "rotation": [0, 22.5, 0], "uv": [40, 25]},
						{"origin": [0, 47.5, -31.5], "size": [0, 14, 17], "pivot": [0, 21, 3], "rotation": [0, 45, 0], "uv": [40, 25]},
						{"origin": [0, 47.5, -31.5], "size": [0, 14, 17], "pivot": [0, 21, 3], "rotation": [0, -45, 0], "uv": [40, 25], "mirror": true},
						{"origin": [0, 47.5, -31.5], "size": [0, 14, 17], "pivot": [0, 21, 3], "rotation": [0, 67.5, 0], "uv": [40, 25]},
						{"origin": [0, 47.5, -31.5], "size": [0, 14, 17], "pivot": [0, 21, 3], "rotation": [0, -67.5, 0], "uv": [40, 25], "mirror": true},
						{"origin": [0, 47.5, -31.5], "size": [0, 14, 17], "pivot": [0, 21, 3], "rotation": [0, 90, 0], "uv": [40, 25]},
						{"origin": [0, 47.5, -31.5], "size": [0, 14, 17], "pivot": [0, 21, 3], "rotation": [0, 112.5, 0], "uv": [40, 25]},
						{"origin": [0, 47.5, -31.5], "size": [0, 14, 17], "pivot": [0, 21, 3], "rotation": [0, -112.5, 0], "uv": [40, 25], "mirror": true},
						{"origin": [0, 47.5, -31.5], "size": [0, 14, 17], "pivot": [0, 21, 3], "rotation": [0, 135, 0], "uv": [40, 25]},
						{"origin": [0, 47.5, -31.5], "size": [0, 14, 17], "pivot": [0, 21, 3], "rotation": [0, 157.5, 0], "uv": [40, 25]},
						{"origin": [0, 47.5, -31.5], "size": [0, 14, 17], "pivot": [0, 21, 3], "rotation": [0, 180, 0], "uv": [40, 25]},
						{"origin": [0, 47.5, -31.5], "size": [0, 14, 17], "pivot": [0, 21, 3], "rotation": [0, -157.5, 0], "uv": [40, 25], "mirror": true},
						{"origin": [0, 47.5, -31.5], "size": [0, 14, 17], "pivot": [0, 21, 3], "rotation": [0, -135, 0], "uv": [40, 25], "mirror": true},
						{"origin": [0, 47.5, -31.5], "size": [0, 14, 17], "pivot": [0, 21, 3], "rotation": [0, -90, 0], "uv": [40, 25], "mirror": true},
						{"origin": [-5.669, 36.5, -31.5], "size": [11.338, 13, 5], "pivot": [0, 21, 3], "rotation": [0, -67.5, 0], "uv": [28, 139]},
						{"origin": [-5.669, 36.5, -31.5], "size": [11.338, 13, 5], "pivot": [0, 21, 3], "rotation": [0, 22.5, 0], "uv": [28, 139]},
						{"origin": [-5.669, 36.5, -31.5], "size": [11.338, 13, 5], "pivot": [0, 21, 3], "rotation": [0, 45, 0], "uv": [28, 139]},
						{"origin": [-5.669, 36.5, -31.5], "size": [11.338, 13, 5], "pivot": [0, 21, 3], "rotation": [0, 67.5, 0], "uv": [28, 139]},
						{"origin": [-5.669, 36.5, -31.5], "size": [11.338, 13, 5], "pivot": [0, 21, 3], "rotation": [0, 90, 0], "uv": [28, 139]},
						{"origin": [-5.669, 36.5, -31.5], "size": [11.338, 13, 5], "pivot": [0, 21, 3], "rotation": [0, 112.5, 0], "uv": [28, 139]},
						{"origin": [-5.669, 36.5, -31.5], "size": [11.338, 13, 5], "pivot": [0, 21, 3], "rotation": [0, 180, 0], "uv": [28, 139]},
						{"origin": [-5.669, 36.5, -31.5], "size": [11.338, 13, 5], "pivot": [0, 21, 3], "rotation": [0, -157.5, 0], "uv": [28, 139]},
						{"origin": [-5.669, 36.5, -31.5], "size": [11.338, 13, 5], "pivot": [0, 21, 3], "rotation": [0, -112.5, 0], "uv": [28, 139]},
						{"origin": [-5.669, 36.5, -31.5], "size": [11.338, 13, 5], "pivot": [0, 21, 3], "rotation": [0, -90, 0], "uv": [28, 139]},
						{"origin": [-5.669, 36.5, -31.5], "size": [11.338, 13, 5], "pivot": [0, 21, 3], "rotation": [0, -135, 0], "uv": [28, 139]},
						{"origin": [-5.669, 36.5, -31.5], "size": [11.338, 13, 5], "pivot": [0, 21, 3], "rotation": [0, 135, 0], "uv": [28, 139]},
						{"origin": [-5.669, 36.5, -31.5], "size": [11.338, 13, 5], "pivot": [0, 21, 3], "rotation": [0, 157.5, 0], "uv": [28, 139]}
					],
					"locators": {
						"e": [-27, 42, -25],
						"e4": [27, 42, -25],
						"e5": [0, 42, -35],
						"e6": [0, 42, 40],
						"e2": [-27, 42, 28],
						"e7": [-37, 42, 4],
						"e8": [37, 42, 4],
						"e3": [27, 42, 28]
					}
				},
				{
					"name": "9",
					"parent": "Circle",
					"pivot": [0, 7, 3],
					"cubes": [
						{"origin": [-7.45921, 41.5, -34.5], "size": [14.91843, 3, 1], "pivot": [0, 7, 3], "rotation": [0, 45, 0], "uv": [226, 239]},
						{"origin": [-7.45921, 41.5, -34.5], "size": [14.91843, 3, 1], "pivot": [0, 7, 3], "rotation": [0, 22.5, 0], "uv": [226, 239]},
						{"origin": [-7.45921, 41.5, -34.5], "size": [14.91843, 3, 1], "pivot": [0, 7, 3], "rotation": [0, 67.5, 0], "uv": [226, 239]},
						{"origin": [-7.45922, 41.5, -34.5], "size": [14.91843, 3, 1], "pivot": [0, 7, 3], "rotation": [0, -67.5, 0], "uv": [226, 239], "mirror": true},
						{"origin": [-7.45921, 41.5, -34.5], "size": [14.91843, 3, 1], "pivot": [0, 7, 3], "rotation": [0, 112.5, 0], "uv": [226, 239]},
						{"origin": [-7.45922, 41.5, -34.5], "size": [14.91843, 3, 1], "pivot": [0, 7, 3], "rotation": [0, -112.5, 0], "uv": [226, 239], "mirror": true},
						{"origin": [-7.45922, 41.5, -34.5], "size": [14.91843, 3, 1], "pivot": [0, 7, 3], "rotation": [0, -112.5, 0], "uv": [226, 239], "mirror": true},
						{"origin": [-7.45921, 41.5, -34.5], "size": [14.91843, 3, 1], "pivot": [0, 7, 3], "rotation": [0, 90, 0], "uv": [226, 239]},
						{"origin": [-7.45922, 41.5, -34.5], "size": [14.91843, 3, 1], "pivot": [0, 7, 3], "rotation": [0, -90, 0], "uv": [226, 239], "mirror": true},
						{"origin": [-7.45921, 41.5, -34.5], "size": [14.91843, 3, 1], "uv": [226, 239]},
						{"origin": [-7.45921, 41.5, -34.5], "size": [14.91843, 3, 1], "pivot": [0, 7, 3], "rotation": [0, -22.5, 0], "uv": [226, 239]},
						{"origin": [-7.45921, 41.5, -34.5], "size": [14.91843, 3, 1], "pivot": [0, 7, 3], "rotation": [0, -45, 0], "uv": [226, 239]},
						{"origin": [-7.45921, 41.5, 39.5], "size": [14.91843, 3, 1], "pivot": [0, 7, 3], "rotation": [0, 45, 0], "uv": [226, 239]},
						{"origin": [-7.45921, 41.5, 39.5], "size": [14.91843, 3, 1], "pivot": [0, 7, 3], "rotation": [0, 22.5, 0], "uv": [226, 239]},
						{"origin": [-7.45921, 41.5, 39.5], "size": [14.91843, 3, 1], "uv": [226, 239]},
						{"origin": [-7.45921, 41.5, 39.5], "size": [14.91843, 3, 1], "pivot": [0, 7, 3], "rotation": [0, -22.5, 0], "uv": [226, 239]},
						{"origin": [-7.45921, 41.5, 39.5], "size": [14.91843, 3, 1], "pivot": [0, 7, 3], "rotation": [0, -45, 0], "uv": [226, 239]}
					]
				},
				{
					"name": "Circle4",
					"parent": "Allcircle",
					"pivot": [0, 34, 3],
					"cubes": [
						{"origin": [-2.98369, 19, -12], "size": [5.96737, 9, 30], "pivot": [0, 34, 3], "rotation": [0, 45, 0], "uv": [0, 29]},
						{"origin": [-2.98369, 19, -12], "size": [5.96737, 9, 30], "uv": [0, 29]},
						{"origin": [-2.98369, 19, -12], "size": [5.96737, 9, 30], "pivot": [0, 34, 3], "rotation": [0, -22.5, 0], "uv": [0, 29]},
						{"origin": [-2.98369, 19, -12], "size": [5.96737, 9, 30], "pivot": [0, 34, 3], "rotation": [0, -45, 0], "uv": [0, 29]},
						{"origin": [-2.98369, 19, -12], "size": [5.96737, 9, 30], "pivot": [0, 34, 3], "rotation": [0, -67.5, 0], "uv": [0, 29]},
						{"origin": [-2.98369, 19, -12], "size": [5.96737, 9, 30], "pivot": [0, 34, 3], "rotation": [0, 22.5, 0], "uv": [0, 29]},
						{"origin": [-2.98369, 19, -12], "size": [5.96737, 9, 30], "pivot": [0, 34, 3], "rotation": [0, 45, 0], "uv": [0, 29]},
						{"origin": [-2.98369, 19, -12], "size": [5.96737, 9, 30], "pivot": [0, 34, 3], "rotation": [0, 67.5, 0], "uv": [0, 29]},
						{"origin": [-2.98369, 19, -12], "size": [5.96737, 9, 30], "pivot": [0, 34, 3], "rotation": [0, 90, 0], "uv": [0, 29]}
					]
				},
				{
					"name": "Circle2",
					"parent": "Allcircle",
					"pivot": [0, 35, 3],
					"cubes": [
						{"origin": [-4.27662, 30.5, -18.5], "size": [8.55323, 26, 8], "uv": [73, 99]},
						{"origin": [-4.27662, 30.5, -18.5], "size": [8.55323, 26, 8], "pivot": [0, 35, 3], "rotation": [0, 45, 0], "uv": [73, 99]},
						{"origin": [-4.27662, 30.5, -18.5], "size": [8.55323, 26, 8], "pivot": [0, 35, 3], "rotation": [0, 90, 0], "uv": [73, 99]},
						{"origin": [-4.27662, 30.5, -18.5], "size": [8.55323, 26, 8], "pivot": [0, 35, 3], "rotation": [0, 135, 0], "uv": [73, 99]},
						{"origin": [-4.27662, 30.5, -18.5], "size": [8.55323, 26, 8], "pivot": [0, 35, 3], "rotation": [0, 180, 0], "uv": [73, 99]},
						{"origin": [-4.27662, 30.5, -18.5], "size": [8.55323, 26, 8], "pivot": [0, 35, 3], "rotation": [0, -135, 0], "uv": [73, 99]},
						{"origin": [-4.27662, 30.5, -18.5], "size": [8.55323, 26, 8], "pivot": [0, 35, 3], "rotation": [0, -90, 0], "uv": [73, 99]},
						{"origin": [-4.27662, 30.5, -18.5], "size": [8.55323, 26, 8], "pivot": [0, 35, 3], "rotation": [0, -45, 0], "uv": [73, 99]},
						{"origin": [-4.27662, 30.495, -18.5], "size": [8.55323, 26, 8], "pivot": [0, 35, 3], "rotation": [0, 22.5, 0], "uv": [73, 99]},
						{"origin": [-4.27662, 30.495, -18.5], "size": [8.55323, 26, 8], "pivot": [0, 35, 3], "rotation": [0, 67.5, 0], "uv": [73, 99]},
						{"origin": [-4.27662, 30.495, -18.5], "size": [8.55323, 26, 8], "pivot": [0, 35, 3], "rotation": [0, 112.5, 0], "uv": [73, 99]},
						{"origin": [-4.27662, 30.495, -18.5], "size": [8.55323, 26, 8], "pivot": [0, 35, 3], "rotation": [0, 157.5, 0], "uv": [73, 99]},
						{"origin": [-4.27662, 30.495, -18.5], "size": [8.55323, 26, 8], "pivot": [0, 35, 3], "rotation": [0, -157.5, 0], "uv": [73, 99]},
						{"origin": [-4.27662, 30.495, -18.5], "size": [8.55323, 26, 8], "pivot": [0, 35, 3], "rotation": [0, -112.5, 0], "uv": [73, 99]},
						{"origin": [-4.27662, 30.495, -18.5], "size": [8.55323, 26, 8], "pivot": [0, 35, 3], "rotation": [0, -67.5, 0], "uv": [73, 99]},
						{"origin": [-4.27662, 30.495, -18.5], "size": [8.55323, 26, 8], "pivot": [0, 35, 3], "rotation": [0, -22.5, 0], "uv": [73, 99]}
					]
				},
				{
					"name": "Circle3",
					"parent": "Allcircle",
					"pivot": [-0.50593, 33.59762, 3.20956],
					"cubes": [
						{"origin": [-3.38151, 26, -14], "size": [6.76302, 20, 11], "uv": [35, 103]},
						{"origin": [-3.38151, 26, -14], "size": [6.76302, 20, 11], "pivot": [0, 29, 3], "rotation": [0, 45, 0], "uv": [35, 103]},
						{"origin": [-3.38151, 21, -14], "size": [6.76302, 5, 2], "pivot": [0, 29, 3], "rotation": [0, 135, 0], "uv": [64, 12]},
						{"origin": [-3.38151, 21, -14], "size": [6.76302, 5, 2], "pivot": [0, 29, 3], "rotation": [0, -135, 0], "uv": [64, 12], "mirror": true},
						{"origin": [-3.38151, 21, -14], "size": [6.76302, 5, 2], "pivot": [0, 29, 3], "rotation": [0, 45, 0], "uv": [64, 12]},
						{"origin": [-3.38151, 21, -14], "size": [6.76302, 5, 2], "pivot": [0, 29, 3], "rotation": [0, -45, 0], "uv": [64, 12], "mirror": true},
						{"origin": [-3.38151, 26, -14], "size": [6.76302, 20, 11], "pivot": [0, 29, 3], "rotation": [0, 90, 0], "uv": [35, 103]},
						{"origin": [-3.38151, 26, -14], "size": [6.76302, 20, 11], "pivot": [0, 29, 3], "rotation": [0, 135, 0], "uv": [35, 103]},
						{"origin": [-3.38151, 26, -14], "size": [6.76302, 20, 11], "pivot": [0, 29, 3], "rotation": [0, 180, 0], "uv": [35, 103]},
						{"origin": [-3.38151, 26, -14], "size": [6.76302, 20, 11], "pivot": [0, 29, 3], "rotation": [0, -135, 0], "uv": [35, 103]},
						{"origin": [-3.38151, 26, -14], "size": [6.76302, 20, 11], "pivot": [0, 29, 3], "rotation": [0, -45, 0], "uv": [35, 103]},
						{"origin": [-3.38151, 26, -14], "size": [6.76302, 20, 11], "pivot": [0, 29, 3], "rotation": [0, -90, 0], "uv": [35, 103]},
						{"origin": [-3.38151, 25.95, -14], "size": [6.76302, 20, 11], "pivot": [0, 29, 3], "rotation": [0, 22.5, 0], "uv": [35, 103]},
						{"origin": [-3.38151, 25.95, -14], "size": [6.76302, 20, 11], "pivot": [0, 29, 3], "rotation": [0, 67.5, 0], "uv": [35, 103]},
						{"origin": [-3.38151, 25.95, -14], "size": [6.76302, 20, 11], "pivot": [0, 29, 3], "rotation": [0, 112.5, 0], "uv": [35, 103]},
						{"origin": [-3.38151, 25.95, -14], "size": [6.76302, 20, 11], "pivot": [0, 29, 3], "rotation": [0, 157.5, 0], "uv": [35, 103]},
						{"origin": [-3.38151, 25.95, -14], "size": [6.76302, 20, 11], "pivot": [0, 29, 3], "rotation": [0, -157.5, 0], "uv": [35, 103]},
						{"origin": [-3.38151, 25.95, -14], "size": [6.76302, 20, 11], "pivot": [0, 29, 3], "rotation": [0, -112.5, 0], "uv": [35, 103]},
						{"origin": [-3.38151, 25.95, -14], "size": [6.76302, 20, 11], "pivot": [0, 29, 3], "rotation": [0, -67.5, 0], "uv": [35, 103]},
						{"origin": [-3.38151, 25.95, -14], "size": [6.76302, 20, 11], "pivot": [0, 29, 3], "rotation": [0, -22.5, 0], "uv": [35, 103]}
					]
				},
				{
					"name": "Laser",
					"parent": "Root",
					"pivot": [0, 21, 7],
					"rotation": [5, 0, 0],
					"cubes": [
						{"origin": [-0.325, 0.85, 3.75], "size": [1.95, 21.45, 1.95], "pivot": [6.5, 22.3, 3.75], "rotation": [65, 0, 0], "uv": [28, 114]},
						{"origin": [-0.45, -8.9, 3.75], "size": [1.95, 33.15, 1.95], "pivot": [6.5, 12.55, 3.75], "rotation": [90, 0, 0], "uv": [48, 157]},
						{"origin": [-3.25, -24.5, -48.9], "size": [7.8, 23.4, 7.8], "pivot": [0.65, 12.55, -45], "rotation": [90, 0, 45], "uv": [0, 29]},
						{"origin": [-0.325, 6.7, -11.85], "size": [1.95, 23.4, 3.9], "pivot": [0.65, 6.7, -7.95], "rotation": [90, 0, 0], "uv": [64, 158]},
						{"origin": [-0.325, 2.8, -31.35], "size": [1.95, 13.65, 3.9], "pivot": [0.65, 2.8, -31.35], "rotation": [77.5, 0, 0], "uv": [96, 133]},
						{"origin": [-0.325, 22.3, -35.25], "size": [1.95, 13.65, 3.9], "pivot": [0.65, 22.3, -31.35], "rotation": [100, 0, 0], "uv": [96, 133]},
						{"origin": [-0.325, 22.3, -11.85], "size": [1.95, 23.4, 3.9], "pivot": [0.65, 22.3, -7.95], "rotation": [90, 0, 0], "uv": [64, 158]},
						{"origin": [-1.275, -20.6, -7.95], "size": [3.9, 23.4, 3.9], "pivot": [0.65, 2.8, -7.95], "rotation": [112.21706, 0, -1.29773], "uv": [36, 157]},
						{"origin": [-3.95, -18.65, -22.17114], "size": [1.95, 46.8, 5.85], "pivot": [-3.25, 14.5, -17.7], "rotation": [82.5, 0, 45], "uv": [105, 99]},
						{"origin": [3, -18.65, -22.17114], "size": [1.95, 46.8, 5.85], "pivot": [3.25, 14.5, -17.7], "rotation": [82.5, 0, -45], "uv": [105, 99], "mirror": true},
						{"origin": [-3.01343, 24.25, -17.46343], "size": [3.9, 19.5, 3.9], "pivot": [-5.2, 12.55, -19.65], "rotation": [88.23167, 1.76749, 44.97272], "uv": [52, 158]},
						{"origin": [-0.325, 12.55, -6], "size": [1.95, 5.85, 5.85], "pivot": [0.65, 12.55, -6], "rotation": [102.5, 0, 0], "uv": [25, 97]},
						{"origin": [-0.4, 17.29412, -9.80755], "size": [2, 5.85, 7.8], "pivot": [0.65, 16.45, -6], "rotation": [52.5, 0, 0], "uv": [64, 0]},
						{"origin": [-0.325, 8.61135, 7.43076], "size": [1.95, 13.65, 7.8], "pivot": [1.625, 18.4, 15.45], "rotation": [76.18535, -14.60559, -45.72113], "uv": [0, 91]},
						{"origin": [-1.625, 8.61135, 9.43076], "size": [1.95, 13.65, 7.8], "pivot": [-3.625, 18.4, 15.45], "rotation": [76.18535, 14.60559, 45.72113], "uv": [0, 91], "mirror": true},
						{"origin": [-0.69256, 17.9296, -4.60602], "size": [1.95, 3.9, 9.75], "pivot": [1.625, 22.3, 5.7], "rotation": [111.18535, -14.60559, -45.72113], "uv": [161, 0]},
						{"origin": [0.04256, 17.9296, -4.60602], "size": [1.95, 3.9, 9.75], "pivot": [-0.325, 22.3, 5.7], "rotation": [111.18535, 14.60559, 45.72113], "uv": [161, 0]}
					]
				},
				{
					"name": "Cahaya",
					"parent": "Laser",
					"pivot": [0, 47, -29.4]
				},
				{
					"name": "Cahaya2",
					"parent": "Laser",
					"pivot": [0, 47, -29.4]
				},
				{
					"name": "Cahaya3",
					"parent": "Laser",
					"pivot": [0, 47, -29.4]
				},
				{
					"name": "Panas",
					"parent": "Laser",
					"pivot": [0, 47, -32]
				}
			]
		}
	]
}