{
	"format_version": "1.12.0",
	"minecraft:geometry": [
		{
			"description": {
				"identifier": "geometry.ic_large_cameraman",
				"texture_width": 128,
				"texture_height": 128,
				"visible_bounds_width": 4,
				"visible_bounds_height": 5.5,
				"visible_bounds_offset": [0, 2.25, 0]
			},
			"bones": [
				{
					"name": "root",
					"pivot": [0, 0, 0]
				},
				{
					"name": "waist",
					"parent": "root",
					"pivot": [0, 20, 0],
					"cubes": [
						{"origin": [-5, 20, -3], "size": [10, 9, 6], "uv": [32, 38]},
						{"origin": [-5, 20, -3], "size": [10, 9, 6], "inflate": 0.9, "uv": [0, 38]}
					]
				},
				{
					"name": "body",
					"parent": "waist",
					"pivot": [0, 28, 0],
					"cubes": [
						{"origin": [-7, 29, -4], "size": [14, 11, 8], "uv": [0, 19]},
						{"origin": [-7, 29, -4], "size": [14, 11, 8], "inflate": 0.2, "uv": [0, 0]}
					]
				},
				{
					"name": "left_arm",
					"parent": "body",
					"pivot": [7, 38, 0],
					"cubes": [
						{"origin": [7, 25, -2.5], "size": [5, 14, 5], "uv": [0, 53]}
					]
				},
				{
					"name": "left_arm2",
					"parent": "left_arm",
					"pivot": [9.5, 26, 0],
					"cubes": [
						{"origin": [7, 11, -2.5], "size": [5, 14, 5], "uv": [44, 19]},
						{"origin": [7, 11, -2.5], "size": [5, 14, 5], "inflate": 0.2, "uv": [44, 0]}
					]
				},
				{
					"name": "right_arm",
					"parent": "body",
					"pivot": [-7, 38, 0],
					"cubes": [
						{"origin": [-12, 25, -2.5], "size": [5, 14, 5], "uv": [0, 53], "mirror": true}
					]
				},
				{
					"name": "right_arm2",
					"parent": "right_arm",
					"pivot": [-9.5, 26, 0],
					"cubes": [
						{"origin": [-12, 11, -2.5], "size": [5, 14, 5], "uv": [44, 19], "mirror": true},
						{"origin": [-12, 11, -2.5], "size": [5, 14, 5], "inflate": 0.2, "uv": [44, 0], "mirror": true}
					]
				},
				{
					"name": "head",
					"parent": "body",
					"pivot": [0, 39, 0],
					"cubes": [
						{
							"origin": [-0.83, 38.83231, -1.27987],
							"size": [1.66, 2.49, 1.66],
							"uv": {
								"north": {"uv": [2, 2], "uv_size": [2, 3]},
								"east": {"uv": [0, 2], "uv_size": [2, 3]},
								"south": {"uv": [6, 2], "uv_size": [2, 3]},
								"west": {"uv": [4, 2], "uv_size": [2, 3]},
								"up": {"uv": [2, 0], "uv_size": [2, 2]},
								"down": {"uv": [4, 2], "uv_size": [2, -2]}
							}
						},
						{
							"origin": [-3.32, 40.49231, -4.59987],
							"size": [6.64, 1.66, 6.64],
							"uv": {
								"north": {"uv": [104, 43], "uv_size": [8, 2]},
								"east": {"uv": [96, 43], "uv_size": [8, 2]},
								"south": {"uv": [120, 43], "uv_size": [8, 2]},
								"west": {"uv": [112, 43], "uv_size": [8, 2]},
								"up": {"uv": [104, 35], "uv_size": [8, 8]},
								"down": {"uv": [112, 43], "uv_size": [8, -8]}
							}
						},
						{
							"origin": [-3.32, 42.15231, -3.76987],
							"size": [6.64, 4.98, 6.64],
							"uv": {
								"north": {"uv": [104, 8], "uv_size": [8, 6]},
								"east": {"uv": [96, 8], "uv_size": [8, 6]},
								"south": {"uv": [120, 8], "uv_size": [8, 6]},
								"west": {"uv": [112, 8], "uv_size": [8, 6]},
								"up": {"uv": [104, 0], "uv_size": [8, 8]},
								"down": {"uv": [112, 8], "uv_size": [8, -8]}
							}
						},
						{
							"origin": [-3.32, 42.15231, -9.16487],
							"size": [6.64, 4.98, 3.32],
							"uv": {
								"north": {"uv": [108, 81], "uv_size": [8, 6]},
								"east": {"uv": [104, 81], "uv_size": [4, 6]},
								"south": {"uv": [120, 81], "uv_size": [8, 6]},
								"west": {"uv": [116, 81], "uv_size": [4, 6]},
								"up": {"uv": [108, 77], "uv_size": [8, 4]},
								"down": {"uv": [116, 81], "uv_size": [8, -4]}
							}
						},
						{
							"origin": [-4.15, 41.32231, -10.82487],
							"size": [8.3, 6.64, 1.66],
							"uv": {
								"north": {"uv": [106, 92], "uv_size": [10, 8]},
								"east": {"uv": [104, 92], "uv_size": [2, 8]},
								"south": {"uv": [118, 92], "uv_size": [10, 8]},
								"west": {"uv": [116, 92], "uv_size": [2, 8]},
								"up": {"uv": [106, 90], "uv_size": [10, 2]},
								"down": {"uv": [116, 92], "uv_size": [10, -2]}
							}
						},
						{
							"origin": [-1.245, 43.39731, -5.84487],
							"size": [2.49, 2.49, 3.32],
							"uv": {
								"north": {"uv": [118, 70], "uv_size": [3, 3]},
								"east": {"uv": [114, 70], "uv_size": [4, 3]},
								"south": {"uv": [125, 70], "uv_size": [3, 3]},
								"west": {"uv": [121, 70], "uv_size": [4, 3]},
								"up": {"uv": [118, 66], "uv_size": [3, 4]},
								"down": {"uv": [121, 70], "uv_size": [3, -4]}
							}
						},
						{
							"origin": [-3.303, 49.43181, -0.43287],
							"size": [6.606, 5.776, 7.436],
							"inflate": 0.1,
							"pivot": [0, 50.45231, -1.27987],
							"rotation": [-50, 0, 0],
							"uv": {
								"north": {"uv": [103, 54], "uv_size": [8, 7]},
								"east": {"uv": [94, 54], "uv_size": [9, 7]},
								"south": {"uv": [120, 54], "uv_size": [8, 7]},
								"west": {"uv": [111, 54], "uv_size": [9, 7]},
								"up": {"uv": [103, 45], "uv_size": [8, 9]},
								"down": {"uv": [111, 54], "uv_size": [8, -9]}
							}
						},
						{
							"origin": [-3.235, 41.82231, 1.91763],
							"size": [6.47, 5.64, 5.64],
							"inflate": 0.5,
							"pivot": [0, 45.05731, 4.94513],
							"rotation": [-5, 0, 0],
							"uv": {
								"north": {"uv": [105, 24], "uv_size": [8, 7]},
								"east": {"uv": [98, 24], "uv_size": [7, 7]},
								"south": {"uv": [120, 24], "uv_size": [8, 7]},
								"west": {"uv": [113, 24], "uv_size": [7, 7]},
								"up": {"uv": [105, 17], "uv_size": [8, 7]},
								"down": {"uv": [113, 24], "uv_size": [8, -7]}
							}
						}
					],
					"locators": {
						"spark": [0, 44, -1]
					}
				},
				{
					"name": "left_leg",
					"parent": "root",
					"pivot": [4, 20, -0.5],
					"cubes": [
						{"origin": [1, 11, -2.5], "size": [5, 10, 5], "uv": [60, 48]},
						{
							"origin": [0.25, 11, -2.5],
							"size": [6, 10, 5],
							"inflate": 0.2,
							"uv": {
								"north": {"uv": [43, 58], "uv_size": [6, 10]},
								"east": {"uv": [40, 58], "uv_size": [3, 10]},
								"south": {"uv": [54, 58], "uv_size": [6, 10]},
								"west": {"uv": [49, 58], "uv_size": [5, 10]},
								"up": {"uv": [43, 53], "uv_size": [6, 5]},
								"down": {"uv": [49, 58], "uv_size": [6, -5]}
							}
						}
					]
				},
				{
					"name": "left_leg2",
					"parent": "left_leg",
					"pivot": [3.5, 11, -0.5],
					"cubes": [
						{"origin": [1, 0, -2.5], "size": [5, 11, 5], "uv": [20, 53]}
					]
				},
				{
					"name": "right_leg",
					"parent": "root",
					"pivot": [-4, 20, -0.5],
					"cubes": [
						{"origin": [-6, 11, -2.5], "size": [5, 10, 5], "uv": [60, 48], "mirror": true},
						{
							"origin": [-6.25, 11, -2.5],
							"size": [6, 10, 5],
							"inflate": 0.2,
							"uv": {
								"north": {"uv": [49, 58], "uv_size": [-6, 10]},
								"east": {"uv": [54, 58], "uv_size": [-5, 10]},
								"south": {"uv": [60, 58], "uv_size": [-6, 10]},
								"west": {"uv": [43, 58], "uv_size": [-3, 10]},
								"up": {"uv": [49, 53], "uv_size": [-6, 5]},
								"down": {"uv": [55, 58], "uv_size": [-6, -5]}
							}
						}
					]
				},
				{
					"name": "right_leg2",
					"parent": "right_leg",
					"pivot": [-3.5, 11, -0.5],
					"cubes": [
						{"origin": [-6, 0, -2.5], "size": [5, 11, 5], "uv": [20, 53], "mirror": true}
					]
				}
			]
		}
	]
}