{
	"format_version": "1.12.0",
	"minecraft:geometry": [
		{
			"description": {
				"identifier": "geometry.ic_skibidi_mafia2",
				"texture_width": 256,
				"texture_height": 256,
				"visible_bounds_width": 6,
				"visible_bounds_height": 5.5,
				"visible_bounds_offset": [0, 2.25, 0]
			},
			"bones": [
				{
					"name": "root",
					"pivot": [0, 0, 0]
				},
				{
					"name": "toilet",
					"parent": "root",
					"pivot": [0, 14, 0],
					"cubes": [
						{"origin": [-5, 16, -5], "size": [10, 7, 10], "uv": [0, 72]},
						{"origin": [-6, 14, -6], "size": [12, 4, 12], "uv": [48, 57]},
						{"origin": [-7, 23, -7], "size": [14, 3, 14], "uv": [0, 37]},
						{"origin": [-9, 25, -7.5], "size": [9, 3, 15], "pivot": [0, 35, 0], "rotation": [0, 0, -77.5], "uv": [0, 54]},
						{"origin": [0, 25, -7.5], "size": [9, 3, 15], "pivot": [0, 35, 0], "rotation": [0, 0, 77.5], "uv": [0, 54], "mirror": true},
						{"origin": [-7.5, 25, -9], "size": [15, 3, 9], "pivot": [0, 35, 0], "rotation": [77.5, 0, 0], "uv": [58, 23]},
						{"origin": [-7.5, 25, 0], "size": [15, 3, 9], "pivot": [0, 35, 0], "rotation": [-77.5, 0, 0], "uv": [58, 11]},
						{"origin": [-1.5, 21, 4], "size": [3, 4, 3], "pivot": [0, 35, 0], "rotation": [-77.5, 0, 0], "uv": [115, 22]},
						{"origin": [-0.05, 27.46829, -20.68231], "size": [9, 1, 15], "pivot": [3, 27.46829, -13.18231], "rotation": [-77.31336, -9.76061, -2.18558], "uv": [117, 22]},
						{"origin": [-8.95, 27.46829, -20.63231], "size": [9, 1, 15], "pivot": [-3, 27.46829, -13.18231], "rotation": [-77.31336, 9.76061, 2.18558], "uv": [117, 22], "mirror": true},
						{"origin": [-8, 31.16026, -9.29852], "size": [16, 4, 2], "pivot": [0, 33.16026, -8.29852], "rotation": [-90, 0, 0], "uv": [68, 0]},
						{"origin": [-8, 31.16026, 7.29852], "size": [16, 4, 2], "pivot": [0, 33.16026, 8.29852], "rotation": [90, 0, 0], "uv": [68, 0]},
						{"origin": [7.27352, 31.16026, -8], "size": [2, 4, 16], "pivot": [8.29852, 33.16026, 0], "rotation": [0, 0, -90], "uv": [24, 73]},
						{"origin": [-9.27352, 31.16026, -8], "size": [2, 4, 16], "pivot": [-8.29852, 33.16026, 0], "rotation": [0, 0, 90], "uv": [24, 73]}
					]
				},
				{
					"name": "lid1",
					"parent": "toilet",
					"pivot": [0, 35, 9],
					"cubes": [
						{"origin": [-8, 32.16026, -9.29852], "size": [16, 4, 1], "pivot": [0, 34.16026, -8.29852], "rotation": [-90, 0, 0], "uv": [97, 11]},
						{"origin": [-9.27352, 32.16026, -8], "size": [1, 4, 16], "pivot": [-8.29852, 34.16026, 0], "rotation": [0, 0, 90], "uv": [80, 57]},
						{"origin": [-8, 32.16026, 8.29852], "size": [16, 4, 1], "pivot": [0, 34.16026, 8.29852], "rotation": [90, 0, 0], "uv": [97, 11], "mirror": true},
						{"origin": [8.27352, 32.16026, -8], "size": [1, 4, 16], "pivot": [8.29852, 34.16026, 0], "rotation": [0, 0, -90], "uv": [80, 57]}
					]
				},
				{
					"name": "back",
					"parent": "toilet",
					"pivot": [0, 35, 11],
					"cubes": [
						{"origin": [-11.5, 31, 10], "size": [23, 20, 6], "uv": [0, 11]},
						{"origin": [-12, 50, 9], "size": [24, 3, 8], "uv": [7, 0]}
					]
				},
				{
					"name": "rocket",
					"parent": "back",
					"pivot": [0, 40.61551, 12.92191],
					"cubes": [
						{"origin": [-17, 44, 12], "size": [1, 7, 2], "pivot": [-5, 14, 0], "rotation": [0, 17.5, 0], "uv": [0, 209]},
						{"origin": [-17, 35, 12], "size": [1, 7, 2], "pivot": [-5, 14, 0], "rotation": [0, 17.5, 0], "uv": [0, 209]},
						{"origin": [-20.9, 40, 11], "size": [4, 15, 4], "pivot": [-5, 14, 0], "rotation": [0, 17.5, 0], "uv": [0, 237]},
						{"origin": [-20.9, 32, 11], "size": [4, 15, 4], "inflate": -0.3, "pivot": [-5, 14, 0], "rotation": [0, 17.5, 0], "uv": [0, 237]},
						{"origin": [-20.9, 30, 11], "size": [4, 3, 4], "inflate": 0.3, "pivot": [-5, 14, 0], "rotation": [0, 17.5, 0], "uv": [53, 246]},
						{"origin": [-20.9, 26.75, 11], "size": [4, 3, 4], "pivot": [-5, 14, 0], "rotation": [0, 17.5, 0], "uv": [39, 249]},
						{"origin": [-20.9, 54, 11], "size": [4, 3, 4], "inflate": 0.4, "pivot": [-5, 14, 0], "rotation": [0, 17.5, 0], "uv": [20, 249]},
						{"origin": [16, 44, 12], "size": [1, 7, 2], "pivot": [5, 14, 0], "rotation": [0, -17.5, 0], "uv": [0, 209], "mirror": true},
						{"origin": [16, 35, 12], "size": [1, 7, 2], "pivot": [5, 14, 0], "rotation": [0, -17.5, 0], "uv": [0, 209], "mirror": true},
						{"origin": [16.9, 40, 11], "size": [4, 15, 4], "pivot": [5, 14, 0], "rotation": [0, -17.5, 0], "uv": [0, 237], "mirror": true},
						{"origin": [16.9, 32, 11], "size": [4, 15, 4], "inflate": -0.3, "pivot": [5, 14, 0], "rotation": [0, -17.5, 0], "uv": [0, 237], "mirror": true},
						{"origin": [16.9, 30, 11], "size": [4, 3, 4], "inflate": 0.3, "pivot": [5, 14, 0], "rotation": [0, -17.5, 0], "uv": [53, 246], "mirror": true},
						{"origin": [16.9, 26.75, 11], "size": [4, 3, 4], "pivot": [5, 14, 0], "rotation": [0, -17.5, 0], "uv": [39, 249], "mirror": true},
						{"origin": [16.9, 54, 11], "size": [4, 3, 4], "inflate": 0.4, "pivot": [5, 14, 0], "rotation": [0, -17.5, 0], "uv": [20, 249], "mirror": true}
					],
					"locators": {
						"thrust": {
							"offset": [-14.47207, 29, 16.55286],
							"rotation": [180, 17.5, 0]
						},
						"thrust2": {
							"offset": [14.47207, 29, 16.55286],
							"rotation": [180, -17.5, 0]
						}
					}
				},
				{
					"name": "lid2",
					"parent": "toilet",
					"pivot": [0, 34, 10],
					"cubes": [
						{"origin": [-8, 37, 7], "size": [16, 14, 2], "uv": [74, 35]},
						{"origin": [-7, 51, 7], "size": [14, 3, 2], "uv": [44, 73]},
						{"origin": [-6, 54, 7], "size": [12, 3, 2], "uv": [44, 82]},
						{"origin": [-7, 35, 7], "size": [14, 2, 2], "uv": [44, 78]}
					]
				},
				{
					"name": "flush",
					"parent": "toilet",
					"pivot": [0, 53, 13],
					"cubes": [
						{"origin": [-1, 52, 12], "size": [2, 2, 2], "uv": [0, 0]}
					]
				},
				{
					"name": "neck",
					"parent": "toilet",
					"pivot": [0, 26, 5.675],
					"rotation": [15, 0, 0],
					"cubes": [
						{"origin": [-2.5, 23.34478, 1.52888], "size": [5, 10, 5], "pivot": [0, 29.49954, 0.84149], "rotation": [25, 0, 0], "uv": [77, 89]}
					]
				},
				{
					"name": "neck2",
					"parent": "neck",
					"pivot": [0, 33.55658, 1.98278],
					"rotation": [-27.5, 0, 0],
					"cubes": [
						{"origin": [-2.575, 30.72074, -2.62002], "size": [5, 10, 5], "pivot": [0, 37.87551, -3.30741], "rotation": [25, 0, 0], "uv": [56, 89]}
					]
				},
				{
					"name": "head",
					"parent": "neck2",
					"pivot": [0, 42.55658, -2.01722],
					"cubes": [
						{"origin": [-5, 40.55658, -7.01722], "size": [10, 11, 10], "pivot": [0, 43.55658, -2.01722], "rotation": [10, 0, 0], "uv": [0, 111]},
						{"origin": [-7, 48.55658, -9.01722], "size": [14, 0, 14], "pivot": [0, 43.55658, -2.01722], "rotation": [10, 0, 0], "uv": [35, 203]},
						{"origin": [-5, 48.55658, -7.01722], "size": [10, 3, 10], "inflate": 0.1, "pivot": [0, 43.55658, -2.01722], "rotation": [10, 0, 0], "uv": [47, 221]},
						{"origin": [-4, 51.55658, -6.01722], "size": [8, 3, 8], "inflate": 0.1, "pivot": [0, 43.55658, -2.01722], "rotation": [10, 0, 0], "uv": [91, 222]}
					]
				},
				{
					"name": "eyes",
					"parent": "head",
					"pivot": [0, 45.67209, -6.87575],
					"rotation": [10, 0, 0],
					"cubes": [
						{
							"origin": [-3.5, 44.79709, -7.87575],
							"size": [2.25, 1.75, 2],
							"uv": {
								"north": {"uv": [2, 43], "uv_size": [2, 2]},
								"east": {"uv": [0, 43], "uv_size": [2, 2]},
								"south": {"uv": [6, 43], "uv_size": [2, 2]},
								"west": {"uv": [4, 43], "uv_size": [2, 2]},
								"up": {"uv": [2, 41], "uv_size": [2, 2]},
								"down": {"uv": [4, 43], "uv_size": [2, -2]}
							}
						},
						{
							"origin": [1.25, 44.79709, -7.87575],
							"size": [2.25, 1.75, 2],
							"uv": {
								"north": {"uv": [4, 43], "uv_size": [-2, 2]},
								"east": {"uv": [6, 43], "uv_size": [-2, 2]},
								"south": {"uv": [8, 43], "uv_size": [-2, 2]},
								"west": {"uv": [2, 43], "uv_size": [-2, 2]},
								"up": {"uv": [4, 41], "uv_size": [-2, 2]},
								"down": {"uv": [6, 43], "uv_size": [-2, -2]}
							}
						}
					]
				},
				{
					"name": "pupils",
					"parent": "eyes",
					"pivot": [0, 45.67209, -6.87575]
				},
				{
					"name": "1",
					"parent": "pupils",
					"pivot": [0, 45.67209, -6.87575],
					"cubes": [
						{"origin": [-2.85, 45.17209, -8.12575], "size": [1, 1, 1], "uv": [0, 46]}
					]
				},
				{
					"name": "2",
					"parent": "pupils",
					"pivot": [0, 45.67209, -6.87575],
					"cubes": [
						{"origin": [1.85, 45.17209, -8.12575], "size": [1, 1, 1], "uv": [0, 46], "mirror": true}
					]
				},
				{
					"name": "mouth",
					"parent": "head",
					"pivot": [0, 42.58158, -1.99222],
					"cubes": [
						{
							"origin": [-4.975, 41.48158, -6.99222],
							"size": [9.9, 3.1, 4],
							"pivot": [0, 43.58158, -1.99222],
							"rotation": [10, 0, 0],
							"uv": {
								"north": {"uv": [46, 135], "uv_size": [10, 3]},
								"east": {"uv": [42, 135], "uv_size": [4, 3]},
								"south": {"uv": [60, 135], "uv_size": [10, 3]},
								"west": {"uv": [56, 135], "uv_size": [4, 3]},
								"up": {"uv": [46, 131], "uv_size": [10, 4]},
								"down": {"uv": [56, 135], "uv_size": [10, -4]}
							}
						},
						{
							"origin": [-5, 40.55658, -7.01722],
							"size": [10, 5, 5],
							"pivot": [0, 43.55658, -2.01722],
							"rotation": [10, 0, 0],
							"uv": {
								"north": {"uv": [47, 144], "uv_size": [10, 5]},
								"east": {"uv": [42, 144], "uv_size": [5, 5]},
								"south": {"uv": [62, 144], "uv_size": [10, 5]},
								"west": {"uv": [57, 144], "uv_size": [5, 5]},
								"up": {"uv": [47, 139], "uv_size": [10, 5]},
								"down": {"uv": [57, 144], "uv_size": [10, -5]}
							}
						}
					]
				},
				{
					"name": "upper_mouth",
					"parent": "mouth",
					"pivot": [0, 42.58158, -1.99222],
					"cubes": [
						{
							"origin": [-4, 43.05658, -7.01722],
							"size": [8, 2, 0],
							"pivot": [0, 43.55658, -2.01722],
							"rotation": [10, 0, 0],
							"uv": {
								"north": {"uv": [0, 142], "uv_size": [8, 2]},
								"east": {"uv": [0, 142], "uv_size": [0, 2]},
								"south": {"uv": [8, 142], "uv_size": [8, 2]},
								"west": {"uv": [8, 142], "uv_size": [0, 2]},
								"up": {"uv": [0, 142], "uv_size": [8, 0]},
								"down": {"uv": [8, 142], "uv_size": [8, 0]}
							}
						}
					]
				},
				{
					"name": "lower_mouth2",
					"parent": "mouth",
					"pivot": [0, 42.58158, -1.99222],
					"cubes": [
						{
							"origin": [-4, 41.05658, -7.01722],
							"size": [8, 2, 0],
							"pivot": [0, 43.55658, -2.01722],
							"rotation": [10, 0, 0],
							"uv": {
								"north": {"uv": [0, 144], "uv_size": [8, -2]},
								"east": {"uv": [0, 142], "uv_size": [0, 2]},
								"south": {"uv": [8, 142], "uv_size": [8, 2]},
								"west": {"uv": [8, 142], "uv_size": [0, 2]},
								"up": {"uv": [0, 142], "uv_size": [8, 0]},
								"down": {"uv": [8, 142], "uv_size": [8, 0]}
							}
						}
					]
				},
				{
					"name": "teeth",
					"parent": "head",
					"pivot": [0, 42.55658, -3.01722]
				},
				{
					"name": "upper",
					"parent": "teeth",
					"pivot": [0, 43.05658, -2.01722],
					"cubes": [
						{"origin": [-3, 42.86015, -6.2625], "size": [6, 2, 4], "pivot": [0, 43.86015, -4.2625], "rotation": [-170, 0, 0], "uv": [35, 56]}
					]
				},
				{
					"name": "lower",
					"parent": "teeth",
					"pivot": [0, 43.20658, -2.01722],
					"cubes": [
						{"origin": [-3, 40.89053, -5.9152], "size": [6, 2, 4], "pivot": [0, 41.89053, -3.9152], "rotation": [170, 0, 180], "uv": [35, 56]}
					]
				},
				{
					"name": "right_arm",
					"parent": "toilet",
					"pivot": [-12, 45, 11],
					"rotation": [0, -15, -30],
					"cubes": [
						{"origin": [-16.5, 45, 8], "size": [5, 5, 5], "pivot": [-12, 45, 11], "rotation": [0, 0, 37.5], "uv": [236, 0]}
					]
				},
				{
					"name": "right_arm2",
					"parent": "right_arm",
					"pivot": [-13, 49.25, 10.25],
					"rotation": [34.39665, -18.28921, 52.06491],
					"cubes": [
						{"origin": [-16.25, 36.25, 8.75], "size": [3, 14, 4], "pivot": [-13, 49.25, 10.25], "rotation": [0, 0, 20], "uv": [242, 15]}
					]
				},
				{
					"name": "right_arm3",
					"parent": "right_arm2",
					"pivot": [-19, 39.25, 10.25],
					"rotation": [31.91443, 12.11746, -8.88904],
					"cubes": [
						{"origin": [-20.25, 18.75, 8.25], "size": [3, 22, 4], "pivot": [-19, 39.25, 10.25], "rotation": [-145.46655, -7.65103, -15.57204], "uv": [242, 39]},
						{"origin": [-20.25, 11.25, 8.25], "size": [3, 8, 4], "inflate": -0.2, "pivot": [-19, 39.25, 10.25], "rotation": [-145.46655, -7.65103, -15.57204], "uv": [221, 74]},
						{"origin": [-20.25, 19.75, 8.25], "size": [3, 3, 4], "inflate": 0.2, "pivot": [-19, 39.25, 10.25], "rotation": [-145.46655, -7.65103, -15.57204], "uv": [218, 38]},
						{"origin": [-26.26929, 59.7896, -6.88641], "size": [3, 3, 4], "inflate": -0.2, "pivot": [-22.76929, 61.2896, -4.88641], "rotation": [170.73839, -34.18317, 79.6627], "uv": [218, 38]},
						{"origin": [-25.26929, 58.7896, -5.38641], "size": [1, 4, 1], "pivot": [-22.76929, 61.2896, -4.88641], "rotation": [170.73839, -34.18317, 79.6627], "uv": [201, 38]},
						{"origin": [-18.75, 17.75, 2.25], "size": [0, 4, 16], "pivot": [-19, 39.25, 10.25], "rotation": [-145.46655, -7.65103, -15.57204], "uv": [205, 42]}
					]
				},
				{
					"name": "saw",
					"parent": "right_arm3",
					"pivot": [-22, 63.25, -5.85],
					"rotation": [-58.16465, -5.6108, -14.96307],
					"cubes": [
						{
							"origin": [-21.4, 56.65, -12.45],
							"size": [0, 13.2, 13.2],
							"uv": {
								"north": {"uv": [173, 88], "uv_size": [0, 11]},
								"east": {"uv": [162, 88], "uv_size": [11, 11]},
								"south": {"uv": [184, 88], "uv_size": [0, 11]},
								"west": {"uv": [173, 88], "uv_size": [11, 11]},
								"up": {"uv": [173, 77], "uv_size": [0, 11]},
								"down": {"uv": [173, 88], "uv_size": [0, -11]}
							}
						}
					]
				},
				{
					"name": "left_arm",
					"parent": "toilet",
					"pivot": [12, 45, 11],
					"rotation": [0, 15, 30],
					"cubes": [
						{"origin": [11.5, 45, 8], "size": [5, 5, 5], "pivot": [12, 45, 11], "rotation": [0, 0, -37.5], "uv": [236, 157], "mirror": true}
					]
				},
				{
					"name": "left_arm2",
					"parent": "left_arm",
					"pivot": [12, 46.25, 10.25],
					"rotation": [34.39665, 18.28921, -52.06491],
					"cubes": [
						{"origin": [12.25, 33.25, 8.75], "size": [3, 14, 4], "pivot": [12, 46.25, 10.25], "rotation": [0, 0, -20], "uv": [242, 172], "mirror": true}
					]
				},
				{
					"name": "left_arm3",
					"parent": "left_arm2",
					"pivot": [18, 36.25, 10.25],
					"rotation": [31.91443, -12.11746, 8.88904],
					"cubes": [
						{"origin": [16.25, 20.75, 8.25], "size": [3, 17, 4], "pivot": [18, 36.25, 10.25], "rotation": [-145.46655, 7.65103, 15.57204], "uv": [242, 196], "mirror": true},
						{"origin": [16.25, 12.25, 8.75], "size": [3, 9, 3], "pivot": [18, 36.25, 10.25], "rotation": [-145.46655, 7.65103, 15.57204], "uv": [222, 232], "mirror": true},
						{"origin": [14.5, 10.25, 2], "size": [6, 12, 6], "pivot": [18, 36.25, 10.25], "rotation": [-145.46655, 7.65103, 15.57204], "uv": [213, 212], "mirror": true},
						{"origin": [18.15596, 46.18597, -3.1726], "size": [5, 9, 5], "inflate": 0.1, "pivot": [20.65596, 52.18597, -0.6726], "rotation": [-130.69547, 42.18054, 48.31929], "uv": [198, 230], "mirror": true},
						{"origin": [16.25, 12.25, 8.75], "size": [3, 9, 3], "inflate": -0.1, "pivot": [18, 36.25, 10.25], "rotation": [-145.46655, 7.65103, 15.57204], "uv": [236, 231], "mirror": true},
						{"origin": [16.25, 19.75, 8.25], "size": [3, 3, 4], "inflate": 0.2, "pivot": [18, 36.25, 10.25], "rotation": [-145.46655, 7.65103, 15.57204], "uv": [218, 195], "mirror": true}
					],
					"locators": {
						"blast": [21.15, 55, -2.75]
					}
				},
				{
					"name": "left_front_leg",
					"parent": "root",
					"pivot": [8, 32, -4],
					"rotation": [0, 20, 0],
					"cubes": [
						{"origin": [18.6175, 33.75, -3.83072], "size": [5, 3, 0], "pivot": [2.6175, 33, -3.83072], "rotation": [2.36389, 0.38145, 17.35823], "uv": [108, 89]},
						{"origin": [11.98253, 28.12785, -3.83272], "size": [5, 3, 0], "pivot": [9.48253, 29.62785, -3.83272], "rotation": [2.3942, -0.03471, 27.34963], "uv": [108, 93]},
						{"origin": [26.68291, 21.84391, -3.95607], "size": [5, 3, 0], "pivot": [29.18291, 23.09391, -3.95607], "rotation": [1.5129, -1.85616, 77.32585], "uv": [108, 93]},
						{"origin": [10.6175, 32, -4.83072], "size": [20, 1, 2], "pivot": [2.6175, 33, -3.83072], "rotation": [2.53476, 0.64334, 17.37925], "uv": [105, 82]},
						{"origin": [7.6175, 33, -4.83072], "size": [20, 1, 2], "pivot": [2.6175, 33, -3.83072], "rotation": [2.53476, 0.64334, 17.37925], "uv": [105, 82]},
						{"origin": [31.1175, 30, -4.83072], "size": [1, 2, 2], "pivot": [2.6175, 33, -3.83072], "rotation": [2.50431, 0.75326, 14.88148], "uv": [160, 83]}
					]
				},
				{
					"name": "left_front_leg2",
					"parent": "left_front_leg",
					"pivot": [29.6175, 21.75, -3.83072],
					"rotation": [0, -20, 0],
					"cubes": [
						{"origin": [27.6175, 21.75, -5.58072], "size": [3, 2, 3], "pivot": [29.6175, 22.75, -3.83072], "rotation": [0, 0, 25], "uv": [126, 87]},
						{"origin": [29.82461, 21.25, -4.58072], "size": [1, 3, 1], "inflate": -0.1, "pivot": [30.32461, 22.75, -4.08072], "rotation": [0, 0, 65], "uv": [150, 105]},
						{"origin": [27.82461, 24, -4.58072], "size": [4, 1, 1], "inflate": 0.1, "pivot": [30.32461, 22.75, -4.08072], "rotation": [0, 0, 72.5], "uv": [142, 89]},
						{"origin": [26.32461, 24, -4.08072], "size": [8, 2, 0], "pivot": [30.32461, 22.75, -4.08072], "rotation": [0, 0, 72.5], "uv": [144, 96]},
						{"origin": [29.1175, 22.25, -6.58072], "size": [1, 1, 3], "pivot": [29.6175, 22.75, -3.83072], "rotation": [0, 0, 45], "uv": [126, 87]},
						{"origin": [28.6175, 9, -4.58072], "size": [1, 13, 1], "uv": [117, 101]},
						{"origin": [28.8675, 0, -4.08072], "size": [2, 22, 0], "uv": [125, 102]}
					]
				},
				{
					"name": "right_front_leg",
					"parent": "root",
					"pivot": [-8, 32, -4],
					"rotation": [0, -20, 0],
					"cubes": [
						{"origin": [-23.6175, 33.75, -3.83072], "size": [5, 3, 0], "pivot": [-2.6175, 33, -3.83072], "rotation": [2.36389, -0.38145, -17.35823], "uv": [108, 89], "mirror": true},
						{"origin": [-16.98253, 28.12785, -3.83272], "size": [5, 3, 0], "pivot": [-9.48253, 29.62785, -3.83272], "rotation": [2.3942, 0.03471, -27.34963], "uv": [108, 93], "mirror": true},
						{"origin": [-31.68291, 21.84391, -3.95607], "size": [5, 3, 0], "pivot": [-29.18291, 23.09391, -3.95607], "rotation": [1.5129, 1.85616, -77.32585], "uv": [108, 93], "mirror": true},
						{"origin": [-30.6175, 32, -4.83072], "size": [20, 1, 2], "pivot": [-2.6175, 33, -3.83072], "rotation": [2.53476, -0.64334, -17.37925], "uv": [105, 82], "mirror": true},
						{"origin": [-27.6175, 33, -4.83072], "size": [20, 1, 2], "pivot": [-2.6175, 33, -3.83072], "rotation": [2.53476, -0.64334, -17.37925], "uv": [105, 82], "mirror": true},
						{"origin": [-32.1175, 30, -4.83072], "size": [1, 2, 2], "pivot": [-2.6175, 33, -3.83072], "rotation": [2.50431, -0.75326, -14.88148], "uv": [160, 83], "mirror": true}
					]
				},
				{
					"name": "right_front_leg2",
					"parent": "right_front_leg",
					"pivot": [-29.6175, 21.75, -3.83072],
					"rotation": [0, 20, 0],
					"cubes": [
						{"origin": [-30.6175, 21.75, -5.58072], "size": [3, 2, 3], "pivot": [-29.6175, 22.75, -3.83072], "rotation": [0, 0, -25], "uv": [126, 87], "mirror": true},
						{"origin": [-30.82461, 21.25, -4.58072], "size": [1, 3, 1], "inflate": -0.1, "pivot": [-30.32461, 22.75, -4.08072], "rotation": [0, 0, -65], "uv": [150, 105], "mirror": true},
						{"origin": [-31.82461, 24, -4.58072], "size": [4, 1, 1], "inflate": 0.1, "pivot": [-30.32461, 22.75, -4.08072], "rotation": [0, 0, -72.5], "uv": [142, 89], "mirror": true},
						{"origin": [-34.32461, 24, -4.08072], "size": [8, 2, 0], "pivot": [-30.32461, 22.75, -4.08072], "rotation": [0, 0, -72.5], "uv": [144, 96], "mirror": true},
						{"origin": [-30.1175, 22.25, -6.58072], "size": [1, 1, 3], "pivot": [-29.6175, 22.75, -3.83072], "rotation": [0, 0, -45], "uv": [126, 87], "mirror": true},
						{"origin": [-29.6175, 9, -4.58072], "size": [1, 13, 1], "uv": [117, 101], "mirror": true},
						{"origin": [-30.8675, 0, -4.08072], "size": [2, 22, 0], "uv": [125, 102], "mirror": true}
					]
				},
				{
					"name": "left_back_leg",
					"parent": "root",
					"pivot": [8, 32, 4],
					"rotation": [0, -20, 0],
					"cubes": [
						{"origin": [18.6175, 33.75, 3.83072], "size": [5, 3, 0], "pivot": [2.6175, 33, 3.83072], "rotation": [-2.36389, -0.38145, 17.35823], "uv": [108, 89]},
						{"origin": [11.98253, 28.12785, 3.83272], "size": [5, 3, 0], "pivot": [9.48253, 29.62785, 3.83272], "rotation": [-2.3942, 0.03471, 27.34963], "uv": [108, 93]},
						{"origin": [26.68291, 21.84391, 3.95607], "size": [5, 3, 0], "pivot": [29.18291, 23.09391, 3.95607], "rotation": [-1.5129, 1.85616, 77.32585], "uv": [108, 93]},
						{"origin": [10.6175, 32, 2.83072], "size": [20, 1, 2], "pivot": [2.6175, 33, 3.83072], "rotation": [-2.53476, -0.64334, 17.37925], "uv": [105, 82]},
						{"origin": [7.6175, 33, 2.83072], "size": [20, 1, 2], "pivot": [2.6175, 33, 3.83072], "rotation": [-2.53476, -0.64334, 17.37925], "uv": [105, 82]},
						{"origin": [31.1175, 30, 2.83072], "size": [1, 2, 2], "pivot": [2.6175, 33, 3.83072], "rotation": [-2.50431, -0.75326, 14.88148], "uv": [160, 83]}
					]
				},
				{
					"name": "left_back_leg2",
					"parent": "left_back_leg",
					"pivot": [29.6175, 21.75, 3.83072],
					"rotation": [0, 20, 0],
					"cubes": [
						{"origin": [27.6175, 21.75, 2.58072], "size": [3, 2, 3], "pivot": [29.6175, 22.75, 3.83072], "rotation": [0, 0, 25], "uv": [126, 87]},
						{"origin": [29.82461, 21.25, 3.58072], "size": [1, 3, 1], "inflate": -0.1, "pivot": [30.32461, 22.75, 4.08072], "rotation": [0, 0, 65], "uv": [150, 105]},
						{"origin": [27.82461, 24, 3.58072], "size": [4, 1, 1], "inflate": 0.1, "pivot": [30.32461, 22.75, 4.08072], "rotation": [0, 0, 72.5], "uv": [142, 89]},
						{"origin": [26.32461, 24, 4.08072], "size": [8, 2, 0], "pivot": [30.32461, 22.75, 4.08072], "rotation": [0, 0, 72.5], "uv": [144, 96]},
						{"origin": [29.1175, 22.25, 3.58072], "size": [1, 1, 3], "pivot": [29.6175, 22.75, 3.83072], "rotation": [0, 0, 45], "uv": [126, 87]},
						{"origin": [28.6175, 9, 3.58072], "size": [1, 13, 1], "uv": [117, 101]},
						{"origin": [28.8675, 0, 4.08072], "size": [2, 22, 0], "uv": [125, 102]}
					]
				},
				{
					"name": "right_back_leg",
					"parent": "root",
					"pivot": [-8, 32, 4],
					"rotation": [0, 20, 0],
					"cubes": [
						{"origin": [-23.6175, 33.75, 3.83072], "size": [5, 3, 0], "pivot": [-2.6175, 33, 3.83072], "rotation": [-2.36389, 0.38145, -17.35823], "uv": [108, 89], "mirror": true},
						{"origin": [-16.98253, 28.12785, 3.83272], "size": [5, 3, 0], "pivot": [-9.48253, 29.62785, 3.83272], "rotation": [-2.3942, -0.03471, -27.34963], "uv": [108, 93], "mirror": true},
						{"origin": [-31.68291, 21.84391, 3.95607], "size": [5, 3, 0], "pivot": [-29.18291, 23.09391, 3.95607], "rotation": [-1.5129, -1.85616, -77.32585], "uv": [108, 93], "mirror": true},
						{"origin": [-30.6175, 32, 2.83072], "size": [20, 1, 2], "pivot": [-2.6175, 33, 3.83072], "rotation": [-2.53476, 0.64334, -17.37925], "uv": [105, 82], "mirror": true},
						{"origin": [-27.6175, 33, 2.83072], "size": [20, 1, 2], "pivot": [-2.6175, 33, 3.83072], "rotation": [-2.53476, 0.64334, -17.37925], "uv": [105, 82], "mirror": true},
						{"origin": [-32.1175, 30, 2.83072], "size": [1, 2, 2], "pivot": [-2.6175, 33, 3.83072], "rotation": [-2.50431, 0.75326, -14.88148], "uv": [160, 83], "mirror": true}
					]
				},
				{
					"name": "right_back_leg2",
					"parent": "right_back_leg",
					"pivot": [-29.6175, 21.75, 3.83072],
					"rotation": [0, -20, 0],
					"cubes": [
						{"origin": [-30.6175, 21.75, 2.58072], "size": [3, 2, 3], "pivot": [-29.6175, 22.75, 3.83072], "rotation": [0, 0, -25], "uv": [126, 87], "mirror": true},
						{"origin": [-30.82461, 21.25, 3.58072], "size": [1, 3, 1], "inflate": -0.1, "pivot": [-30.32461, 22.75, 4.08072], "rotation": [0, 0, -65], "uv": [150, 105], "mirror": true},
						{"origin": [-31.82461, 24, 3.58072], "size": [4, 1, 1], "inflate": 0.1, "pivot": [-30.32461, 22.75, 4.08072], "rotation": [0, 0, -72.5], "uv": [142, 89], "mirror": true},
						{"origin": [-34.32461, 24, 4.08072], "size": [8, 2, 0], "pivot": [-30.32461, 22.75, 4.08072], "rotation": [0, 0, -72.5], "uv": [144, 96], "mirror": true},
						{"origin": [-30.1175, 22.25, 3.58072], "size": [1, 1, 3], "pivot": [-29.6175, 22.75, 3.83072], "rotation": [0, 0, -45], "uv": [126, 87], "mirror": true},
						{"origin": [-29.6175, 9, 3.58072], "size": [1, 13, 1], "uv": [117, 101], "mirror": true},
						{"origin": [-30.8675, 0, 4.08072], "size": [2, 22, 0], "uv": [125, 102], "mirror": true}
					]
				}
			]
		}
	]
}