{
    "scheme": "1.3",
    "name": "thiccsteve",
    "texture": [ 64, 32 ],
    "default": "b.a:thiccsteve/steve.png",
    "scale": [ 1.5, 1.5, 1.5 ],
    "providesObj": true,
    "legacyObj": false,
    "limbs": {
        "head": {
            "size": [ 4, 4, 4 ],
            "texture": [ 0, 0 ],
            "anchor": [ 0.5, 0.5, 0.5 ],
            "origin": [ 0.0, 2.0, 0.025 ],
            "specular": 0,
            "parent": "body",
            "hold": false,
            "lookX": true,
            "lookY": true
        },
        "left_leg": {
            "size": [ 4, 4, 4 ],
            "texture": [ 0, 0 ],
            "anchor": [ 0.5, 0.5, 0.5 ],
            "origin": [ -0.1, 0.9, 0.05 ],
            "specular": 0,
            "parent": "body",
            "hold": false,
            "swinging": true,
            "invert": true
        },
        "right_arm": {
            "size": [ 4, 4, 4 ],
            "texture": [ 0, 0 ],
            "anchor": [ 0.5, 0.5, 0.5 ],
            "origin": [ 0.25, 1.75, 0.05 ],
            "specular": 0,
            "parent": "body",
            "idle": true,
            "swinging": true,
            "swiping": true
        },
        "right_leg": {
            "size": [ 4, 4, 4 ],
            "texture": [ 0, 0 ],
            "anchor": [ 0.5, 0.5, 0.5 ],
            "origin": [ 0.1, 0.9, 0.05 ],
            "specular": 0,
            "parent": "body",
            "hold": false,
            "swinging": true
        },
        "left_arm": {
            "size": [ 4, 4, 4 ],
            "texture": [ 0, 0 ],
            "anchor": [ 0.5, 0.5, 0.5 ],
            "origin": [ -0.25, 1.75, 0.05 ],
            "specular": 0,
            "parent": "body",
            "hold": false,
            "idle": true,
            "swinging": true,
            "invert": true
        },
        "low_right_arm": {
            "size": [ 4, 4, 4 ],
            "texture": [ 0, 0 ],
            "anchor": [ 0.5, 0.5, 0.5 ],
            "origin": [ 0.4, 1.35, 0.06 ],
            "specular": 0,
            "parent": "right_arm"
        },
        "right_hand": {
            "size": [ 4, 4, 4 ],
            "texture": [ 0, 0 ],
            "anchor": [ 0.5, 0.5, 0.5 ],
            "origin": [ 0.53, 0.9, 0.07 ],
            "specular": 0,
            "parent": "low_right_arm"
        },
        "left_hand": {
            "size": [ 4, 4, 4 ],
            "texture": [ 0, 0 ],
            "anchor": [ 0.5, 0.5, 0.5 ],
            "origin": [ -0.53, 0.9, 0.07 ],
            "specular": 0,
            "parent": "low_left_arm"
        },
        "low_left_arm": {
            "size": [ 4, 4, 4 ],
            "texture": [ 0, 0 ],
            "anchor": [ 0.5, 0.5, 0.5 ],
            "origin": [ -0.4, 1.35, 0.06 ],
            "specular": 0,
            "parent": "left_arm"
        },
        "body": {
            "size": [ 4, 4, 4 ],
            "texture": [ 0, 0 ],
            "anchor": [ 0.5, 0.5, 0.5 ],
            "origin": [ 0.0, 0.0, 0.0 ],
            "specular": 0,
            "hold": false
        }
    },
    "poses": {
        "standing": {
            "size": [ 1.0, 3.25, 1.0 ],
            "limbs": {
                "head": {
                    "translate": [ 0.0, 32.0, -0.4 ]
                },
                "left_leg": {
                    "translate": [ 1.5999999, 14.4, -0.8 ]
                },
                "right_arm": {
                    "translate": [ -3.9999998, 28.0, -0.8 ]
                },
                "right_leg": {
                    "translate": [ -1.5999997, 14.4, -0.8 ]
                },
                "left_arm": {
                    "translate": [ 4.0, 28.0, -0.8 ]
                },
                "low_right_arm": {
                    "translate": [ -2.4375, -6.30625, -0.21875 ]
                },
                "right_hand": {
                    "translate": [ -1.895, -7.0, 0.0 ]
                },
                "left_hand": {
                    "translate": [ 1.9175, -7.0, 0.0 ]
                },
                "low_left_arm": {
                    "translate": [ 2.3125, -6.30625, -0.21875 ]
                }
            }
        },
        "flying": {
            "size": [ 1.0, 3.25, 1.0 ],
            "limbs": {
                "head": {
                    "translate": [ 0.0, 32.0, -0.4 ]
                },
                "left_leg": {
                    "translate": [ 1.5999999, 14.4, -0.8 ]
                },
                "right_arm": {
                    "translate": [ -3.9999998, 28.0, -0.8 ]
                },
                "right_leg": {
                    "translate": [ -1.5999997, 14.4, -0.8 ]
                },
                "left_arm": {
                    "translate": [ 4.0, 28.0, -0.8 ]
                },
                "low_right_arm": {
                    "translate": [ -2.4375, -6.30625, -0.21875 ]
                },
                "right_hand": {
                    "translate": [ -1.895, -7.0, 0.0 ]
                },
                "left_hand": {
                    "translate": [ 1.9175, -7.0, 0.0 ]
                },
                "low_left_arm": {
                    "translate": [ 2.3125, -6.30625, -0.21875 ]
                }
            }
        },
        "sneaking": {
            "size": [ 1.0, 3.0, 1.0 ],
            "limbs": {
                "head": {
                    "translate": [ 0.0, 32.0, -0.4 ]
                },
                "left_leg": {
                    "translate": [ 1.5999999, 14.4, -0.8 ],
                    "rotate": [ -8.0, 0.0, 0.0 ]
                },
                "right_arm": {
                    "translate": [ -3.9999998, 28.0, -0.8 ],
                    "rotate": [ -16.0, 0.0, 0.0 ]
                },
                "right_leg": {
                    "translate": [ -1.5999997, 14.4, -0.8 ],
                    "rotate": [ -8.0, 0.0, 0.0 ]
                },
                "left_arm": {
                    "translate": [ 4.0, 28.0, -0.8 ],
                    "rotate": [ -16.0, 0.0, 0.0 ]
                },
                "low_right_arm": {
                    "translate": [ -2.4375, -6.30625, -0.21875 ]
                },
                "right_hand": {
                    "translate": [ -1.895, -7.0, 0.0 ]
                },
                "left_hand": {
                    "translate": [ 1.9175, -7.0, 0.0 ]
                },
                "low_left_arm": {
                    "translate": [ 2.3125, -6.30625, -0.21875 ]
                },
                "body": {
                    "translate": [ 0.0, 0.0, -2.03125 ],
                    "rotate": [ 8.0, 0.0, 0.0 ]
                }
            }
        },
        "sleeping": {
            "size": [ 1.0, 3.25, 1.0 ],
            "limbs": {
                "head": {
                    "translate": [ 0.0, 32.0, -0.4 ]
                },
                "left_leg": {
                    "translate": [ 1.5999999, 14.4, -0.8 ]
                },
                "right_arm": {
                    "translate": [ -3.9999998, 28.0, -0.8 ]
                },
                "right_leg": {
                    "translate": [ -1.5999997, 14.4, -0.8 ]
                },
                "left_arm": {
                    "translate": [ 4.0, 28.0, -0.8 ]
                },
                "low_right_arm": {
                    "translate": [ -2.4375, -6.30625, -0.21875 ]
                },
                "right_hand": {
                    "translate": [ -1.895, -7.0, 0.0 ]
                },
                "left_hand": {
                    "translate": [ 1.9175, -7.0, 0.0 ]
                },
                "low_left_arm": {
                    "translate": [ 2.3125, -6.30625, -0.21875 ]
                },
                "body": {
                    "translate": [ 0.0, 3.625, 14.0 ],
                    "rotate": [ -90.0, 0.0, 0.0 ]
                }
            }
        }
    }
}