{
    "scheme": "1.3",
    "providesObj": true,
    "providesMtl": false,
    "name": "untitled.json",
    "limbs": {
        "anchor": {
            "opacity": 0
        },
        "cube": {
            "origin": [
                0.0,
                0.0,
                -0.0
            ],
            "smooth": true,
            "parent": "anchor"
        }
    },
    "poses": {
        "standing": {
            "size": [
                0.6,
                1.8,
                0.6
            ],
            "limbs": {
                "cube": {
                    "translate": [
                        0.0,
                        0.0,
                        0.0
                    ]
                }
            }
        },
        "sneaking": {
            "size": [
                0.6,
                1.8,
                0.6
            ],
            "limbs": {
                "cube": {
                    "translate": [
                        0.0,
                        0.0,
                        0.0
                    ]
                }
            }
        },
        "sleeping": {
            "size": [
                0.6,
                1.8,
                0.6
            ],
            "limbs": {
                "cube": {
                    "translate": [
                        0.0,
                        0.0,
                        0.0
                    ]
                }
            }
        },
        "flying": {
            "size": [
                0.6,
                1.8,
                0.6
            ],
            "limbs": {
                "cube": {
                    "translate": [
                        0.0,
                        0.0,
                        0.0
                    ]
                }
            }
        }
    }
}