{
	"format_version": "1.8.0",
	"animations": {
		"flying_idle": {
			"animation_length": 8.1667,
			"bones": {
				"Head": {
					"rotation": {
						"0.0": {
							"post": {
								"vector": [0, 0, 0]
							},
							"lerp_mode": "catmullrom"
						},
						"0.5": {
							"post": {
								"vector": [0, 0, 0]
							},
							"lerp_mode": "catmullrom"
						},
						"0.75": {
							"post": {
								"vector": [0, 15, 0]
							},
							"lerp_mode": "catmullrom"
						},
						"1.0": {
							"post": {
								"vector": [0, -7.5, 0]
							},
							"lerp_mode": "catmullrom"
						},
						"1.25": {
							"post": {
								"vector": [0, 10, 0]
							},
							"lerp_mode": "catmullrom"
						},
						"1.5": {
							"post": {
								"vector": [0, 0, 0]
							},
							"lerp_mode": "catmullrom"
						},
						"2.5417": {
							"vector": [0, -0.04, 0]
						},
						"2.6667": {
							"vector": [0, 0, 0]
						},
						"3.125": {
							"pre": {
								"vector": [0, 0, -360]
							},
							"post": {
								"vector": [0, 0, -360]
							},
							"lerp_mode": "catmullrom"
						},
						"3.25": {
							"vector": [0, 0, -360]
						},
						"3.2917": {
							"vector": [0, 12.5, -360]
						},
						"3.375": {
							"vector": [0, 0, -360]
						},
						"3.5833": {
							"vector": [0, 0, -360]
						},
						"3.6667": {
							"vector": [0, 0, -360]
						},
						"3.7083": {
							"vector": [0, -12.5, -360]
						},
						"3.8333": {
							"vector": [0, 0, -360]
						},
						"4.0": {
							"vector": [0, 0, -360]
						},
						"4.0417": {"pre": {"vector": [0, 0, -360]}, "post": {"vector": [0, 0, 0]}},
						"4.5417": {
							"pre": {
								"vector": [0, 0, 0]
							},
							"post": {
								"vector": [0, 0, 0]
							},
							"lerp_mode": "catmullrom"
						},
						"4.7917": {
							"post": {
								"vector": [0, 15, 0]
							},
							"lerp_mode": "catmullrom"
						},
						"5.0417": {
							"post": {
								"vector": [0, -7.5, 0]
							},
							"lerp_mode": "catmullrom"
						},
						"5.2917": {
							"post": {
								"vector": [0, 10, 0]
							},
							"lerp_mode": "catmullrom"
						},
						"5.5417": {
							"post": {
								"vector": [0, 0, 0]
							},
							"lerp_mode": "catmullrom"
						},
						"6.5833": {
							"vector": [0, -0.04, 0]
						},
						"6.7083": {
							"vector": [0, 0, 0]
						},
						"7.1667": {
							"pre": {
								"vector": [0, 0, -360]
							},
							"post": {
								"vector": [0, 0, -360]
							},
							"lerp_mode": "catmullrom"
						},
						"7.2917": {
							"vector": [0, 0, -360]
						},
						"7.3333": {
							"vector": [0, 12.5, -360]
						},
						"7.4167": {
							"vector": [0, 0, -360]
						},
						"7.625": {
							"vector": [0, 0, -360]
						},
						"7.7083": {
							"vector": [0, 0, -360]
						},
						"7.75": {
							"vector": [0, -12.5, -360]
						},
						"7.875": {
							"vector": [0, 0, -360]
						},
						"8.0417": {
							"vector": [0, 0, -360]
						},
						"8.0833": {
							"vector": [0, 0, -360]
						},
						"8.1667": {"pre": {"vector": [0, 0, -360]}, "post": {"vector": [0, 0, 0]}}
					},
					"position": {
						"0.0": {
							"post": {
								"vector": [0, 0, 0]
							},
							"lerp_mode": "catmullrom"
						},
						"0.5": {
							"post": {
								"vector": [0, 0, 0]
							},
							"lerp_mode": "catmullrom"
						},
						"1.5": {
							"post": {
								"vector": [0, 0, 0]
							},
							"lerp_mode": "catmullrom"
						},
						"2.5417": {
							"post": {
								"vector": [0, 0, 0]
							},
							"lerp_mode": "catmullrom"
						},
						"2.6667": {
							"post": {
								"vector": [0, 0, 0]
							},
							"lerp_mode": "catmullrom"
						},
						"3.125": {
							"post": {
								"vector": [0, 0, 0]
							},
							"lerp_mode": "catmullrom"
						},
						"3.25": {
							"post": {
								"vector": [0, 0, 0]
							},
							"lerp_mode": "catmullrom"
						},
						"3.2917": {
							"post": {
								"vector": [0, 1, 0]
							},
							"lerp_mode": "catmullrom"
						},
						"3.5417": {
							"post": {
								"vector": [0, 1, 0]
							},
							"lerp_mode": "catmullrom"
						},
						"3.5833": {
							"post": {
								"vector": [0, 0, 0]
							},
							"lerp_mode": "catmullrom"
						},
						"3.6667": {
							"post": {
								"vector": [0, 0, 0]
							},
							"lerp_mode": "catmullrom"
						},
						"3.7083": {
							"post": {
								"vector": [0, 1, 0]
							},
							"lerp_mode": "catmullrom"
						},
						"3.9583": {
							"post": {
								"vector": [0, 1, 0]
							},
							"lerp_mode": "catmullrom"
						},
						"4.0": {
							"post": {
								"vector": [0, 0, 0]
							},
							"lerp_mode": "catmullrom"
						},
						"4.0417": {
							"post": {
								"vector": [0, 0, 0]
							},
							"lerp_mode": "catmullrom"
						},
						"4.5417": {
							"post": {
								"vector": [0, 0, 0]
							},
							"lerp_mode": "catmullrom"
						},
						"5.5417": {
							"post": {
								"vector": [0, 0, 0]
							},
							"lerp_mode": "catmullrom"
						},
						"6.5833": {
							"post": {
								"vector": [0, 0, 0]
							},
							"lerp_mode": "catmullrom"
						},
						"6.7083": {
							"post": {
								"vector": [0, 0, 0]
							},
							"lerp_mode": "catmullrom"
						},
						"7.1667": {
							"post": {
								"vector": [0, 0, 0]
							},
							"lerp_mode": "catmullrom"
						},
						"7.2917": {
							"post": {
								"vector": [0, 0, 0]
							},
							"lerp_mode": "catmullrom"
						},
						"7.3333": {
							"post": {
								"vector": [0, 1, 0]
							},
							"lerp_mode": "catmullrom"
						},
						"7.5833": {
							"post": {
								"vector": [0, 1, 0]
							},
							"lerp_mode": "catmullrom"
						},
						"7.625": {
							"post": {
								"vector": [0, 0, 0]
							},
							"lerp_mode": "catmullrom"
						},
						"7.7083": {
							"post": {
								"vector": [0, 0, 0]
							},
							"lerp_mode": "catmullrom"
						},
						"7.75": {
							"post": {
								"vector": [0, 1, 0]
							},
							"lerp_mode": "catmullrom"
						},
						"8.0": {
							"post": {
								"vector": [0, 1, 0]
							},
							"lerp_mode": "catmullrom"
						},
						"8.0417": {
							"post": {
								"vector": [0, 0, 0]
							},
							"lerp_mode": "catmullrom"
						},
						"8.0833": {
							"post": {
								"vector": [0, 0, 0]
							},
							"lerp_mode": "catmullrom"
						},
						"8.1667": {
							"post": {
								"vector": [0, 0, 0]
							},
							"lerp_mode": "catmullrom"
						}
					}
				},
				"M": {
					"rotation": {
						"0.0": {
							"post": {
								"vector": [0, 0, 0]
							},
							"lerp_mode": "catmullrom"
						},
						"0.25": {
							"post": {
								"vector": [0, 0, 0]
							},
							"lerp_mode": "catmullrom"
						},
						"0.375": {
							"post": {
								"vector": [0, 0, 0]
							},
							"lerp_mode": "catmullrom"
						},
						"0.5": {
							"post": {
								"vector": [0, 0, 0]
							},
							"lerp_mode": "catmullrom"
						},
						"0.6667": {
							"post": {
								"vector": [0, 0, 0]
							},
							"lerp_mode": "catmullrom"
						},
						"0.7917": {
							"post": {
								"vector": [0, 0, 0]
							},
							"lerp_mode": "catmullrom"
						},
						"0.9167": {
							"post": {
								"vector": [0, 0, 0]
							},
							"lerp_mode": "catmullrom"
						},
						"1.0417": {
							"post": {
								"vector": [0, 0, 0]
							},
							"lerp_mode": "catmullrom"
						},
						"1.1667": {
							"post": {
								"vector": [0, 0, 0]
							},
							"lerp_mode": "catmullrom"
						},
						"1.2917": {
							"post": {
								"vector": [0, 0, 0]
							},
							"lerp_mode": "catmullrom"
						},
						"1.4167": {
							"post": {
								"vector": [0, 0, 0]
							},
							"lerp_mode": "catmullrom"
						},
						"1.5417": {
							"post": {
								"vector": [0, 0, 0]
							},
							"lerp_mode": "catmullrom"
						},
						"1.625": {
							"post": {
								"vector": [0, 0, 0]
							},
							"lerp_mode": "catmullrom"
						},
						"1.75": {
							"post": {
								"vector": [0, 0, 0]
							},
							"lerp_mode": "catmullrom"
						},
						"1.8333": {
							"post": {
								"vector": [0, 0, 0]
							},
							"lerp_mode": "catmullrom"
						},
						"1.9583": {
							"post": {
								"vector": [0, 0, 0]
							},
							"lerp_mode": "catmullrom"
						},
						"2.2083": {
							"post": {
								"vector": [0, 0, 0]
							},
							"lerp_mode": "catmullrom"
						},
						"2.3333": {
							"post": {
								"vector": [0, 0, 0]
							},
							"lerp_mode": "catmullrom"
						},
						"2.4583": {
							"post": {
								"vector": [0, 0, 0]
							},
							"lerp_mode": "catmullrom"
						},
						"2.625": {
							"post": {
								"vector": [0, 0, 0]
							},
							"lerp_mode": "catmullrom"
						},
						"2.75": {
							"post": {
								"vector": [0, 0, 0]
							},
							"lerp_mode": "catmullrom"
						},
						"2.875": {
							"post": {
								"vector": [0, 0, 0]
							},
							"lerp_mode": "catmullrom"
						},
						"3.0": {
							"post": {
								"vector": [0, 0, 0]
							},
							"lerp_mode": "catmullrom"
						},
						"3.125": {
							"post": {
								"vector": [0, 0, 0]
							},
							"lerp_mode": "catmullrom"
						},
						"3.25": {
							"post": {
								"vector": [0, 0, 0]
							},
							"lerp_mode": "catmullrom"
						},
						"4.0833": {
							"post": {
								"vector": [0, 0, 0]
							},
							"lerp_mode": "catmullrom"
						},
						"4.3333": {
							"post": {
								"vector": [0, 0, 0]
							},
							"lerp_mode": "catmullrom"
						},
						"4.4583": {
							"post": {
								"vector": [0, 0, 0]
							},
							"lerp_mode": "catmullrom"
						},
						"4.5833": {
							"post": {
								"vector": [0, 0, 0]
							},
							"lerp_mode": "catmullrom"
						},
						"4.75": {
							"post": {
								"vector": [0, 0, 0]
							},
							"lerp_mode": "catmullrom"
						},
						"4.875": {
							"post": {
								"vector": [0, 0, 0]
							},
							"lerp_mode": "catmullrom"
						},
						"5.0": {
							"post": {
								"vector": [0, 0, 0]
							},
							"lerp_mode": "catmullrom"
						},
						"5.125": {
							"post": {
								"vector": [0, 0, 0]
							},
							"lerp_mode": "catmullrom"
						},
						"5.25": {
							"post": {
								"vector": [0, 0, 0]
							},
							"lerp_mode": "catmullrom"
						},
						"5.375": {
							"post": {
								"vector": [0, 0, 0]
							},
							"lerp_mode": "catmullrom"
						},
						"5.5": {
							"post": {
								"vector": [0, 0, 0]
							},
							"lerp_mode": "catmullrom"
						},
						"5.625": {
							"post": {
								"vector": [0, 0, 0]
							},
							"lerp_mode": "catmullrom"
						},
						"5.7083": {
							"post": {
								"vector": [0, 0, 0]
							},
							"lerp_mode": "catmullrom"
						},
						"5.8333": {
							"post": {
								"vector": [0, 0, 0]
							},
							"lerp_mode": "catmullrom"
						},
						"5.9167": {
							"post": {
								"vector": [0, 0, 0]
							},
							"lerp_mode": "catmullrom"
						},
						"6.0417": {
							"post": {
								"vector": [0, 0, 0]
							},
							"lerp_mode": "catmullrom"
						},
						"6.2917": {
							"post": {
								"vector": [0, 0, 0]
							},
							"lerp_mode": "catmullrom"
						},
						"6.4167": {
							"post": {
								"vector": [0, 0, 0]
							},
							"lerp_mode": "catmullrom"
						},
						"6.5417": {
							"post": {
								"vector": [0, 0, 0]
							},
							"lerp_mode": "catmullrom"
						},
						"6.7083": {
							"post": {
								"vector": [0, 0, 0]
							},
							"lerp_mode": "catmullrom"
						},
						"6.8333": {
							"post": {
								"vector": [0, 0, 0]
							},
							"lerp_mode": "catmullrom"
						},
						"6.9583": {
							"post": {
								"vector": [0, 0, 0]
							},
							"lerp_mode": "catmullrom"
						},
						"7.0833": {
							"post": {
								"vector": [0, 0, 0]
							},
							"lerp_mode": "catmullrom"
						},
						"7.2083": {
							"post": {
								"vector": [0, 0, 0]
							},
							"lerp_mode": "catmullrom"
						},
						"7.3333": {
							"post": {
								"vector": [0, 0, 0]
							},
							"lerp_mode": "catmullrom"
						}
					},
					"position": {
						"0.0": {
							"vector": [0, 0, 0]
						},
						"0.25": {
							"vector": [0, -1, 0]
						},
						"0.375": {
							"vector": [0, 0, 0]
						},
						"0.5": {
							"vector": [0, -1, 0]
						},
						"0.6667": {
							"vector": [0, 0, 0]
						},
						"0.7917": {
							"vector": [0, -1, 0]
						},
						"0.9167": {
							"vector": [0, 0, 0]
						},
						"1.0417": {
							"vector": [0, -1, 0]
						},
						"1.1667": {
							"vector": [0, 0, 0]
						},
						"1.2917": {
							"vector": [0, -1, 0]
						},
						"1.4167": {
							"vector": [0, 0, 0]
						},
						"1.5417": {
							"vector": [0, -1, 0]
						},
						"1.625": {
							"vector": [0, 0, 0]
						},
						"1.75": {
							"vector": [0, -1, 0]
						},
						"1.8333": {
							"vector": [0, 0, 0]
						},
						"1.9583": {
							"vector": [0, -1, 0]
						},
						"2.2083": {
							"vector": [0, 0, 0]
						},
						"2.3333": {
							"vector": [0, 0, 0]
						},
						"2.4583": {
							"vector": [0, -1, 0]
						},
						"2.625": {
							"vector": [0, 0, 0]
						},
						"2.75": {
							"vector": [0, -1, 0]
						},
						"2.875": {
							"vector": [0, 0, 0]
						},
						"3.0": {
							"vector": [0, -1, 0]
						},
						"3.125": {
							"vector": [0, 0, 0]
						},
						"3.25": {
							"vector": [0, 0, 0]
						},
						"4.0833": {
							"vector": [0, 0, 0]
						},
						"4.3333": {
							"vector": [0, -2, 0]
						},
						"4.4583": {
							"vector": [0, -1, 0]
						},
						"4.5833": {
							"vector": [0, 0, 0]
						},
						"4.75": {
							"vector": [0, 0, 0]
						},
						"4.875": {
							"vector": [0, -1, 0]
						},
						"5.0": {
							"vector": [0, 0, 0]
						},
						"5.125": {
							"vector": [0, -1, 0]
						},
						"5.25": {
							"vector": [0, -1, 0]
						},
						"5.375": {
							"vector": [0, -1, 0]
						},
						"5.5": {
							"vector": [0, 0, 0]
						},
						"5.625": {
							"vector": [0, 0, 0]
						},
						"5.7083": {
							"vector": [0, 0, 0]
						},
						"5.8333": {
							"vector": [0, -1, 0]
						},
						"5.9167": {
							"vector": [0, 0, 0]
						},
						"6.0417": {
							"vector": [0, -1, 0]
						},
						"6.2917": {
							"vector": [0, 0, 0]
						},
						"6.4167": {
							"vector": [0, 0, 0]
						},
						"6.5417": {
							"vector": [0, 0, 0]
						},
						"6.7083": {
							"vector": [0, -1, 0]
						},
						"6.8333": {
							"vector": [0, -1, 0]
						},
						"6.9583": {
							"vector": [0, -1, 0]
						},
						"7.0833": {
							"vector": [0, -1, 0]
						},
						"7.2083": {
							"vector": [0, 0, 0]
						},
						"7.3333": {
							"vector": [0, 0, 0]
						}
					},
					"scale": {
						"0.0": {
							"vector": [1, 1, 1]
						},
						"7.2917": {
							"vector": [1, 1, 1]
						},
						"7.3333": {
							"vector": [1.3, 1, 1]
						},
						"7.4167": {
							"vector": [1, 1, 1]
						},
						"7.7083": {
							"vector": [1, 1, 1]
						},
						"7.75": {
							"vector": [1.3, 1, 1]
						},
						"7.8333": {
							"vector": [1, 1, 1]
						}
					}
				},
				"M2": {
					"rotation": {
						"0.0": {
							"post": {
								"vector": [0, 0, 0]
							},
							"lerp_mode": "catmullrom"
						},
						"0.25": {
							"post": {
								"vector": [0, 0, 0]
							},
							"lerp_mode": "catmullrom"
						},
						"0.375": {
							"post": {
								"vector": [0, 0, 0]
							},
							"lerp_mode": "catmullrom"
						},
						"0.5": {
							"post": {
								"vector": [0, 0, 0]
							},
							"lerp_mode": "catmullrom"
						},
						"0.6667": {
							"post": {
								"vector": [0, 0, 0]
							},
							"lerp_mode": "catmullrom"
						},
						"0.7917": {
							"post": {
								"vector": [0, 0, 0]
							},
							"lerp_mode": "catmullrom"
						},
						"0.9167": {
							"post": {
								"vector": [0, 0, 0]
							},
							"lerp_mode": "catmullrom"
						},
						"1.0417": {
							"post": {
								"vector": [0, 0, 0]
							},
							"lerp_mode": "catmullrom"
						},
						"1.1667": {
							"post": {
								"vector": [0, 0, 0]
							},
							"lerp_mode": "catmullrom"
						},
						"1.2917": {
							"post": {
								"vector": [0, 0, 0]
							},
							"lerp_mode": "catmullrom"
						},
						"1.4167": {
							"post": {
								"vector": [0, 0, 0]
							},
							"lerp_mode": "catmullrom"
						},
						"1.5417": {
							"post": {
								"vector": [0, 0, 0]
							},
							"lerp_mode": "catmullrom"
						},
						"1.625": {
							"post": {
								"vector": [0, 0, 0]
							},
							"lerp_mode": "catmullrom"
						},
						"1.75": {
							"post": {
								"vector": [0, 0, 0]
							},
							"lerp_mode": "catmullrom"
						},
						"1.8333": {
							"post": {
								"vector": [0, 0, 0]
							},
							"lerp_mode": "catmullrom"
						},
						"1.9583": {
							"post": {
								"vector": [0, 0, 0]
							},
							"lerp_mode": "catmullrom"
						},
						"2.2083": {
							"post": {
								"vector": [0, 0, 0]
							},
							"lerp_mode": "catmullrom"
						},
						"2.3333": {
							"post": {
								"vector": [0, 0, 0]
							},
							"lerp_mode": "catmullrom"
						},
						"2.4583": {
							"post": {
								"vector": [0, 0, 0]
							},
							"lerp_mode": "catmullrom"
						},
						"2.625": {
							"post": {
								"vector": [0, 0, 0]
							},
							"lerp_mode": "catmullrom"
						},
						"2.75": {
							"post": {
								"vector": [0, 0, 0]
							},
							"lerp_mode": "catmullrom"
						},
						"2.875": {
							"post": {
								"vector": [0, 0, 0]
							},
							"lerp_mode": "catmullrom"
						},
						"3.0": {
							"post": {
								"vector": [0, 0, 0]
							},
							"lerp_mode": "catmullrom"
						},
						"3.125": {
							"post": {
								"vector": [0, 0, 0]
							},
							"lerp_mode": "catmullrom"
						},
						"3.25": {
							"post": {
								"vector": [0, 0, 0]
							},
							"lerp_mode": "catmullrom"
						},
						"4.0833": {
							"post": {
								"vector": [0, 0, 0]
							},
							"lerp_mode": "catmullrom"
						},
						"4.3333": {
							"post": {
								"vector": [0, 0, 0]
							},
							"lerp_mode": "catmullrom"
						},
						"4.4583": {
							"post": {
								"vector": [0, 0, 0]
							},
							"lerp_mode": "catmullrom"
						},
						"4.5833": {
							"post": {
								"vector": [0, 0, 0]
							},
							"lerp_mode": "catmullrom"
						},
						"4.75": {
							"post": {
								"vector": [0, 0, 0]
							},
							"lerp_mode": "catmullrom"
						},
						"4.875": {
							"post": {
								"vector": [0, 0, 0]
							},
							"lerp_mode": "catmullrom"
						},
						"5.0": {
							"post": {
								"vector": [0, 0, 0]
							},
							"lerp_mode": "catmullrom"
						},
						"5.125": {
							"post": {
								"vector": [0, 0, 0]
							},
							"lerp_mode": "catmullrom"
						},
						"5.25": {
							"post": {
								"vector": [0, 0, 0]
							},
							"lerp_mode": "catmullrom"
						},
						"5.375": {
							"post": {
								"vector": [0, 0, 0]
							},
							"lerp_mode": "catmullrom"
						},
						"5.5": {
							"post": {
								"vector": [0, 0, 0]
							},
							"lerp_mode": "catmullrom"
						},
						"5.625": {
							"post": {
								"vector": [0, 0, 0]
							},
							"lerp_mode": "catmullrom"
						},
						"5.7083": {
							"post": {
								"vector": [0, 0, 0]
							},
							"lerp_mode": "catmullrom"
						},
						"5.8333": {
							"post": {
								"vector": [0, 0, 0]
							},
							"lerp_mode": "catmullrom"
						},
						"5.9167": {
							"post": {
								"vector": [0, 0, 0]
							},
							"lerp_mode": "catmullrom"
						},
						"6.0417": {
							"post": {
								"vector": [0, 0, 0]
							},
							"lerp_mode": "catmullrom"
						},
						"6.2917": {
							"post": {
								"vector": [0, 0, 0]
							},
							"lerp_mode": "catmullrom"
						},
						"6.4167": {
							"post": {
								"vector": [0, 0, 0]
							},
							"lerp_mode": "catmullrom"
						},
						"6.5417": {
							"post": {
								"vector": [0, 0, 0]
							},
							"lerp_mode": "catmullrom"
						},
						"6.7083": {
							"post": {
								"vector": [0, 0, 0]
							},
							"lerp_mode": "catmullrom"
						},
						"6.8333": {
							"post": {
								"vector": [0, 0, 0]
							},
							"lerp_mode": "catmullrom"
						},
						"6.9583": {
							"post": {
								"vector": [0, 0, 0]
							},
							"lerp_mode": "catmullrom"
						},
						"7.0833": {
							"post": {
								"vector": [0, 0, 0]
							},
							"lerp_mode": "catmullrom"
						},
						"7.2083": {
							"post": {
								"vector": [0, 0, 0]
							},
							"lerp_mode": "catmullrom"
						},
						"7.3333": {
							"post": {
								"vector": [0, 0, 0]
							},
							"lerp_mode": "catmullrom"
						}
					},
					"position": {
						"0.0": {
							"vector": [0, 0, 0]
						},
						"0.25": {
							"vector": [0, 1, 0]
						},
						"0.375": {
							"vector": [0, 0, 0]
						},
						"0.5": {
							"vector": [0, 1, 0]
						},
						"0.6667": {
							"vector": [0, 0, 0]
						},
						"0.7917": {
							"vector": [0, 1, 0]
						},
						"0.9167": {
							"vector": [0, 0, 0]
						},
						"1.0417": {
							"vector": [0, 1, 0]
						},
						"1.1667": {
							"vector": [0, 0, 0]
						},
						"1.2917": {
							"vector": [0, 1, 0]
						},
						"1.4167": {
							"vector": [0, 0, 0]
						},
						"1.5417": {
							"vector": [0, 1, 0]
						},
						"1.625": {
							"vector": [0, 0, 0]
						},
						"1.75": {
							"vector": [0, 1, 0]
						},
						"1.8333": {
							"vector": [0, 0, 0]
						},
						"1.9583": {
							"vector": [0, 1, 0]
						},
						"2.2083": {
							"vector": [0, 0, 0]
						},
						"2.3333": {
							"vector": [0, 0, 0]
						},
						"2.4583": {
							"vector": [0, 1, 0]
						},
						"2.625": {
							"vector": [0, 0, 0]
						},
						"2.75": {
							"vector": [0, 1, 0]
						},
						"2.875": {
							"vector": [0, 0, 0]
						},
						"3.0": {
							"vector": [0, 1, 0]
						},
						"3.125": {
							"vector": [0, 0, 0]
						},
						"3.25": {
							"vector": [0, 0, 0]
						},
						"4.0833": {
							"vector": [0, 0, 0]
						},
						"4.3333": {
							"vector": [0, 1, 0]
						},
						"4.4583": {
							"vector": [0, 0, 0]
						},
						"4.5833": {
							"vector": [0, 0, 0]
						},
						"4.75": {
							"vector": [0, 0, 0]
						},
						"4.875": {
							"vector": [0, 1, 0]
						},
						"5.0": {
							"vector": [0, 0, 0]
						},
						"5.125": {
							"vector": [0, 1, 0]
						},
						"5.25": {
							"vector": [0, 1, 0]
						},
						"5.375": {
							"vector": [0, 1, 0]
						},
						"5.5": {
							"vector": [0, 1, 0]
						},
						"5.7083": {
							"vector": [0, 0, 0]
						}
					}
				},
				"Root": {
					"rotation": {
						"0.0": {
							"vector": [0, 0, 0]
						},
						"1.625": {
							"vector": [0, 0, 12.5]
						},
						"2.2083": {
							"vector": [0, 0, -12.5]
						},
						"8.1667": {
							"vector": [0, 0, 0]
						}
					},
					"position": {
						"0.0": {
							"vector": [0, 0, 0]
						},
						"1.0417": {
							"vector": [0, 5, 0]
						},
						"1.625": {
							"vector": [7, 5, 0]
						},
						"2.2083": {
							"vector": [-7, 5, 0]
						},
						"8.1667": {
							"vector": [0, 0, 0]
						}
					}
				},
				"Left_eye_b": {
					"rotation": {
						"0.0": {
							"post": {
								"vector": [0, 0, 0]
							},
							"lerp_mode": "catmullrom"
						},
						"0.5417": {
							"post": {
								"vector": [0, 0, 0]
							},
							"lerp_mode": "catmullrom"
						},
						"2.5417": {
							"post": {
								"vector": [0, 0, 0]
							},
							"lerp_mode": "catmullrom"
						}
					},
					"position": {
						"0.0": {
							"post": {
								"vector": [0, 0, 0]
							},
							"lerp_mode": "catmullrom"
						},
						"0.1667": {
							"post": {
								"vector": [0, 1, 0]
							},
							"lerp_mode": "catmullrom"
						},
						"0.5417": {
							"post": {
								"vector": [0, 0, 0]
							},
							"lerp_mode": "catmullrom"
						},
						"3.25": {
							"post": {
								"vector": [0, 0, 0]
							},
							"lerp_mode": "catmullrom"
						},
						"3.3333": {
							"post": {
								"vector": [0, 1, 0]
							},
							"lerp_mode": "catmullrom"
						},
						"3.5417": {
							"post": {
								"vector": [0, 0, 0]
							},
							"lerp_mode": "catmullrom"
						},
						"3.7083": {
							"post": {
								"vector": [0, 1, 0]
							},
							"lerp_mode": "catmullrom"
						},
						"4.0": {
							"post": {
								"vector": [0, 0, 0]
							},
							"lerp_mode": "catmullrom"
						},
						"4.25": {
							"post": {
								"vector": [0, 1, 0]
							},
							"lerp_mode": "catmullrom"
						},
						"4.4167": {
							"post": {
								"vector": [0, 0, 0]
							},
							"lerp_mode": "catmullrom"
						},
						"7.25": {
							"post": {
								"vector": [0, 0, 0]
							},
							"lerp_mode": "catmullrom"
						},
						"7.375": {
							"post": {
								"vector": [0, 1, 0]
							},
							"lerp_mode": "catmullrom"
						},
						"7.5": {
							"post": {
								"vector": [0, 0, 0]
							},
							"lerp_mode": "catmullrom"
						},
						"7.6667": {
							"post": {
								"vector": [0, 0, 0]
							},
							"lerp_mode": "catmullrom"
						},
						"7.75": {
							"post": {
								"vector": [0, 1, 0]
							},
							"lerp_mode": "catmullrom"
						},
						"7.875": {
							"post": {
								"vector": [0, 0, 0]
							},
							"lerp_mode": "catmullrom"
						}
					}
				},
				"Right_eye_b": {
					"rotation": {
						"0.0": {
							"post": {
								"vector": [0, 0, 0]
							},
							"lerp_mode": "catmullrom"
						},
						"0.5417": {
							"post": {
								"vector": [0, 0, 0]
							},
							"lerp_mode": "catmullrom"
						},
						"2.5417": {
							"post": {
								"vector": [0, 0, 0]
							},
							"lerp_mode": "catmullrom"
						}
					},
					"position": {
						"0.0": {
							"post": {
								"vector": [0, 0, 0]
							},
							"lerp_mode": "catmullrom"
						},
						"0.1667": {
							"post": {
								"vector": [0, 1, 0]
							},
							"lerp_mode": "catmullrom"
						},
						"0.5417": {
							"post": {
								"vector": [0, 0, 0]
							},
							"lerp_mode": "catmullrom"
						},
						"3.25": {
							"post": {
								"vector": [0, 0, 0]
							},
							"lerp_mode": "catmullrom"
						},
						"3.3333": {
							"post": {
								"vector": [0, 1, 0]
							},
							"lerp_mode": "catmullrom"
						},
						"3.5417": {
							"post": {
								"vector": [0, 0, 0]
							},
							"lerp_mode": "catmullrom"
						},
						"3.7083": {
							"post": {
								"vector": [0, 1, 0]
							},
							"lerp_mode": "catmullrom"
						},
						"4.0": {
							"post": {
								"vector": [0, 0, 0]
							},
							"lerp_mode": "catmullrom"
						},
						"4.25": {
							"post": {
								"vector": [0, 1, 0]
							},
							"lerp_mode": "catmullrom"
						},
						"4.4167": {
							"post": {
								"vector": [0, 0, 0]
							},
							"lerp_mode": "catmullrom"
						},
						"7.25": {
							"post": {
								"vector": [0, 0, 0]
							},
							"lerp_mode": "catmullrom"
						},
						"7.375": {
							"post": {
								"vector": [0, 1, 0]
							},
							"lerp_mode": "catmullrom"
						},
						"7.5": {
							"post": {
								"vector": [0, 0, 0]
							},
							"lerp_mode": "catmullrom"
						},
						"7.6667": {
							"post": {
								"vector": [0, 0, 0]
							},
							"lerp_mode": "catmullrom"
						},
						"7.75": {
							"post": {
								"vector": [0, 1, 0]
							},
							"lerp_mode": "catmullrom"
						},
						"7.875": {
							"post": {
								"vector": [0, 0, 0]
							},
							"lerp_mode": "catmullrom"
						}
					}
				},
				"Black_left": {
					"position": {
						"vector": [0.1, 0, 0]
					},
					"scale": {
						"vector": [0.9, 0.9, 1]
					}
				},
				"B": {
					"rotation": {
						"0.0": {
							"vector": [0, 0, 0]
						},
						"8.1667": {
							"vector": [0, -3330, 0]
						}
					},
					"scale": {
						"vector": [1, 1, 1]
					}
				},
				"Black_right": {
					"position": {
						"vector": [-0.1, 0, 0]
					},
					"scale": {
						"vector": [0.9, 0.9, 1]
					}
				}
			},
			"sound_effects": {
				"0.0": {
					"effect": "sing"
				}
			}
		},
		"angry": {
			"animation_length": 8.1667,
			"bones": {
				"Head": {
					"rotation": {
						"0.0": {
							"post": {
								"vector": [0, 0, 0]
							},
							"lerp_mode": "catmullrom"
						},
						"0.5": {
							"post": {
								"vector": [0, 0, 0]
							},
							"lerp_mode": "catmullrom"
						},
						"0.75": {
							"post": {
								"vector": [0, 15, 0]
							},
							"lerp_mode": "catmullrom"
						},
						"1.0": {
							"post": {
								"vector": [0, -7.5, 0]
							},
							"lerp_mode": "catmullrom"
						},
						"1.25": {
							"post": {
								"vector": [0, 10, 0]
							},
							"lerp_mode": "catmullrom"
						},
						"1.5": {
							"post": {
								"vector": [0, 0, 0]
							},
							"lerp_mode": "catmullrom"
						},
						"2.5417": {
							"vector": [0, -0.04, 0]
						},
						"2.6667": {
							"vector": [0, 0, 0]
						},
						"3.125": {
							"pre": {
								"vector": [0, 0, -360]
							},
							"post": {
								"vector": [0, 0, -360]
							},
							"lerp_mode": "catmullrom"
						},
						"3.25": {
							"vector": [0, 0, -360]
						},
						"3.2917": {
							"vector": [0, 12.5, -360]
						},
						"3.375": {
							"vector": [0, 0, -360]
						},
						"3.5833": {
							"vector": [0, 0, -360]
						},
						"3.6667": {
							"vector": [0, 0, -360]
						},
						"3.7083": {
							"vector": [0, -12.5, -360]
						},
						"3.8333": {
							"vector": [0, 0, -360]
						},
						"4.0": {
							"vector": [0, 0, -360]
						},
						"4.0417": {"pre": {"vector": [0, 0, -360]}, "post": {"vector": [0, 0, 0]}},
						"4.5417": {
							"pre": {
								"vector": [0, 0, 0]
							},
							"post": {
								"vector": [0, 0, 0]
							},
							"lerp_mode": "catmullrom"
						},
						"4.7917": {
							"post": {
								"vector": [0, 15, 0]
							},
							"lerp_mode": "catmullrom"
						},
						"5.0417": {
							"post": {
								"vector": [0, -7.5, 0]
							},
							"lerp_mode": "catmullrom"
						},
						"5.2917": {
							"post": {
								"vector": [0, 10, 0]
							},
							"lerp_mode": "catmullrom"
						},
						"5.5417": {
							"post": {
								"vector": [0, 0, 0]
							},
							"lerp_mode": "catmullrom"
						},
						"6.5833": {
							"vector": [0, -0.04, 0]
						},
						"6.7083": {
							"vector": [0, 0, 0]
						},
						"7.1667": {
							"pre": {
								"vector": [0, 0, -360]
							},
							"post": {
								"vector": [0, 0, -360]
							},
							"lerp_mode": "catmullrom"
						},
						"7.2917": {
							"vector": [0, 0, -360]
						},
						"7.3333": {
							"vector": [0, 12.5, -360]
						},
						"7.4167": {
							"vector": [0, 0, -360]
						},
						"7.625": {
							"vector": [0, 0, -360]
						},
						"7.7083": {
							"vector": [0, 0, -360]
						},
						"7.75": {
							"vector": [0, -12.5, -360]
						},
						"7.875": {
							"vector": [0, 0, -360]
						},
						"8.0417": {
							"vector": [0, 0, -360]
						},
						"8.0833": {
							"vector": [0, 0, -360]
						},
						"8.1667": {"pre": {"vector": [0, 0, -360]}, "post": {"vector": [0, 0, 0]}}
					},
					"position": {
						"0.0": {
							"post": {
								"vector": [0, 0, 0]
							},
							"lerp_mode": "catmullrom"
						},
						"0.5": {
							"post": {
								"vector": [0, 0, 0]
							},
							"lerp_mode": "catmullrom"
						},
						"1.5": {
							"post": {
								"vector": [0, 0, 0]
							},
							"lerp_mode": "catmullrom"
						},
						"2.5417": {
							"post": {
								"vector": [0, 0, 0]
							},
							"lerp_mode": "catmullrom"
						},
						"2.6667": {
							"post": {
								"vector": [0, 0, 0]
							},
							"lerp_mode": "catmullrom"
						},
						"3.125": {
							"post": {
								"vector": [0, 0, 0]
							},
							"lerp_mode": "catmullrom"
						},
						"3.25": {
							"post": {
								"vector": [0, 0, 0]
							},
							"lerp_mode": "catmullrom"
						},
						"3.2917": {
							"post": {
								"vector": [0, 1, 0]
							},
							"lerp_mode": "catmullrom"
						},
						"3.5417": {
							"post": {
								"vector": [0, 1, 0]
							},
							"lerp_mode": "catmullrom"
						},
						"3.5833": {
							"post": {
								"vector": [0, 0, 0]
							},
							"lerp_mode": "catmullrom"
						},
						"3.6667": {
							"post": {
								"vector": [0, 0, 0]
							},
							"lerp_mode": "catmullrom"
						},
						"3.7083": {
							"post": {
								"vector": [0, 1, 0]
							},
							"lerp_mode": "catmullrom"
						},
						"3.9583": {
							"post": {
								"vector": [0, 1, 0]
							},
							"lerp_mode": "catmullrom"
						},
						"4.0": {
							"post": {
								"vector": [0, 0, 0]
							},
							"lerp_mode": "catmullrom"
						},
						"4.0417": {
							"post": {
								"vector": [0, 0, 0]
							},
							"lerp_mode": "catmullrom"
						},
						"4.5417": {
							"post": {
								"vector": [0, 0, 0]
							},
							"lerp_mode": "catmullrom"
						},
						"5.5417": {
							"post": {
								"vector": [0, 0, 0]
							},
							"lerp_mode": "catmullrom"
						},
						"6.5833": {
							"post": {
								"vector": [0, 0, 0]
							},
							"lerp_mode": "catmullrom"
						},
						"6.7083": {
							"post": {
								"vector": [0, 0, 0]
							},
							"lerp_mode": "catmullrom"
						},
						"7.1667": {
							"post": {
								"vector": [0, 0, 0]
							},
							"lerp_mode": "catmullrom"
						},
						"7.2917": {
							"post": {
								"vector": [0, 0, 0]
							},
							"lerp_mode": "catmullrom"
						},
						"7.3333": {
							"post": {
								"vector": [0, 1, 0]
							},
							"lerp_mode": "catmullrom"
						},
						"7.5833": {
							"post": {
								"vector": [0, 1, 0]
							},
							"lerp_mode": "catmullrom"
						},
						"7.625": {
							"post": {
								"vector": [0, 0, 0]
							},
							"lerp_mode": "catmullrom"
						},
						"7.7083": {
							"post": {
								"vector": [0, 0, 0]
							},
							"lerp_mode": "catmullrom"
						},
						"7.75": {
							"post": {
								"vector": [0, 1, 0]
							},
							"lerp_mode": "catmullrom"
						},
						"8.0": {
							"post": {
								"vector": [0, 1, 0]
							},
							"lerp_mode": "catmullrom"
						},
						"8.0417": {
							"post": {
								"vector": [0, 0, 0]
							},
							"lerp_mode": "catmullrom"
						},
						"8.0833": {
							"post": {
								"vector": [0, 0, 0]
							},
							"lerp_mode": "catmullrom"
						},
						"8.1667": {
							"post": {
								"vector": [0, 0, 0]
							},
							"lerp_mode": "catmullrom"
						}
					}
				},
				"M": {
					"rotation": {
						"0.0": {
							"post": {
								"vector": [0, 0, 0]
							},
							"lerp_mode": "catmullrom"
						},
						"0.25": {
							"post": {
								"vector": [0, 0, 0]
							},
							"lerp_mode": "catmullrom"
						},
						"0.375": {
							"post": {
								"vector": [0, 0, 0]
							},
							"lerp_mode": "catmullrom"
						},
						"0.5": {
							"post": {
								"vector": [0, 0, 0]
							},
							"lerp_mode": "catmullrom"
						},
						"0.6667": {
							"post": {
								"vector": [0, 0, 0]
							},
							"lerp_mode": "catmullrom"
						},
						"0.7917": {
							"post": {
								"vector": [0, 0, 0]
							},
							"lerp_mode": "catmullrom"
						},
						"0.9167": {
							"post": {
								"vector": [0, 0, 0]
							},
							"lerp_mode": "catmullrom"
						},
						"1.0417": {
							"post": {
								"vector": [0, 0, 0]
							},
							"lerp_mode": "catmullrom"
						},
						"1.1667": {
							"post": {
								"vector": [0, 0, 0]
							},
							"lerp_mode": "catmullrom"
						},
						"1.2917": {
							"post": {
								"vector": [0, 0, 0]
							},
							"lerp_mode": "catmullrom"
						},
						"1.4167": {
							"post": {
								"vector": [0, 0, 0]
							},
							"lerp_mode": "catmullrom"
						},
						"1.5417": {
							"post": {
								"vector": [0, 0, 0]
							},
							"lerp_mode": "catmullrom"
						},
						"1.625": {
							"post": {
								"vector": [0, 0, 0]
							},
							"lerp_mode": "catmullrom"
						},
						"1.75": {
							"post": {
								"vector": [0, 0, 0]
							},
							"lerp_mode": "catmullrom"
						},
						"1.8333": {
							"post": {
								"vector": [0, 0, 0]
							},
							"lerp_mode": "catmullrom"
						},
						"1.9583": {
							"post": {
								"vector": [0, 0, 0]
							},
							"lerp_mode": "catmullrom"
						},
						"2.2083": {
							"post": {
								"vector": [0, 0, 0]
							},
							"lerp_mode": "catmullrom"
						},
						"2.3333": {
							"post": {
								"vector": [0, 0, 0]
							},
							"lerp_mode": "catmullrom"
						},
						"2.4583": {
							"post": {
								"vector": [0, 0, 0]
							},
							"lerp_mode": "catmullrom"
						},
						"2.625": {
							"post": {
								"vector": [0, 0, 0]
							},
							"lerp_mode": "catmullrom"
						},
						"2.75": {
							"post": {
								"vector": [0, 0, 0]
							},
							"lerp_mode": "catmullrom"
						},
						"2.875": {
							"post": {
								"vector": [0, 0, 0]
							},
							"lerp_mode": "catmullrom"
						},
						"3.0": {
							"post": {
								"vector": [0, 0, 0]
							},
							"lerp_mode": "catmullrom"
						},
						"3.125": {
							"post": {
								"vector": [0, 0, 0]
							},
							"lerp_mode": "catmullrom"
						},
						"3.25": {
							"post": {
								"vector": [0, 0, 0]
							},
							"lerp_mode": "catmullrom"
						},
						"4.0833": {
							"post": {
								"vector": [0, 0, 0]
							},
							"lerp_mode": "catmullrom"
						},
						"4.3333": {
							"post": {
								"vector": [0, 0, 0]
							},
							"lerp_mode": "catmullrom"
						},
						"4.4583": {
							"post": {
								"vector": [0, 0, 0]
							},
							"lerp_mode": "catmullrom"
						},
						"4.5833": {
							"post": {
								"vector": [0, 0, 0]
							},
							"lerp_mode": "catmullrom"
						},
						"4.75": {
							"post": {
								"vector": [0, 0, 0]
							},
							"lerp_mode": "catmullrom"
						},
						"4.875": {
							"post": {
								"vector": [0, 0, 0]
							},
							"lerp_mode": "catmullrom"
						},
						"5.0": {
							"post": {
								"vector": [0, 0, 0]
							},
							"lerp_mode": "catmullrom"
						},
						"5.125": {
							"post": {
								"vector": [0, 0, 0]
							},
							"lerp_mode": "catmullrom"
						},
						"5.25": {
							"post": {
								"vector": [0, 0, 0]
							},
							"lerp_mode": "catmullrom"
						},
						"5.375": {
							"post": {
								"vector": [0, 0, 0]
							},
							"lerp_mode": "catmullrom"
						},
						"5.5": {
							"post": {
								"vector": [0, 0, 0]
							},
							"lerp_mode": "catmullrom"
						},
						"5.625": {
							"post": {
								"vector": [0, 0, 0]
							},
							"lerp_mode": "catmullrom"
						},
						"5.7083": {
							"post": {
								"vector": [0, 0, 0]
							},
							"lerp_mode": "catmullrom"
						},
						"5.8333": {
							"post": {
								"vector": [0, 0, 0]
							},
							"lerp_mode": "catmullrom"
						},
						"5.9167": {
							"post": {
								"vector": [0, 0, 0]
							},
							"lerp_mode": "catmullrom"
						},
						"6.0417": {
							"post": {
								"vector": [0, 0, 0]
							},
							"lerp_mode": "catmullrom"
						},
						"6.2917": {
							"post": {
								"vector": [0, 0, 0]
							},
							"lerp_mode": "catmullrom"
						},
						"6.4167": {
							"post": {
								"vector": [0, 0, 0]
							},
							"lerp_mode": "catmullrom"
						},
						"6.5417": {
							"post": {
								"vector": [0, 0, 0]
							},
							"lerp_mode": "catmullrom"
						},
						"6.7083": {
							"post": {
								"vector": [0, 0, 0]
							},
							"lerp_mode": "catmullrom"
						},
						"6.8333": {
							"post": {
								"vector": [0, 0, 0]
							},
							"lerp_mode": "catmullrom"
						},
						"6.9583": {
							"post": {
								"vector": [0, 0, 0]
							},
							"lerp_mode": "catmullrom"
						},
						"7.0833": {
							"post": {
								"vector": [0, 0, 0]
							},
							"lerp_mode": "catmullrom"
						},
						"7.2083": {
							"post": {
								"vector": [0, 0, 0]
							},
							"lerp_mode": "catmullrom"
						},
						"7.3333": {
							"post": {
								"vector": [0, 0, 0]
							},
							"lerp_mode": "catmullrom"
						}
					},
					"position": {
						"0.0": {
							"vector": [0, 0, 0]
						},
						"0.25": {
							"vector": [0, -1, 0]
						},
						"0.375": {
							"vector": [0, 0, 0]
						},
						"0.5": {
							"vector": [0, -1, 0]
						},
						"0.6667": {
							"vector": [0, 0, 0]
						},
						"0.7917": {
							"vector": [0, -1, 0]
						},
						"0.9167": {
							"vector": [0, 0, 0]
						},
						"1.0417": {
							"vector": [0, -1, 0]
						},
						"1.1667": {
							"vector": [0, 0, 0]
						},
						"1.2917": {
							"vector": [0, -1, 0]
						},
						"1.4167": {
							"vector": [0, 0, 0]
						},
						"1.5417": {
							"vector": [0, -1, 0]
						},
						"1.625": {
							"vector": [0, 0, 0]
						},
						"1.75": {
							"vector": [0, -1, 0]
						},
						"1.8333": {
							"vector": [0, 0, 0]
						},
						"1.9583": {
							"vector": [0, -1, 0]
						},
						"2.2083": {
							"vector": [0, 0, 0]
						},
						"2.3333": {
							"vector": [0, 0, 0]
						},
						"2.4583": {
							"vector": [0, -1, 0]
						},
						"2.625": {
							"vector": [0, 0, 0]
						},
						"2.75": {
							"vector": [0, -1, 0]
						},
						"2.875": {
							"vector": [0, 0, 0]
						},
						"3.0": {
							"vector": [0, -1, 0]
						},
						"3.125": {
							"vector": [0, 0, 0]
						},
						"3.25": {
							"vector": [0, 0, 0]
						},
						"4.0833": {
							"vector": [0, 0, 0]
						},
						"4.3333": {
							"vector": [0, -2, 0]
						},
						"4.4583": {
							"vector": [0, -1, 0]
						},
						"4.5833": {
							"vector": [0, 0, 0]
						},
						"4.75": {
							"vector": [0, 0, 0]
						},
						"4.875": {
							"vector": [0, -1, 0]
						},
						"5.0": {
							"vector": [0, 0, 0]
						},
						"5.125": {
							"vector": [0, -1, 0]
						},
						"5.25": {
							"vector": [0, -1, 0]
						},
						"5.375": {
							"vector": [0, -1, 0]
						},
						"5.5": {
							"vector": [0, 0, 0]
						},
						"5.625": {
							"vector": [0, 0, 0]
						},
						"5.7083": {
							"vector": [0, 0, 0]
						},
						"5.8333": {
							"vector": [0, -1, 0]
						},
						"5.9167": {
							"vector": [0, 0, 0]
						},
						"6.0417": {
							"vector": [0, -1, 0]
						},
						"6.2917": {
							"vector": [0, 0, 0]
						},
						"6.4167": {
							"vector": [0, 0, 0]
						},
						"6.5417": {
							"vector": [0, 0, 0]
						},
						"6.7083": {
							"vector": [0, -1, 0]
						},
						"6.8333": {
							"vector": [0, -1, 0]
						},
						"6.9583": {
							"vector": [0, -1, 0]
						},
						"7.0833": {
							"vector": [0, -1, 0]
						},
						"7.2083": {
							"vector": [0, 0, 0]
						},
						"7.3333": {
							"vector": [0, 0, 0]
						}
					},
					"scale": {
						"0.0": {
							"vector": [1, 1, 1]
						},
						"7.2917": {
							"vector": [1, 1, 1]
						},
						"7.3333": {
							"vector": [1.3, 1, 1]
						},
						"7.4167": {
							"vector": [1, 1, 1]
						},
						"7.7083": {
							"vector": [1, 1, 1]
						},
						"7.75": {
							"vector": [1.3, 1, 1]
						},
						"7.8333": {
							"vector": [1, 1, 1]
						}
					}
				},
				"M2": {
					"rotation": {
						"0.0": {
							"post": {
								"vector": [0, 0, 0]
							},
							"lerp_mode": "catmullrom"
						},
						"0.25": {
							"post": {
								"vector": [0, 0, 0]
							},
							"lerp_mode": "catmullrom"
						},
						"0.375": {
							"post": {
								"vector": [0, 0, 0]
							},
							"lerp_mode": "catmullrom"
						},
						"0.5": {
							"post": {
								"vector": [0, 0, 0]
							},
							"lerp_mode": "catmullrom"
						},
						"0.6667": {
							"post": {
								"vector": [0, 0, 0]
							},
							"lerp_mode": "catmullrom"
						},
						"0.7917": {
							"post": {
								"vector": [0, 0, 0]
							},
							"lerp_mode": "catmullrom"
						},
						"0.9167": {
							"post": {
								"vector": [0, 0, 0]
							},
							"lerp_mode": "catmullrom"
						},
						"1.0417": {
							"post": {
								"vector": [0, 0, 0]
							},
							"lerp_mode": "catmullrom"
						},
						"1.1667": {
							"post": {
								"vector": [0, 0, 0]
							},
							"lerp_mode": "catmullrom"
						},
						"1.2917": {
							"post": {
								"vector": [0, 0, 0]
							},
							"lerp_mode": "catmullrom"
						},
						"1.4167": {
							"post": {
								"vector": [0, 0, 0]
							},
							"lerp_mode": "catmullrom"
						},
						"1.5417": {
							"post": {
								"vector": [0, 0, 0]
							},
							"lerp_mode": "catmullrom"
						},
						"1.625": {
							"post": {
								"vector": [0, 0, 0]
							},
							"lerp_mode": "catmullrom"
						},
						"1.75": {
							"post": {
								"vector": [0, 0, 0]
							},
							"lerp_mode": "catmullrom"
						},
						"1.8333": {
							"post": {
								"vector": [0, 0, 0]
							},
							"lerp_mode": "catmullrom"
						},
						"1.9583": {
							"post": {
								"vector": [0, 0, 0]
							},
							"lerp_mode": "catmullrom"
						},
						"2.2083": {
							"post": {
								"vector": [0, 0, 0]
							},
							"lerp_mode": "catmullrom"
						},
						"2.3333": {
							"post": {
								"vector": [0, 0, 0]
							},
							"lerp_mode": "catmullrom"
						},
						"2.4583": {
							"post": {
								"vector": [0, 0, 0]
							},
							"lerp_mode": "catmullrom"
						},
						"2.625": {
							"post": {
								"vector": [0, 0, 0]
							},
							"lerp_mode": "catmullrom"
						},
						"2.75": {
							"post": {
								"vector": [0, 0, 0]
							},
							"lerp_mode": "catmullrom"
						},
						"2.875": {
							"post": {
								"vector": [0, 0, 0]
							},
							"lerp_mode": "catmullrom"
						},
						"3.0": {
							"post": {
								"vector": [0, 0, 0]
							},
							"lerp_mode": "catmullrom"
						},
						"3.125": {
							"post": {
								"vector": [0, 0, 0]
							},
							"lerp_mode": "catmullrom"
						},
						"3.25": {
							"post": {
								"vector": [0, 0, 0]
							},
							"lerp_mode": "catmullrom"
						},
						"4.0833": {
							"post": {
								"vector": [0, 0, 0]
							},
							"lerp_mode": "catmullrom"
						},
						"4.3333": {
							"post": {
								"vector": [0, 0, 0]
							},
							"lerp_mode": "catmullrom"
						},
						"4.4583": {
							"post": {
								"vector": [0, 0, 0]
							},
							"lerp_mode": "catmullrom"
						},
						"4.5833": {
							"post": {
								"vector": [0, 0, 0]
							},
							"lerp_mode": "catmullrom"
						},
						"4.75": {
							"post": {
								"vector": [0, 0, 0]
							},
							"lerp_mode": "catmullrom"
						},
						"4.875": {
							"post": {
								"vector": [0, 0, 0]
							},
							"lerp_mode": "catmullrom"
						},
						"5.0": {
							"post": {
								"vector": [0, 0, 0]
							},
							"lerp_mode": "catmullrom"
						},
						"5.125": {
							"post": {
								"vector": [0, 0, 0]
							},
							"lerp_mode": "catmullrom"
						},
						"5.25": {
							"post": {
								"vector": [0, 0, 0]
							},
							"lerp_mode": "catmullrom"
						},
						"5.375": {
							"post": {
								"vector": [0, 0, 0]
							},
							"lerp_mode": "catmullrom"
						},
						"5.5": {
							"post": {
								"vector": [0, 0, 0]
							},
							"lerp_mode": "catmullrom"
						},
						"5.625": {
							"post": {
								"vector": [0, 0, 0]
							},
							"lerp_mode": "catmullrom"
						},
						"5.7083": {
							"post": {
								"vector": [0, 0, 0]
							},
							"lerp_mode": "catmullrom"
						},
						"5.8333": {
							"post": {
								"vector": [0, 0, 0]
							},
							"lerp_mode": "catmullrom"
						},
						"5.9167": {
							"post": {
								"vector": [0, 0, 0]
							},
							"lerp_mode": "catmullrom"
						},
						"6.0417": {
							"post": {
								"vector": [0, 0, 0]
							},
							"lerp_mode": "catmullrom"
						},
						"6.2917": {
							"post": {
								"vector": [0, 0, 0]
							},
							"lerp_mode": "catmullrom"
						},
						"6.4167": {
							"post": {
								"vector": [0, 0, 0]
							},
							"lerp_mode": "catmullrom"
						},
						"6.5417": {
							"post": {
								"vector": [0, 0, 0]
							},
							"lerp_mode": "catmullrom"
						},
						"6.7083": {
							"post": {
								"vector": [0, 0, 0]
							},
							"lerp_mode": "catmullrom"
						},
						"6.8333": {
							"post": {
								"vector": [0, 0, 0]
							},
							"lerp_mode": "catmullrom"
						},
						"6.9583": {
							"post": {
								"vector": [0, 0, 0]
							},
							"lerp_mode": "catmullrom"
						},
						"7.0833": {
							"post": {
								"vector": [0, 0, 0]
							},
							"lerp_mode": "catmullrom"
						},
						"7.2083": {
							"post": {
								"vector": [0, 0, 0]
							},
							"lerp_mode": "catmullrom"
						},
						"7.3333": {
							"post": {
								"vector": [0, 0, 0]
							},
							"lerp_mode": "catmullrom"
						}
					},
					"position": {
						"0.0": {
							"vector": [0, 0, 0]
						},
						"0.25": {
							"vector": [0, 1, 0]
						},
						"0.375": {
							"vector": [0, 0, 0]
						},
						"0.5": {
							"vector": [0, 1, 0]
						},
						"0.6667": {
							"vector": [0, 0, 0]
						},
						"0.7917": {
							"vector": [0, 1, 0]
						},
						"0.9167": {
							"vector": [0, 0, 0]
						},
						"1.0417": {
							"vector": [0, 1, 0]
						},
						"1.1667": {
							"vector": [0, 0, 0]
						},
						"1.2917": {
							"vector": [0, 1, 0]
						},
						"1.4167": {
							"vector": [0, 0, 0]
						},
						"1.5417": {
							"vector": [0, 1, 0]
						},
						"1.625": {
							"vector": [0, 0, 0]
						},
						"1.75": {
							"vector": [0, 1, 0]
						},
						"1.8333": {
							"vector": [0, 0, 0]
						},
						"1.9583": {
							"vector": [0, 1, 0]
						},
						"2.2083": {
							"vector": [0, 0, 0]
						},
						"2.3333": {
							"vector": [0, 0, 0]
						},
						"2.4583": {
							"vector": [0, 1, 0]
						},
						"2.625": {
							"vector": [0, 0, 0]
						},
						"2.75": {
							"vector": [0, 1, 0]
						},
						"2.875": {
							"vector": [0, 0, 0]
						},
						"3.0": {
							"vector": [0, 1, 0]
						},
						"3.125": {
							"vector": [0, 0, 0]
						},
						"3.25": {
							"vector": [0, 0, 0]
						},
						"4.0833": {
							"vector": [0, 0, 0]
						},
						"4.3333": {
							"vector": [0, 1, 0]
						},
						"4.4583": {
							"vector": [0, 0, 0]
						},
						"4.5833": {
							"vector": [0, 0, 0]
						},
						"4.75": {
							"vector": [0, 0, 0]
						},
						"4.875": {
							"vector": [0, 1, 0]
						},
						"5.0": {
							"vector": [0, 0, 0]
						},
						"5.125": {
							"vector": [0, 1, 0]
						},
						"5.25": {
							"vector": [0, 1, 0]
						},
						"5.375": {
							"vector": [0, 1, 0]
						},
						"5.5": {
							"vector": [0, 1, 0]
						},
						"5.7083": {
							"vector": [0, 0, 0]
						}
					}
				},
				"Root": {
					"rotation": {
						"0.0": {
							"post": {
								"vector": [4.98107, 0.43523, -4.98107]
							},
							"lerp_mode": "catmullrom"
						},
						"3.5833": {
							"post": {
								"vector": [0, 0, 0]
							},
							"lerp_mode": "catmullrom"
						},
						"6.5": {
							"post": {
								"vector": [4.98107, -0.43523, 4.98107]
							},
							"lerp_mode": "catmullrom"
						},
						"8.1667": {
							"post": {
								"vector": [4.98107, 0.43523, -4.98107]
							},
							"lerp_mode": "catmullrom"
						}
					},
					"position": {
						"0.0": {
							"post": {
								"vector": [5, 0, 0]
							},
							"lerp_mode": "catmullrom"
						},
						"3.5833": {
							"post": {
								"vector": [-3, 0, 0]
							},
							"lerp_mode": "catmullrom"
						},
						"6.4583": {
							"post": {
								"vector": [5, 0, 0]
							},
							"lerp_mode": "catmullrom"
						},
						"8.1667": {
							"post": {
								"vector": [5, 0, 0]
							},
							"lerp_mode": "catmullrom"
						}
					}
				},
				"Left_eye_b": {
					"rotation": {
						"0.0": {
							"post": {
								"vector": [0, 0, 0]
							},
							"lerp_mode": "catmullrom"
						},
						"0.5417": {
							"post": {
								"vector": [0, 0, 0]
							},
							"lerp_mode": "catmullrom"
						},
						"2.5417": {
							"post": {
								"vector": [0, 0, 0]
							},
							"lerp_mode": "catmullrom"
						}
					},
					"position": {
						"0.0": {
							"post": {
								"vector": [0, 0, 0]
							},
							"lerp_mode": "catmullrom"
						},
						"0.1667": {
							"post": {
								"vector": [0, 1, 0]
							},
							"lerp_mode": "catmullrom"
						},
						"0.5417": {
							"post": {
								"vector": [0, 0, 0]
							},
							"lerp_mode": "catmullrom"
						},
						"3.25": {
							"post": {
								"vector": [0, 0, 0]
							},
							"lerp_mode": "catmullrom"
						},
						"3.3333": {
							"post": {
								"vector": [0, 1, 0]
							},
							"lerp_mode": "catmullrom"
						},
						"3.5417": {
							"post": {
								"vector": [0, 0, 0]
							},
							"lerp_mode": "catmullrom"
						},
						"3.7083": {
							"post": {
								"vector": [0, 1, 0]
							},
							"lerp_mode": "catmullrom"
						},
						"4.0": {
							"post": {
								"vector": [0, 0, 0]
							},
							"lerp_mode": "catmullrom"
						},
						"4.25": {
							"post": {
								"vector": [0, 1, 0]
							},
							"lerp_mode": "catmullrom"
						},
						"4.4167": {
							"post": {
								"vector": [0, 0, 0]
							},
							"lerp_mode": "catmullrom"
						},
						"7.25": {
							"post": {
								"vector": [0, 0, 0]
							},
							"lerp_mode": "catmullrom"
						},
						"7.375": {
							"post": {
								"vector": [0, 1, 0]
							},
							"lerp_mode": "catmullrom"
						},
						"7.5": {
							"post": {
								"vector": [0, 0, 0]
							},
							"lerp_mode": "catmullrom"
						},
						"7.6667": {
							"post": {
								"vector": [0, 0, 0]
							},
							"lerp_mode": "catmullrom"
						},
						"7.75": {
							"post": {
								"vector": [0, 1, 0]
							},
							"lerp_mode": "catmullrom"
						},
						"7.875": {
							"post": {
								"vector": [0, 0, 0]
							},
							"lerp_mode": "catmullrom"
						}
					}
				},
				"Right_eye_b": {
					"rotation": {
						"0.0": {
							"post": {
								"vector": [0, 0, 0]
							},
							"lerp_mode": "catmullrom"
						},
						"0.5417": {
							"post": {
								"vector": [0, 0, 0]
							},
							"lerp_mode": "catmullrom"
						},
						"2.5417": {
							"post": {
								"vector": [0, 0, 0]
							},
							"lerp_mode": "catmullrom"
						}
					},
					"position": {
						"0.0": {
							"post": {
								"vector": [0, 0, 0]
							},
							"lerp_mode": "catmullrom"
						},
						"0.1667": {
							"post": {
								"vector": [0, 1, 0]
							},
							"lerp_mode": "catmullrom"
						},
						"0.5417": {
							"post": {
								"vector": [0, 0, 0]
							},
							"lerp_mode": "catmullrom"
						},
						"3.25": {
							"post": {
								"vector": [0, 0, 0]
							},
							"lerp_mode": "catmullrom"
						},
						"3.3333": {
							"post": {
								"vector": [0, 1, 0]
							},
							"lerp_mode": "catmullrom"
						},
						"3.5417": {
							"post": {
								"vector": [0, 0, 0]
							},
							"lerp_mode": "catmullrom"
						},
						"3.7083": {
							"post": {
								"vector": [0, 1, 0]
							},
							"lerp_mode": "catmullrom"
						},
						"4.0": {
							"post": {
								"vector": [0, 0, 0]
							},
							"lerp_mode": "catmullrom"
						},
						"4.25": {
							"post": {
								"vector": [0, 1, 0]
							},
							"lerp_mode": "catmullrom"
						},
						"4.4167": {
							"post": {
								"vector": [0, 0, 0]
							},
							"lerp_mode": "catmullrom"
						},
						"7.25": {
							"post": {
								"vector": [0, 0, 0]
							},
							"lerp_mode": "catmullrom"
						},
						"7.375": {
							"post": {
								"vector": [0, 1, 0]
							},
							"lerp_mode": "catmullrom"
						},
						"7.5": {
							"post": {
								"vector": [0, 0, 0]
							},
							"lerp_mode": "catmullrom"
						},
						"7.6667": {
							"post": {
								"vector": [0, 0, 0]
							},
							"lerp_mode": "catmullrom"
						},
						"7.75": {
							"post": {
								"vector": [0, 1, 0]
							},
							"lerp_mode": "catmullrom"
						},
						"7.875": {
							"post": {
								"vector": [0, 0, 0]
							},
							"lerp_mode": "catmullrom"
						}
					}
				},
				"Black_left": {
					"position": {
						"vector": [0.1, 0, 0]
					},
					"scale": {
						"vector": [0.9, 0.9, 1]
					}
				},
				"B": {
					"rotation": {
						"0.0": {
							"vector": [0, 0, 0]
						},
						"8.1667": {
							"vector": [0, -3330, 0]
						}
					},
					"scale": {
						"vector": [1, 1, 1]
					}
				},
				"Black_right": {
					"position": {
						"vector": [-0.1, 0, 0]
					},
					"scale": {
						"vector": [0.9, 0.9, 1]
					}
				},
				"K": {
					"rotation": {
						"0.4583": {
							"pre": {
								"vector": [0, 0, 0]
							},
							"post": {
								"vector": [0, 0, 0]
							},
							"lerp_mode": "catmullrom"
						},
						"1.7917": {
							"post": {
								"vector": [0, -360, 0]
							},
							"lerp_mode": "catmullrom"
						}
					}
				},
				"Armor_1": {
					"rotation": {
						"0.5": {
							"pre": {
								"vector": [0, 0, 0]
							},
							"post": {
								"vector": [0, 0, 0]
							},
							"lerp_mode": "catmullrom"
						},
						"0.9583": {
							"post": {
								"vector": [0, 0, -65]
							},
							"lerp_mode": "catmullrom"
						},
						"2.5833": {
							"post": {
								"vector": [0, 0, -65]
							},
							"lerp_mode": "catmullrom"
						},
						"3.0": {
							"post": {
								"vector": [0, 0, 0]
							},
							"lerp_mode": "catmullrom"
						}
					}
				},
				"K2": {
					"rotation": {
						"1.375": {
							"pre": {
								"vector": [0, 0, 0]
							},
							"post": {
								"vector": [0, 0, 0]
							},
							"lerp_mode": "catmullrom"
						},
						"2.7083": {
							"post": {
								"vector": [0, 360, 0]
							},
							"lerp_mode": "catmullrom"
						}
					}
				},
				"Armor_2": {
					"rotation": {
						"0.0": {
							"post": {
								"vector": [0, 0, 0]
							},
							"lerp_mode": "catmullrom"
						},
						"0.4583": {
							"post": {
								"vector": [0, 0, 65]
							},
							"lerp_mode": "catmullrom"
						},
						"2.0833": {
							"post": {
								"vector": [0, 0, 65]
							},
							"lerp_mode": "catmullrom"
						},
						"2.5": {
							"post": {
								"vector": [0, 0, 0]
							},
							"lerp_mode": "catmullrom"
						}
					}
				}
			},
			"sound_effects": {
				"0.0": {
					"effect": "sing"
				}
			}
		},
		"idle": {
			"loop": true,
			"bones": {
				"Nuck2": {
					"rotation": {
						"vector": ["0+query.head_pitch", "0+query.head_yaw", 0]
					}
				},
				"Head": {
					"rotation": {
						"vector": ["query.target_x_rotation * 0.7", "query.target_y_rotation * 0.7", "query.target_y_rotation * 0.05"]
					}
				}
			}
		}
	},
	"geckolib_format_version": 2
}