{
	"format_version": "1.12.0",
	"minecraft:geometry": [
		{
			"description": {
				"identifier": "geometry.ic_skibidi_katana",
				"texture_width": 256,
				"texture_height": 256,
				"visible_bounds_width": 8,
				"visible_bounds_height": 8.5,
				"visible_bounds_offset": [0, 3.75, 0]
			},
			"bones": [
				{
					"name": "root",
					"pivot": [0, 0, 0]
				},
				{
					"name": "toilet",
					"parent": "root",
					"pivot": [0, 75, 0],
					"cubes": [
						{"origin": [-5, 65, -5], "size": [10, 7, 10], "uv": [0, 72]},
						{"origin": [-6, 63, -6], "size": [12, 4, 12], "uv": [48, 57]},
						{"origin": [-7, 72, -7], "size": [14, 3, 14], "uv": [0, 37]},
						{"origin": [-9, 74, -7.5], "size": [9, 3, 15], "pivot": [0, 84, 0], "rotation": [0, 0, -77.5], "uv": [0, 54]},
						{"origin": [0, 74, -7.5], "size": [9, 3, 15], "pivot": [0, 84, 0], "rotation": [0, 0, 77.5], "uv": [0, 54], "mirror": true},
						{"origin": [-7.5, 74, -9], "size": [15, 3, 9], "pivot": [0, 84, 0], "rotation": [77.5, 0, 0], "uv": [58, 23]},
						{"origin": [-7.5, 74, 0], "size": [15, 3, 9], "pivot": [0, 84, 0], "rotation": [-77.5, 0, 0], "uv": [58, 11]},
						{"origin": [-8, 80.16026, -9.29852], "size": [16, 4, 2], "pivot": [0, 82.16026, -8.29852], "rotation": [-90, 0, 0], "uv": [68, 0]},
						{"origin": [-8, 80.16026, 7.29852], "size": [16, 4, 2], "pivot": [0, 82.16026, 8.29852], "rotation": [90, 0, 0], "uv": [68, 0]},
						{"origin": [7.27352, 80.16026, -8], "size": [2, 4, 16], "pivot": [8.29852, 82.16026, 0], "rotation": [0, 0, -90], "uv": [24, 73]},
						{"origin": [-9.27352, 80.16026, -8], "size": [2, 4, 16], "pivot": [-8.29852, 82.16026, 0], "rotation": [0, 0, 90], "uv": [24, 73]}
					]
				},
				{
					"name": "lid1",
					"parent": "toilet",
					"pivot": [0, 84, 9],
					"cubes": [
						{"origin": [-8, 81.16026, -9.29852], "size": [16, 4, 1], "pivot": [0, 83.16026, -8.29852], "rotation": [-90, 0, 0], "uv": [97, 11]},
						{"origin": [-9.27352, 81.16026, -8], "size": [1, 4, 16], "pivot": [-8.29852, 83.16026, 0], "rotation": [0, 0, 90], "uv": [80, 57]},
						{"origin": [-8, 81.16026, 8.29852], "size": [16, 4, 1], "pivot": [0, 83.16026, 8.29852], "rotation": [90, 0, 0], "uv": [97, 11], "mirror": true},
						{"origin": [8.27352, 81.16026, -8], "size": [1, 4, 16], "pivot": [8.29852, 83.16026, 0], "rotation": [0, 0, -90], "uv": [80, 57]}
					]
				},
				{
					"name": "back",
					"parent": "toilet",
					"pivot": [0, 104, 11],
					"cubes": [
						{"origin": [-11.5, 80, 10], "size": [23, 20, 6], "uv": [0, 11]},
						{"origin": [-12, 99, 9], "size": [24, 3, 8], "uv": [7, 0]}
					]
				},
				{
					"name": "lid2",
					"parent": "toilet",
					"pivot": [0, 83, 10]
				},
				{
					"name": "flush",
					"parent": "toilet",
					"pivot": [0, 93, 13],
					"cubes": [
						{"origin": [-1, 92, 12], "size": [2, 2, 2], "uv": [0, 0]}
					]
				},
				{
					"name": "neck",
					"parent": "toilet",
					"pivot": [0, 75, 5.675],
					"rotation": [15, 0, 0],
					"cubes": [
						{"origin": [-2.5, 72.34478, 1.52888], "size": [5, 10, 5], "pivot": [0, 78.49954, 0.84149], "rotation": [25, 0, 0], "uv": [77, 89]}
					]
				},
				{
					"name": "neck2",
					"parent": "neck",
					"pivot": [0, 82.55658, 1.98278],
					"rotation": [-27.5, 0, 0],
					"cubes": [
						{"origin": [-2.575, 79.72074, -2.62002], "size": [5, 10, 5], "pivot": [0, 86.87551, -3.30741], "rotation": [25, 0, 0], "uv": [56, 89]}
					]
				},
				{
					"name": "head",
					"parent": "neck2",
					"pivot": [0, 91.55658, -2.01722],
					"cubes": [
						{"origin": [-5, 89.55658, -7.01722], "size": [10, 11, 10], "pivot": [0, 92.55658, -2.01722], "rotation": [10, 0, 0], "uv": [0, 111]}
					]
				},
				{
					"name": "eyes",
					"parent": "head",
					"pivot": [0, 94.67209, -6.87575],
					"rotation": [10, 0, 0],
					"cubes": [
						{
							"origin": [-3.5, 93.79709, -7.87575],
							"size": [2.25, 1.75, 2],
							"uv": {
								"north": {"uv": [2, 43], "uv_size": [2, 2]},
								"east": {"uv": [0, 43], "uv_size": [2, 2]},
								"south": {"uv": [6, 43], "uv_size": [2, 2]},
								"west": {"uv": [4, 43], "uv_size": [2, 2]},
								"up": {"uv": [2, 41], "uv_size": [2, 2]},
								"down": {"uv": [4, 43], "uv_size": [2, -2]}
							}
						},
						{
							"origin": [1.25, 93.79709, -7.87575],
							"size": [2.25, 1.75, 2],
							"uv": {
								"north": {"uv": [4, 43], "uv_size": [-2, 2]},
								"east": {"uv": [6, 43], "uv_size": [-2, 2]},
								"south": {"uv": [8, 43], "uv_size": [-2, 2]},
								"west": {"uv": [2, 43], "uv_size": [-2, 2]},
								"up": {"uv": [4, 41], "uv_size": [-2, 2]},
								"down": {"uv": [6, 43], "uv_size": [-2, -2]}
							}
						}
					]
				},
				{
					"name": "pupils",
					"parent": "eyes",
					"pivot": [0, 94.67209, -6.87575]
				},
				{
					"name": "1",
					"parent": "pupils",
					"pivot": [0, 94.67209, -6.87575],
					"cubes": [
						{"origin": [-2.85, 94.16119, -8.37551], "size": [1, 1, 1], "inflate": -0.3, "uv": [0, 46]}
					]
				},
				{
					"name": "2",
					"parent": "pupils",
					"pivot": [0, 94.67209, -6.87575],
					"cubes": [
						{"origin": [1.85, 94.16119, -8.37551], "size": [1, 1, 1], "inflate": -0.3, "uv": [0, 46], "mirror": true}
					]
				},
				{
					"name": "mouth",
					"parent": "head",
					"pivot": [0, 91.58158, -1.99222],
					"cubes": [
						{
							"origin": [-4.975, 90.48158, -6.99222],
							"size": [9.9, 3.1, 4],
							"pivot": [0, 92.58158, -1.99222],
							"rotation": [10, 0, 0],
							"uv": {
								"north": {"uv": [46, 135], "uv_size": [10, 3]},
								"east": {"uv": [42, 135], "uv_size": [4, 3]},
								"south": {"uv": [60, 135], "uv_size": [10, 3]},
								"west": {"uv": [56, 135], "uv_size": [4, 3]},
								"up": {"uv": [46, 131], "uv_size": [10, 4]},
								"down": {"uv": [56, 135], "uv_size": [10, -4]}
							}
						},
						{
							"origin": [-5, 89.55658, -7.01722],
							"size": [10, 5, 5],
							"pivot": [0, 92.55658, -2.01722],
							"rotation": [10, 0, 0],
							"uv": {
								"north": {"uv": [47, 144], "uv_size": [10, 5]},
								"east": {"uv": [42, 144], "uv_size": [5, 5]},
								"south": {"uv": [62, 144], "uv_size": [10, 5]},
								"west": {"uv": [57, 144], "uv_size": [5, 5]},
								"up": {"uv": [47, 139], "uv_size": [10, 5]},
								"down": {"uv": [57, 144], "uv_size": [10, -5]}
							}
						}
					]
				},
				{
					"name": "upper_mouth",
					"parent": "mouth",
					"pivot": [0, 91.58158, -1.99222],
					"cubes": [
						{
							"origin": [-4, 92.05658, -7.01722],
							"size": [8, 2, 0],
							"pivot": [0, 92.55658, -2.01722],
							"rotation": [10, 0, 0],
							"uv": {
								"north": {"uv": [0, 142], "uv_size": [8, 2]},
								"east": {"uv": [0, 142], "uv_size": [0, 2]},
								"south": {"uv": [8, 142], "uv_size": [8, 2]},
								"west": {"uv": [8, 142], "uv_size": [0, 2]},
								"up": {"uv": [0, 142], "uv_size": [8, 0]},
								"down": {"uv": [8, 142], "uv_size": [8, 0]}
							}
						}
					]
				},
				{
					"name": "lower_mouth2",
					"parent": "mouth",
					"pivot": [0, 91.58158, -1.99222],
					"cubes": [
						{
							"origin": [-4, 90.05658, -7.01722],
							"size": [8, 2, 0],
							"pivot": [0, 92.55658, -2.01722],
							"rotation": [10, 0, 0],
							"uv": {
								"north": {"uv": [0, 144], "uv_size": [8, -2]},
								"east": {"uv": [0, 142], "uv_size": [0, 2]},
								"south": {"uv": [8, 142], "uv_size": [8, 2]},
								"west": {"uv": [8, 142], "uv_size": [0, 2]},
								"up": {"uv": [0, 142], "uv_size": [8, 0]},
								"down": {"uv": [8, 142], "uv_size": [8, 0]}
							}
						}
					]
				},
				{
					"name": "teeth",
					"parent": "head",
					"pivot": [0, 91.55658, -3.01722]
				},
				{
					"name": "upper",
					"parent": "teeth",
					"pivot": [0, 92.05658, -2.01722],
					"cubes": [
						{"origin": [-3, 91.86015, -6.2625], "size": [6, 2, 4], "pivot": [0, 92.86015, -4.2625], "rotation": [-170, 0, 0], "uv": [35, 56]}
					]
				},
				{
					"name": "lower",
					"parent": "teeth",
					"pivot": [0, 92.20658, -2.01722],
					"cubes": [
						{"origin": [-3, 89.89053, -5.9152], "size": [6, 2, 4], "pivot": [0, 90.89053, -3.9152], "rotation": [170, 0, 180], "uv": [35, 56]}
					]
				},
				{
					"name": "shield_front3",
					"parent": "head",
					"pivot": [0.5, 9.5, -5.75],
					"rotation": [89.99999, -82.5, -89.99999],
					"cubes": [
						{"origin": [9.5, 94, -10.75], "size": [6, 1, 1], "uv": [151, 0], "mirror": true},
						{"origin": [8.73898, 87.70557, -10.75], "size": [4, 12, 11], "inflate": -0.1, "pivot": [9.23898, 97.20557, -5.25], "rotation": [0, 0, -2.5], "uv": [226, 35], "mirror": true},
						{"origin": [9.5, 94, -0.75], "size": [6, 1, 1], "uv": [151, 0], "mirror": true}
					]
				},
				{
					"name": "left_arm",
					"parent": "toilet",
					"pivot": [6, 83, 16],
					"cubes": [
						{"origin": [3.5648, 80.70091, 13], "size": [5, 5, 5], "pivot": [6.0648, 83.20091, 15.5], "rotation": [0, -90, 0], "uv": [236, 149], "mirror": true}
					]
				},
				{
					"name": "left_arm2",
					"parent": "left_arm",
					"pivot": [6, 83, 16],
					"rotation": [0, 0, -15],
					"cubes": [
						{"origin": [4.25, 81.25, 16], "size": [4, 4, 18], "pivot": [6, 83, 17], "rotation": [-40, 47.5, 0], "uv": [212, 108]}
					]
				},
				{
					"name": "left_arm3",
					"parent": "left_arm2",
					"pivot": [15.20215, 72.50571, 25.0131],
					"rotation": [-1.109, -1.17326, -7.99171],
					"cubes": [
						{"origin": [32.19742, 49.67469, 23.27186], "size": [3, 14, 4], "pivot": [-1.91453, 15.70942, -14.7962], "rotation": [0, 0, -20], "uv": [242, 164], "mirror": true}
					]
				},
				{
					"name": "left_arm4",
					"parent": "left_arm3",
					"pivot": [19.6914, 61.3078, 24.91743],
					"rotation": [56.34705, 2.99066, -10.76066],
					"cubes": [
						{"origin": [1.20802, 15.69687, -105.3178], "size": [3, 22, 4], "pivot": [-4.30111, 31.36883, -33.73336], "rotation": [-145.46655, 7.65103, 15.57204], "uv": [242, 188], "mirror": true},
						{"origin": [2.70802, -13.30313, -105.3178], "size": [0, 30, 4], "pivot": [-4.30111, 31.36883, -33.73336], "rotation": [-145.46655, 7.65103, 15.57204], "uv": [158, 153], "mirror": true},
						{"origin": [1.20802, 16.69687, -105.3178], "size": [3, 3, 4], "inflate": 0.2, "pivot": [-4.30111, 31.36883, -33.73336], "rotation": [-145.46655, 7.65103, 15.57204], "uv": [218, 187], "mirror": true}
					]
				},
				{
					"name": "left_arm5",
					"parent": "toilet",
					"pivot": [6, 90, 16],
					"cubes": [
						{"origin": [3.5648, 87.29909, 13], "size": [5, 5, 5], "pivot": [6.0648, 89.79909, 15.5], "rotation": [0, -90, 0], "uv": [236, 149], "mirror": true}
					]
				},
				{
					"name": "left_arm6",
					"parent": "left_arm5",
					"pivot": [6, 90, 16],
					"rotation": [0, 0, 35],
					"cubes": [
						{"origin": [4.25, 87.75, 16], "size": [4, 4, 18], "pivot": [6, 90, 17], "rotation": [40, 47.5, 0], "uv": [212, 108]}
					]
				},
				{
					"name": "left_arm7",
					"parent": "left_arm6",
					"pivot": [15.20215, 100.49429, 25.0131],
					"rotation": [1.109, -1.17326, 7.99171],
					"cubes": [
						{"origin": [32.19742, 109.32531, 23.27186], "size": [3, 14, 4], "pivot": [-1.91453, 157.29058, -14.7962], "rotation": [0, 0, 20], "uv": [242, 164], "mirror": true}
					]
				},
				{
					"name": "left_arm8",
					"parent": "left_arm7",
					"pivot": [19.6914, 111.6922, 24.91743],
					"rotation": [-56.34705, 2.99066, 10.76066],
					"cubes": [
						{"origin": [1.20802, 135.30313, -105.3178], "size": [3, 22, 4], "pivot": [-4.30111, 141.63117, -33.73336], "rotation": [145.46655, 7.65103, -15.57204], "uv": [242, 188], "mirror": true},
						{"origin": [24.73649, 68.39864, 3.47555], "size": [0, 30, 4], "pivot": [24.73649, 83.39864, 5.47555], "rotation": [-145.46655, -7.65103, 164.42796], "uv": [158, 153], "mirror": true},
						{"origin": [1.20802, 153.30313, -105.3178], "size": [3, 3, 4], "inflate": 0.2, "pivot": [-4.30111, 141.63117, -33.73336], "rotation": [145.46655, 7.65103, -15.57204], "uv": [218, 187], "mirror": true}
					]
				},
				{
					"name": "right_arm5",
					"parent": "toilet",
					"pivot": [-6, 90, 16],
					"cubes": [
						{"origin": [-8.5648, 87.29909, 13], "size": [5, 5, 5], "pivot": [-6.0648, 89.79909, 15.5], "rotation": [0, 90, 0], "uv": [236, 149]}
					]
				},
				{
					"name": "right_arm6",
					"parent": "right_arm5",
					"pivot": [-6, 90, 16],
					"rotation": [0, 0, -35],
					"cubes": [
						{"origin": [-8.25, 87.75, 16], "size": [4, 4, 18], "pivot": [-6, 90, 17], "rotation": [40, -47.5, 0], "uv": [212, 108], "mirror": true}
					]
				},
				{
					"name": "right_arm7",
					"parent": "right_arm6",
					"pivot": [-15.20215, 100.49429, 25.0131],
					"rotation": [1.109, 1.17326, -7.99171],
					"cubes": [
						{"origin": [-35.19742, 109.32531, 23.27186], "size": [3, 14, 4], "pivot": [1.91453, 157.29058, -14.7962], "rotation": [0, 0, -20], "uv": [242, 164]}
					]
				},
				{
					"name": "right_arm8",
					"parent": "right_arm7",
					"pivot": [-19.6914, 111.6922, 24.91743],
					"rotation": [-56.34705, -2.99066, -10.76066],
					"cubes": [
						{"origin": [-4.20802, 135.30313, -105.3178], "size": [3, 22, 4], "pivot": [4.30111, 141.63117, -33.73336], "rotation": [145.46655, -7.65103, 15.57204], "uv": [242, 188]},
						{"origin": [-24.73649, 68.39864, 3.47555], "size": [0, 30, 4], "pivot": [-24.73649, 83.39864, 5.47555], "rotation": [-145.46655, 7.65103, -164.42796], "uv": [158, 153]},
						{"origin": [-4.20802, 153.30313, -105.3178], "size": [3, 3, 4], "inflate": 0.2, "pivot": [4.30111, 141.63117, -33.73336], "rotation": [145.46655, -7.65103, 15.57204], "uv": [218, 187]}
					]
				},
				{
					"name": "right_arm",
					"parent": "toilet",
					"pivot": [-6, 83, 16],
					"cubes": [
						{"origin": [-8.5648, 80.70091, 13], "size": [5, 5, 5], "pivot": [-6.0648, 83.20091, 15.5], "rotation": [0, 90, 0], "uv": [236, 149]}
					]
				},
				{
					"name": "right_arm2",
					"parent": "right_arm",
					"pivot": [-6, 83, 16],
					"rotation": [0, 0, 15],
					"cubes": [
						{"origin": [-8.25, 81.25, 16], "size": [4, 4, 18], "pivot": [-6, 83, 17], "rotation": [-40, -47.5, 0], "uv": [212, 108], "mirror": true}
					]
				},
				{
					"name": "right_arm3",
					"parent": "right_arm2",
					"pivot": [-15.20215, 72.50571, 25.0131],
					"rotation": [-1.109, 1.17326, 7.99171],
					"cubes": [
						{"origin": [-35.19742, 49.67469, 23.27186], "size": [3, 14, 4], "pivot": [1.91453, 15.70942, -14.7962], "rotation": [0, 0, 20], "uv": [242, 164]}
					]
				},
				{
					"name": "right_arm4",
					"parent": "right_arm3",
					"pivot": [-19.6914, 61.3078, 24.91743],
					"rotation": [56.34705, -2.99066, 10.76066],
					"cubes": [
						{"origin": [-4.20802, 15.69687, -105.3178], "size": [3, 22, 4], "pivot": [4.30111, 31.36883, -33.73336], "rotation": [-145.46655, -7.65103, -15.57204], "uv": [242, 188]},
						{"origin": [-2.70802, -13.30313, -105.3178], "size": [0, 30, 4], "pivot": [4.30111, 31.36883, -33.73336], "rotation": [-145.46655, -7.65103, -15.57204], "uv": [158, 153]},
						{"origin": [-4.20802, 16.69687, -105.3178], "size": [3, 3, 4], "inflate": 0.2, "pivot": [4.30111, 31.36883, -33.73336], "rotation": [-145.46655, -7.65103, -15.57204], "uv": [218, 187]}
					]
				},
				{
					"name": "left_leg",
					"parent": "root",
					"pivot": [4.5, 72.25, -4],
					"rotation": [0, 0, 85],
					"cubes": [
						{"origin": [4, 73, -4.25], "size": [34, 1, 1], "pivot": [7, 74, -4], "rotation": [-14.89149, 9.29798, -26.21777], "uv": [168, 22]},
						{"origin": [37.25, 72.5, -4.75], "size": [2, 2, 2], "pivot": [7, 74, -4], "rotation": [-14.89149, 9.29798, -26.21777], "uv": [168, 35]}
					]
				},
				{
					"name": "left_leg2",
					"parent": "left_leg",
					"pivot": [35, 87.25, -9],
					"rotation": [12.48848, 0.54094, -74.94081],
					"cubes": [
						{"origin": [36, 87, -9.25], "size": [32, 1, 1], "pivot": [35, 87.5, -9], "rotation": [12.02501, 12.80911, 76.3547], "uv": [168, 22]},
						{"origin": [66, 86.5, -9.75], "size": [3, 2, 2], "pivot": [35, 87.5, -9], "rotation": [12.02501, 12.80911, 76.3547], "uv": [168, 70]},
						{"origin": [43.97925, 56.18851, -18.37009], "size": [4, 0, 2], "pivot": [43.47925, 56.93851, -16.17009], "rotation": [-45.47499, 12.80911, 76.3547], "uv": [166, 51]},
						{"origin": [43.97925, 56.18851, -19.87009], "size": [4, 0, 2], "pivot": [43.47925, 56.93851, -16.17009], "rotation": [58.70619, 16.80293, 82.92275], "uv": [166, 51]},
						{"origin": [43.97925, 57.93851, -19.12009], "size": [4, 0, 2], "pivot": [43.47925, 56.93851, -16.17009], "rotation": [-171.94183, 4.73622, 79.77868], "uv": [166, 51]}
					]
				},
				{
					"name": "left_leg3",
					"parent": "left_leg2",
					"pivot": [42.74091, 55.3192, -16.40549],
					"cubes": [
						{"origin": [38.41697, 50.81355, -16.89312], "size": [10, 1, 1], "pivot": [43.41697, 51.31355, -16.39312], "rotation": [-51.67793, 1.41777, 81.49371], "uv": [234, 0]}
					]
				},
				{
					"name": "right_leg",
					"parent": "root",
					"pivot": [-4.5, 72.25, -4],
					"rotation": [0, 0, -85],
					"cubes": [
						{"origin": [-38, 73, -4.25], "size": [34, 1, 1], "pivot": [-7, 74, -4], "rotation": [-14.89149, -9.29798, 26.21777], "uv": [168, 22], "mirror": true},
						{"origin": [-39.25, 72.5, -4.75], "size": [2, 2, 2], "pivot": [-7, 74, -4], "rotation": [-14.89149, -9.29798, 26.21777], "uv": [168, 35], "mirror": true}
					]
				},
				{
					"name": "right_leg2",
					"parent": "right_leg",
					"pivot": [-35, 87.25, -9],
					"rotation": [12.48848, -0.54094, 74.94081],
					"cubes": [
						{"origin": [-68, 87, -9.25], "size": [32, 1, 1], "pivot": [-35, 87.5, -9], "rotation": [12.02501, -12.80911, -76.3547], "uv": [168, 22], "mirror": true},
						{"origin": [-69, 86.5, -9.75], "size": [3, 2, 2], "pivot": [-35, 87.5, -9], "rotation": [12.02501, -12.80911, -76.3547], "uv": [168, 70], "mirror": true},
						{"origin": [-47.97925, 56.18851, -18.37009], "size": [4, 0, 2], "pivot": [-43.47925, 56.93851, -16.17009], "rotation": [-45.47499, -12.80911, -76.3547], "uv": [166, 51], "mirror": true},
						{"origin": [-47.97925, 56.18851, -19.87009], "size": [4, 0, 2], "pivot": [-43.47925, 56.93851, -16.17009], "rotation": [58.70619, -16.80293, -82.92275], "uv": [166, 51], "mirror": true},
						{"origin": [-47.97925, 57.93851, -19.12009], "size": [4, 0, 2], "pivot": [-43.47925, 56.93851, -16.17009], "rotation": [-171.94183, -4.73622, -79.77868], "uv": [166, 51], "mirror": true}
					]
				},
				{
					"name": "right_leg3",
					"parent": "right_leg2",
					"pivot": [-42.74091, 55.3192, -16.40549],
					"cubes": [
						{"origin": [-48.41697, 50.81355, -16.89312], "size": [10, 1, 1], "pivot": [-43.41697, 51.31355, -16.39312], "rotation": [-51.67793, -1.41777, -81.49371], "uv": [234, 0], "mirror": true}
					]
				},
				{
					"name": "hind_leg",
					"parent": "root",
					"pivot": [0.25, 73.25, 4.25],
					"rotation": [-90, 2.5, 90],
					"cubes": [
						{"origin": [-0.5, 74, 4], "size": [34, 1, 1], "pivot": [2.5, 75, 4.25], "rotation": [0, 0, -27.5], "uv": [168, 22]},
						{"origin": [32.75, 73.5, 3.5], "size": [2, 2, 2], "pivot": [2.5, 75, 4.25], "rotation": [0, 0, -27.5], "uv": [168, 35]}
					]
				},
				{
					"name": "hind_leg2",
					"parent": "hind_leg",
					"pivot": [30.5, 89.25, 4.25],
					"rotation": [0, 0, -77.5],
					"cubes": [
						{"origin": [31.5, 89, 4], "size": [32, 1, 1], "pivot": [30.5, 89.5, 4.25], "rotation": [0, 0, 73.77007], "uv": [168, 22]},
						{"origin": [36.67607, 56.76844, 3.5076], "size": [3, 2, 2], "pivot": [39.43673, 57.67027, 4.56053], "rotation": [2.92701, 0.65044, 76.69972], "uv": [168, 70]},
						{"origin": [38.67607, 57.52129, 1.36905], "size": [4, 0, 2], "pivot": [39.43673, 57.67027, 4.56053], "rotation": [-42.69535, 4.33072, 73.31133], "uv": [166, 51]},
						{"origin": [38.58226, 57.75816, 1.4905], "size": [4, 0, 2], "pivot": [39.43673, 57.67027, 4.56053], "rotation": [60.23879, 4.39364, 83.2063], "uv": [166, 51]},
						{"origin": [38.58624, 57.61832, 1.55497], "size": [4, 0, 2], "pivot": [39.43673, 57.67027, 4.56053], "rotation": [-169.72136, -7.56587, 79.72353], "uv": [166, 51]}
					]
				},
				{
					"name": "hind_leg3",
					"parent": "hind_leg2",
					"pivot": [39.49091, 57.3192, 4.44451],
					"cubes": [
						{"origin": [37.47981, 55.07012, 3.96795], "size": [10, 1, 1], "pivot": [39.97981, 55.82012, 4.21795], "rotation": [0, 0, 81.49371], "uv": [234, 0]}
					]
				}
			]
		}
	]
}