{
	"format_version": "1.8.0",
	"animations": {
		"animation.titan.default4": {
			"loop": true,
			"bones": {
				"root": {
					"position": [0, 48, 0],
					"scale": 4
				}
			}
		},
		"animation.titan.look_at_target": {
			"loop": true,
			"bones": {
				"body": {
					"rotation": ["query.target_x_rotation * 0.3", "query.target_y_rotation * 0.35", 0]
				},
				"left_arm": {
					"rotation": ["-query.target_x_rotation * 0.2", 0, 0]
				},
				"right_arm": {
					"rotation": ["-query.target_x_rotation * 0.2", 0, 0]
				},
				"head": {
					"rotation": ["query.target_x_rotation * 0.25", "query.target_y_rotation * 0.5", "query.target_y_rotation * 0.0"]
				},
				"waist": {
					"rotation": ["query.target_x_rotation * 0.3", "query.target_y_rotation * 0.2", 0]
				}
			}
		},
		"animation.titan.fly": {
			"loop": true,
			"animation_length": 3,
			"bones": {
				"root": {
					"rotation": [57.5, 0, 0],
					"position": {
						"0.0": [0, 9, 18],
						"1.4583": {
							"pre": [0, 11, 18],
							"post": [0, 11, 18],
							"lerp_mode": "catmullrom"
						},
						"3.0": [0, 9, 18]
					}
				},
				"waist": {
					"rotation": [0, 0, 0]
				},
				"left_arm": {
					"rotation": {
						"0.0417": {
							"pre": [36.94633, -11.08856, -9.94888],
							"post": [36.94633, -11.08856, -9.94888],
							"lerp_mode": "catmullrom"
						},
						"0.75": {
							"post": [34.44633, -11.08856, -9.94888],
							"lerp_mode": "catmullrom"
						},
						"1.6667": {
							"post": [39.44633, -11.08856, -9.94888],
							"lerp_mode": "catmullrom"
						},
						"2.2917": {
							"post": [34.44633, -11.08856, -9.94888],
							"lerp_mode": "catmullrom"
						},
						"3.0": {
							"post": [36.94633, -11.08856, -9.94888],
							"lerp_mode": "catmullrom"
						}
					}
				},
				"left_arm2": {
					"rotation": [-35, 0, 0]
				},
				"right_arm": {
					"rotation": {
						"0.0": {
							"post": [31.92852, 10.11908, 10.98532],
							"lerp_mode": "catmullrom"
						},
						"0.8333": {
							"post": [26.92852, 10.11908, 10.98532],
							"lerp_mode": "catmullrom"
						},
						"1.5833": {
							"post": [31.92852, 10.11908, 10.98532],
							"lerp_mode": "catmullrom"
						},
						"2.375": {
							"post": [26.92852, 10.11908, 10.98532],
							"lerp_mode": "catmullrom"
						},
						"3.0": {
							"post": [31.92852, 10.11908, 10.98532],
							"lerp_mode": "catmullrom"
						}
					}
				},
				"right_arm2": {
					"rotation": [-25, 0, 0]
				},
				"camera_1": {
					"rotation": [-27.5, 0, 0]
				},
				"camera_2": {
					"rotation": [-22.5, 0, 0]
				},
				"head": {
					"rotation": [-37.5, 0, 0]
				},
				"rocket": {
					"rotation": [17.5, 0, 0]
				},
				"left_leg": {
					"rotation": [17.5, 0, 0]
				},
				"left_leg2": {
					"rotation": [22.5, 0, 0]
				},
				"right_leg": {
					"rotation": [32.5, 0, 0]
				},
				"right_leg2": {
					"rotation": [17.5, 0, 0]
				}
			},
			"particle_effects": {
				"0.0": {
					"effect": "rocket_flame",
					"locator": "thrust"
				},
				"0.0417": {
					"effect": "rocket_flame",
					"locator": "thrust2"
				}
			}
		},
		"animation.titan.fly2": {
			"loop": true,
			"animation_length": 3,
			"bones": {
				"root": {
					"rotation": [0, 0, 0],
					"position": {
						"0.0": [0, 11, 0],
						"1.5": {
							"pre": [0, 16, 0],
							"post": [0, 16, 0],
							"lerp_mode": "catmullrom"
						},
						"3.0": [0, 11, 0]
					}
				},
				"waist": {
					"rotation": [10, 0, 0]
				},
				"left_arm": {
					"rotation": [18.17043, -3.50795, -5.07658]
				},
				"left_arm2": {
					"rotation": [-35, 0, 0]
				},
				"right_arm": {
					"rotation": [14.70727, 7.1259, 4.28113]
				},
				"right_arm2": {
					"rotation": [-25, 0, 0]
				},
				"camera_1": {
					"rotation": [7.5, 0, 0]
				},
				"camera_2": {
					"rotation": [-5, 0, 0]
				},
				"head": {
					"rotation": [7.5, 0, 0]
				},
				"rocket": {
					"rotation": [0, 0, 0]
				},
				"left_leg": {
					"rotation": [-37.5, 0, 0]
				},
				"left_leg2": {
					"rotation": [72.5, 0, 0]
				},
				"right_leg": {
					"rotation": [10, 0, 0]
				},
				"right_leg2": {
					"rotation": [17.5, 0, 0]
				}
			},
			"particle_effects": {
				"0.0": {
					"effect": "rocket_flame",
					"locator": "thrust"
				},
				"0.0417": {
					"effect": "rocket_flame",
					"locator": "thrust2"
				}
			}
		},
		"animation.titan.walk": {
			"loop": true,
			"animation_length": 2,
			"anim_time_update": "query.anim_time + query.delta_time  * (query.ground_speed /17) * (query.is_on_ground ? 1.0 : 0.3)",
			"bones": {
				"waist": {
					"rotation": [0, 0, 0.01],
					"position": {
						"0.0": {
							"post": [0, 0, 0],
							"lerp_mode": "catmullrom"
						},
						"0.5": {
							"post": [0, -2, 0],
							"lerp_mode": "catmullrom"
						},
						"1.0": {
							"post": [0, 0, 0],
							"lerp_mode": "catmullrom"
						},
						"1.5": {
							"post": [0, -2, 0],
							"lerp_mode": "catmullrom"
						},
						"2.0": {
							"post": [0, 0, 0],
							"lerp_mode": "catmullrom"
						}
					}
				},
				"body": {
					"rotation": [12.5, 0, 0],
					"position": {
						"0.0": {
							"post": [0, 0, 0],
							"lerp_mode": "catmullrom"
						},
						"0.25": {
							"post": [0, 0, 0],
							"lerp_mode": "catmullrom"
						},
						"0.5417": {
							"post": [0, -1, 0],
							"lerp_mode": "catmullrom"
						},
						"0.8333": {
							"post": [0, 0, 0],
							"lerp_mode": "catmullrom"
						},
						"1.0": {
							"post": [0, 0, 0],
							"lerp_mode": "catmullrom"
						},
						"1.25": {
							"post": [0, 0, 0],
							"lerp_mode": "catmullrom"
						},
						"1.5417": {
							"post": [0, -1, 0],
							"lerp_mode": "catmullrom"
						},
						"1.8333": {
							"post": [0, 0, 0],
							"lerp_mode": "catmullrom"
						},
						"2.0": {
							"post": [0, 0, 0],
							"lerp_mode": "catmullrom"
						}
					}
				},
				"left_arm": {
					"rotation": {
						"0.0": {
							"post": [-9.99067, -0.43399, -2.46207],
							"lerp_mode": "catmullrom"
						},
						"0.5": {
							"post": [-14.99067, -0.43399, -2.46207],
							"lerp_mode": "catmullrom"
						},
						"1.0": {
							"post": [-9.99067, -0.43399, -2.46207],
							"lerp_mode": "catmullrom"
						},
						"1.5": {
							"post": [-4.99067, -0.43399, -2.46207],
							"lerp_mode": "catmullrom"
						},
						"2.0": {
							"post": [-9.99067, -0.43399, -2.46207],
							"lerp_mode": "catmullrom"
						}
					}
				},
				"left_arm2": {
					"rotation": [-10, 0, 0]
				},
				"right_arm": {
					"rotation": {
						"0.0": {
							"post": [-9.99067, 0.43399, 2.46207],
							"lerp_mode": "catmullrom"
						},
						"0.5": {
							"post": [-4.99067, 0.43399, 2.46207],
							"lerp_mode": "catmullrom"
						},
						"1.0": {
							"post": [-9.99067, 0.43399, 2.46207],
							"lerp_mode": "catmullrom"
						},
						"1.5": {
							"post": [-14.99067, 0.43399, 2.46207],
							"lerp_mode": "catmullrom"
						},
						"2.0": {
							"post": [-9.99067, 0.43399, 2.46207],
							"lerp_mode": "catmullrom"
						}
					}
				},
				"right_arm2": {
					"rotation": [-10, 0, 0]
				},
				"left_leg": {
					"rotation": {
						"0.0": [0, 0, 0],
						"0.5": {
							"pre": [27.5, 0, 0],
							"post": [27.5, 0, 0],
							"lerp_mode": "catmullrom"
						},
						"1.0": {
							"post": [-27.5, 0, 0],
							"lerp_mode": "catmullrom"
						},
						"1.5": [-30, 0, 0],
						"2.0": [0, 0, 0]
					},
					"position": {
						"0.0": [0, 0, 0],
						"0.5": {
							"pre": [0, -4, 0],
							"post": [0, -4, 0],
							"lerp_mode": "catmullrom"
						},
						"1.0": {
							"post": [0, 1, 0],
							"lerp_mode": "catmullrom"
						},
						"1.5": [0, -3, 0],
						"2.0": [0, 0, 0]
					}
				},
				"left_leg2": {
					"rotation": {
						"0.0": [2.5, 0, 0],
						"0.5": {
							"pre": [10, 0, 0],
							"post": [10, 0, 0],
							"lerp_mode": "catmullrom"
						},
						"1.0": {
							"post": [62.5, 0, 0],
							"lerp_mode": "catmullrom"
						},
						"1.5": [2.5, 0, 0],
						"2.0": [2.5, 0, 0]
					}
				},
				"right_leg": {
					"rotation": {
						"0.0": {
							"post": [-27.5, 0, 0],
							"lerp_mode": "catmullrom"
						},
						"0.5": [-30, 0, 0],
						"1.0": [0, 0, 0],
						"1.5": {
							"pre": [27.5, 0, 0],
							"post": [27.5, 0, 0],
							"lerp_mode": "catmullrom"
						},
						"2.0": {
							"post": [-27.5, 0, 0],
							"lerp_mode": "catmullrom"
						}
					},
					"position": {
						"0.0": {
							"post": [0, 1, 0],
							"lerp_mode": "catmullrom"
						},
						"0.5": [0, -3, 0],
						"1.0": [0, 0, 0],
						"1.5": {
							"pre": [0, -4, 0],
							"post": [0, -4, 0],
							"lerp_mode": "catmullrom"
						},
						"2.0": {
							"post": [0, 1, 0],
							"lerp_mode": "catmullrom"
						}
					}
				},
				"right_leg2": {
					"rotation": {
						"0.0": {
							"post": [62.5, 0, 0],
							"lerp_mode": "catmullrom"
						},
						"0.5": [2.5, 0, 0],
						"1.0": [2.5, 0, 0],
						"1.5": {
							"pre": [10, 0, 0],
							"post": [10, 0, 0],
							"lerp_mode": "catmullrom"
						},
						"2.0": {
							"post": [62.5, 0, 0],
							"lerp_mode": "catmullrom"
						}
					}
				},
				"tentacle_left": {
					"rotation": {
						"0.0": {
							"post": [0, 0, 2.5],
							"lerp_mode": "catmullrom"
						},
						"0.3333": {
							"post": [0, 0, 2.5],
							"lerp_mode": "catmullrom"
						},
						"0.5833": {
							"post": [0, 0, -2.5],
							"lerp_mode": "catmullrom"
						},
						"1.0833": {
							"post": [0, 0, 2.5],
							"lerp_mode": "catmullrom"
						},
						"1.3333": {
							"post": [0, 0, 2.5],
							"lerp_mode": "catmullrom"
						},
						"1.5833": {
							"post": [0, 0, -2.5],
							"lerp_mode": "catmullrom"
						},
						"2.0": {
							"post": [0, 0, 2.5],
							"lerp_mode": "catmullrom"
						}
					}
				},
				"tentacle_right": {
					"rotation": {
						"0.0": {
							"post": [0, 0, -2.5],
							"lerp_mode": "catmullrom"
						},
						"0.25": {
							"post": [0, 0, -2.5],
							"lerp_mode": "catmullrom"
						},
						"0.5": {
							"post": [0, 0, 2.5],
							"lerp_mode": "catmullrom"
						},
						"1.0": {
							"post": [0, 0, -2.5],
							"lerp_mode": "catmullrom"
						},
						"1.25": {
							"post": [0, 0, -2.5],
							"lerp_mode": "catmullrom"
						},
						"1.5": {
							"post": [0, 0, 2.5],
							"lerp_mode": "catmullrom"
						},
						"2.0": {
							"post": [0, 0, -2.5],
							"lerp_mode": "catmullrom"
						}
					}
				},
				"tentacle_left2": {
					"rotation": {
						"0.0": {
							"post": [0, 0, 2.5],
							"lerp_mode": "catmullrom"
						},
						"0.2083": {
							"post": [0, 0, 2.5],
							"lerp_mode": "catmullrom"
						},
						"0.4583": {
							"post": [0, 0, -2.5],
							"lerp_mode": "catmullrom"
						},
						"0.9583": {
							"post": [0, 0, 2.5],
							"lerp_mode": "catmullrom"
						},
						"1.2083": {
							"post": [0, 0, 2.5],
							"lerp_mode": "catmullrom"
						},
						"1.4583": {
							"post": [0, 0, -2.5],
							"lerp_mode": "catmullrom"
						},
						"2.0": {
							"post": [0, 0, 2.5],
							"lerp_mode": "catmullrom"
						}
					}
				},
				"tentacle_right2": {
					"rotation": {
						"0.0": {
							"post": [0, 0, -2.5],
							"lerp_mode": "catmullrom"
						},
						"0.375": {
							"post": [0, 0, -2.5],
							"lerp_mode": "catmullrom"
						},
						"0.625": {
							"post": [0, 0, 2.5],
							"lerp_mode": "catmullrom"
						},
						"1.125": {
							"post": [0, 0, -2.5],
							"lerp_mode": "catmullrom"
						},
						"1.375": {
							"post": [0, 0, -2.5],
							"lerp_mode": "catmullrom"
						},
						"1.625": {
							"post": [0, 0, 2.5],
							"lerp_mode": "catmullrom"
						},
						"2.0": {
							"post": [0, 0, -2.5],
							"lerp_mode": "catmullrom"
						}
					}
				},
				"head": {
					"rotation": [-5, 0, 0]
				}
			}
		},
		"animation.titan.walk_backwards": {
			"loop": true,
			"animation_length": 2,
			"anim_time_update": "query.anim_time + query.delta_time  * (query.ground_speed /17) * (query.is_on_ground ? 1.0 : 0.3)",
			"bones": {
				"waist": {
					"position": {
						"0.0": {
							"post": [0, 0, 0],
							"lerp_mode": "catmullrom"
						},
						"0.5": {
							"post": [0, -2, 0],
							"lerp_mode": "catmullrom"
						},
						"1.0": {
							"post": [0, 0, 0],
							"lerp_mode": "catmullrom"
						},
						"1.5": {
							"post": [0, -2, 0],
							"lerp_mode": "catmullrom"
						},
						"2.0": {
							"post": [0, 0, 0],
							"lerp_mode": "catmullrom"
						}
					}
				},
				"body": {
					"rotation": [12.5, 0, 0],
					"position": {
						"0.0": {
							"post": [0, 0, 0],
							"lerp_mode": "catmullrom"
						},
						"0.25": {
							"post": [0, 0, 0],
							"lerp_mode": "catmullrom"
						},
						"0.5417": {
							"post": [0, -1, 0],
							"lerp_mode": "catmullrom"
						},
						"0.8333": {
							"post": [0, 0, 0],
							"lerp_mode": "catmullrom"
						},
						"1.0": {
							"post": [0, 0, 0],
							"lerp_mode": "catmullrom"
						},
						"1.25": {
							"post": [0, 0, 0],
							"lerp_mode": "catmullrom"
						},
						"1.5417": {
							"post": [0, -1, 0],
							"lerp_mode": "catmullrom"
						},
						"1.8333": {
							"post": [0, 0, 0],
							"lerp_mode": "catmullrom"
						},
						"2.0": {
							"post": [0, 0, 0],
							"lerp_mode": "catmullrom"
						}
					}
				},
				"left_arm": {
					"rotation": {
						"0.0": {
							"post": [-60.51834, 55.4878, -13.13807],
							"lerp_mode": "catmullrom"
						},
						"0.5": {
							"post": [-55.51834, 55.4878, -13.13807],
							"lerp_mode": "catmullrom"
						},
						"1.0": {
							"post": [-60.51834, 55.4878, -13.13807],
							"lerp_mode": "catmullrom"
						},
						"1.5": {
							"post": [-55.51834, 55.4878, -13.13807],
							"lerp_mode": "catmullrom"
						},
						"2.0": {
							"post": [-60.51834, 55.4878, -13.13807],
							"lerp_mode": "catmullrom"
						}
					},
					"position": [3, 0, -1]
				},
				"left_arm2": {
					"rotation": [-85.04256, -0.65182, 7.47178]
				},
				"right_arm": {
					"rotation": {
						"0.0": {
							"post": [-57.87569, -47.35371, 22.51771],
							"lerp_mode": "catmullrom"
						},
						"0.4583": {
							"post": [-52.87569, -47.35371, 22.51771],
							"lerp_mode": "catmullrom"
						},
						"1.0": {
							"post": [-57.87569, -47.35371, 22.51771],
							"lerp_mode": "catmullrom"
						},
						"1.4583": {
							"post": [-52.87569, -47.35371, 22.51771],
							"lerp_mode": "catmullrom"
						},
						"2.0": {
							"post": [-57.87569, -47.35371, 22.51771],
							"lerp_mode": "catmullrom"
						}
					},
					"position": [-3, 0, -1]
				},
				"right_arm2": {
					"rotation": [-75.04256, -0.65182, 7.47178]
				},
				"left_leg": {
					"rotation": {
						"0.0": [0, 0, 0],
						"0.5": [-30, 0, 0],
						"1.0": {
							"pre": [-27.5, 0, 0],
							"post": [-27.5, 0, 0],
							"lerp_mode": "catmullrom"
						},
						"1.5": {
							"post": [27.5, 0, 0],
							"lerp_mode": "catmullrom"
						},
						"2.0": [0, 0, 0]
					},
					"position": {
						"0.0": [0, 0, 0],
						"0.5": [0, -3, 0],
						"1.0": {
							"pre": [0, 1, 0],
							"post": [0, 1, 0],
							"lerp_mode": "catmullrom"
						},
						"1.5": {
							"post": [0, -4, 0],
							"lerp_mode": "catmullrom"
						},
						"2.0": [0, 0, 0]
					}
				},
				"left_leg2": {
					"rotation": {
						"0.0": [2.5, 0, 0],
						"0.5": [2.5, 0, 0],
						"1.0": {
							"pre": [62.5, 0, 0],
							"post": [62.5, 0, 0],
							"lerp_mode": "catmullrom"
						},
						"1.5": {
							"post": [10, 0, 0],
							"lerp_mode": "catmullrom"
						},
						"2.0": [2.5, 0, 0]
					}
				},
				"right_leg": {
					"rotation": {
						"0.0": {
							"post": [-27.5, 0, 0],
							"lerp_mode": "catmullrom"
						},
						"0.5": {
							"post": [27.5, 0, 0],
							"lerp_mode": "catmullrom"
						},
						"1.0": [0, 0, 0],
						"1.5": [-30, 0, 0],
						"2.0": {
							"pre": [-27.5, 0, 0],
							"post": [-27.5, 0, 0],
							"lerp_mode": "catmullrom"
						}
					},
					"position": {
						"0.0": {
							"post": [0, 1, 0],
							"lerp_mode": "catmullrom"
						},
						"0.5": {
							"post": [0, -4, 0],
							"lerp_mode": "catmullrom"
						},
						"1.0": [0, 0, 0],
						"1.5": [0, -3, 0],
						"2.0": {
							"pre": [0, 1, 0],
							"post": [0, 1, 0],
							"lerp_mode": "catmullrom"
						}
					}
				},
				"right_leg2": {
					"rotation": {
						"0.0": {
							"post": [62.5, 0, 0],
							"lerp_mode": "catmullrom"
						},
						"0.5": {
							"post": [10, 0, 0],
							"lerp_mode": "catmullrom"
						},
						"1.0": [2.5, 0, 0],
						"1.5": [2.5, 0, 0],
						"2.0": {
							"pre": [62.5, 0, 0],
							"post": [62.5, 0, 0],
							"lerp_mode": "catmullrom"
						}
					}
				},
				"tentacle_left": {
					"rotation": {
						"0.0": {
							"post": [0, 0, 2.5],
							"lerp_mode": "catmullrom"
						},
						"0.3333": {
							"post": [0, 0, 2.5],
							"lerp_mode": "catmullrom"
						},
						"0.5833": {
							"post": [0, 0, -2.5],
							"lerp_mode": "catmullrom"
						},
						"1.0833": {
							"post": [0, 0, 2.5],
							"lerp_mode": "catmullrom"
						},
						"1.3333": {
							"post": [0, 0, 2.5],
							"lerp_mode": "catmullrom"
						},
						"1.5833": {
							"post": [0, 0, -2.5],
							"lerp_mode": "catmullrom"
						},
						"2.0": {
							"post": [0, 0, 2.5],
							"lerp_mode": "catmullrom"
						}
					}
				},
				"tentacle_right": {
					"rotation": {
						"0.0": {
							"post": [0, 0, -2.5],
							"lerp_mode": "catmullrom"
						},
						"0.25": {
							"post": [0, 0, -2.5],
							"lerp_mode": "catmullrom"
						},
						"0.5": {
							"post": [0, 0, 2.5],
							"lerp_mode": "catmullrom"
						},
						"1.0": {
							"post": [0, 0, -2.5],
							"lerp_mode": "catmullrom"
						},
						"1.25": {
							"post": [0, 0, -2.5],
							"lerp_mode": "catmullrom"
						},
						"1.5": {
							"post": [0, 0, 2.5],
							"lerp_mode": "catmullrom"
						},
						"2.0": {
							"post": [0, 0, -2.5],
							"lerp_mode": "catmullrom"
						}
					}
				},
				"tentacle_left2": {
					"rotation": {
						"0.0": {
							"post": [0, 0, 2.5],
							"lerp_mode": "catmullrom"
						},
						"0.2083": {
							"post": [0, 0, 2.5],
							"lerp_mode": "catmullrom"
						},
						"0.4583": {
							"post": [0, 0, -2.5],
							"lerp_mode": "catmullrom"
						},
						"0.9583": {
							"post": [0, 0, 2.5],
							"lerp_mode": "catmullrom"
						},
						"1.2083": {
							"post": [0, 0, 2.5],
							"lerp_mode": "catmullrom"
						},
						"1.4583": {
							"post": [0, 0, -2.5],
							"lerp_mode": "catmullrom"
						},
						"2.0": {
							"post": [0, 0, 2.5],
							"lerp_mode": "catmullrom"
						}
					}
				},
				"tentacle_right2": {
					"rotation": {
						"0.0": {
							"post": [0, 0, -2.5],
							"lerp_mode": "catmullrom"
						},
						"0.375": {
							"post": [0, 0, -2.5],
							"lerp_mode": "catmullrom"
						},
						"0.625": {
							"post": [0, 0, 2.5],
							"lerp_mode": "catmullrom"
						},
						"1.125": {
							"post": [0, 0, -2.5],
							"lerp_mode": "catmullrom"
						},
						"1.375": {
							"post": [0, 0, -2.5],
							"lerp_mode": "catmullrom"
						},
						"1.625": {
							"post": [0, 0, 2.5],
							"lerp_mode": "catmullrom"
						},
						"2.0": {
							"post": [0, 0, -2.5],
							"lerp_mode": "catmullrom"
						}
					}
				},
				"head": {
					"rotation": [25, 0, 0]
				},
				"root": {
					"rotation": [0, 180, 0]
				}
			}
		},
		"animation.titan.attack1": {
			"loop": true,
			"animation_length": 2.1667,
			"bones": {
				"waist": {
					"rotation": {
						"0.0": {
							"post": [0, 0, 0],
							"lerp_mode": "catmullrom"
						},
						"0.5": {
							"post": [-5, 0, 0],
							"lerp_mode": "catmullrom"
						},
						"1.125": {
							"post": [-5, 0, 0],
							"lerp_mode": "catmullrom"
						},
						"1.5": {
							"post": [35, 0, 0],
							"lerp_mode": "catmullrom"
						},
						"2.1667": {
							"post": [0, 0, 0],
							"lerp_mode": "catmullrom"
						}
					},
					"position": {
						"0.0": {
							"post": [0, 0, 0],
							"lerp_mode": "catmullrom"
						},
						"1.125": {
							"post": [0, 0, 0],
							"lerp_mode": "catmullrom"
						},
						"1.5": {
							"post": [0, -2, 0],
							"lerp_mode": "catmullrom"
						},
						"2.1667": {
							"post": [0, 0, 0],
							"lerp_mode": "catmullrom"
						}
					}
				},
				"left_arm": {
					"rotation": {
						"0.0": {
							"post": [0, 0, 0],
							"lerp_mode": "catmullrom"
						},
						"0.5": {
							"post": [-90, 0, 0],
							"lerp_mode": "catmullrom"
						},
						"1.125": {
							"post": [-90, 0, 0],
							"lerp_mode": "catmullrom"
						},
						"1.5": {
							"post": [-35, 0, 0],
							"lerp_mode": "catmullrom"
						},
						"2.1667": {
							"post": [0, 0, 0],
							"lerp_mode": "catmullrom"
						}
					}
				},
				"left_arm2": {
					"rotation": {
						"0.0": {
							"post": [0, 0, 0],
							"lerp_mode": "catmullrom"
						},
						"0.5417": {
							"post": [-85, 0, 0],
							"lerp_mode": "catmullrom"
						},
						"1.125": {
							"post": [-85, 0, 0],
							"lerp_mode": "catmullrom"
						},
						"1.5": {
							"post": [-15, 0, 0],
							"lerp_mode": "catmullrom"
						},
						"2.1667": {
							"post": [0, 0, 0],
							"lerp_mode": "catmullrom"
						}
					}
				},
				"head": {
					"rotation": {
						"0.0": {
							"post": [0, 0, 0],
							"lerp_mode": "catmullrom"
						},
						"0.375": {
							"post": [17.5, 0, 0],
							"lerp_mode": "catmullrom"
						},
						"1.125": {
							"post": [17.5, 0, 0],
							"lerp_mode": "catmullrom"
						},
						"1.5": {
							"post": [12.5, 0, 0],
							"lerp_mode": "catmullrom"
						},
						"2.1667": {
							"post": [0, 0, 0],
							"lerp_mode": "catmullrom"
						}
					}
				}
			}
		},
		"animation.titan.attack2": {
			"loop": true,
			"animation_length": 2.1667,
			"bones": {
				"waist": {
					"rotation": {
						"0.0": {
							"post": [0, 0, 0],
							"lerp_mode": "catmullrom"
						},
						"0.5": {
							"post": [-5, 0, 0],
							"lerp_mode": "catmullrom"
						},
						"1.125": {
							"post": [-5, 0, 0],
							"lerp_mode": "catmullrom"
						},
						"1.5": {
							"post": [35, 0, 0],
							"lerp_mode": "catmullrom"
						},
						"2.1667": {
							"post": [0, 0, 0],
							"lerp_mode": "catmullrom"
						}
					},
					"position": {
						"0.0": {
							"post": [0, 0, 0],
							"lerp_mode": "catmullrom"
						},
						"1.125": {
							"post": [0, 0, 0],
							"lerp_mode": "catmullrom"
						},
						"1.5": {
							"post": [0, -2, 0],
							"lerp_mode": "catmullrom"
						},
						"2.1667": {
							"post": [0, 0, 0],
							"lerp_mode": "catmullrom"
						}
					}
				},
				"head": {
					"rotation": {
						"0.0": {
							"post": [0, 0, 0],
							"lerp_mode": "catmullrom"
						},
						"0.375": {
							"post": [17.5, 0, 0],
							"lerp_mode": "catmullrom"
						},
						"1.125": {
							"post": [17.5, 0, 0],
							"lerp_mode": "catmullrom"
						},
						"1.5": {
							"post": [12.5, 0, 0],
							"lerp_mode": "catmullrom"
						},
						"2.1667": {
							"post": [0, 0, 0],
							"lerp_mode": "catmullrom"
						}
					}
				},
				"right_arm": {
					"rotation": {
						"0.0": {
							"post": [0, 0, 0],
							"lerp_mode": "catmullrom"
						},
						"0.5": {
							"post": [-90, 0, 0],
							"lerp_mode": "catmullrom"
						},
						"1.125": {
							"post": [-90, 0, 0],
							"lerp_mode": "catmullrom"
						},
						"1.5": {
							"post": [-35, 0, 0],
							"lerp_mode": "catmullrom"
						},
						"2.1667": {
							"post": [0, 0, 0],
							"lerp_mode": "catmullrom"
						}
					}
				},
				"right_arm2": {
					"rotation": {
						"0.0": {
							"post": [0, 0, 0],
							"lerp_mode": "catmullrom"
						},
						"0.5417": {
							"post": [-85, 0, 0],
							"lerp_mode": "catmullrom"
						},
						"1.125": {
							"post": [-85, 0, 0],
							"lerp_mode": "catmullrom"
						},
						"1.5": {
							"post": [-15, 0, 0],
							"lerp_mode": "catmullrom"
						},
						"2.1667": {
							"post": [0, 0, 0],
							"lerp_mode": "catmullrom"
						}
					}
				}
			},
			"particle_effects": {
				"0.0": {
					"effect": "hammer_trail",
					"locator": "thrust3"
				}
			}
		},
		"animation.titan.attack3": {
			"animation_length": 2.5,
			"bones": {
				"waist": {
					"rotation": {
						"0.0": [0, 0, 0],
						"0.5": {
							"pre": [0, 12.5, 0],
							"post": [0, 12.5, 0],
							"lerp_mode": "catmullrom"
						},
						"1.125": {
							"post": [0, 15, 0],
							"lerp_mode": "catmullrom"
						},
						"1.5": {
							"post": [0, -12.5, 0],
							"lerp_mode": "catmullrom"
						},
						"2.0833": {
							"post": [0, -12.5, 0],
							"lerp_mode": "catmullrom"
						},
						"2.5": [0, 0, 0]
					}
				},
				"body": {
					"rotation": {
						"0.0": [0, 0, 0],
						"0.5": {
							"pre": [0, 12.5, 0],
							"post": [0, 12.5, 0],
							"lerp_mode": "catmullrom"
						},
						"1.125": {
							"post": [0, 15, 0],
							"lerp_mode": "catmullrom"
						},
						"1.5": {
							"post": [0, -12.5, 0],
							"lerp_mode": "catmullrom"
						},
						"2.0833": {
							"post": [0, -12.5, 0],
							"lerp_mode": "catmullrom"
						},
						"2.5": [0, 0, 0]
					}
				},
				"right_arm": {
					"rotation": {
						"0.0": {
							"post": [0, 0, 0],
							"lerp_mode": "catmullrom"
						},
						"0.6667": {
							"post": [4.43839, -4.46375, 41.83501],
							"lerp_mode": "catmullrom"
						},
						"1.2083": {
							"post": [2.13365, -5.92016, 66.89774],
							"lerp_mode": "catmullrom"
						},
						"1.75": {
							"post": [-103.38493, -23.53806, 87.63672],
							"lerp_mode": "catmullrom"
						},
						"2.1667": {
							"post": [-14.19937, -18.87858, 4.24402],
							"lerp_mode": "catmullrom"
						},
						"2.5": {
							"post": [0, 0, 0],
							"lerp_mode": "catmullrom"
						}
					},
					"position": {
						"0.0": {
							"post": [0, 0, 0],
							"lerp_mode": "catmullrom"
						},
						"0.6667": {
							"post": [0, -2, 0],
							"lerp_mode": "catmullrom"
						},
						"1.2083": {
							"post": [0, -4, 0],
							"lerp_mode": "catmullrom"
						},
						"1.75": {
							"post": [-3, -4, 0],
							"lerp_mode": "catmullrom"
						},
						"2.5": {
							"post": [0, 0, 0],
							"lerp_mode": "catmullrom"
						}
					}
				},
				"right_arm2": {
					"rotation": {
						"0.0": {
							"post": [0, 0, 0],
							"lerp_mode": "catmullrom"
						},
						"0.6667": {
							"post": [-77.5, 0, 0],
							"lerp_mode": "catmullrom"
						},
						"1.25": {
							"post": [-77.5, 0, 0],
							"lerp_mode": "catmullrom"
						},
						"1.75": {
							"post": [-17.5, 0, 0],
							"lerp_mode": "catmullrom"
						},
						"2.5": {
							"post": [0, 0, 0],
							"lerp_mode": "catmullrom"
						}
					}
				},
				"head": {
					"rotation": {
						"0.0": {
							"post": [0, 0, 0],
							"lerp_mode": "catmullrom"
						},
						"0.625": {
							"post": [0, -27.5, 0],
							"lerp_mode": "catmullrom"
						},
						"1.7083": {
							"post": [0, 2.5, 0],
							"lerp_mode": "catmullrom"
						},
						"2.5": {
							"post": [0, 0, 0],
							"lerp_mode": "catmullrom"
						}
					}
				}
			}
		},
		"animation.titan.attack4": {
			"animation_length": 2.5,
			"bones": {
				"waist": {
					"rotation": {
						"0.0": [0, 0, 0],
						"0.5833": {
							"pre": [0, -12.5, 0],
							"post": [0, -12.5, 0],
							"lerp_mode": "catmullrom"
						},
						"1.1667": {
							"post": [0, -12.5, 0],
							"lerp_mode": "catmullrom"
						},
						"1.5417": {
							"post": [0, 15, 0],
							"lerp_mode": "catmullrom"
						},
						"2.1667": {
							"post": [0, 12.5, 0],
							"lerp_mode": "catmullrom"
						},
						"2.5": [0, 0, 0]
					}
				},
				"body": {
					"rotation": {
						"0.0": [0, 0, 0],
						"0.4167": {
							"pre": [0, -12.5, 0],
							"post": [0, -12.5, 0],
							"lerp_mode": "catmullrom"
						},
						"1.0": {
							"post": [0, -12.5, 0],
							"lerp_mode": "catmullrom"
						},
						"1.375": {
							"post": [0, 15, 0],
							"lerp_mode": "catmullrom"
						},
						"2.0": {
							"post": [0, 12.5, 0],
							"lerp_mode": "catmullrom"
						},
						"2.5": [0, 0, 0]
					}
				},
				"right_arm": {
					"rotation": {
						"0.0": {
							"post": [0, 0, 0],
							"lerp_mode": "catmullrom"
						},
						"0.9167": {
							"post": [-103.38493, -23.53806, 87.63672],
							"lerp_mode": "catmullrom"
						},
						"1.4583": {
							"post": [2.13365, -5.92016, 66.89774],
							"lerp_mode": "catmullrom"
						},
						"2.0": {
							"post": [4.43839, -4.46375, 41.83501],
							"lerp_mode": "catmullrom"
						},
						"2.5": {
							"post": [0, 0, 0],
							"lerp_mode": "catmullrom"
						}
					},
					"position": {
						"0.0": {
							"post": [0, 0, 0],
							"lerp_mode": "catmullrom"
						},
						"0.9167": {
							"post": [-3, -4, 0],
							"lerp_mode": "catmullrom"
						},
						"1.4583": {
							"post": [0, -4, 0],
							"lerp_mode": "catmullrom"
						},
						"2.0": {
							"post": [0, -2, 0],
							"lerp_mode": "catmullrom"
						},
						"2.5": {
							"post": [0, 0, 0],
							"lerp_mode": "catmullrom"
						}
					}
				},
				"right_arm2": {
					"rotation": {
						"0.0": {
							"post": [0, 0, 0],
							"lerp_mode": "catmullrom"
						},
						"0.9167": {
							"post": [-40, 0, 0],
							"lerp_mode": "catmullrom"
						},
						"1.2083": {
							"post": [-7.5, 0, 0],
							"lerp_mode": "catmullrom"
						},
						"2.0": {
							"post": [-77.5, 0, 0],
							"lerp_mode": "catmullrom"
						},
						"2.5": {
							"post": [0, 0, 0],
							"lerp_mode": "catmullrom"
						}
					}
				},
				"head": {
					"rotation": {
						"0.0": {
							"post": [0, 0, 0],
							"lerp_mode": "catmullrom"
						},
						"0.75": {
							"post": [0, 27.5, 0],
							"lerp_mode": "catmullrom"
						},
						"1.5417": {
							"post": [0, -22.5, 0],
							"lerp_mode": "catmullrom"
						},
						"2.5": {
							"post": [0, 0, 0],
							"lerp_mode": "catmullrom"
						}
					}
				}
			},
			"particle_effects": {
				"0.9583": {
					"effect": "hammer_trail",
					"locator": "thrust3"
				}
			}
		},
		"animation.titan.infected": {
			"loop": true,
			"animation_length": 1,
			"bones": {
				"head": {
					"rotation": {
						"0.0": [0, 0, -2.5],
						"0.0833": [0, 0, 2.5],
						"0.1667": [0, 0, -2.5],
						"0.25": [0, 0, 2.5],
						"0.3333": [0, 0, -2.5],
						"0.4167": [0, 0, 2.5],
						"0.5": [0, 0, -2.5],
						"0.5833": [0, 0, 2.5],
						"0.6667": [0, 0, -2.5],
						"0.75": [0, 0, 2.5],
						"0.8333": [0, 0, -2.5],
						"0.9167": [0, 0, 2.5],
						"1.0": [0, 0, -2.5]
					}
				},
				"infected_core": {
					"position": [0, 0, -2]
				},
				"normal_core": {
					"position": [0, 0, 2]
				}
			},
			"particle_effects": {
				"0.0": {
					"effect": "electric_spark",
					"locator": "spark9"
				},
				"0.0417": {
					"effect": "electric_spark",
					"locator": "spark8"
				},
				"0.0833": {
					"effect": "electric_spark",
					"locator": "spark7"
				},
				"0.125": {
					"effect": "electric_spark",
					"locator": "spark6"
				},
				"0.1667": {
					"effect": "electric_spark",
					"locator": "spark5"
				},
				"0.2083": {
					"effect": "electric_spark",
					"locator": "spark4"
				},
				"0.25": {
					"effect": "electric_spark",
					"locator": "spark3"
				},
				"0.2917": {
					"effect": "electric_spark",
					"locator": "spark2"
				},
				"0.3333": {
					"effect": "electric_spark",
					"locator": "spark"
				}
			}
		},
		"animation.titan.idle_remastered": {
			"loop": true,
			"animation_length": 4,
			"bones": {
				"waist": {
					"rotation": [5, 0, 0]
				},
				"body": {
					"rotation": [12.5, 0, 0],
					"position": {
						"0.0": {
							"post": [0, 0, 0],
							"lerp_mode": "catmullrom"
						},
						"2.0417": {
							"post": [0, -1, 0],
							"lerp_mode": "catmullrom"
						},
						"4.0": {
							"post": [0, 0, 0],
							"lerp_mode": "catmullrom"
						}
					}
				},
				"left_arm": {
					"rotation": {
						"0.0": {
							"post": [-4.98848, -0.54094, -7.44081],
							"lerp_mode": "catmullrom"
						},
						"1.9583": {
							"post": [-0.01427, 0.2174, -7.50954],
							"lerp_mode": "catmullrom"
						},
						"4.0": {
							"post": [-4.98848, -0.54094, -7.44081],
							"lerp_mode": "catmullrom"
						}
					}
				},
				"left_arm2": {
					"rotation": [-37.25984, 0.02871, 1.06828]
				},
				"right_arm": {
					"rotation": {
						"0.0": {
							"post": [-4.98848, 0.54094, 7.44081],
							"lerp_mode": "catmullrom"
						},
						"2.1667": {
							"post": [-0.01427, -0.2174, 7.50954],
							"lerp_mode": "catmullrom"
						},
						"4.0": {
							"post": [-4.98848, 0.54094, 7.44081],
							"lerp_mode": "catmullrom"
						}
					}
				},
				"right_arm2": {
					"rotation": [-37.5, 0, 0]
				},
				"head": {
					"rotation": {
						"0.0": {
							"post": [-2.5, 0, 0],
							"lerp_mode": "catmullrom"
						},
						"2.0833": {
							"post": [2.5, 0, 0],
							"lerp_mode": "catmullrom"
						},
						"4.0": {
							"post": [-2.5, 0, 0],
							"lerp_mode": "catmullrom"
						}
					}
				},
				"ear": {
					"rotation": {
						"0.0": [0, 0, 32.5],
						"0.5": [0, 0, 32.5],
						"0.7917": [0, 0, -32.5],
						"2.3333": [0, 0, -32.5],
						"2.5833": [0, 0, 32.5],
						"4.0": [0, 0, 32.5]
					}
				},
				"ear2": {
					"rotation": {
						"0.0": [0, 0, -32.5],
						"0.5": [0, 0, -32.5],
						"0.7917": [0, 0, 32.5],
						"2.3333": [0, 0, 32.5],
						"2.5833": [0, 0, -32.5],
						"4.0": [0, 0, -32.5]
					}
				},
				"left_leg": {
					"rotation": [-2.5, -5, -2.5]
				},
				"left_leg2": {
					"rotation": [5, 0, 0]
				},
				"right_leg": {
					"rotation": [-2.5, 5, 2.5]
				},
				"right_leg2": {
					"rotation": [5, 0, 0]
				},
				"left_leggings": {
					"rotation": {
						"0.0": {
							"post": [0, 0, 0],
							"lerp_mode": "catmullrom"
						},
						"1.0": {
							"post": [0, 0, -2.5],
							"lerp_mode": "catmullrom"
						},
						"2.7083": {
							"post": [0, 0, 2.5],
							"lerp_mode": "catmullrom"
						},
						"4.0": {
							"post": [0, 0, 0],
							"lerp_mode": "catmullrom"
						}
					}
				},
				"right_leggings": {
					"rotation": {
						"0.0": {
							"post": [0, 0, 0],
							"lerp_mode": "catmullrom"
						},
						"1.0417": {
							"post": [0, 0, -2.5],
							"lerp_mode": "catmullrom"
						},
						"2.6667": {
							"post": [0, 0, 2.5],
							"lerp_mode": "catmullrom"
						},
						"4.0": {
							"post": [0, 0, 0],
							"lerp_mode": "catmullrom"
						}
					}
				}
			}
		},
		"animation.ic_upgraded_titan_tvman.sword_on": {
			"loop": true,
			"animation_length": 2,
			"bones": {
				"blade": {
					"position": [0, -15, 0]
				}
			},
			"particle_effects": {
				"0.0101": {
					"effect": "titan_tvman_purple_spark",
					"locator": "purple_blade_spark"
				}
			}
		},
		"animation.ic_upgraded_titan_tvman.shine_all": {
			"loop": true,
			"bones": {
				"waist": {
					"rotation": [2.5, 0, 0]
				},
				"body": {
					"rotation": [10, 0, 0]
				},
				"left_arm": {
					"rotation": [7.53385, 53.96544, -15.00385]
				},
				"shine": {
					"position": [0, 0, -1.75],
					"scale": 2
				},
				"left_arm2": {
					"rotation": [-20, 0, 0]
				},
				"right_arm": {
					"rotation": [10.19554, -50.88732, 8.01053]
				},
				"shine2": {
					"position": [0, 0, -1.75],
					"scale": 2
				},
				"right_arm2": {
					"rotation": [-8.89035, 1.78734, 3.39962]
				},
				"head": {
					"rotation": [-2.5, 0, 0]
				},
				"glow": {
					"position": [0, 0, -1],
					"scale": 2
				},
				"tv_screen_left": {
					"position": [5, 0, 0]
				},
				"tv_screen_right": {
					"position": [-5, 0, 0]
				},
				"shine3": {
					"position": [0, 0, -0.5],
					"scale": 2
				},
				"glow2": {
					"position": [0, 0, -0.65],
					"scale": 1.5
				},
				"glow3": {
					"position": [0, 0, -0.6],
					"scale": 1.5
				},
				"shine_red": {
					"position": [0, 0, -2],
					"scale": 2
				},
				"shine_red2": {
					"position": [0, 0, -2],
					"scale": 2
				}
			}
		},
		"animation.ic_upgraded_titan_tvman.sword_activate": {
			"animation_length": 2,
			"bones": {
				"waist": {
					"rotation": {
						"0.0": {
							"post": [0, 0, 0],
							"lerp_mode": "catmullrom"
						},
						"0.25": {
							"post": [0, 7.5, 0],
							"lerp_mode": "catmullrom"
						},
						"0.625": {
							"post": [0, 7.5, 0],
							"lerp_mode": "catmullrom"
						},
						"1.0833": {
							"post": [9.94901, -4.81252, -2.16156],
							"lerp_mode": "catmullrom"
						},
						"1.4167": {
							"post": [9.92475, 2.57779, -0.86636],
							"lerp_mode": "catmullrom"
						},
						"2.0": {
							"post": [0, 0, 0],
							"lerp_mode": "catmullrom"
						}
					}
				},
				"left_arm": {
					"rotation": {
						"0.0": {
							"post": [0, 0, 0],
							"lerp_mode": "catmullrom"
						},
						"0.25": {
							"post": [-7.49294, -0.32621, -7.47864],
							"lerp_mode": "catmullrom"
						},
						"0.625": {
							"post": [-7.49, -0.33, -7.48],
							"lerp_mode": "catmullrom"
						},
						"0.9583": {
							"post": [7.48919, 0.65027, -14.91578],
							"lerp_mode": "catmullrom"
						},
						"1.5833": {
							"post": [7.48919, 0.65027, -14.91578],
							"lerp_mode": "catmullrom"
						},
						"2.0": {
							"post": [0, 0, 0],
							"lerp_mode": "catmullrom"
						}
					}
				},
				"left_arm2": {
					"rotation": {
						"0.0": {
							"post": [0, 0, 0],
							"lerp_mode": "catmullrom"
						},
						"0.25": {
							"post": [-27.5, 0, 0],
							"lerp_mode": "catmullrom"
						},
						"0.625": {
							"post": [-27.5, 0, 0],
							"lerp_mode": "catmullrom"
						},
						"0.9583": {
							"post": [-40, 0, 0],
							"lerp_mode": "catmullrom"
						},
						"1.5833": {
							"post": [-40, 0, 0],
							"lerp_mode": "catmullrom"
						},
						"2.0": {
							"post": [0, 0, 0],
							"lerp_mode": "catmullrom"
						}
					}
				},
				"right_arm": {
					"rotation": {
						"0.0": {
							"post": [0, 0, 0],
							"lerp_mode": "catmullrom"
						},
						"0.5417": {
							"post": [20.71586, 19.27122, 20.38928],
							"lerp_mode": "catmullrom"
						},
						"0.7083": {
							"post": [20.71586, 19.27122, 20.38928],
							"lerp_mode": "catmullrom"
						},
						"0.9583": {
							"post": [-5.31982, 2.23521, 29.64767],
							"lerp_mode": "catmullrom"
						},
						"1.2083": {
							"post": [-5.31982, 2.23521, 29.64767],
							"lerp_mode": "catmullrom"
						},
						"1.4583": {
							"post": [0.97, -1.75, 18.69],
							"lerp_mode": "catmullrom"
						},
						"2.0": {
							"post": [0, 0, 0],
							"lerp_mode": "catmullrom"
						}
					}
				},
				"right_arm2": {
					"rotation": {
						"0.0": {
							"post": [0, 0, 0],
							"lerp_mode": "catmullrom"
						},
						"0.375": {
							"post": [-67.5, 0, 0],
							"lerp_mode": "catmullrom"
						},
						"0.6667": {
							"post": [-67.5, 0, 0],
							"lerp_mode": "catmullrom"
						},
						"0.9583": {
							"post": [-23.30696, -9.30727, -20.57639],
							"lerp_mode": "catmullrom"
						},
						"1.2083": {
							"post": [-56.59244, -12.09005, -16.34836],
							"lerp_mode": "catmullrom"
						},
						"1.4583": {
							"post": [-58.31, -9.31, -20.58],
							"lerp_mode": "catmullrom"
						},
						"2.0": {
							"post": [0, 0, 0],
							"lerp_mode": "catmullrom"
						}
					}
				},
				"blade": {
					"position": {
						"0.0": [0, 15, 0],
						"0.875": [0, 15, 0],
						"0.9583": [0, 0, 0]
					}
				}
			}
		},
		"animation.ic_upgraded_titan_tvman.core_blast": {
			"loop": true,
			"animation_length": 1,
			"bones": {
				"waist": {
					"rotation": [2.5, 0, 0]
				},
				"body": {
					"rotation": [-15, 0, 0]
				},
				"core_inner": {
					"rotation": {
						"0.0": [0, 0, 0],
						"1.0": [0, 0, 720]
					}
				},
				"inner_hinge_1": {
					"rotation": [-60, 0, 0]
				},
				"inner_hinge_2": {
					"rotation": [-60, 0, 0]
				},
				"inner_hinge_3": {
					"rotation": [-60, 0, 0]
				},
				"hinge_bottom": {
					"rotation": [45, 0, 0]
				},
				"hinge_left": {
					"rotation": [55, 0, 0]
				},
				"hinge_right": {
					"rotation": [47.5, 0, 0]
				},
				"left_arm": {
					"rotation": [2.5, 0, -5]
				},
				"left_arm2": {
					"rotation": [-27.5, 0, 0]
				},
				"right_arm": {
					"rotation": [2.5, 0, 7.5]
				},
				"right_arm2": {
					"rotation": [-20, 0, 0]
				},
				"head": {
					"rotation": [7.5, 0, 0]
				}
			},
			"sound_effects": {
				"0.01": {
					"effect": "core_beam"
				}
			},
			"particle_effects": {
				"0.01": {
					"effect": "titan_tvman_purple_spark",
					"locator": "flame"
				},
				"0.1": {
					"effect": "titan_ray",
					"locator": "flame"
				}
			}
		},
		"animation.ic_titan.smile_multiple": {
			"animation_length": 4.5,
			"bones": {
				"face2": {
					"position": {
						"0.0": [0, 0, 0],
						"0.2917": [0.75, 0, -0.75],
						"4.0": [0.75, 0, -0.75],
						"4.5": [0, 0, 0]
					}
				},
				"face3": {
					"position": {
						"0.0": [0, 0, 0],
						"0.2917": [-0.75, 0, 0.25],
						"4.0": [-0.75, 0, 0.25],
						"4.5": [0, 0, 0]
					}
				},
				"face": {
					"position": {
						"0.0": [0, 0, 0],
						"0.2917": [0, 0, -1],
						"4.0": [0, 0, -1],
						"4.5": [0, 0, 0]
					}
				},
				"face4": {
					"position": {
						"0.0": [0, 0, 0],
						"0.2917": [0, 0, -1],
						"4.0": [0, 0, -1],
						"4.5": [0, 0, 0]
					}
				}
			}
		},
		"animation.ic_titan.prepare": {
			"loop": true,
			"bones": {
				"root": {
					"position": [0, -11, 10]
				},
				"waist": {
					"rotation": [12.5, 0, 0]
				},
				"body": {
					"rotation": [20, 0, 0]
				},
				"left_arm": {
					"rotation": [-14.33501, -4.46375, -16.93839]
				},
				"left_arm2": {
					"rotation": [-17.5, 0, 0]
				},
				"right_arm": {
					"rotation": [-22.19157, 3.81024, 9.25249]
				},
				"right_arm2": {
					"rotation": [-17.5, 0, 0]
				},
				"left_leg": {
					"rotation": [-32.5, 0, 0]
				},
				"left_leg2": {
					"rotation": [32.5, 0, 0]
				},
				"right_leg": {
					"rotation": [10, 0, 0]
				},
				"right_leg2": {
					"rotation": [37.5, 0, 0]
				},
				"right_leggings": {
					"rotation": [20, 0, 0]
				},
				"left_leggings": {
					"rotation": [27.5, 0, 0]
				}
			}
		},
		"animation.ic_titan.leap": {
			"loop": true,
			"animation_length": 3,
			"bones": {
				"root": {
					"rotation": [62.5, 0, 0],
					"position": [0, -21, 100]
				},
				"waist": {
					"rotation": [17.5, 0, 0]
				},
				"body": {
					"rotation": [-12.5, 0, 0]
				},
				"left_arm": {
					"rotation": [-25, 0, -10]
				},
				"left_arm2": {
					"rotation": [-37.5, 0, 0]
				},
				"right_arm": {
					"rotation": [-17.5, 0, 10]
				},
				"right_arm2": {
					"rotation": [-42.5, 0, 0]
				},
				"head": {
					"rotation": [-25, 0, 0]
				},
				"tv_screen_left": {
					"rotation": [0, 0, 0]
				},
				"left_leg": {
					"rotation": [-7.5, 0, 0]
				},
				"left_leg2": {
					"rotation": [22.5, 0, 0]
				},
				"left_leggings": {
					"rotation": [7.5, 0, 0]
				},
				"right_leg": {
					"rotation": [-37.5, 0, 0]
				},
				"right_leg2": {
					"rotation": [37.5, 0, 0]
				},
				"right_leggings": {
					"rotation": [25, 0, 0]
				}
			},
			"particle_effects": {
				"0.0101": {
					"effect": "rocket_flame",
					"locator": "thrust"
				}
			}
		},
		"animation.ic_upgraded_titan_tvman.claw_stab": {
			"animation_length": 2.5,
			"bones": {
				"root": {
					"position": {
						"0.0": {
							"post": [0, 0, 0],
							"lerp_mode": "catmullrom"
						},
						"0.5": [0, -2, -10],
						"2.0": [0, -2, -10],
						"2.5": {
							"pre": [0, 0, 0],
							"post": [0, 0, 0],
							"lerp_mode": "catmullrom"
						}
					}
				},
				"waist": {
					"rotation": {
						"0.0": {
							"post": [0, 0, 0],
							"lerp_mode": "catmullrom"
						},
						"0.5": [22.5, 0, 0],
						"2.0": [22.5, 0, 0],
						"2.5": {
							"pre": [0, 0, 0],
							"post": [0, 0, 0],
							"lerp_mode": "catmullrom"
						}
					},
					"position": {
						"0.0": {
							"post": [0, 0, 0],
							"lerp_mode": "catmullrom"
						},
						"0.5": [0, -2, 0],
						"2.0": [0, -2, 0],
						"2.5": {
							"pre": [0, 0, 0],
							"post": [0, 0, 0],
							"lerp_mode": "catmullrom"
						}
					}
				},
				"body": {
					"rotation": {
						"0.0": {
							"post": [0, 0, 0],
							"lerp_mode": "catmullrom"
						},
						"0.5": [17.5, 0, 0],
						"2.0": [17.5, 0, 0],
						"2.5": {
							"pre": [0, 0, 0],
							"post": [0, 0, 0],
							"lerp_mode": "catmullrom"
						}
					}
				},
				"left_arm": {
					"rotation": {
						"0.0": {
							"post": [0, 0, 0],
							"lerp_mode": "catmullrom"
						},
						"0.5": {
							"post": [-27.21975, -3.40487, -9.40804],
							"lerp_mode": "catmullrom"
						},
						"2.0": {
							"post": [-27.21975, -3.40487, -9.40804],
							"lerp_mode": "catmullrom"
						},
						"2.5": {
							"post": [0, 0, 0],
							"lerp_mode": "catmullrom"
						}
					}
				},
				"left_arm2": {
					"rotation": {
						"0.0": {
							"post": [0, 0, 0],
							"lerp_mode": "catmullrom"
						},
						"0.5": {
							"post": [-27.5, 0, 0],
							"lerp_mode": "catmullrom"
						},
						"2.0": {
							"post": [-27.5, 0, 0],
							"lerp_mode": "catmullrom"
						},
						"2.5": {
							"post": [0, 0, 0],
							"lerp_mode": "catmullrom"
						}
					}
				},
				"right_arm": {
					"rotation": {
						"0.0": {
							"post": [0, 0, 0],
							"lerp_mode": "catmullrom"
						},
						"0.5": {
							"post": [-19.77733, 4.02155, 6.33586],
							"lerp_mode": "catmullrom"
						},
						"2.0": {
							"post": [-19.77733, 4.02155, 6.33586],
							"lerp_mode": "catmullrom"
						},
						"2.5": {
							"post": [0, 0, 0],
							"lerp_mode": "catmullrom"
						}
					}
				},
				"right_arm2": {
					"rotation": {
						"0.0": {
							"post": [0, 0, 0],
							"lerp_mode": "catmullrom"
						},
						"0.5": {
							"post": [-35, 0, 0],
							"lerp_mode": "catmullrom"
						},
						"2.0": {
							"post": [-35, 0, 0],
							"lerp_mode": "catmullrom"
						},
						"2.5": {
							"post": [0, 0, 0],
							"lerp_mode": "catmullrom"
						}
					}
				},
				"claw": {
					"position": {
						"0.0": {
							"post": [0, 0, 0],
							"lerp_mode": "catmullrom"
						},
						"0.4167": [4, 16, 0],
						"1.5": [4, 16, 0],
						"2.25": {
							"pre": [0, 0, 0],
							"post": [0, 0, 0],
							"lerp_mode": "catmullrom"
						},
						"2.5": {
							"post": [0, 0, 0],
							"lerp_mode": "catmullrom"
						}
					}
				},
				"claw_1": {
					"rotation": {
						"0.0": {
							"post": [0, 0, 0],
							"lerp_mode": "catmullrom"
						},
						"0.4167": [52.40103, -15.18005, 8.73343],
						"1.5": [52.40103, -15.18005, 8.73343],
						"2.25": {
							"pre": [0, 0, 0],
							"post": [0, 0, 0],
							"lerp_mode": "catmullrom"
						},
						"2.5": {
							"post": [0, 0, 0],
							"lerp_mode": "catmullrom"
						}
					}
				},
				"claw_2": {
					"rotation": {
						"0.0": {
							"post": [0, 0, 0],
							"lerp_mode": "catmullrom"
						},
						"0.4167": [172.47235, 1.09498, -12.45217],
						"1.5": [172.47235, 1.09498, -12.45217],
						"2.25": {
							"pre": [0, 0, 0],
							"post": [0, 0, 0],
							"lerp_mode": "catmullrom"
						},
						"2.5": {
							"post": [0, 0, 0],
							"lerp_mode": "catmullrom"
						}
					}
				},
				"claw_3": {
					"rotation": {
						"0.0": {
							"post": [0, 0, 0],
							"lerp_mode": "catmullrom"
						},
						"0.4167": [-150.64024, -3.28434, 12.07938],
						"1.5": [-150.64024, -3.28434, 12.07938],
						"2.25": {
							"pre": [0, 0, 0],
							"post": [0, 0, 0],
							"lerp_mode": "catmullrom"
						},
						"2.5": {
							"post": [0, 0, 0],
							"lerp_mode": "catmullrom"
						}
					}
				},
				"claw2": {
					"position": {
						"0.0": {
							"post": [0, 0, 0],
							"lerp_mode": "catmullrom"
						},
						"0.4167": [-4, 16, 0],
						"1.5": [-4, 16, 0],
						"2.25": {
							"pre": [0, 0, 0],
							"post": [0, 0, 0],
							"lerp_mode": "catmullrom"
						},
						"2.5": {
							"post": [0, 0, 0],
							"lerp_mode": "catmullrom"
						}
					}
				},
				"claw_4": {
					"rotation": {
						"0.0": {
							"post": [0, 0, 0],
							"lerp_mode": "catmullrom"
						},
						"0.4167": [52.40103, 15.18005, -8.73343],
						"1.5": [52.40103, 15.18005, -8.73343],
						"2.25": {
							"pre": [0, 0, 0],
							"post": [0, 0, 0],
							"lerp_mode": "catmullrom"
						},
						"2.5": {
							"post": [0, 0, 0],
							"lerp_mode": "catmullrom"
						}
					}
				},
				"claw_5": {
					"rotation": {
						"0.0": {
							"post": [0, 0, 0],
							"lerp_mode": "catmullrom"
						},
						"0.4167": [172.47235, -1.09498, 12.45217],
						"1.5": [172.47235, -1.09498, 12.45217],
						"2.25": {
							"pre": [0, 0, 0],
							"post": [0, 0, 0],
							"lerp_mode": "catmullrom"
						},
						"2.5": {
							"post": [0, 0, 0],
							"lerp_mode": "catmullrom"
						}
					}
				},
				"claw_6": {
					"rotation": {
						"0.0": {
							"post": [0, 0, 0],
							"lerp_mode": "catmullrom"
						},
						"0.4167": [-150.64024, 3.28434, -12.07938],
						"1.5": [-150.64024, 3.28434, -12.07938],
						"2.25": {
							"pre": [0, 0, 0],
							"post": [0, 0, 0],
							"lerp_mode": "catmullrom"
						},
						"2.5": {
							"post": [0, 0, 0],
							"lerp_mode": "catmullrom"
						}
					}
				},
				"head": {
					"rotation": {
						"0.0": {
							"post": [0, 0, 0],
							"lerp_mode": "catmullrom"
						},
						"0.5": {
							"post": [-20, 0, 0],
							"lerp_mode": "catmullrom"
						},
						"2.0": {
							"post": [-20, 0, 0],
							"lerp_mode": "catmullrom"
						},
						"2.5": {
							"post": [0, 0, 0],
							"lerp_mode": "catmullrom"
						}
					}
				},
				"left_leg": {
					"rotation": {
						"0.0": {
							"post": [0, 0, 0],
							"lerp_mode": "catmullrom"
						},
						"0.5": [-27.5, 0, 0],
						"2.0": [-27.5, 0, 0],
						"2.5": {
							"pre": [0, 0, 0],
							"post": [0, 0, 0],
							"lerp_mode": "catmullrom"
						}
					},
					"position": {
						"0.0": [0, 0, 0],
						"0.25": [0, 2, 0],
						"0.5": [0, 0, 0],
						"2.0": [0, 0, 0],
						"2.25": [0, 2, 0],
						"2.5": [0, 0, 0]
					}
				},
				"left_leg2": {
					"rotation": {
						"0.0": {
							"post": [0, 0, 0],
							"lerp_mode": "catmullrom"
						},
						"0.5": [22.5, 0, 0],
						"2.0": [22.5, 0, 0],
						"2.5": {
							"pre": [0, 0, 0],
							"post": [0, 0, 0],
							"lerp_mode": "catmullrom"
						}
					}
				},
				"right_leg": {
					"rotation": {
						"0.0": [0, 0, 0],
						"0.5": [7.5, 0, 0],
						"2.0": [7.5, 0, 0],
						"2.5": [0, 0, 0]
					}
				},
				"right_leg2": {
					"rotation": {
						"0.0": {
							"post": [0, 0, 0],
							"lerp_mode": "catmullrom"
						},
						"0.5": [30, 0, 0],
						"2.0": [30, 0, 0],
						"2.5": {
							"pre": [0, 0, 0],
							"post": [0, 0, 0],
							"lerp_mode": "catmullrom"
						}
					}
				},
				"right_leggings": {
					"rotation": {
						"0.0": {
							"post": [0, 0, 0],
							"lerp_mode": "catmullrom"
						},
						"0.5": [15, 0, 0],
						"2.0": [15, 0, 0],
						"2.5": {
							"pre": [0, 0, 0],
							"post": [0, 0, 0],
							"lerp_mode": "catmullrom"
						}
					}
				}
			}
		}
	}
}