{
	"format_version": "1.12.0",
	"minecraft:geometry": [
		{
			"description": {
				"identifier": "geometry.gojidraw_g_clone_buzzsaw",
				"texture_width": 256,
				"texture_height": 256,
				"visible_bounds_width": 3752,
				"visible_bounds_height": 9,
				"visible_bounds_offset": [0, 2.5, 0]
			},
			"bones": [
				{
					"name": "Toilet",
					"pivot": [3, 4, 0],
					"cubes": [
						{"origin": [-11, 1, -9], "size": [22, 7, 25], "uv": [0, 0]},
						{"origin": [-8, 8, -9], "size": [16, 7, 4], "pivot": [0, 8, -9], "rotation": [-35, 0, 0], "uv": [62, 47]},
						{"origin": [-8, 8, 12], "size": [16, 7, 4], "pivot": [0, 8, 16], "rotation": [35, 0, 0], "uv": [62, 47]},
						{"origin": [8, 8, -5], "size": [3, 7, 17], "pivot": [11, 8, 4], "rotation": [0, 0, -27.5], "uv": [109, 47]},
						{"origin": [-11, 8, -5], "size": [3, 7, 17], "pivot": [-11, 8, 4], "rotation": [0, 0, 27.5], "uv": [109, 47], "mirror": true},
						{"origin": [-8, 11, -5], "size": [16, 7, 17], "uv": [60, 63]},
						{"origin": [-9, 18, -6], "size": [18, 5, 26], "uv": [0, 32]},
						{"origin": [3, 18.05, -12], "size": [9, 5, 5], "pivot": [3, 18.5, -12], "rotation": [0, -47.5, 0], "uv": [157, 62]},
						{"origin": [-12, 18.05, -12], "size": [9, 5, 5], "pivot": [-3, 18.5, -12], "rotation": [0, 47.5, 0], "uv": [20, 157]},
						{"origin": [-3, 18, -12], "size": [6, 5, 6], "uv": [25, 112]},
						{"origin": [-3, 25, -14], "size": [6, 7, 5], "uv": [94, 158]},
						{"origin": [-3, 18, -14], "size": [6, 7, 5], "pivot": [0, 25, -14], "rotation": [12.5, 0, 0], "uv": [72, 158]},
						{"origin": [8, 25, -4], "size": [4, 7, 11], "uv": [141, 36]},
						{"origin": [8, 25, 7], "size": [4, 7, 15], "pivot": [12, 32, 7], "rotation": [0, -12.5, 0], "uv": [128, 119]},
						{"origin": [-12, 25, -4], "size": [4, 7, 11], "uv": [141, 36], "mirror": true},
						{"origin": [-12, 25, 7], "size": [4, 7, 15], "pivot": [-12, 32, 7], "rotation": [0, 12.5, 0], "uv": [128, 119], "mirror": true},
						{"origin": [8, 18, 7], "size": [4, 7, 17], "pivot": [12, 25, 7], "rotation": [-4.3361, -11.73507, 20.44582], "uv": [0, 107]},
						{"origin": [-12, 18, 7], "size": [4, 7, 17], "pivot": [-12, 25, 7], "rotation": [-4.3361, 11.73507, -20.44582], "uv": [106, 7]},
						{"origin": [8, 18, -4], "size": [4, 7, 11], "pivot": [12, 25, 11], "rotation": [0, 0, 20], "uv": [70, 140]},
						{"origin": [-12, 18, -4], "size": [4, 7, 11], "pivot": [-12, 25, 11], "rotation": [0, 0, -20], "uv": [27, 139]},
						{"origin": [-1.11139, 24.95, -14.18392], "size": [4, 7, 13.9], "pivot": [3, 30, -14], "rotation": [0, 41.9, 0], "uv": [131, 0]},
						{"origin": [-2.88861, 24.95, -14.18392], "size": [4, 7, 13.9], "pivot": [-3, 30, -14], "rotation": [0, -41.9, 0], "uv": [131, 0], "mirror": true},
						{"origin": [-2.85103, 23.0727, -14], "size": [4, 2, 13.5], "pivot": [-3, 25, -14], "rotation": [11.86159, -40.47443, -16.83966], "uv": [89, 47]},
						{"origin": [-1.14897, 23.0727, -14], "size": [4, 2, 13.5], "pivot": [3, 25, -14], "rotation": [11.86159, 40.47443, 16.83966], "uv": [89, 47], "mirror": true},
						{"origin": [-2.85103, 21.0727, -14], "size": [4, 2, 12.8], "pivot": [-3, 25, -14], "rotation": [11.86159, -40.47443, -16.83966], "uv": [137, 62]},
						{"origin": [-1.14897, 21.0727, -14], "size": [4, 2, 12.8], "pivot": [3, 25, -14], "rotation": [11.86159, 40.47443, 16.83966], "uv": [137, 62], "mirror": true},
						{"origin": [-2.85103, 19.0727, -13], "size": [4, 2, 11.5], "pivot": [-3, 25, -14], "rotation": [11.86159, -40.47443, -16.83966], "uv": [142, 20]},
						{"origin": [-1.14897, 19.0727, -13], "size": [4, 2, 11.5], "pivot": [3, 25, -14], "rotation": [11.86159, 40.47443, 16.83966], "uv": [142, 20], "mirror": true}
					]
				},
				{
					"name": "Rightarm",
					"parent": "Toilet",
					"pivot": [12.496, 26.4232, 7.05],
					"cubes": [
						{"origin": [6, 14, 5], "size": [12, 6, 4], "pivot": [15, 13, 7], "rotation": [0, 0, 70], "uv": [149, 141]},
						{"origin": [6.62847, 23.46347, 4.9], "size": [11, 6, 4], "pivot": [13.62847, 28.46347, 7], "rotation": [180, 0, -127.5], "uv": [155, 76]}
					]
				},
				{
					"name": "D4",
					"parent": "Rightarm",
					"pivot": [20.09742, 13.14286, 7.37147],
					"rotation": [0, 87.5, 0],
					"cubes": [
						{"origin": [18.50981, 11, 4.34423], "size": [16, 4, 4], "uv": [132, 54]},
						{"origin": [34.50981, 10, 4.34423], "size": [4, 6, 4], "uv": [60, 70]},
						{"origin": [38.50981, 50.30534, -32.35044], "size": [4, 1, 4], "pivot": [33.51647, 50.5, 6.64956], "rotation": [90, 0, 0], "uv": [0, 107]},
						{"origin": [38.50981, 13, 4.34423], "size": [4, 1, 4], "uv": [0, 107]},
						{"origin": [42.50981, 10, 4.34423], "size": [4, 6, 4], "uv": [60, 70]},
						{"origin": [32.50981, 16, 7.34423], "size": [6, 8, 0], "uv": [69, 0]},
						{"origin": [32.50981, 76, 7.9549], "size": [6, 8, 0], "pivot": [28.51647, 43, 7.64956], "rotation": [180, 0, 0], "uv": [69, 0]}
					]
				},
				{
					"name": "saw2",
					"parent": "D4",
					"pivot": [44.50981, 13, 4.14423],
					"cubes": [
						{"origin": [43.50981, 12, 5.34423], "size": [2, 2, 0], "uv": [18, 2]},
						{"origin": [44.50981, 13, 3.84423], "size": [6, 6, 0], "uv": [60, 87]},
						{"origin": [74.51647, 56.99334, 3.84423], "size": [6, 6, 0], "pivot": [37.51647, 50, 3.64956], "rotation": [0, 0, 90], "uv": [60, 87]},
						{"origin": [30.52314, 87, 3.84423], "size": [6, 6, 0], "pivot": [37.51647, 50, 3.64956], "rotation": [0, 0, 180], "uv": [60, 87]},
						{"origin": [0.51647, 43.00666, 3.84423], "size": [6, 6, 0], "pivot": [37.51647, 50, 3.64956], "rotation": [0, 0, -90], "uv": [60, 87]}
					]
				},
				{
					"name": "Rightarm2",
					"parent": "Toilet",
					"pivot": [16.496, 52.4232, 20.05],
					"rotation": [0, 0, -12.5],
					"cubes": [
						{"origin": [11.30327, 36.63823, 18], "size": [12, 6, 4], "pivot": [20.30327, 35.63823, 20], "rotation": [0, 0, 70], "uv": [149, 141]},
						{"origin": [11.93174, 46.1017, 17.9], "size": [11, 6, 4], "pivot": [18.93174, 51.1017, 20], "rotation": [180, 0, -127.5], "uv": [155, 76]}
					]
				},
				{
					"name": "D3",
					"parent": "Rightarm2",
					"pivot": [25.40069, 35.78109, 20.37147],
					"rotation": [0, 87.5, 0],
					"cubes": [
						{"origin": [23.81308, 33.63823, 17.34423], "size": [16, 4, 4], "uv": [132, 54]},
						{"origin": [39.81308, 32.63823, 17.34423], "size": [4, 6, 4], "uv": [60, 70]},
						{"origin": [43.81308, 72.94357, -19.35044], "size": [4, 1, 4], "pivot": [38.81974, 73.13823, 19.64956], "rotation": [90, 0, 0], "uv": [0, 107]},
						{"origin": [43.81308, 35.63823, 17.34423], "size": [4, 1, 4], "uv": [0, 107]},
						{"origin": [47.81308, 32.63823, 17.34423], "size": [4, 6, 4], "uv": [60, 70]},
						{"origin": [37.81308, 38.63823, 20.34423], "size": [6, 8, 0], "uv": [69, 0]},
						{"origin": [37.81308, 98.63823, 20.9549], "size": [6, 8, 0], "pivot": [33.81974, 65.63823, 20.64956], "rotation": [180, 0, 0], "uv": [69, 0]}
					]
				},
				{
					"name": "saw4",
					"parent": "D3",
					"pivot": [49.81308, 35.63823, 17.14423],
					"cubes": [
						{"origin": [48.81308, 34.63823, 18.34423], "size": [2, 2, 0], "uv": [18, 2]},
						{"origin": [49.81308, 35.63823, 16.84423], "size": [6, 6, 0], "uv": [60, 87]},
						{"origin": [79.81974, 79.63157, 16.84423], "size": [6, 6, 0], "pivot": [42.81974, 72.63823, 16.64956], "rotation": [0, 0, 90], "uv": [60, 87]},
						{"origin": [35.82641, 109.63823, 16.84423], "size": [6, 6, 0], "pivot": [42.81974, 72.63823, 16.64956], "rotation": [0, 0, 180], "uv": [60, 87]},
						{"origin": [5.81974, 65.64489, 16.84423], "size": [6, 6, 0], "pivot": [42.81974, 72.63823, 16.64956], "rotation": [0, 0, -90], "uv": [60, 87]}
					]
				},
				{
					"name": "Leftarm2",
					"parent": "Toilet",
					"pivot": [-16.496, 52.4232, 20.05],
					"rotation": [0, 0, 12.5],
					"cubes": [
						{"origin": [-23.30327, 36.63823, 18], "size": [12, 6, 4], "pivot": [-20.30327, 35.63823, 20], "rotation": [0, 0, -70], "uv": [149, 141], "mirror": true},
						{"origin": [-22.93174, 46.1017, 17.9], "size": [11, 6, 4], "pivot": [-18.93174, 51.1017, 20], "rotation": [180, 0, 127.5], "uv": [155, 76], "mirror": true}
					]
				},
				{
					"name": "D5",
					"parent": "Leftarm2",
					"pivot": [-25.40069, 35.78109, 20.37147],
					"rotation": [0, -87.5, 0],
					"cubes": [
						{"origin": [-39.81308, 33.63823, 17.34423], "size": [16, 4, 4], "uv": [132, 54], "mirror": true},
						{"origin": [-43.81308, 32.63823, 17.34423], "size": [4, 6, 4], "uv": [60, 70], "mirror": true},
						{"origin": [-47.81308, 72.94357, -19.35044], "size": [4, 1, 4], "pivot": [-38.81974, 73.13823, 19.64956], "rotation": [90, 0, 0], "uv": [0, 107], "mirror": true},
						{"origin": [-47.81308, 35.63823, 17.34423], "size": [4, 1, 4], "uv": [0, 107], "mirror": true},
						{"origin": [-51.81308, 32.63823, 17.34423], "size": [4, 6, 4], "uv": [60, 70], "mirror": true},
						{"origin": [-43.81308, 38.63823, 20.34423], "size": [6, 8, 0], "uv": [69, 0], "mirror": true},
						{"origin": [-43.81308, 98.63823, 20.9549], "size": [6, 8, 0], "pivot": [-33.81974, 65.63823, 20.64956], "rotation": [180, 0, 0], "uv": [69, 0], "mirror": true}
					]
				},
				{
					"name": "saw5",
					"parent": "D5",
					"pivot": [-49.81308, 35.63823, 17.14423],
					"cubes": [
						{"origin": [-50.81308, 34.63823, 18.34423], "size": [2, 2, 0], "uv": [18, 2], "mirror": true},
						{"origin": [-55.81308, 35.63823, 16.84423], "size": [6, 6, 0], "uv": [60, 87], "mirror": true},
						{"origin": [-85.81974, 79.63157, 16.84423], "size": [6, 6, 0], "pivot": [-42.81974, 72.63823, 16.64956], "rotation": [0, 0, -90], "uv": [60, 87], "mirror": true},
						{"origin": [-41.82641, 109.63823, 16.84423], "size": [6, 6, 0], "pivot": [-42.81974, 72.63823, 16.64956], "rotation": [0, 0, -180], "uv": [60, 87], "mirror": true},
						{"origin": [-11.81974, 65.64489, 16.84423], "size": [6, 6, 0], "pivot": [-42.81974, 72.63823, 16.64956], "rotation": [0, 0, 90], "uv": [60, 87], "mirror": true}
					]
				},
				{
					"name": "Leftarm",
					"parent": "Toilet",
					"pivot": [-12.496, 26.4232, 7.05],
					"cubes": [
						{"origin": [-18, 14, 5], "size": [12, 6, 4], "pivot": [-15, 13, 7], "rotation": [0, 0, -70], "uv": [149, 141], "mirror": true},
						{"origin": [-17.62847, 23.46347, 4.9], "size": [11, 6, 4], "pivot": [-13.62847, 28.46347, 7], "rotation": [180, 0, 127.5], "uv": [155, 76], "mirror": true}
					]
				},
				{
					"name": "D2",
					"parent": "Leftarm",
					"pivot": [-20.09742, 13.14286, 7.37147],
					"rotation": [0, -87.5, 0],
					"cubes": [
						{"origin": [-34.50981, 11, 4.34423], "size": [16, 4, 4], "uv": [132, 54], "mirror": true},
						{"origin": [-38.50981, 10, 4.34423], "size": [4, 6, 4], "uv": [60, 70], "mirror": true},
						{"origin": [-42.50981, 50.30534, -32.35044], "size": [4, 1, 4], "pivot": [-33.51647, 50.5, 6.64956], "rotation": [90, 0, 0], "uv": [0, 107], "mirror": true},
						{"origin": [-42.50981, 13, 4.34423], "size": [4, 1, 4], "uv": [0, 107], "mirror": true},
						{"origin": [-46.50981, 10, 4.34423], "size": [4, 6, 4], "uv": [60, 70], "mirror": true},
						{"origin": [-38.50981, 16, 7.34423], "size": [6, 8, 0], "uv": [69, 0], "mirror": true},
						{"origin": [-38.50981, 76, 7.9549], "size": [6, 8, 0], "pivot": [-28.51647, 43, 7.64956], "rotation": [180, 0, 0], "uv": [69, 0], "mirror": true}
					]
				},
				{
					"name": "saw3",
					"parent": "D2",
					"pivot": [-44.50981, 13, 4.14423],
					"cubes": [
						{"origin": [-45.50981, 12, 5.34423], "size": [2, 2, 0], "uv": [18, 2], "mirror": true},
						{"origin": [-50.50981, 13, 3.84423], "size": [6, 6, 0], "uv": [60, 87], "mirror": true},
						{"origin": [-80.51647, 56.99334, 3.84423], "size": [6, 6, 0], "pivot": [-37.51647, 50, 3.64956], "rotation": [0, 0, -90], "uv": [60, 87], "mirror": true},
						{"origin": [-36.52314, 87, 3.84423], "size": [6, 6, 0], "pivot": [-37.51647, 50, 3.64956], "rotation": [0, 0, -180], "uv": [60, 87], "mirror": true},
						{"origin": [-6.51647, 43.00666, 3.84423], "size": [6, 6, 0], "pivot": [-37.51647, 50, 3.64956], "rotation": [0, 0, 90], "uv": [60, 87], "mirror": true}
					]
				},
				{
					"name": "shield_front",
					"parent": "Toilet",
					"pivot": [0.5, 27, -7],
					"rotation": [89.99999, -82.5, -89.99999],
					"cubes": [
						{"origin": [-7.15526, 21.78555, -13.8], "size": [7.8, 1.3, 1.3], "uv": [109, 62]},
						{"origin": [-10.4102, 18.75807, -15.72], "size": [1.24, 6.44, 18.14], "inflate": -0.1, "pivot": [0.65, 33, -10.3], "rotation": [0, 0, -12.5], "uv": [81, 116]},
						{"origin": [-6.5, 22.59433, -15.75], "size": [1.3, 11.7, 18.2], "pivot": [-5.84494, 38.44434, -9.65], "rotation": [0, 0, 7.5], "uv": [96, 87]},
						{"origin": [-7.15526, 21.78555, -0.8], "size": [7.8, 1.3, 1.3], "uv": [109, 62]}
					]
				},
				{
					"name": "shield_front2",
					"parent": "Toilet",
					"pivot": [12.7501, 23.99272, 2.86193],
					"rotation": [5.47642, -0.82329, 125.72189],
					"cubes": [
						{"origin": [1.8399, 15.75079, -0.85807], "size": [1.24, 6.44, 13.14], "inflate": -0.1, "pivot": [12.9001, 29.99272, -0.43807], "rotation": [0, 0, -12.5], "uv": [134, 141]},
						{"origin": [5.09484, 18.77827, 0.06193], "size": [7.8, 1.3, 1.3], "uv": [109, 62]},
						{"origin": [5.7501, 19.58705, -0.88807], "size": [1.3, 11.7, 13.2], "pivot": [6.40516, 35.43706, 0.21193], "rotation": [0, 0, 7.5], "uv": [106, 134]},
						{"origin": [5.09484, 18.77827, 9.06193], "size": [7.8, 1.3, 1.3], "uv": [109, 62]}
					]
				},
				{
					"name": "shield_front4",
					"parent": "Toilet",
					"pivot": [15.27455, 48.76679, 19.75655],
					"rotation": [5.8561, -20.72763, 123.72186],
					"cubes": [
						{"origin": [4.36435, 40.52486, 16.03655], "size": [1.24, 6.44, 13.14], "inflate": -0.1, "pivot": [15.42455, 54.76679, 16.45655], "rotation": [0, 0, -12.5], "uv": [134, 141]},
						{"origin": [7.61929, 43.55234, 16.95655], "size": [7.8, 1.3, 1.3], "uv": [109, 62]},
						{"origin": [8.27455, 44.36112, 16.00655], "size": [1.3, 11.7, 13.2], "pivot": [8.92961, 60.21113, 17.10655], "rotation": [0, 0, 7.5], "uv": [106, 134]},
						{"origin": [7.61929, 43.55234, 25.95655], "size": [7.8, 1.3, 1.3], "uv": [109, 62]}
					]
				},
				{
					"name": "shield_front5",
					"parent": "Toilet",
					"pivot": [-15.27455, 48.76679, 19.75655],
					"rotation": [5.8561, 20.72763, -123.72186],
					"cubes": [
						{"origin": [-5.60435, 40.52486, 16.03655], "size": [1.24, 6.44, 13.14], "inflate": -0.1, "pivot": [-15.42455, 54.76679, 16.45655], "rotation": [0, 0, 12.5], "uv": [134, 141], "mirror": true},
						{"origin": [-15.41929, 43.55234, 16.95655], "size": [7.8, 1.3, 1.3], "uv": [109, 62], "mirror": true},
						{"origin": [-9.57455, 44.36112, 16.00655], "size": [1.3, 11.7, 13.2], "pivot": [-8.92961, 60.21113, 17.10655], "rotation": [0, 0, -7.5], "uv": [106, 134], "mirror": true},
						{"origin": [-15.41929, 43.55234, 25.95655], "size": [7.8, 1.3, 1.3], "uv": [109, 62], "mirror": true}
					]
				},
				{
					"name": "shield_front3",
					"parent": "Toilet",
					"pivot": [-12.7501, 23.99272, 2.86193],
					"rotation": [5.47642, 0.82329, -125.72189],
					"cubes": [
						{"origin": [-3.0799, 15.75079, -0.85807], "size": [1.24, 6.44, 13.14], "inflate": -0.1, "pivot": [-12.9001, 29.99272, -0.43807], "rotation": [0, 0, 12.5], "uv": [134, 141], "mirror": true},
						{"origin": [-12.89484, 18.77827, 0.06193], "size": [7.8, 1.3, 1.3], "uv": [109, 62], "mirror": true},
						{"origin": [-7.0501, 19.58705, -0.88807], "size": [1.3, 11.7, 13.2], "pivot": [-6.40516, 35.43706, 0.21193], "rotation": [0, 0, -7.5], "uv": [106, 134], "mirror": true},
						{"origin": [-12.89484, 18.77827, 9.06193], "size": [7.8, 1.3, 1.3], "uv": [109, 62], "mirror": true}
					]
				},
				{
					"name": "Back",
					"parent": "Toilet",
					"pivot": [-0.1, 19.5074, 15.5],
					"rotation": [-5, 0, 0],
					"cubes": [
						{"origin": [4.085, 21.52241, 14.96], "size": [6.75, 31.05, 9.18], "pivot": [10.835, 21.52241, 19.55], "rotation": [0, 0, 12.5], "uv": [51, 104]},
						{"origin": [-10.835, 21.52241, 14.96], "size": [6.75, 31.05, 9.18], "pivot": [-10.835, 21.52241, 19.55], "rotation": [0, 0, -12.5], "uv": [51, 104], "mirror": true},
						{"origin": [-17.515, 49.87241, 14.15], "size": [35.1, 5.4, 10.8], "uv": [62, 32]},
						{"origin": [-10.765, 18.82241, 14.825], "size": [21.6, 35.1, 9.45], "uv": [0, 63]}
					]
				},
				{
					"name": "B",
					"parent": "Back",
					"pivot": [0.035, 55.27241, 19.55]
				},
				{
					"name": "Jetpack",
					"parent": "Toilet",
					"pivot": [10.30793, 49.375, 22.90035],
					"rotation": [0, -42.5, 0],
					"cubes": [
						{"origin": [20, 41, 20], "size": [6, 15, 6], "uv": [0, 0]},
						{"origin": [6, 50, 19], "size": [14, 4, 3], "pivot": [1.5, 52, 24], "rotation": [0, -10, 0], "uv": [110, 0]},
						{"origin": [6, 42, 19], "size": [14, 4, 3], "pivot": [1.5, 44, 24], "rotation": [0, -10, 0], "uv": [110, 0]},
						{"origin": [20, 17, 20], "size": [6, 12, 6], "uv": [151, 107]},
						{"origin": [20.5, 23, 20.5], "size": [5, 18, 5], "uv": [0, 150]},
						{"origin": [19.5, 54, 19.5], "size": [7, 5, 7], "uv": [155, 153]},
						{"origin": [19.5, 22, 19.5], "size": [7, 6, 7], "uv": [152, 0]}
					],
					"locators": {
						"e4": {
							"offset": [23, 20, 23],
							"rotation": [172.5, 0, 0]
						}
					}
				},
				{
					"name": "Jetpack2",
					"parent": "Toilet",
					"pivot": [-10.30793, 49.375, 22.90035],
					"rotation": [0, 42.5, 0],
					"cubes": [
						{"origin": [-26, 41, 20], "size": [6, 15, 6], "uv": [0, 0], "mirror": true},
						{"origin": [-20, 50, 19], "size": [14, 4, 3], "pivot": [-1.5, 52, 24], "rotation": [0, 10, 0], "uv": [110, 0], "mirror": true},
						{"origin": [-20, 42, 19], "size": [14, 4, 3], "pivot": [-1.5, 44, 24], "rotation": [0, 10, 0], "uv": [110, 0], "mirror": true},
						{"origin": [-26, 17, 20], "size": [6, 12, 6], "uv": [151, 107], "mirror": true},
						{"origin": [-25.5, 23, 20.5], "size": [5, 18, 5], "uv": [0, 150], "mirror": true},
						{"origin": [-26.5, 54, 19.5], "size": [7, 5, 7], "uv": [155, 153], "mirror": true},
						{"origin": [-26.5, 22, 19.5], "size": [7, 6, 7], "uv": [152, 0], "mirror": true}
					],
					"locators": {
						"e3": {
							"offset": [-23, 20, 23],
							"rotation": [172.5, 0, 0]
						}
					}
				}
			]
		}
	]
}