{
	"format_version": "1.12.0",
	"minecraft:geometry": [
		{
			"description": {
				"identifier": "geometry.gojidraw_astro_juggernaut",
				"texture_width": 256,
				"texture_height": 256,
				"visible_bounds_width": 1252,
				"visible_bounds_height": 30,
				"visible_bounds_offset": [0, -6, 0]
			},
			"bones": [
				{
					"name": "Root",
					"pivot": [0, 23, 0],
					"locators": {
						"r": [0, 55, 0]
					}
				},
				{
					"name": "Toilet",
					"parent": "Root",
					"pivot": [0, 23, 0],
					"cubes": [
						{"origin": [-10.56, 26, 11.12], "size": [21.12, 3.96, 11], "uv": [113, 114]},
						{"origin": [-10.56, 25.99, -11.88], "size": [2.12, 3.96, 23], "pivot": [-10, 30, 11], "rotation": [0, -5, 0], "uv": [0, 0]},
						{"origin": [9.13266, 25.99, -3.93708], "size": [8.12, 12.96, 0], "pivot": [10, 30, -4], "rotation": [0, -2.5, 0], "uv": [199, 216], "mirror": true},
						{"origin": [9.13266, 26.99, -7.93708], "size": [8.12, 12.96, 0], "pivot": [10, 30, -4], "rotation": [0, 10, 0], "uv": [199, 216], "mirror": true},
						{"origin": [-17.25266, 26.99, -7.93708], "size": [8.12, 12.96, 0], "pivot": [-10, 30, -4], "rotation": [0, -10, 0], "uv": [199, 216]},
						{"origin": [-17.25266, 25.99, -3.93708], "size": [8.12, 12.96, 0], "pivot": [-10, 30, -4], "rotation": [0, 2.5, 0], "uv": [199, 216]},
						{"origin": [8.44, 25.99, -11.88], "size": [2.12, 3.96, 23], "pivot": [10, 30, 11], "rotation": [0, 5, 0], "uv": [0, 0], "mirror": true},
						{"origin": [-8.56, 26, -11.88], "size": [17.12, 3.96, 23], "uv": [56, 62]},
						{"origin": [-4.56, 23, -11.88], "size": [9.12, 3, 23], "uv": [90, 88]},
						{"origin": [-4.53, 23, 11.12], "size": [9, 7, 14], "pivot": [0, 23, 11], "rotation": [12.5, 0, 0], "uv": [68, 139]},
						{"origin": [-4.56, 22, -11.88], "size": [4.12, 5, 2], "pivot": [-4.5, 23, -12], "rotation": [0, 40, 0], "uv": [40, 188]},
						{"origin": [-3.56, 21, -9.88], "size": [1.12, 6, 1], "pivot": [-4.5, 23, -12], "rotation": [0, 40, 0], "uv": [74, 70]},
						{"origin": [2.44, 21, -9.88], "size": [1.12, 6, 1], "pivot": [4.5, 23, -12], "rotation": [0, -40, 0], "uv": [74, 70], "mirror": true},
						{"origin": [0.44, 22, -11.88], "size": [4.12, 5, 2], "pivot": [4.5, 23, -12], "rotation": [0, -40, 0], "uv": [40, 188], "mirror": true},
						{"origin": [-1.56, 23, -18.88], "size": [3.12, 3, 7], "uv": [214, 24]},
						{"origin": [-1, 23.5, -27.88], "size": [2, 2, 16], "uv": [165, 85]},
						{"origin": [-0.5, 24, -27.9], "size": [1, 1, 0], "uv": [2, 8]},
						{"origin": [-7.92, 26.96, -6.6], "size": [15.84, 10.56, 15.84], "uv": [68, 114]},
						{"origin": [-7.788, 27.32, -6.6], "size": [15.576, 8.88, 5.28], "pivot": [0, 37.52, -3.96], "rotation": [-20, 0, 0], "uv": [165, 179]},
						{"origin": [-9.24, 26.96, 9.24], "size": [18.48, 10.56, 12.32], "uv": [113, 62]},
						{"origin": [1, 28, 16], "size": [9, 9, 7], "pivot": [5.74, 32.46, 23.56], "rotation": [-9.43064, 5.21255, 2.58664], "uv": [189, 30]},
						{"origin": [-10, 28, 16], "size": [9, 9, 7], "pivot": [-5.74, 32.46, 23.56], "rotation": [-9.43064, -5.21255, -2.58664], "uv": [189, 30], "mirror": true},
						{"origin": [1.5, 28.6, 23], "size": [8, 8, 2], "pivot": [5.74, 32.46, 23.56], "rotation": [-9.43064, 5.21255, 2.58664], "uv": [214, 10]},
						{"origin": [-9.5, 28.6, 23], "size": [8, 8, 2], "pivot": [-5.74, 32.46, 23.56], "rotation": [-9.43064, -5.21255, -2.58664], "uv": [214, 10], "mirror": true},
						{"origin": [-9.108, 36.52, 12.54], "size": [18.216, 10.56, 7.92], "pivot": [0, 37.52, 9.24], "rotation": [-15, 0, 0], "uv": [131, 84]},
						{"origin": [-9.24, 37.52, 10.56], "size": [18.48, 14.52, 2.64], "uv": [164, 130]},
						{"origin": [-11.88, 40.16, -10.56], "size": [3.74, 11.88, 14.96], "pivot": [-9.9, 47.2, -9.9], "rotation": [0, -10, 0], "uv": [0, 164], "mirror": true},
						{"origin": [8.14, 40.16, -10.56], "size": [3.74, 11.88, 14.96], "pivot": [9.9, 47.2, -9.9], "rotation": [0, 10, 0], "uv": [0, 164]},
						{"origin": [-14.3, 40.171, 4.4], "size": [3.74, 11.88, 10.78], "pivot": [-15.4, 47.2, 4.4], "rotation": [0, 25, 0], "uv": [27, 0], "mirror": true},
						{"origin": [10.56, 40.171, 4.4], "size": [3.74, 11.88, 10.78], "pivot": [15.4, 47.2, 4.4], "rotation": [0, -25, 0], "uv": [27, 0]},
						{"origin": [-11.88, 36.2, -10.56], "size": [2.64, 4.092, 19.36], "pivot": [-11.88, 40.16, 0], "rotation": [0, 0, -47.5], "uv": [102, 142]},
						{"origin": [9.24, 36.2, -10.56], "size": [2.64, 4.092, 19.36], "pivot": [11.88, 40.16, 0], "rotation": [0, 0, 47.5], "uv": [102, 142], "mirror": true},
						{"origin": [-11.88, 40.292, -14.388], "size": [2.64, 11.616, 3.828], "pivot": [-11.88, 45.44, -10.56], "rotation": [0, -45.1, 0], "uv": [166, 111], "mirror": true},
						{"origin": [9.24, 40.292, -14.388], "size": [2.64, 11.616, 3.828], "pivot": [11.88, 45.44, -10.56], "rotation": [0, 45.1, 0], "uv": [166, 111]},
						{"origin": [5, 39, -17], "size": [17, 10, 7], "pivot": [11.88, 45.44, -10.56], "rotation": [0, 45.1, 0], "uv": [61, 160]},
						{"origin": [-22, 39, -17], "size": [17, 10, 7], "pivot": [-11.88, 45.44, -10.56], "rotation": [0, -45.1, 0], "uv": [61, 160], "mirror": true},
						{"origin": [-5, 49, -17], "size": [20, 5, 7], "pivot": [11.88, 45.44, -10.56], "rotation": [0, 45.1, 0], "uv": [148, 50]},
						{"origin": [-15, 49, -17], "size": [20, 5, 7], "pivot": [-11.88, 45.44, -10.56], "rotation": [0, -45.1, 0], "uv": [148, 50], "mirror": true},
						{"origin": [10, 48.72339, -17.3], "size": [8.6, 5, 6.9], "pivot": [9.88, 54, -16.56], "rotation": [28.33259, 36.68447, 42.0672], "uv": [196, 168]},
						{"origin": [-18.6, 48.72339, -17.3], "size": [8.6, 5, 6.9], "pivot": [-9.88, 54, -16.56], "rotation": [28.33259, -36.68447, -42.0672], "uv": [196, 168], "mirror": true},
						{"origin": [-9.24, 40.16, -13.2], "size": [18.48, 11.88, 2.64], "uv": [70, 177]},
						{"origin": [-9.24, 36.86, -13.2], "size": [18.48, 3.3, 2.64], "pivot": [0, 40.82, -13.2], "rotation": [40, 0, 0], "uv": [181, 121]},
						{"origin": [-9.24, 37.52, -10.56], "size": [18.48, 2.64, 21.12], "uv": [35, 88]},
						{"origin": [-9, 53, -6], "size": [18, 3, 16], "uv": [0, 111]},
						{"origin": [-9, 53, -13], "size": [18, 3, 7], "pivot": [-8, 56, -6], "rotation": [42.5, 0, 0], "uv": [154, 20]},
						{"origin": [-14, 53, -6], "size": [5, 3, 16], "pivot": [-9, 56, 0], "rotation": [0, 0, -57.5], "uv": [128, 163]},
						{"origin": [9, 53, -6], "size": [5, 3, 16], "pivot": [9, 56, 0], "rotation": [0, 0, 57.5], "uv": [128, 163], "mirror": true}
					]
				},
				{
					"name": "Back",
					"parent": "Toilet",
					"pivot": [-0.132, 39.39784, 14.48757],
					"rotation": [-5, 0, 0],
					"cubes": [
						{"origin": [3.96, 41.36807, 11.75957], "size": [6.6, 30.36, 11.176], "pivot": [10.56, 41.36807, 18.44757], "rotation": [0, 0, 12.5], "uv": [120, 0]},
						{"origin": [-10.56, 41.36807, 11.75957], "size": [6.6, 30.36, 11.176], "pivot": [-10.56, 41.36807, 18.44757], "rotation": [0, 0, -12.5], "uv": [120, 0], "mirror": true},
						{"origin": [-17.16, 69, 10.96757], "size": [34.32, 5.28, 12.76], "uv": [56, 45]},
						{"origin": [-17.16, 73.08807, 11.16], "size": [2.32, 4.28, 12.5], "pivot": [-15, 76.92807, 17.64757], "rotation": [0, 0, -25], "uv": [60, 45]},
						{"origin": [14.84, 73.08807, 11.16], "size": [2.32, 4.28, 12.5], "pivot": [15, 76.92807, 17.64757], "rotation": [0, 0, 25], "uv": [60, 45], "mirror": true},
						{"origin": [-17.15, 73.08807, 11.15], "size": [2.32, 4.28, 12.5], "uv": [60, 45]},
						{"origin": [14.83, 73.08807, 11.15], "size": [2.32, 4.28, 12.5], "uv": [60, 45], "mirror": true},
						{"origin": [-10.56, 38.72807, 11.62757], "size": [21.12, 34.32, 11.44], "uv": [56, 0]}
					]
				},
				{
					"name": "B",
					"parent": "Back",
					"pivot": [0, 74.36807, 18.44757]
				},
				{
					"name": "bone14",
					"parent": "B",
					"pivot": [-1, 70.68346, 15.82947],
					"cubes": [
						{"origin": [-1.2, 71.02015, 15.39536], "size": [3.6, 3.6, 6.6], "uv": [90, 93]},
						{"origin": [-4.8, 72.82015, 11.6], "size": [9.8, 7.2, 11], "uv": [57, 19]},
						{"origin": [-4.8, 72.82015, 11.79536], "size": [3.6, 7.2, 11], "pivot": [-4.8, 80.02015, 15.99536], "rotation": [0, 0, 25], "uv": [68, 18]},
						{"origin": [1.2, 72.82015, 11.79536], "size": [3.6, 7.2, 11], "pivot": [4.8, 80.02015, 15.99536], "rotation": [0, 0, -25], "uv": [68, 18], "mirror": true}
					]
				},
				{
					"name": "lid2",
					"parent": "Toilet",
					"pivot": [0, 46.76, 13.2],
					"rotation": [-7.5, 0, 0],
					"cubes": [
						{"origin": [-10.56, 50.72, 9.24], "size": [21.12, 18.48, 2.64], "uv": [154, 0]},
						{"origin": [-9.24, 69.2, 9.24], "size": [18.48, 3.96, 2.64], "uv": [181, 116]},
						{"origin": [-7.92, 73.16, 9.24], "size": [15.84, 3.96, 2.64], "uv": [185, 94]},
						{"origin": [7.92, 75.8, 9.372], "size": [8.316, 1.32, 2.376], "pivot": [7.92, 77.12, 10.56], "rotation": [0, 0, 72], "uv": [0, 18]},
						{"origin": [-16.236, 75.8, 9.372], "size": [8.316, 1.32, 2.376], "pivot": [-7.92, 77.12, 10.56], "rotation": [0, 0, -72], "uv": [0, 18], "mirror": true},
						{"origin": [-9.24, 48.08, 9.24], "size": [18.48, 2.64, 2.64], "uv": [185, 90]}
					]
				},
				{
					"name": "Head",
					"parent": "Toilet",
					"pivot": [0, 56, 3],
					"cubes": [
						{"origin": [-6, 60, -4], "size": [12, 7, 9], "uv": [154, 163]},
						{"origin": [-0.5, 60, -7.5], "size": [1, 7, 4], "uv": [73, 217]},
						{"origin": [-0.5, 67, -7.5], "size": [1, 2, 4], "pivot": [0, 67, -7.5], "rotation": [-12.5, 0, 0], "uv": [46, 22]},
						{"origin": [-5.03374, 57.43135, -9.96351], "size": [4, 5, 8], "pivot": [-5, 61, -4], "rotation": [24.00558, -2.12439, -23.0847], "uv": [20, 164]},
						{"origin": [-6.03374, 56.43135, -5.96351], "size": [4, 5, 6], "pivot": [-5, 60, -4], "rotation": [27.15028, 30.31422, 3.25446], "uv": [160, 210]},
						{"origin": [2.03374, 56.43135, -5.96351], "size": [4, 5, 6], "pivot": [5, 60, -4], "rotation": [27.15028, -30.31422, -3.25446], "uv": [160, 210], "mirror": true},
						{"origin": [1.03374, 57.43135, -9.96351], "size": [4, 5, 8], "pivot": [5, 61, -4], "rotation": [24.00558, 2.12439, 23.0847], "uv": [20, 164], "mirror": true},
						{"origin": [1.03374, 56.43135, -9.96351], "size": [4, 0, 8], "pivot": [5, 60, -4], "rotation": [24.00558, 2.12439, 23.0847], "uv": [5, 0]},
						{"origin": [-1.5, 58.54804, -10.15301], "size": [3, 3, 1], "pivot": [1, 58, -5], "rotation": [27.5, 0, 0], "uv": [128, 41]},
						{"origin": [-2, 58, -9.15301], "size": [4, 6, 6], "pivot": [1, 59, -5], "rotation": [42.5, 0, 0], "uv": [41, 210]},
						{"origin": [-2.5, 55.27579, -8], "size": [5, 3, 4], "pivot": [1, 55, -8], "rotation": [-10, 0, 0], "uv": [136, 50]},
						{"origin": [-0.8, 60, -3.99389], "size": [6.7, 7, 4], "pivot": [6, 60, -4], "rotation": [-2.45, -32.5, 0], "uv": [210, 71]},
						{"origin": [-5.9, 60, -3.99389], "size": [6.7, 7, 4], "pivot": [-6, 60, -4], "rotation": [-2.45, 32.5, 0], "uv": [210, 71], "mirror": true},
						{"origin": [0.57357, 63.91087, -6.14], "size": [3.7, 1, 1], "pivot": [2, 63, -4], "rotation": [-2.45, -32.5, 0], "uv": [28, 26]},
						{"origin": [-4.27357, 63.91087, -6.14], "size": [3.7, 1, 1], "pivot": [-2, 63, -4], "rotation": [-2.45, 32.5, 0], "uv": [28, 26], "mirror": true},
						{"origin": [0.58, 63.5, -6.1], "size": [2.7, 1, 1], "pivot": [2, 63, -4], "rotation": [-2.45, -32.5, 0], "uv": [36, 26]},
						{"origin": [-3.28, 63.5, -6.1], "size": [2.7, 1, 1], "pivot": [-2, 63, -4], "rotation": [-2.45, 32.5, 0], "uv": [36, 26], "mirror": true},
						{"origin": [4.14694, 64.02391, -4.49613], "size": [1.2, 1, 1], "pivot": [5.18372, 64, -5.06975], "rotation": [11.55706, -30.67695, -26.39418], "uv": [18, 18]},
						{"origin": [-5.34694, 64.02391, -4.49613], "size": [1.2, 1, 1], "pivot": [-5.18372, 64, -5.06975], "rotation": [11.55706, 30.67695, 26.39418], "uv": [18, 18], "mirror": true},
						{"origin": [1.64816, 63.9848, -6.32926], "size": [3.7, 1, 1], "pivot": [2, 65, -6], "rotation": [17.04161, -28.19833, -37.5243], "uv": [28, 26]},
						{"origin": [0.64816, 64.5, -6.4], "size": [3.7, 1, 1], "pivot": [2, 65, -6], "rotation": [11.55706, -30.67695, -26.39418], "uv": [171, 175]},
						{"origin": [2.67651, 65.02436, -4.37589], "size": [2.7, 1, 1], "pivot": [5.02651, 66.52436, -3.87589], "rotation": [-5.6084, -32.14832, 5.90302], "uv": [171, 175]},
						{"origin": [-5.37651, 65.02436, -4.37589], "size": [2.7, 1, 1], "pivot": [-5.02651, 66.52436, -3.87589], "rotation": [-5.6084, 32.14832, -5.90302], "uv": [171, 175], "mirror": true},
						{"origin": [-5.34816, 64.5, -6.4], "size": [4.7, 1, 1], "pivot": [-2, 65, -6], "rotation": [11.55706, 30.67695, 26.39418], "uv": [171, 175], "mirror": true},
						{"origin": [-5.34816, 63.9848, -6.32926], "size": [3.7, 1, 1], "pivot": [-2, 65, -6], "rotation": [17.04161, 28.19833, 37.5243], "uv": [28, 26], "mirror": true},
						{"origin": [2.57357, 64.91087, -6.08], "size": [1.7, 1, 1], "pivot": [2, 63, -4], "rotation": [-2.45, -32.5, 0], "uv": [18, 18]},
						{"origin": [-4.27357, 64.91087, -6.08], "size": [1.7, 1, 1], "pivot": [-2, 63, -4], "rotation": [-2.45, 32.5, 0], "uv": [18, 18], "mirror": true},
						{"origin": [-4, 54, -4], "size": [8, 6, 9], "uv": [185, 75]},
						{"origin": [-4, 54, -3.95], "size": [2, 6.5, 8.9], "pivot": [-4, 54, 0], "rotation": [0, 0, -17.5], "uv": [116, 175]},
						{"origin": [2, 54, -3.95], "size": [2, 6.5, 8.9], "pivot": [4, 54, 0], "rotation": [0, 0, 17.5], "uv": [100, 139]}
					]
				},
				{
					"name": "hat",
					"parent": "Head",
					"pivot": [0, 64, 0],
					"rotation": [2.5, 0, 0],
					"cubes": [
						{"origin": [-4.5, 66, -7], "size": [9, 2, 3], "uv": [165, 103]},
						{"origin": [-4.5, 65.95, -8], "size": [9, 1.1, 1], "uv": [0, 21]},
						{"origin": [-7.5, 65.95, -2.8], "size": [1, 1.1, 7.6], "uv": [103, 215]},
						{"origin": [6.5, 65.95, -2.8], "size": [1, 1.1, 7.6], "uv": [103, 215], "mirror": true},
						{"origin": [-7.5, 66, 4.8], "size": [1, 1, 3.6], "pivot": [-7.5, 67, 4.8], "rotation": [0, 40, 0], "uv": [122, 5]},
						{"origin": [6.5, 66, 4.8], "size": [1, 1, 3.6], "pivot": [7.5, 67, 4.8], "rotation": [0, -40, 0], "uv": [71, 80]},
						{"origin": [-10.5, 66, -8], "size": [6, 1, 1], "pivot": [-4.5, 67, -8], "rotation": [0, 60, 0], "uv": [14, 26]},
						{"origin": [4.5, 66, -8], "size": [6, 1, 1], "pivot": [4.5, 67, -8], "rotation": [0, -60, 0], "uv": [0, 26]},
						{"origin": [-8, 66, -7], "size": [3.5, 2, 3], "pivot": [-4.5, 68, -7], "rotation": [0, 57.5, 0], "uv": [217, 111]},
						{"origin": [-7.5, 58.1, 5], "size": [3, 9.9, 2], "pivot": [-4.5, 68, 7], "rotation": [0, -47.5, 0], "uv": [143, 0]},
						{"origin": [4.5, 58.1, 5], "size": [3, 9.9, 2], "pivot": [4.5, 68, 7], "rotation": [0, 47.5, 0], "uv": [113, 114]},
						{"origin": [-6.5, 66, -4], "size": [13, 2, 8.8], "uv": [131, 101]},
						{"origin": [6.5, 61, 0], "size": [2, 5, 4], "uv": [113, 62]},
						{"origin": [6.5, 63, -1], "size": [2, 3, 1], "uv": [61, 0]},
						{"origin": [7, 63, -1.05], "size": [1, 3, 0], "uv": [20, 20]},
						{"origin": [6.55, 60.75, -1], "size": [1.9, 2.25, 1], "pivot": [8, 63, -1], "rotation": [26, 0, 0], "uv": [33, 0]},
						{"origin": [7, 60.75, -1.05], "size": [1, 2.25, 0], "pivot": [8, 63, -1], "rotation": [26, 0, 0], "uv": [0, 0]},
						{"origin": [-6.5, 58, 2], "size": [13, 8, 2.8], "uv": [195, 46]},
						{"origin": [-6.45, 58, 2], "size": [12.9, 10, 1.8], "pivot": [-5, 58, 2], "rotation": [35, 0, 0], "uv": [204, 126]},
						{"origin": [-6.45, 59, 3.8], "size": [12.9, 8, 1.8], "pivot": [-5, 58, 2], "rotation": [35, 0, 0], "uv": [204, 137]},
						{"origin": [-6.45, 61, 5.6], "size": [12.9, 5, 1.8], "pivot": [-5, 58, 2], "rotation": [35, 0, 0], "uv": [203, 65]},
						{"origin": [-4.5, 58, 5], "size": [9, 10, 2], "uv": [208, 99]},
						{"origin": [-2.55, 57.4, 4.8], "size": [5.1, 11, 2.94], "uv": [68, 139]},
						{"origin": [-5.2, 65.95, 6.55], "size": [3, 1.1, 1], "uv": [27, 21]},
						{"origin": [2.2, 65.95, 6.55], "size": [3, 1.1, 1], "uv": [27, 8]},
						{"origin": [-4.5, 68, -4], "size": [9, 4, 9], "uv": [129, 182]},
						{"origin": [-2.55, 72, -4], "size": [5.1, 1, 9], "uv": [200, 0]},
						{"origin": [-4.5, 68, -9], "size": [9, 4, 5], "pivot": [0, 72, -4], "rotation": [52.5, 0, 0], "uv": [203, 56]},
						{"origin": [-2.5, 64.05499, -7.0003], "size": [5, 4, 5.8], "pivot": [0, 68, -7], "rotation": [58.9, 0, 0], "uv": [173, 75]},
						{"origin": [-9, 68, -4], "size": [4.5, 4, 9], "pivot": [-4.5, 72, 0], "rotation": [0, 0, -65], "uv": [197, 11]},
						{"origin": [4.5, 68, -4], "size": [4.5, 4, 9], "pivot": [4.5, 72, 0], "rotation": [0, 0, 65], "uv": [197, 11], "mirror": true},
						{"origin": [-4.5, 68, 5], "size": [9, 4, 4.5], "pivot": [0, 72, 5], "rotation": [-65, 0, 0], "uv": [205, 179]},
						{"origin": [-2.5, 68.04714, 5.0825], "size": [5, 5, 5.3], "pivot": [0, 73, 5], "rotation": [-60, 0, 0], "uv": [114, 212]},
						{"origin": [4.5, 66, -7], "size": [3.5, 2, 3], "pivot": [4.5, 68, -7], "rotation": [0, -57.5, 0], "uv": [129, 212]},
						{"origin": [-9, 64, -3], "size": [2, 2, 5], "uv": [178, 30]},
						{"origin": [-9, 64.5, -3.05], "size": [1, 1, 0], "uv": [0, 8]},
						{"origin": [-8, 64, -3.05], "size": [1, 1, 0], "uv": [6, 1]},
						{"origin": [-8, 65, -3.05], "size": [1, 1, 0], "uv": [6, 0]}
					]
				},
				{
					"name": "Spk",
					"parent": "hat",
					"pivot": [0, 68, -7],
					"rotation": [10, 0, 0],
					"cubes": [
						{"origin": [-0.95, 70, -9.47212], "size": [1.9, 1.7, 4], "pivot": [0, 72, -9], "rotation": [96.4, 0, 0], "uv": [119, 196]},
						{"origin": [-0.5, 74, -8.44719], "size": [1, 1, 2], "pivot": [0, 75, -9], "rotation": [66.4, 0, 0], "uv": [82, 111]},
						{"origin": [-1, 66, -7], "size": [2, 2, 4], "pivot": [0, 68, -7], "rotation": [116.4, 0, 0], "uv": [219, 0]}
					]
				},
				{
					"name": "Spk2",
					"parent": "hat",
					"pivot": [-5, 68, -5],
					"rotation": [20, 60, 0],
					"cubes": [
						{"origin": [-5.95, 70, -7.47212], "size": [1.9, 1.7, 4], "pivot": [-5, 72, -7], "rotation": [93.9, 0, 0], "uv": [187, 164]},
						{"origin": [-5.5, 74, -6.44719], "size": [1, 1, 2], "pivot": [-5, 75, -7], "rotation": [66.4, 0, 0], "uv": [76, 111]},
						{"origin": [-6, 66, -5], "size": [2, 2, 4], "pivot": [-5, 68, -5], "rotation": [116.4, 0, 0], "uv": [218, 168]}
					]
				},
				{
					"name": "Spk3",
					"parent": "hat",
					"pivot": [5, 68, -5],
					"rotation": [20, -60, 0],
					"cubes": [
						{"origin": [4.05, 70, -7.47212], "size": [1.9, 1.7, 4], "pivot": [5, 72, -7], "rotation": [93.9, 0, 0], "uv": [110, 156]},
						{"origin": [4.4, 74, -6.44719], "size": [1, 1, 2], "pivot": [5, 75, -7], "rotation": [66.4, 0, 0], "uv": [52, 111]},
						{"origin": [4, 66, -5], "size": [2, 2, 4], "pivot": [5, 68, -5], "rotation": [116.4, 0, 0], "uv": [204, 24]}
					]
				},
				{
					"name": "bone",
					"parent": "Head",
					"pivot": [1, 58, -5],
					"cubes": [
						{"origin": [-2, 58, -12.15301], "size": [4, 4, 2], "pivot": [1, 58, -5], "rotation": [27.5, 0, 0], "uv": [80, 190]},
						{"origin": [-2, 62, -12.15301], "size": [4, 1, 2], "pivot": [1, 58, -5], "rotation": [27.5, 0, 0], "uv": [101, 104]},
						{"origin": [-2, 57, -12.15301], "size": [4, 1, 2], "pivot": [1, 58, -5], "rotation": [27.5, 0, 0], "uv": [53, 8]},
						{"origin": [-3.3, 53.8, -10.98395], "size": [1.5, 1, 2], "pivot": [-2, 54, -11], "rotation": [19.37626, -19.90349, 44.06852], "uv": [109, 6]},
						{"origin": [1.8, 53.8, -10.98395], "size": [1.5, 1, 2], "pivot": [2, 54, -11], "rotation": [19.37626, 19.90349, -44.06852], "uv": [109, 6], "mirror": true}
					]
				},
				{
					"name": "bone2",
					"parent": "Head",
					"pivot": [1, 58, -5],
					"cubes": [
						{"origin": [-3, 58, -12.15301], "size": [1, 4, 2], "pivot": [1, 58, -5], "rotation": [27.5, 0, 0], "uv": [43, 0]},
						{"origin": [2, 58, -12.15301], "size": [1, 4, 2], "pivot": [-1, 58, -5], "rotation": [27.5, 0, 0], "uv": [43, 0], "mirror": true},
						{"origin": [-3.4, 58.99374, -13.86743], "size": [1.4, 1, 2], "pivot": [-2, 60, -12], "rotation": [20.20848, 19.05681, -41.57337], "uv": [24, 108]},
						{"origin": [2, 58.99374, -13.86743], "size": [1.4, 1, 2], "pivot": [2, 60, -12], "rotation": [20.20848, -19.05681, 41.57337], "uv": [24, 108], "mirror": true}
					]
				},
				{
					"name": "Arm_1",
					"parent": "Toilet",
					"pivot": [12, 48, 3],
					"rotation": [-12.39149, -9.29798, -58.78223],
					"cubes": [
						{"origin": [22.50395, 27, -1.85806], "size": [3, 21, 7], "uv": [27, 188]},
						{"origin": [23.2222, 41, -1.5], "size": [3, 6, 6], "uv": [14, 210]},
						{"origin": [23.2222, 28, -1.5], "size": [3, 6, 6], "uv": [14, 210]},
						{"origin": [23.2222, 34.5, -1.5], "size": [3, 6, 6], "uv": [14, 210]},
						{"origin": [13, 25, -2], "size": [9, 24, 9], "uv": [128, 128]},
						{"origin": [7, 32, -3], "size": [7, 11, 11], "pivot": [5, 48, 3], "rotation": [0, 0, -70], "uv": [34, 166]},
						{"origin": [10, 26, -2], "size": [3, 13, 9], "pivot": [5, 48, 3], "rotation": [0, 0, -80], "uv": [47, 188]},
						{"origin": [10, 24, -1], "size": [1, 2, 7], "pivot": [5, 48, 3], "rotation": [0, 0, -80], "uv": [25, 130]},
						{"origin": [10, 31, -1], "size": [4, 10, 7], "pivot": [5, 48, 3], "rotation": [0, 0, -80], "uv": [122, 195]},
						{"origin": [14, 32.48181, 4.68714], "size": [7, 13, 5], "uv": [160, 192]},
						{"origin": [13, 32.48181, -24.31286], "size": [7, 13, 5], "pivot": [17, 33.48181, -12.31286], "rotation": [0, 180, 0], "uv": [160, 192]},
						{"origin": [14, 29, 3], "size": [7, 7, 5], "pivot": [17, 30, 0], "rotation": [-22.5, 0, 0], "uv": [203, 204]},
						{"origin": [15, 29, 7.37427], "size": [7, 7, 5], "pivot": [18, 30, 4.37427], "rotation": [-22.5, 180, 0], "uv": [203, 204]},
						{"origin": [13.5, 34, -4], "size": [8, 5, 2], "uv": [215, 216]},
						{"origin": [-25.5, 40, -8], "size": [8, 5, 2], "pivot": [-2, -70, 0], "rotation": [0, 180, 0], "uv": [215, 216]},
						{"origin": [-25.5, 34, -8], "size": [8, 5, 2], "pivot": [-2, -70, 0], "rotation": [0, 180, 0], "uv": [215, 216]},
						{"origin": [13.5, 42, -4], "size": [8, 5, 2], "uv": [215, 157]},
						{"origin": [22, 30, -2], "size": [1, 13, 8], "uv": [56, 62]},
						{"origin": [23, 26, -2], "size": [2, 23, 5], "pivot": [5, 48, 3], "rotation": [0, -20, 0], "uv": [87, 191]},
						{"origin": [24, 46, 0], "size": [2, 2, 4], "pivot": [5, 48, 3], "rotation": [0, -20, 0], "uv": [20, 189]},
						{"origin": [24, 42, 0], "size": [2, 2, 4], "pivot": [5, 48, 3], "rotation": [0, -20, 0], "uv": [20, 189]},
						{"origin": [24, 39, 0], "size": [2, 2, 4], "pivot": [5, 48, 3], "rotation": [0, -20, 0], "uv": [20, 189]},
						{"origin": [24, 34, 0], "size": [2, 2, 4], "pivot": [5, 48, 3], "rotation": [0, -20, 0], "uv": [20, 189]},
						{"origin": [24, 31, 0], "size": [2, 2, 4], "pivot": [5, 48, 3], "rotation": [0, -20, 0], "uv": [20, 189]},
						{"origin": [24, 27, 0], "size": [2, 2, 4], "pivot": [5, 48, 3], "rotation": [0, -20, 0], "uv": [20, 189]},
						{"origin": [24.37849, 26, 2.71588], "size": [2, 23, 5], "pivot": [6.37849, 48, 4.71588], "rotation": [0, 27.5, 0], "uv": [87, 191]},
						{"origin": [25.37849, 46, 1.71588], "size": [2, 2, 4], "pivot": [6.37849, 48, 4.71588], "rotation": [0, 27.5, 0], "uv": [62, 188]},
						{"origin": [25.37849, 42, 1.71588], "size": [2, 2, 4], "pivot": [6.37849, 48, 4.71588], "rotation": [0, 27.5, 0], "uv": [62, 188]},
						{"origin": [25.37849, 39, 1.71588], "size": [2, 2, 4], "pivot": [6.37849, 48, 4.71588], "rotation": [0, 27.5, 0], "uv": [62, 188]},
						{"origin": [25.37849, 34, 1.71588], "size": [2, 2, 4], "pivot": [6.37849, 48, 4.71588], "rotation": [0, 27.5, 0], "uv": [62, 188]},
						{"origin": [25.37849, 31, 1.71588], "size": [2, 2, 4], "pivot": [6.37849, 48, 4.71588], "rotation": [0, 27.5, 0], "uv": [62, 188]},
						{"origin": [25.37849, 27, 1.71588], "size": [2, 2, 4], "pivot": [6.37849, 48, 4.71588], "rotation": [0, 27.5, 0], "uv": [62, 188]}
					]
				},
				{
					"name": "Arm_bone",
					"parent": "Arm_1",
					"pivot": [17, 28, 2],
					"rotation": [-45, 0, 20],
					"cubes": [
						{"origin": [14.68404, 6.67107, -7.17107], "size": [7, 17, 1], "pivot": [17.68404, 13.67107, 0.32893], "rotation": [0, 180, 0], "uv": [183, 209]},
						{"origin": [13.18404, 2.67107, -2.17107], "size": [8, 25, 9], "uv": [34, 130]},
						{"origin": [13.68404, -0.32893, -1.67107], "size": [7, 3, 8], "uv": [193, 157]},
						{"origin": [21.18404, 1.67107, -1.17107], "size": [1, 20, 7], "uv": [71, 190]},
						{"origin": [14.18404, 1.67107, -3.17107], "size": [6, 19, 1], "uv": [0, 206]},
						{"origin": [13.68404, 4.67107, -4.17107], "size": [7, 17, 1], "uv": [0, 108]},
						{"origin": [11.68404, 11.67107, -2.17107], "size": [1, 1, 2], "uv": [107, 88]},
						{"origin": [11.68404, 16.67107, -2.17107], "size": [1, 1, 2], "uv": [107, 88]},
						{"origin": [11.68404, 16.67107, 4.82893], "size": [1, 1, 2], "uv": [107, 88]},
						{"origin": [11.68404, 11.67107, 4.82893], "size": [1, 1, 2], "uv": [107, 88]},
						{"origin": [13.18404, 8.67107, -4.67107], "size": [2, 1, 1], "uv": [35, 21], "mirror": true},
						{"origin": [13.18404, 10.67107, 7.32893], "size": [2, 1, 1], "uv": [35, 21], "mirror": true},
						{"origin": [13.18404, 14.67107, 7.32893], "size": [2, 1, 1], "uv": [35, 21], "mirror": true},
						{"origin": [13.18404, 18.67107, 7.32893], "size": [2, 1, 1], "uv": [35, 21], "mirror": true},
						{"origin": [19.18404, 18.67107, 7.32893], "size": [2, 1, 1], "uv": [35, 21]},
						{"origin": [19.18404, 10.67107, 7.32893], "size": [2, 1, 1], "uv": [35, 21]},
						{"origin": [13.18404, 12.67107, -4.67107], "size": [2, 1, 1], "uv": [35, 21], "mirror": true},
						{"origin": [19.18404, 12.67107, -4.67107], "size": [2, 1, 1], "uv": [35, 21]},
						{"origin": [19.18404, 8.67107, -4.67107], "size": [2, 1, 1], "uv": [35, 21]},
						{"origin": [19.18404, 16.67107, -4.67107], "size": [2, 1, 1], "uv": [35, 21]},
						{"origin": [13.18404, 16.67107, -4.67107], "size": [2, 1, 1], "uv": [35, 21], "mirror": true},
						{"origin": [11.68404, 6.67107, -5.17107], "size": [8, 17, 1], "pivot": [17.68404, 12.67107, 0.32893], "rotation": [0, 90, 0], "uv": [101, 196]},
						{"origin": [13.18404, 0.67107, -2.17107], "size": [1, 2, 1], "uv": [27, 0]},
						{"origin": [13.18404, 0.67107, 5.82893], "size": [1, 2, 1], "uv": [27, 0]},
						{"origin": [20.18404, 0.67107, -2.17107], "size": [1, 2, 1], "uv": [27, 0]},
						{"origin": [20.18404, 0.67107, 5.82893], "size": [1, 2, 1], "uv": [27, 0]},
						{"origin": [22.18404, 30.67107, -5.17107], "size": [2, 9, 9], "pivot": [22.18404, 21.67107, 0.82893], "rotation": [-180, 0, 0], "uv": [0, 0]},
						{"origin": [22.18404, 20.67107, -5.17107], "size": [2, 9, 9], "pivot": [22.18404, 21.67107, 0.82893], "rotation": [-180, 0, 0], "uv": [0, 0]}
					],
					"locators": {
						"locator3": [17.68404, -6.32893, 2.32893],
						"shield": {
							"offset": [27, 12, 3],
							"rotation": [-92.5, 0, 0]
						}
					}
				},
				{
					"name": "Hand_1",
					"parent": "Arm_bone",
					"pivot": [16.68404, -0.32893, 2.32893],
					"cubes": [
						{"origin": [12.68404, -4.32893, 0.32893], "size": [9, 4, 4], "uv": [203, 188]}
					]
				},
				{
					"name": "B_1",
					"parent": "Hand_1",
					"pivot": [17.68404, -3.32893, 1.32893],
					"rotation": [12.5, 0, 0],
					"cubes": [
						{"origin": [13.18404, -3.85437, -4.31989], "size": [3, 3, 7], "pivot": [14.68404, -1.85437, 1.68011], "rotation": [-3.61644, 19.6835, -10.62758], "uv": [161, 62]},
						{"origin": [15.18404, 2.14563, -17.31989], "size": [3, 3, 7], "pivot": [-17.31596, -1.85437, 1.68011], "rotation": [-3.61644, -19.6835, 10.62758], "uv": [161, 62]},
						{"origin": [14.18404, -3.85437, -2.31989], "size": [6, 2, 4], "pivot": [14.68404, -1.85437, 1.68011], "rotation": [-3.61644, 0, 0], "uv": [134, 217]}
					]
				},
				{
					"name": "F_3",
					"parent": "B_1",
					"pivot": [12.68404, -1.85437, -3.31989],
					"rotation": [20.74341, 21.61061, -16.14818],
					"cubes": [
						{"origin": [11.42915, -6.81412, -5.11788], "size": [3, 5, 3], "pivot": [12.42915, -1.8203, -3.27495], "rotation": [-4.50432, 0, 0], "uv": [66, 62], "mirror": true},
						{"origin": [11.98404, -11.00829, -5.61887], "size": [2, 5, 3], "pivot": [12.42915, -6.01447, -3.77594], "rotation": [20.49568, 0, 0], "uv": [133, 165], "mirror": true}
					]
				},
				{
					"name": "F_4",
					"parent": "B_1",
					"pivot": [21.68404, -1.85437, -3.31989],
					"rotation": [20.74341, -21.61061, 16.14818],
					"cubes": [
						{"origin": [19.93893, -6.81412, -5.11788], "size": [3, 5, 3], "pivot": [21.93893, -1.8203, -3.27495], "rotation": [-4.50432, 0, 0], "uv": [66, 62]},
						{"origin": [20.38404, -11.00829, -5.61887], "size": [2, 5, 3], "pivot": [21.93893, -6.01447, -3.77594], "rotation": [20.49568, 0, 0], "uv": [133, 165]}
					]
				},
				{
					"name": "B_2",
					"parent": "Hand_1",
					"pivot": [17.68404, -3.32893, 3.32893],
					"rotation": [-7.5, 0, 0],
					"cubes": [
						{"origin": [13.18404, -3.85437, 1.97775], "size": [3, 3, 7], "pivot": [14.68404, -1.85437, 2.97775], "rotation": [3.61644, -19.6835, -10.62758], "uv": [161, 62], "mirror": true},
						{"origin": [15.18404, 2.14563, 14.97775], "size": [3, 3, 7], "pivot": [-17.31596, -1.85437, 2.97775], "rotation": [3.61644, 19.6835, 10.62758], "uv": [161, 62]},
						{"origin": [9.18404, -3.85437, -1.02225], "size": [6, 2, 4], "pivot": [14.68404, -1.85437, 2.97775], "rotation": [3.61644, 180, 0], "uv": [134, 217]}
					]
				},
				{
					"name": "F_2",
					"parent": "B_2",
					"pivot": [12.68404, -1.85437, 7.97775],
					"rotation": [-20.74341, -21.61061, -16.14818],
					"cubes": [
						{"origin": [11.42915, -6.81412, 6.77573], "size": [3, 5, 3], "pivot": [12.42915, -1.8203, 7.9328], "rotation": [4.50432, 0, 0], "uv": [66, 62], "mirror": true},
						{"origin": [11.98404, -11.00829, 7.27673], "size": [2, 5, 3], "pivot": [12.42915, -6.01447, 8.43379], "rotation": [-20.49568, 0, 0], "uv": [133, 165], "mirror": true}
					]
				},
				{
					"name": "F_1",
					"parent": "B_2",
					"pivot": [21.68404, -1.85437, 7.97775],
					"rotation": [-23.24341, 21.61061, 16.14818],
					"cubes": [
						{"origin": [19.93893, -6.81412, 6.77573], "size": [3, 5, 3], "pivot": [21.93893, -1.8203, 7.9328], "rotation": [4.50432, 0, 0], "uv": [66, 62]},
						{"origin": [20.38404, -11.00829, 7.27673], "size": [2, 5, 3], "pivot": [21.93893, -6.01447, 8.43379], "rotation": [-20.49568, 0, 0], "uv": [133, 165]}
					]
				},
				{
					"name": "Arm_2",
					"parent": "Toilet",
					"pivot": [-12, 48, 3],
					"rotation": [-12.39149, 9.29798, 58.78223],
					"cubes": [
						{"origin": [-25.50395, 27, -1.85806], "size": [3, 21, 7], "uv": [27, 188], "mirror": true},
						{"origin": [-26.2222, 41, -1.5], "size": [3, 6, 6], "uv": [14, 210], "mirror": true},
						{"origin": [-26.2222, 28, -1.5], "size": [3, 6, 6], "uv": [14, 210], "mirror": true},
						{"origin": [-26.2222, 34.5, -1.5], "size": [3, 6, 6], "uv": [14, 210], "mirror": true},
						{"origin": [-22, 25, -2], "size": [9, 24, 9], "uv": [128, 128], "mirror": true},
						{"origin": [-14, 32, -3], "size": [7, 11, 11], "pivot": [-5, 48, 3], "rotation": [0, 0, 70], "uv": [34, 166], "mirror": true},
						{"origin": [-13, 26, -2], "size": [3, 13, 9], "pivot": [-5, 48, 3], "rotation": [0, 0, 80], "uv": [47, 188], "mirror": true},
						{"origin": [-11, 24, -1], "size": [1, 2, 7], "pivot": [-5, 48, 3], "rotation": [0, 0, 80], "uv": [25, 130], "mirror": true},
						{"origin": [-14, 31, -1], "size": [4, 10, 7], "pivot": [-5, 48, 3], "rotation": [0, 0, 80], "uv": [122, 195], "mirror": true},
						{"origin": [-21, 32.48181, 4.68714], "size": [7, 13, 5], "uv": [160, 192], "mirror": true},
						{"origin": [-20, 32.48181, -24.31286], "size": [7, 13, 5], "pivot": [-17, 33.48181, -12.31286], "rotation": [0, -180, 0], "uv": [160, 192], "mirror": true},
						{"origin": [-21, 29, 3], "size": [7, 7, 5], "pivot": [-17, 30, 0], "rotation": [-22.5, 0, 0], "uv": [203, 204], "mirror": true},
						{"origin": [-22, 29, 7.37427], "size": [7, 7, 5], "pivot": [-18, 30, 4.37427], "rotation": [-22.5, -180, 0], "uv": [203, 204], "mirror": true},
						{"origin": [-21.5, 34, -4], "size": [8, 5, 2], "uv": [215, 216], "mirror": true},
						{"origin": [17.5, 40, -8], "size": [8, 5, 2], "pivot": [2, -70, 0], "rotation": [0, -180, 0], "uv": [215, 216], "mirror": true},
						{"origin": [17.5, 34, -8], "size": [8, 5, 2], "pivot": [2, -70, 0], "rotation": [0, -180, 0], "uv": [215, 216], "mirror": true},
						{"origin": [-21.5, 42, -4], "size": [8, 5, 2], "uv": [215, 157], "mirror": true},
						{"origin": [-23, 30, -2], "size": [1, 13, 8], "uv": [56, 62], "mirror": true},
						{"origin": [-25, 26, -2], "size": [2, 23, 5], "pivot": [-5, 48, 3], "rotation": [0, 20, 0], "uv": [87, 191], "mirror": true},
						{"origin": [-26, 46, 0], "size": [2, 2, 4], "pivot": [-5, 48, 3], "rotation": [0, 20, 0], "uv": [20, 189], "mirror": true},
						{"origin": [-26, 42, 0], "size": [2, 2, 4], "pivot": [-5, 48, 3], "rotation": [0, 20, 0], "uv": [20, 189], "mirror": true},
						{"origin": [-26, 39, 0], "size": [2, 2, 4], "pivot": [-5, 48, 3], "rotation": [0, 20, 0], "uv": [20, 189], "mirror": true},
						{"origin": [-26, 34, 0], "size": [2, 2, 4], "pivot": [-5, 48, 3], "rotation": [0, 20, 0], "uv": [20, 189], "mirror": true},
						{"origin": [-26, 31, 0], "size": [2, 2, 4], "pivot": [-5, 48, 3], "rotation": [0, 20, 0], "uv": [20, 189], "mirror": true},
						{"origin": [-26, 27, 0], "size": [2, 2, 4], "pivot": [-5, 48, 3], "rotation": [0, 20, 0], "uv": [20, 189], "mirror": true},
						{"origin": [-26.37849, 26, 2.71588], "size": [2, 23, 5], "pivot": [-6.37849, 48, 4.71588], "rotation": [0, -27.5, 0], "uv": [87, 191], "mirror": true},
						{"origin": [-27.37849, 46, 1.71588], "size": [2, 2, 4], "pivot": [-6.37849, 48, 4.71588], "rotation": [0, -27.5, 0], "uv": [62, 188], "mirror": true},
						{"origin": [-27.37849, 42, 1.71588], "size": [2, 2, 4], "pivot": [-6.37849, 48, 4.71588], "rotation": [0, -27.5, 0], "uv": [62, 188], "mirror": true},
						{"origin": [-27.37849, 39, 1.71588], "size": [2, 2, 4], "pivot": [-6.37849, 48, 4.71588], "rotation": [0, -27.5, 0], "uv": [62, 188], "mirror": true},
						{"origin": [-27.37849, 34, 1.71588], "size": [2, 2, 4], "pivot": [-6.37849, 48, 4.71588], "rotation": [0, -27.5, 0], "uv": [62, 188], "mirror": true},
						{"origin": [-27.37849, 31, 1.71588], "size": [2, 2, 4], "pivot": [-6.37849, 48, 4.71588], "rotation": [0, -27.5, 0], "uv": [62, 188], "mirror": true},
						{"origin": [-27.37849, 27, 1.71588], "size": [2, 2, 4], "pivot": [-6.37849, 48, 4.71588], "rotation": [0, -27.5, 0], "uv": [62, 188], "mirror": true}
					]
				},
				{
					"name": "Arm_bone2",
					"parent": "Arm_2",
					"pivot": [-18, 28, 2],
					"rotation": [-45, 0, -20],
					"cubes": [
						{"origin": [-22.18404, 2.67107, -2.17107], "size": [8, 25, 9], "uv": [0, 130]},
						{"origin": [-25.18404, 20.67107, -3.17107], "size": [12, 9, 11], "uv": [143, 30]},
						{"origin": [-27.18404, 16.67107, 1.82893], "size": [5, 12, 1], "uv": [0, 164]},
						{"origin": [-16.18404, 24.67107, -3.17107], "size": [2, 2, 19], "uv": [158, 109]},
						{"origin": [-17.18404, 23.67107, 7.82893], "size": [4, 4, 1], "uv": [179, 192]},
						{"origin": [-21.18404, 16.67107, 10.82893], "size": [3, 10.7, 2], "uv": [56, 45]},
						{"origin": [-21.15, 27.67107, 10.82893], "size": [2.9, 6, 2], "pivot": [-20, 27.5, 13], "rotation": [65, 0, 0], "uv": [56, 62]},
						{"origin": [-21.15, 5.67107, 10.82893], "size": [2.9, 11, 1.9], "pivot": [-19, 16.5, 13], "rotation": [-37.5, 0, 0], "uv": [154, 217]},
						{"origin": [-24.18404, 4.67107, -4.17107], "size": [12, 2, 13], "uv": [151, 148]},
						{"origin": [-24.18404, 14.67107, -4.17107], "size": [12, 2, 13], "uv": [151, 148]},
						{"origin": [-17.18404, 2, -3.17107], "size": [4, 18, 4], "uv": [144, 195]},
						{"origin": [-17.18404, 2, 3.82893], "size": [4, 18, 4], "uv": [144, 195]},
						{"origin": [-23.18404, 2, 3.82893], "size": [4, 18, 4], "uv": [144, 195]},
						{"origin": [-23.18404, 2, -3.17107], "size": [4, 18, 4], "uv": [144, 195]},
						{"origin": [-25.49013, 5, -6.79038], "size": [5, 11, 5], "pivot": [-23.99013, 10.5, -4.29038], "rotation": [0, -45, 0], "uv": [92, 88]},
						{"origin": [-26.1, 6, -7.3], "size": [6, 2, 6], "pivot": [-23.99013, 10.5, -4.29038], "rotation": [0, -45, 0], "uv": [43, 0]},
						{"origin": [-26.1, 13, -7.3], "size": [6, 2, 6], "pivot": [-23.99013, 10.5, -4.29038], "rotation": [0, -45, 0], "uv": [43, 0]},
						{"origin": [-21.68404, -0.32893, -1.67107], "size": [7, 3, 8], "uv": [188, 146]},
						{"origin": [-15.18404, 0.67107, -2.17107], "size": [1, 2, 1], "uv": [27, 0], "mirror": true},
						{"origin": [-15.18404, 0.67107, 5.82893], "size": [1, 2, 1], "uv": [27, 0], "mirror": true},
						{"origin": [-22.18404, 0.67107, -2.17107], "size": [1, 2, 1], "uv": [27, 0], "mirror": true},
						{"origin": [-22.18404, 0.67107, 5.82893], "size": [1, 2, 1], "uv": [27, 0], "mirror": true}
					],
					"locators": {
						"locator4": [-18, -8.32893, 2]
					}
				},
				{
					"name": "Hand_2",
					"parent": "Arm_bone2",
					"pivot": [-18.18404, -2.32893, 1.82893],
					"cubes": [
						{"origin": [-23.2, -2.5, -3.2], "size": [10, 3, 10], "uv": [173, 62]},
						{"origin": [-24.2, -2.5, 5.8], "size": [2, 4, 2], "uv": [109, 0]},
						{"origin": [-23.2, -3.5, 4.8], "size": [2, 1, 2], "uv": [16, 108]},
						{"origin": [-23.2, -4.5, 4.8], "size": [2, 1, 2], "uv": [16, 108]},
						{"origin": [-22.2, -5.5, -2.2], "size": [8, 2, 8], "uv": [109, 165]},
						{"origin": [-22.68404, -4.32893, -2.67107], "size": [9, 4, 9], "uv": [181, 103]},
						{"origin": [-20.68404, -7.32893, -0.67107], "size": [5, 2, 5], "uv": [210, 146]}
					]
				},
				{
					"name": "Red",
					"parent": "Hand_2",
					"pivot": [-18.18404, -7.66579, 1.82893],
					"cubes": [
						{"origin": [-19.2, -8.5, -8.2], "size": [2, 2, 9], "pivot": [-18.18404, -7.32893, 1.82893], "rotation": [0, -90, 0], "uv": [109, 0]},
						{"origin": [-19.2, -8.5, -8.2], "size": [2, 2, 9], "pivot": [-18.18404, -7.32893, 1.82893], "rotation": [0, 180, 0], "uv": [109, 0]},
						{"origin": [-19.2, -8.5, -8.2], "size": [2, 2, 9], "pivot": [-18.18404, -7.32893, 1.82893], "rotation": [0, 90, 0], "uv": [109, 0]},
						{"origin": [-19.2, -8.5, -8.2], "size": [2, 2, 9], "uv": [109, 0]},
						{"origin": [-19.68404, -9.32893, 0.32893], "size": [3, 2, 3], "uv": [92, 104]}
					]
				},
				{
					"name": "J",
					"parent": "Hand_2",
					"pivot": [-18.18404, -2.32893, 1.82893],
					"cubes": [
						{"origin": [-19.2, -2.5, -8.2], "size": [2, 3, 5], "uv": [27, 217]},
						{"origin": [-19.25, -3.1, -8.2], "size": [2.1, 3.6, 2], "pivot": [-18.18404, 0.67107, -8.17107], "rotation": [-35, 0, 0], "uv": [122, 0]},
						{"origin": [-19.2, -8.5, -10.2], "size": [2, 6, 2], "uv": [0, 0]},
						{"origin": [-19.6, -9.2, -9], "size": [3, 3, 1], "uv": [120, 41]}
					]
				},
				{
					"name": "J2",
					"parent": "Hand_2",
					"pivot": [-18.18404, -2.32893, 1.82893],
					"rotation": [0, 180, 0],
					"cubes": [
						{"origin": [-19.2, -2.5, -8.2], "size": [2, 3, 5], "uv": [27, 217]},
						{"origin": [-19.25, -3.1, -8.2], "size": [2.1, 3.6, 2], "pivot": [-18.18404, 0.67107, -8.17107], "rotation": [-35, 0, 0], "uv": [122, 0]},
						{"origin": [-19.2, -8.5, -10.2], "size": [2, 6, 2], "uv": [0, 0]},
						{"origin": [-19.6, -9.2, -9], "size": [3, 3, 1], "uv": [120, 41]}
					]
				},
				{
					"name": "J3",
					"parent": "Hand_2",
					"pivot": [-18.18404, -2.32893, 1.82893],
					"rotation": [0, 90, 0],
					"cubes": [
						{"origin": [-19.2, -2.5, -8.2], "size": [2, 3, 5], "uv": [27, 217]},
						{"origin": [-19.25, -3.1, -8.2], "size": [2.1, 3.6, 2], "pivot": [-18.18404, 0.67107, -8.17107], "rotation": [-35, 0, 0], "uv": [122, 0]},
						{"origin": [-19.2, -8.5, -10.2], "size": [2, 6, 2], "uv": [0, 0]},
						{"origin": [-19.6, -9.2, -9], "size": [3, 3, 1], "uv": [120, 41]}
					]
				},
				{
					"name": "J4",
					"parent": "Hand_2",
					"pivot": [-18.18404, -2.32893, 1.82893],
					"rotation": [0, -90, 0],
					"cubes": [
						{"origin": [-19.2, -2.5, -8.2], "size": [2, 3, 5], "uv": [27, 217]},
						{"origin": [-19.25, -3.1, -8.2], "size": [2.1, 3.6, 2], "pivot": [-18.18404, 0.67107, -8.17107], "rotation": [-35, 0, 0], "uv": [122, 0]},
						{"origin": [-19.2, -8.5, -10.2], "size": [2, 6, 2], "uv": [0, 0]},
						{"origin": [-19.6, -9.2, -9], "size": [3, 3, 1], "uv": [120, 41]}
					]
				},
				{
					"name": "Circle",
					"parent": "Root",
					"pivot": [0, 50, -5],
					"cubes": [
						{"origin": [-4.92308, 41.55, -29.75], "size": [9.84616, 5, 6.6], "uv": [52, 111]},
						{"origin": [-3.82308, 40.45, -30.85], "size": [7.64616, 7.2, 6.6], "uv": [0, 189]},
						{"origin": [-3.82308, 40.45, -30.85], "size": [7.64616, 7.2, 6.6], "pivot": [0, 26.9, -5], "rotation": [0, -90, 0], "uv": [0, 189]},
						{"origin": [-3.82308, 40.45, -30.85], "size": [7.64616, 7.2, 6.6], "pivot": [0, 26.9, -5], "rotation": [0, 180, 0], "uv": [0, 189]},
						{"origin": [-3.82308, 40.45, -30.85], "size": [7.64616, 7.2, 6.6], "pivot": [0, 26.9, -5], "rotation": [0, 90, 0], "uv": [0, 189], "mirror": true},
						{"origin": [-4.92308, 41.55, -29.75], "size": [9.84616, 5, 6.6], "pivot": [0, 26.9, -5], "rotation": [0, 45, 0], "uv": [52, 111]},
						{"origin": [-4.92308, 41.55, -29.75], "size": [9.84616, 5, 6.6], "pivot": [0, 26.9, -5], "rotation": [0, 90, 0], "uv": [52, 111]},
						{"origin": [-4.92308, 41.55, -29.75], "size": [9.84616, 5, 6.6], "pivot": [0, 26.9, -5], "rotation": [0, 135, 0], "uv": [52, 111]},
						{"origin": [-4.92308, 41.55, -29.75], "size": [9.84616, 5, 6.6], "pivot": [0, 26.9, -5], "rotation": [0, 180, 0], "uv": [52, 111]},
						{"origin": [-4.92308, 41.55, -29.75], "size": [9.84616, 5, 6.6], "pivot": [0, 26.9, -5], "rotation": [0, -135, 0], "uv": [52, 111]},
						{"origin": [-4.92308, 41.55, -29.75], "size": [9.84616, 5, 6.6], "pivot": [0, 26.9, -5], "rotation": [0, -90, 0], "uv": [52, 111]},
						{"origin": [-4.92308, 41.55, -29.75], "size": [9.84616, 5, 6.6], "pivot": [0, 26.9, -5], "rotation": [0, -45, 0], "uv": [52, 111]},
						{"origin": [-4.92308, 41.495, -29.75], "size": [9.84616, 5, 6.6], "pivot": [0, 26.9, -5], "rotation": [0, 22.5, 0], "uv": [52, 111]},
						{"origin": [-4.92308, 41.495, -29.75], "size": [9.84616, 5, 6.6], "pivot": [0, 26.9, -5], "rotation": [0, 67.5, 0], "uv": [52, 111]},
						{"origin": [-4.92308, 41.495, -29.75], "size": [9.84616, 5, 6.6], "pivot": [0, 26.9, -5], "rotation": [0, 112.5, 0], "uv": [52, 111]},
						{"origin": [-4.92308, 41.495, -29.75], "size": [9.84616, 5, 6.6], "pivot": [0, 26.9, -5], "rotation": [0, 157.5, 0], "uv": [52, 111]},
						{"origin": [-4.92308, 41.495, -29.75], "size": [9.84616, 5, 6.6], "pivot": [0, 26.9, -5], "rotation": [0, -157.5, 0], "uv": [52, 111]},
						{"origin": [-4.92308, 41.495, -29.75], "size": [9.84616, 5, 6.6], "pivot": [0, 26.9, -5], "rotation": [0, -112.5, 0], "uv": [52, 111]},
						{"origin": [-4.92308, 41.495, -29.75], "size": [9.84616, 5, 6.6], "pivot": [0, 26.9, -5], "rotation": [0, -67.5, 0], "uv": [52, 111]},
						{"origin": [-4.92308, 41.495, -29.75], "size": [9.84616, 5, 6.6], "pivot": [0, 26.9, -5], "rotation": [0, -22.5, 0], "uv": [52, 111]},
						{"origin": [-1.62308, 42.595, -0.05], "size": [3.24616, 2.8, 13.2], "pivot": [0, 26.9, -5], "rotation": [0, -22.5, 0], "uv": [97, 177]},
						{"origin": [-1.62308, 42.595, -0.05], "size": [3.24616, 2.8, 13.2], "pivot": [0, 26.9, -5], "rotation": [0, -45, 0], "uv": [97, 177]},
						{"origin": [-1.62308, 42.595, -0.05], "size": [3.24616, 2.8, 13.2], "pivot": [0, 26.9, -5], "rotation": [0, -67.5, 0], "uv": [97, 177]},
						{"origin": [-1.62308, 42.595, -0.05], "size": [3.24616, 2.8, 13.2], "pivot": [0, 26.9, -5], "rotation": [0, -90, 0], "uv": [97, 177]},
						{"origin": [-1.62308, 42.595, -0.05], "size": [3.24616, 2.8, 13.2], "pivot": [0, 26.9, -5], "rotation": [0, -112.5, 0], "uv": [97, 177]},
						{"origin": [-1.62308, 42.595, -0.05], "size": [3.24616, 2.8, 13.2], "pivot": [0, 26.9, -5], "rotation": [0, -135, 0], "uv": [97, 177]},
						{"origin": [-1.62308, 42.595, -0.05], "size": [3.24616, 2.8, 13.2], "pivot": [0, 26.9, -5], "rotation": [0, -157.5, 0], "uv": [97, 177]},
						{"origin": [-1.62308, 42.595, -0.05], "size": [3.24616, 2.8, 13.2], "pivot": [0, 26.9, -5], "rotation": [0, 180, 0], "uv": [97, 177]},
						{"origin": [-1.62308, 42.595, -0.05], "size": [3.24616, 2.8, 13.2], "pivot": [0, 26.9, -5], "rotation": [0, 157.5, 0], "uv": [97, 177]},
						{"origin": [-1.62308, 42.595, -0.05], "size": [3.24616, 2.8, 13.2], "pivot": [0, 26.9, -5], "rotation": [0, 112.5, 0], "uv": [97, 177]},
						{"origin": [-1.62308, 42.595, -0.05], "size": [3.24616, 2.8, 13.2], "pivot": [0, 26.9, -5], "rotation": [0, 90, 0], "uv": [97, 177]},
						{"origin": [-1.62308, 42.595, -0.05], "size": [3.24616, 2.8, 13.2], "pivot": [0, 26.9, -5], "rotation": [0, 67.5, 0], "uv": [97, 177]},
						{"origin": [-1.62308, 42.595, -0.05], "size": [3.24616, 2.8, 13.2], "pivot": [0, 26.9, -5], "rotation": [0, 45, 0], "uv": [97, 177]},
						{"origin": [-1.62308, 42.595, -0.05], "size": [3.24616, 2.8, 13.2], "pivot": [0, 26.9, -5], "rotation": [0, 22.5, 0], "uv": [97, 177]},
						{"origin": [-0.77933, 38, -23], "size": [1.55867, 0, 4], "uv": [27, 0]},
						{"origin": [-1.62308, 42.595, -0.05], "size": [3.24616, 2.8, 13.2], "uv": [97, 177]},
						{"origin": [-1.62308, 42.595, -0.05], "size": [3.24616, 2.8, 13.2], "pivot": [0, 26.9, -5], "rotation": [0, 135, 0], "uv": [97, 177]}
					],
					"locators": {
						"e": [0, 44, -31],
						"e3": [26, 44, -4],
						"e4": [-26, 44, -4],
						"e2": [0, 44, 20]
					}
				},
				{
					"name": "Circle2",
					"parent": "Root",
					"pivot": [0, 27, -5],
					"cubes": [
						{"origin": [-3.77933, 34, -24], "size": [7.55867, 12, 5], "pivot": [0, 27, -5], "rotation": [0, 45, 0], "uv": [184, 192]},
						{"origin": [-3.77933, 34, -24], "size": [7.55867, 12, 5], "pivot": [0, 27, -5], "rotation": [0, 90, 0], "uv": [184, 192]},
						{"origin": [-3.77933, 34, -24], "size": [7.55867, 12, 5], "pivot": [0, 27, -5], "rotation": [0, -90, 0], "uv": [184, 192], "mirror": true},
						{"origin": [-3.77933, 34.05, -24], "size": [7.55867, 12, 5], "pivot": [0, 27, -5], "rotation": [0, 22.5, 0], "uv": [184, 192]},
						{"origin": [-3.77933, 34.05, -24], "size": [7.55867, 12, 5], "pivot": [0, 27, -5], "rotation": [0, 67.5, 0], "uv": [184, 192]},
						{"origin": [-3.77933, 34.05, -24], "size": [7.55867, 12, 5], "pivot": [0, 27, -5], "rotation": [0, 112.5, 0], "uv": [184, 192]},
						{"origin": [-3.77933, 34.05, -24], "size": [7.55867, 12, 5], "pivot": [0, 27, -5], "rotation": [0, -112.5, 0], "uv": [184, 192], "mirror": true},
						{"origin": [-3.77933, 34.05, -24], "size": [7.55867, 12, 5], "pivot": [0, 27, -5], "rotation": [0, -67.5, 0], "uv": [184, 192], "mirror": true},
						{"origin": [-3.77933, 34, -24], "size": [7.55867, 12, 5], "uv": [184, 192]},
						{"origin": [-0.77933, 35, -29], "size": [1.55867, 11, 5], "uv": [61, 212]},
						{"origin": [-0.77933, 35, -29], "size": [1.55867, 11, 5], "pivot": [0, 27, -5], "rotation": [0, 90, 0], "uv": [61, 212]},
						{"origin": [-0.77933, 35, -29], "size": [1.55867, 11, 5], "pivot": [0, 27, -5], "rotation": [0, 180, 0], "uv": [61, 212]},
						{"origin": [-0.77933, 35, -29], "size": [1.55867, 11, 5], "pivot": [0, 27, -5], "rotation": [0, -90, 0], "uv": [61, 212], "mirror": true},
						{"origin": [-3.77933, 34.05, -24], "size": [7.55867, 12, 5], "pivot": [0, 27, -5], "rotation": [0, -22.5, 0], "uv": [184, 192]},
						{"origin": [-3.77933, 34, -24], "size": [7.55867, 12, 5], "pivot": [0, 27, -5], "rotation": [0, -45, 0], "uv": [184, 192]},
						{"origin": [-3.77933, 34, 9], "size": [7.55867, 12, 5], "pivot": [0, 27, -5], "rotation": [0, 45, 0], "uv": [184, 192]},
						{"origin": [-3.77933, 34.05, 9], "size": [7.55867, 12, 5], "pivot": [0, 27, -5], "rotation": [0, 22.5, 0], "uv": [184, 192]},
						{"origin": [-3.77933, 34, 9], "size": [7.55867, 12, 5], "uv": [184, 192]},
						{"origin": [-3.77933, 34.05, 9], "size": [7.55867, 12, 5], "pivot": [0, 27, -5], "rotation": [0, -22.5, 0], "uv": [184, 192]},
						{"origin": [-3.77933, 34, 9], "size": [7.55867, 12, 5], "pivot": [0, 27, -5], "rotation": [0, -45, 0], "uv": [184, 192]}
					]
				},
				{
					"name": "shockwave",
					"pivot": [0, 0, 0],
					"locators": {
						"shockwave": [0, 55, 0],
						"shockwave2": [0, 55, -83]
					}
				}
			]
		}
	]
}