{
	"format_version": "1.8.0",
	"animations": {
		"animation.gojihmd.parasite_3": {
			"loop": true,
			"bones": {
				"Parasite": {
					"rotation": [-47.5, 0, 0],
					"position": [0, 39, -19],
					"scale": 0.2
				},
				"Toilet": {
					"rotation": [20, 0, 0],
					"position": [0, -1, 2],
					"scale": 1
				},
				"Nuck": {
					"position": [0, 1, -1]
				},
				"Nuck2": {
					"rotation": [30, 0, 0],
					"position": [0, 1, -1]
				},
				"Head2": {
					"rotation": [25, 0, 0],
					"position": [0, 1, 0]
				},
				"Tongue": {
					"position": [0, 0, -3],
					"scale": [1, 1, 1.5]
				},
				"Black_left": {
					"scale": 0
				},
				"Black_right": {
					"scale": 0
				},
				"right_leg4": {
					"rotation": [0, -7.5, -35]
				},
				"left_leg4": {
					"rotation": [0, 7.5, 35]
				}
			}
		},
		"animation.gojihmd.parasite_1": {
			"loop": true,
			"bones": {
				"Parasite": {
					"rotation": [-60, 0, 0],
					"position": [0, -2, -17],
					"scale": 0.3
				},
				"Toilet": {
					"rotation": [20, 0, 0],
					"position": [0, -1, 2],
					"scale": 1
				},
				"Nuck": {
					"position": [0, 1, -1]
				},
				"Nuck2": {
					"rotation": [30, 0, 0],
					"position": [0, 1, -1]
				},
				"Head2": {
					"rotation": [25, 0, 0],
					"position": [0, 1, 0]
				},
				"Tongue": {
					"position": [0, 0, -3],
					"scale": [1, 1, 1.5]
				},
				"Black_left": {
					"scale": 0
				},
				"Black_right": {
					"scale": 0
				},
				"right_leg4": {
					"rotation": [0, -7.5, -35]
				},
				"left_leg4": {
					"rotation": [0, 7.5, 35]
				}
			}
		},
		"animation.gojihmd.parasite_2": {
			"loop": true,
			"bones": {
				"Parasite": {
					"rotation": [-70, 0, 0],
					"position": [0, 17, -28],
					"scale": 0.28
				},
				"Toilet": {
					"rotation": [20, 0, 0],
					"position": [0, -1, 2],
					"scale": 1
				},
				"Nuck": {
					"position": [0, 1, -1]
				},
				"Nuck2": {
					"rotation": [30, 0, 0],
					"position": [0, 1, -1]
				},
				"Head2": {
					"rotation": [25, 0, 0],
					"position": [0, 1, 0]
				},
				"Tongue": {
					"position": [0, 0, -3],
					"scale": [1, 1, 1.5]
				},
				"Black_left": {
					"scale": 0
				},
				"Black_right": {
					"scale": 0
				},
				"right_leg4": {
					"rotation": [0, -7.5, -35]
				},
				"left_leg4": {
					"rotation": [0, 7.5, 35]
				}
			}
		},
		"animation.gojihmd.infected": {
			"loop": true,
			"animation_length": 9,
			"bones": {
				"arm": {
					"rotation": {
						"0.0": [0, 0, 2.5],
						"0.0833": [0, 0, 5],
						"0.1667": [0, 0, 2.5],
						"0.25": [0, 0, 5],
						"0.3333": [0, 0, 2.5],
						"0.4167": [0, 0, 5],
						"0.5": [0, 0, 2.5],
						"0.5833": [0, 0, 5],
						"0.6667": [0, 0, 2.5],
						"0.75": [0, 0, 5],
						"0.8333": [0, 0, 2.5],
						"0.9167": [0, 0, 5],
						"1.0": [0, 0, 2.5],
						"1.0833": [0, 0, 5],
						"1.1667": [0, 0, 2.5],
						"1.25": [0, 0, 5],
						"1.3333": [0, 0, 2.5],
						"1.4167": [0, 0, 5],
						"1.5": [0, 0, 2.5],
						"1.5833": [0, 0, 5],
						"1.6667": [0, 0, 2.5],
						"1.75": [0, 0, 5],
						"1.8333": [0, 0, 2.5],
						"1.9167": [0, 0, 5],
						"2.0": [0, 0, 2.5],
						"2.0833": [0, 0, 5],
						"2.1667": [0, 0, 2.5],
						"2.25": [0, 0, 5],
						"2.3333": [0, 0, 2.5],
						"2.4167": [0, 0, 5],
						"2.5": [0, 0, 2.5],
						"2.5833": [0, 0, 5],
						"2.6667": [0, 0, 2.5],
						"2.75": [0, 0, 5],
						"2.8333": [0, 0, 2.5],
						"2.9167": [0, 0, 5],
						"3.0": [0, 0, 2.5],
						"3.0833": [0, 0, 5],
						"3.1667": [0, 0, 2.5],
						"3.25": [0, 0, 5],
						"3.3333": [0, 0, 2.5],
						"3.4167": [0, 0, 5],
						"3.5": [0, 0, 2.5],
						"3.5833": [0, 0, 5],
						"3.6667": [0, 0, 2.5],
						"3.75": [0, 0, 5],
						"3.8333": [0, 0, 2.5],
						"3.9167": [0, 0, 5],
						"4.0": [0, 0, 2.5],
						"4.0833": [0, 0, 5],
						"4.1667": [0, 0, 2.5],
						"4.25": [0, 0, 5],
						"4.3333": [0, 0, 2.5],
						"4.4167": [0, 0, 5],
						"4.5": [0, 0, 2.5],
						"4.5833": [0, 0, 5],
						"4.6667": [0, 0, 2.5],
						"4.75": [0, 0, 5],
						"4.8333": [0, 0, 2.5],
						"4.9167": [0, 0, 5],
						"5.0": [0, 0, 2.5],
						"5.0833": [0, 0, 5],
						"5.1667": [0, 0, 2.5],
						"5.25": [0, 0, 5],
						"5.3333": [0, 0, 2.5],
						"5.4167": [0, 0, 5],
						"5.5": [0, 0, 2.5],
						"5.5833": [0, 0, 5],
						"5.6667": [0, 0, 2.5],
						"5.75": [0, 0, 5],
						"5.8333": [0, 0, 2.5],
						"5.9167": [0, 0, 5],
						"6.0": [0, 0, 2.5],
						"6.0833": [0, 0, 5],
						"6.1667": [0, 0, 2.5],
						"6.25": [0, 0, 5],
						"6.3333": [0, 0, 2.5],
						"6.4167": [0, 0, 5],
						"6.5": [0, 0, 2.5],
						"6.5833": [0, 0, 5],
						"6.6667": [0, 0, 2.5],
						"6.75": [0, 0, 5],
						"6.8333": [0, 0, 2.5],
						"6.9167": [0, 0, 5],
						"7.0": [0, 0, 2.5],
						"7.0833": [0, 0, 5],
						"7.1667": [0, 0, 2.5],
						"7.25": [0, 0, 5],
						"7.3333": [0, 0, 2.5],
						"7.4167": [0, 0, 5],
						"7.5": [0, 0, 2.5],
						"7.5833": [0, 0, 5],
						"7.6667": [0, 0, 2.5],
						"7.75": [0, 0, 5],
						"7.8333": [0, 0, 2.5],
						"7.9167": [0, 0, 5],
						"8.0": [0, 0, 2.5],
						"8.0833": [0, 0, 5],
						"8.1667": [0, 0, 2.5],
						"8.25": [0, 0, 5],
						"8.3333": [0, 0, 2.5],
						"8.4167": [0, 0, 5],
						"8.5": [0, 0, 2.5],
						"8.5833": [0, 0, 5],
						"8.6667": [0, 0, 2.5],
						"8.75": [0, 0, 5],
						"8.8333": [0, 0, 2.5],
						"8.9167": [0, 0, 5],
						"9.0": [0, 0, 2.5]
					}
				},
				"arm2": {
					"rotation": {
						"0.0": [0, 0, -2.5],
						"0.0833": [0, 0, -5],
						"0.1667": [0, 0, -2.5],
						"0.25": [0, 0, -5],
						"0.3333": [0, 0, -2.5],
						"0.4167": [0, 0, -5],
						"0.5": [0, 0, -2.5],
						"0.5833": [0, 0, -5],
						"0.6667": [0, 0, -2.5],
						"0.75": [0, 0, -5],
						"0.8333": [0, 0, -2.5],
						"0.9167": [0, 0, -5],
						"1.0": [0, 0, -2.5],
						"1.0833": [0, 0, -5],
						"1.1667": [0, 0, -2.5],
						"1.25": [0, 0, -5],
						"1.3333": [0, 0, -2.5],
						"1.4167": [0, 0, -5],
						"1.5": [0, 0, -2.5],
						"1.5833": [0, 0, -5],
						"1.6667": [0, 0, -2.5],
						"1.75": [0, 0, -5],
						"1.8333": [0, 0, -2.5],
						"1.9167": [0, 0, -5],
						"2.0": [0, 0, -2.5],
						"2.0833": [0, 0, -5],
						"2.1667": [0, 0, -2.5],
						"2.25": [0, 0, -5],
						"2.3333": [0, 0, -2.5],
						"2.4167": [0, 0, -5],
						"2.5": [0, 0, -2.5],
						"2.5833": [0, 0, -5],
						"2.6667": [0, 0, -2.5],
						"2.75": [0, 0, -5],
						"2.8333": [0, 0, -2.5],
						"2.9167": [0, 0, -5],
						"3.0": [0, 0, -2.5],
						"3.0833": [0, 0, -5],
						"3.1667": [0, 0, -2.5],
						"3.25": [0, 0, -5],
						"3.3333": [0, 0, -2.5],
						"3.4167": [0, 0, -5],
						"3.5": [0, 0, -2.5],
						"3.5833": [0, 0, -5],
						"3.6667": [0, 0, -2.5],
						"3.75": [0, 0, -5],
						"3.8333": [0, 0, -2.5],
						"3.9167": [0, 0, -5],
						"4.0": [0, 0, -2.5],
						"4.0833": [0, 0, -5],
						"4.1667": [0, 0, -2.5],
						"4.25": [0, 0, -5],
						"4.3333": [0, 0, -2.5],
						"4.4167": [0, 0, -5],
						"4.5": [0, 0, -2.5],
						"4.5833": [0, 0, -5],
						"4.6667": [0, 0, -2.5],
						"4.75": [0, 0, -5],
						"4.8333": [0, 0, -2.5],
						"4.9167": [0, 0, -5],
						"5.0": [0, 0, -2.5],
						"5.0833": [0, 0, -5],
						"5.1667": [0, 0, -2.5],
						"5.25": [0, 0, -5],
						"5.3333": [0, 0, -2.5],
						"5.4167": [0, 0, -5],
						"5.5": [0, 0, -2.5],
						"5.5833": [0, 0, -5],
						"5.6667": [0, 0, -2.5],
						"5.75": [0, 0, -5],
						"5.8333": [0, 0, -2.5],
						"5.9167": [0, 0, -5],
						"6.0": [0, 0, -2.5],
						"6.0833": [0, 0, -5],
						"6.1667": [0, 0, -2.5],
						"6.25": [0, 0, -5],
						"6.3333": [0, 0, -2.5],
						"6.4167": [0, 0, -5],
						"6.5": [0, 0, -2.5],
						"6.5833": [0, 0, -5],
						"6.6667": [0, 0, -2.5],
						"6.75": [0, 0, -5],
						"6.8333": [0, 0, -2.5],
						"6.9167": [0, 0, -5],
						"7.0": [0, 0, -2.5],
						"7.0833": [0, 0, -5],
						"7.1667": [0, 0, -2.5],
						"7.25": [0, 0, -5],
						"7.3333": [0, 0, -2.5],
						"7.4167": [0, 0, -5],
						"7.5": [0, 0, -2.5],
						"7.5833": [0, 0, -5],
						"7.6667": [0, 0, -2.5],
						"7.75": [0, 0, -5],
						"7.8333": [0, 0, -2.5],
						"7.9167": [0, 0, -5],
						"8.0": [0, 0, -2.5],
						"8.0833": [0, 0, -5],
						"8.1667": [0, 0, -2.5],
						"8.25": [0, 0, -5],
						"8.3333": [0, 0, -2.5],
						"8.4167": [0, 0, -5],
						"8.5": [0, 0, -2.5],
						"8.5833": [0, 0, -5],
						"8.6667": [0, 0, -2.5],
						"8.75": [0, 0, -5],
						"8.8333": [0, 0, -2.5],
						"8.9167": [0, 0, -5],
						"9.0": [0, 0, -2.5]
					}
				},
				"Head": {
					"rotation": {
						"0.0": [7.50186, 2.80485, -2.15234],
						"0.0833": [7.72503, -2.46854, -0.32997],
						"0.1667": [7.50186, 2.80485, -2.15234],
						"0.25": [7.72503, -2.46854, -0.32997],
						"0.3333": [7.50186, 2.80485, -2.15234],
						"0.4167": [7.72503, -2.46854, -0.32997],
						"0.5": [7.50186, 2.80485, -2.15234],
						"0.5833": [7.72503, -2.46854, -0.32997],
						"0.6667": [7.50186, 2.80485, -2.15234],
						"0.75": [7.72503, -2.46854, -0.32997],
						"0.8333": [7.50186, 2.80485, -2.15234],
						"0.9167": [7.72503, -2.46854, -0.32997],
						"1.0": [7.50186, 2.80485, -2.15234],
						"1.0833": [7.72503, -2.46854, -0.32997],
						"1.1667": [7.50186, 2.80485, -2.15234],
						"1.25": [7.72503, -2.46854, -0.32997],
						"1.3333": [7.50186, 2.80485, -2.15234],
						"1.4167": [7.72503, -2.46854, -0.32997],
						"1.5": [7.50186, 2.80485, -2.15234],
						"1.5833": [7.72503, -2.46854, -0.32997],
						"1.6667": [7.50186, 2.80485, -2.15234],
						"1.75": [7.72503, -2.46854, -0.32997],
						"1.8333": [7.50186, 2.80485, -2.15234],
						"1.9167": [7.72503, -2.46854, -0.32997],
						"2.0": [7.50186, 2.80485, -2.15234],
						"2.0833": [7.72503, -2.46854, -0.32997],
						"2.1667": [7.50186, 2.80485, -2.15234],
						"2.25": [7.72503, -2.46854, -0.32997],
						"2.3333": [7.50186, 2.80485, -2.15234],
						"2.4167": [7.72503, -2.46854, -0.32997],
						"2.5": [7.50186, 2.80485, -2.15234],
						"2.5833": [7.72503, -2.46854, -0.32997],
						"2.6667": [7.50186, 2.80485, -2.15234],
						"2.75": [7.72503, -2.46854, -0.32997],
						"2.8333": [7.50186, 2.80485, -2.15234],
						"2.9167": [7.72503, -2.46854, -0.32997],
						"3.0": [7.50186, 2.80485, -2.15234],
						"3.0833": [7.72503, -2.46854, -0.32997],
						"3.1667": [7.50186, 2.80485, -2.15234],
						"3.25": [7.72503, -2.46854, -0.32997],
						"3.3333": [7.50186, 2.80485, -2.15234],
						"3.4167": [7.72503, -2.46854, -0.32997],
						"3.5": [7.50186, 2.80485, -2.15234],
						"3.5833": [7.72503, -2.46854, -0.32997],
						"3.6667": [7.50186, 2.80485, -2.15234],
						"3.75": [7.72503, -2.46854, -0.32997],
						"3.8333": [7.50186, 2.80485, -2.15234],
						"3.9167": [7.72503, -2.46854, -0.32997],
						"4.0": [7.50186, 2.80485, -2.15234],
						"4.0833": [7.72503, -2.46854, -0.32997],
						"4.1667": [7.50186, 2.80485, -2.15234],
						"4.25": [7.72503, -2.46854, -0.32997],
						"4.3333": [7.50186, 2.80485, -2.15234],
						"4.4167": [7.72503, -2.46854, -0.32997],
						"4.5": [7.50186, 2.80485, -2.15234],
						"4.5833": [7.72503, -2.46854, -0.32997],
						"4.6667": [7.50186, 2.80485, -2.15234],
						"4.75": [7.72503, -2.46854, -0.32997],
						"4.8333": [7.50186, 2.80485, -2.15234],
						"4.9167": [7.72503, -2.46854, -0.32997],
						"5.0": [7.50186, 2.80485, -2.15234],
						"5.0833": [7.72503, -2.46854, -0.32997],
						"5.1667": [7.50186, 2.80485, -2.15234],
						"5.25": [7.72503, -2.46854, -0.32997],
						"5.3333": [7.50186, 2.80485, -2.15234],
						"5.4167": [7.72503, -2.46854, -0.32997],
						"5.5": [7.50186, 2.80485, -2.15234],
						"5.5833": [7.72503, -2.46854, -0.32997],
						"5.6667": [7.50186, 2.80485, -2.15234],
						"5.75": [7.72503, -2.46854, -0.32997],
						"5.8333": [7.50186, 2.80485, -2.15234],
						"5.9167": [7.72503, -2.46854, -0.32997],
						"6.0": [7.50186, 2.80485, -2.15234],
						"6.0833": [7.72503, -2.46854, -0.32997],
						"6.1667": [7.50186, 2.80485, -2.15234],
						"6.25": [7.72503, -2.46854, -0.32997],
						"6.3333": [7.50186, 2.80485, -2.15234],
						"6.4167": [7.72503, -2.46854, -0.32997],
						"6.5": [7.50186, 2.80485, -2.15234],
						"6.5833": [7.72503, -2.46854, -0.32997],
						"6.6667": [7.50186, 2.80485, -2.15234],
						"6.75": [7.72503, -2.46854, -0.32997],
						"6.8333": [7.50186, 2.80485, -2.15234],
						"6.9167": [7.72503, -2.46854, -0.32997],
						"7.0": [7.50186, 2.80485, -2.15234],
						"7.0833": [7.72503, -2.46854, -0.32997],
						"7.1667": [7.50186, 2.80485, -2.15234],
						"7.25": [7.72503, -2.46854, -0.32997],
						"7.3333": [7.50186, 2.80485, -2.15234],
						"7.4167": [7.72503, -2.46854, -0.32997],
						"7.5": [7.50186, 2.80485, -2.15234],
						"7.5833": [7.72503, -2.46854, -0.32997],
						"7.6667": [7.50186, 2.80485, -2.15234],
						"7.75": [7.72503, -2.46854, -0.32997],
						"7.8333": [7.50186, 2.80485, -2.15234],
						"7.9167": [7.72503, -2.46854, -0.32997],
						"8.0": [7.50186, 2.80485, -2.15234],
						"8.0833": [7.72503, -2.46854, -0.32997],
						"8.1667": [7.50186, 2.80485, -2.15234],
						"8.25": [7.72503, -2.46854, -0.32997],
						"8.3333": [7.50186, 2.80485, -2.15234],
						"8.4167": [7.72503, -2.46854, -0.32997],
						"8.5": [7.50186, 2.80485, -2.15234],
						"8.5833": [7.72503, -2.46854, -0.32997],
						"8.6667": [7.50186, 2.80485, -2.15234],
						"8.75": [7.72503, -2.46854, -0.32997],
						"8.8333": [7.50186, 2.80485, -2.15234],
						"8.9167": [7.72503, -2.46854, -0.32997],
						"9.0": [7.50186, 2.80485, -2.15234]
					}
				},
				"Neck": {
					"rotation": [0, 0, -7.5]
				},
				"armbone": {
					"rotation": {
						"0.0": [-15, 0, 0],
						"2.3333": [-15, 0, 0]
					}
				},
				"armbone2": {
					"rotation": [-15, 0, 0]
				},
				"Body": {
					"rotation": [7.5, 0, 0]
				},
				"Cest": {
					"rotation": [5, 0, 0]
				},
				"K": {
					"position": [0, 1, 0.1],
					"scale": [1, 1.5, 1]
				}
			},
			"sound_effects": {
				"0.0": {
					"effect": "infected"
				},
				"4.5": {
					"effect": "infected"
				}
			},
			"particle_effects": {
				"0.0": {
					"effect": "infected",
					"locator": "locator2"
				}
			}
		},
		"animation.gojihmd.infected_bigwalk": {
			"loop": true,
			"animation_length": 2,
			"anim_time_update": "query.anim_time + query.delta_time * (query.ground_speed/1.5) * (query.is_on_ground ? 1.0 : 0.3)",
			"bones": {
				"bone16": {
					"rotation": {
						"0.0": {
							"post": [-7.5, 0, 0],
							"lerp_mode": "catmullrom"
						},
						"0.25": {
							"post": [-9.96271, 0.86717, 4.92442],
							"lerp_mode": "catmullrom"
						},
						"0.5": {
							"post": [-7.5, 0, 0],
							"lerp_mode": "catmullrom"
						},
						"0.75": {
							"post": [-9.96271, -0.86717, -4.92442],
							"lerp_mode": "catmullrom"
						},
						"1.0": {
							"post": [-7.5, 0, 0],
							"lerp_mode": "catmullrom"
						},
						"1.25": {
							"post": [-9.96271, 0.86717, 4.92442],
							"lerp_mode": "catmullrom"
						},
						"1.5": {
							"post": [-7.5, 0, 0],
							"lerp_mode": "catmullrom"
						},
						"1.75": {
							"post": [-9.96271, -0.86717, -4.92442],
							"lerp_mode": "catmullrom"
						},
						"2.0": {
							"post": [-7.5, 0, 0],
							"lerp_mode": "catmullrom"
						}
					}
				},
				"bone17": {
					"rotation": {
						"0.0": {
							"post": [0, 0, 0],
							"lerp_mode": "catmullrom"
						},
						"0.25": {
							"post": [0, 0, 7.5],
							"lerp_mode": "catmullrom"
						},
						"0.5": {
							"post": [0, 0, 2.5],
							"lerp_mode": "catmullrom"
						},
						"0.75": {
							"post": [0, 0, -7.5],
							"lerp_mode": "catmullrom"
						},
						"1.0": {
							"post": [0, 0, -2.5],
							"lerp_mode": "catmullrom"
						},
						"1.25": {
							"post": [0, 0, 12.5],
							"lerp_mode": "catmullrom"
						},
						"1.5": {
							"post": [0, 0, 10],
							"lerp_mode": "catmullrom"
						},
						"1.75": {
							"post": [0, 0, 0],
							"lerp_mode": "catmullrom"
						},
						"2.0": {
							"post": [0, 0, 0],
							"lerp_mode": "catmullrom"
						}
					}
				},
				"Root": {
					"position": {
						"0.0": {
							"post": [0, 0, 0],
							"lerp_mode": "catmullrom"
						},
						"0.25": [0, 1, 0],
						"0.5": {
							"pre": [0, 0, 0],
							"post": [0, 0, 0],
							"lerp_mode": "catmullrom"
						},
						"1.0": {
							"post": [0, 0, 0],
							"lerp_mode": "catmullrom"
						},
						"1.25": [0, 1, 0],
						"1.5": {
							"pre": [0, 0, 0],
							"post": [0, 0, 0],
							"lerp_mode": "catmullrom"
						},
						"2.0": {
							"post": [0, 0, 0],
							"lerp_mode": "catmullrom"
						}
					}
				},
				"Leg2": {
					"rotation": {
						"0.0": [0, 0, 0],
						"0.5": {
							"pre": [22.5, 0, 0],
							"post": [22.5, 0, 0],
							"lerp_mode": "catmullrom"
						},
						"1.0": {
							"post": [15, 0, 0],
							"lerp_mode": "catmullrom"
						},
						"1.5": [-20, 0, 0],
						"2.0": [0, 0, 0]
					}
				},
				"bone3": {
					"rotation": {
						"0.0": {
							"post": [-2.5, 0, 0],
							"lerp_mode": "catmullrom"
						},
						"0.25": {
							"post": [-7.5, 0, 0],
							"lerp_mode": "catmullrom"
						},
						"0.5": {
							"post": [-12.5, 0, 0],
							"lerp_mode": "catmullrom"
						},
						"0.75": {
							"post": [-2.5, 0, 0],
							"lerp_mode": "catmullrom"
						},
						"1.0": {
							"post": [7.5, 0, 0],
							"lerp_mode": "catmullrom"
						},
						"1.3333": {
							"post": [12.5, 0, 0],
							"lerp_mode": "catmullrom"
						},
						"1.5": {
							"post": [4.37226, -2.90092, -0.40442],
							"lerp_mode": "catmullrom"
						},
						"2.0": {
							"post": [-2.5, 0, 0],
							"lerp_mode": "catmullrom"
						}
					}
				},
				"Boot2": {
					"rotation": {
						"0.0": {
							"post": [0, 0, 0],
							"lerp_mode": "catmullrom"
						},
						"0.25": {
							"post": [2.5, 0, 0],
							"lerp_mode": "catmullrom"
						},
						"0.5": {
							"post": [-10, 0, 0],
							"lerp_mode": "catmullrom"
						},
						"0.75": {
							"post": [7.5, 0, 0],
							"lerp_mode": "catmullrom"
						},
						"1.0": {
							"post": [12.5, 0, 0],
							"lerp_mode": "catmullrom"
						},
						"1.25": {
							"post": [4.96407, 0.58343, -0.40857],
							"lerp_mode": "catmullrom"
						},
						"1.5": {
							"post": [-7.53593, 0.58343, -0.40857],
							"lerp_mode": "catmullrom"
						},
						"2.0": {
							"post": [0, 0, 0],
							"lerp_mode": "catmullrom"
						}
					}
				},
				"Left_t": {
					"rotation": {
						"0.0": {
							"post": [0, 0, -5],
							"lerp_mode": "catmullrom"
						},
						"0.25": {
							"post": [0, 0, -2.5],
							"lerp_mode": "catmullrom"
						},
						"0.5": {
							"post": [0, 0, -5],
							"lerp_mode": "catmullrom"
						},
						"1.0": {
							"post": [0, 0, -10],
							"lerp_mode": "catmullrom"
						},
						"1.25": {
							"post": [0, 0, -5],
							"lerp_mode": "catmullrom"
						},
						"1.5": {
							"post": [0, 0, -7.5],
							"lerp_mode": "catmullrom"
						},
						"2.0": {
							"post": [0, 0, -5],
							"lerp_mode": "catmullrom"
						}
					}
				},
				"Leg3": {
					"rotation": {
						"0.0": {
							"post": [15, 0, 0],
							"lerp_mode": "catmullrom"
						},
						"0.5": [-20, 0, 0],
						"1.0": [0, 0, 0],
						"1.5": {
							"pre": [22.5, 0, 0],
							"post": [22.5, 0, 0],
							"lerp_mode": "catmullrom"
						},
						"2.0": {
							"post": [15, 0, 0],
							"lerp_mode": "catmullrom"
						}
					}
				},
				"bone2": {
					"rotation": {
						"0.0": {
							"post": [0, 0, 0],
							"lerp_mode": "catmullrom"
						},
						"0.25": {
							"post": [22.5, 0, 0],
							"lerp_mode": "catmullrom"
						},
						"0.5": {
							"post": [-2.5, 0, 0],
							"lerp_mode": "catmullrom"
						},
						"0.75": {
							"post": [-2.5, 0, 0],
							"lerp_mode": "catmullrom"
						},
						"1.0": {
							"post": [-5, 0, 0],
							"lerp_mode": "catmullrom"
						},
						"1.25": {
							"post": [-9.95218, -0.35507, -0.57655],
							"lerp_mode": "catmullrom"
						},
						"1.5": {
							"post": [0.04782, -0.35507, -0.57655],
							"lerp_mode": "catmullrom"
						},
						"1.75": {
							"post": [15.04782, -0.35507, -0.57655],
							"lerp_mode": "catmullrom"
						},
						"2.0": {
							"post": [0, 0, 0],
							"lerp_mode": "catmullrom"
						}
					}
				},
				"Boot3": {
					"rotation": {
						"0.0": {
							"post": [0, 0, 0],
							"lerp_mode": "catmullrom"
						},
						"0.25": {
							"post": [10, 0, 0],
							"lerp_mode": "catmullrom"
						},
						"0.5": {
							"post": [-20, 0, 0],
							"lerp_mode": "catmullrom"
						},
						"0.75": {
							"post": [-5, 0, 0],
							"lerp_mode": "catmullrom"
						},
						"1.0": {
							"post": [0, 0, 0],
							"lerp_mode": "catmullrom"
						},
						"1.25": {
							"post": [-5, 0, 0],
							"lerp_mode": "catmullrom"
						},
						"1.5": {
							"post": [-20, 0, 0],
							"lerp_mode": "catmullrom"
						},
						"1.75": {
							"post": [0, 0, 0],
							"lerp_mode": "catmullrom"
						},
						"2.0": {
							"post": [0, 0, 0],
							"lerp_mode": "catmullrom"
						}
					}
				},
				"Right_t": {
					"rotation": {
						"0.0": {
							"post": [0, 0, 5],
							"lerp_mode": "catmullrom"
						},
						"0.25": {
							"post": [0, 0, 2.5],
							"lerp_mode": "catmullrom"
						},
						"0.5": {
							"post": [0, 0, 5],
							"lerp_mode": "catmullrom"
						},
						"1.0": {
							"post": [0, 0, 10],
							"lerp_mode": "catmullrom"
						},
						"1.25": {
							"post": [0, 0, 5],
							"lerp_mode": "catmullrom"
						},
						"1.5": {
							"post": [0, 0, 7.5],
							"lerp_mode": "catmullrom"
						},
						"2.0": {
							"post": [0, 0, 5],
							"lerp_mode": "catmullrom"
						}
					}
				},
				"Body": {
					"rotation": {
						"0.0": {
							"post": [0, 0, 0],
							"lerp_mode": "catmullrom"
						},
						"0.5": {
							"post": [0, 5, 0],
							"lerp_mode": "catmullrom"
						},
						"1.0": {
							"post": [0, 0, 0],
							"lerp_mode": "catmullrom"
						},
						"1.5": {
							"post": [0, -5, 0],
							"lerp_mode": "catmullrom"
						},
						"2.0": {
							"post": [0, 0, 0],
							"lerp_mode": "catmullrom"
						}
					},
					"position": {
						"0.0": {
							"post": [0, 0, 0],
							"lerp_mode": "catmullrom"
						},
						"0.5": {
							"post": [0, -1, 0],
							"lerp_mode": "catmullrom"
						},
						"1.0": {
							"post": [0, 0, 0],
							"lerp_mode": "catmullrom"
						},
						"1.5": {
							"post": [0, -1, 0],
							"lerp_mode": "catmullrom"
						},
						"2.0": {
							"post": [0, 0, 0],
							"lerp_mode": "catmullrom"
						}
					}
				},
				"Cest": {
					"rotation": [10, 0, 0]
				},
				"Head": {
					"rotation": {
						"0.0": [0, -12.5, -0.01],
						"0.0833": [-35, 50, -0.01],
						"0.1667": [0, 0, 0],
						"1.6667": [0, 0, 0],
						"1.75": [0, 0, -17.5],
						"1.8333": [0, 0, 0]
					}
				},
				"armbone": {
					"rotation": [-35, 0, 0]
				},
				"armbone2": {
					"rotation": [-35, 0, 0]
				},
				"Tie": {
					"rotation": {
						"0.0": {
							"post": [-2.5, 0, 0],
							"lerp_mode": "catmullrom"
						},
						"0.5": {
							"post": [-2.5, -5, 0],
							"lerp_mode": "catmullrom"
						},
						"1.0": {
							"post": [-2.5, 0, 0],
							"lerp_mode": "catmullrom"
						},
						"1.5": {
							"post": [-2.5, 5, 0],
							"lerp_mode": "catmullrom"
						},
						"2.0": {
							"post": [-2.5, 0, 0],
							"lerp_mode": "catmullrom"
						}
					}
				},
				"arm": {
					"rotation": [14.98637, -0.64686, 2.41492]
				},
				"arm2": {
					"rotation": [14.98637, 0.64686, -2.41492]
				}
			},
			"sound_effects": {
				"0.1667": {
					"effect": "walk"
				}
			}
		},
		"animation.gojihmd.infected_walk": {
			"loop": true,
			"animation_length": 2,
			"anim_time_update": "query.anim_time + query.delta_time * (query.ground_speed/1.5) * (query.is_on_ground ? 1.0 : 0.3)",
			"bones": {
				"Body": {
					"rotation": {
						"0.0": {
							"post": [0, 0, 0],
							"lerp_mode": "catmullrom"
						},
						"0.5": {
							"post": [0, 5, 0],
							"lerp_mode": "catmullrom"
						},
						"1.0": {
							"post": [0, 0, 0],
							"lerp_mode": "catmullrom"
						},
						"1.5": {
							"post": [0, -5, 0],
							"lerp_mode": "catmullrom"
						},
						"2.0": {
							"post": [0, 0, 0],
							"lerp_mode": "catmullrom"
						}
					},
					"position": {
						"0.0": {
							"post": [0, 0, 0],
							"lerp_mode": "catmullrom"
						},
						"0.5": {
							"post": [0, -1, 0],
							"lerp_mode": "catmullrom"
						},
						"1.0": {
							"post": [0, 0, 0],
							"lerp_mode": "catmullrom"
						},
						"1.5": {
							"post": [0, -1, 0],
							"lerp_mode": "catmullrom"
						},
						"2.0": {
							"post": [0, 0, 0],
							"lerp_mode": "catmullrom"
						}
					}
				},
				"Leg2": {
					"rotation": {
						"0.0": [0, 0, 0],
						"0.5": {
							"pre": [22.5, 0, 0],
							"post": [22.5, 0, 0],
							"lerp_mode": "catmullrom"
						},
						"1.0": {
							"post": [15, 0, 0],
							"lerp_mode": "catmullrom"
						},
						"1.5": [-20, 0, 0],
						"2.0": [0, 0, 0]
					}
				},
				"bone3": {
					"rotation": {
						"0.0": {
							"post": [-2.5, 0, 0],
							"lerp_mode": "catmullrom"
						},
						"0.25": {
							"post": [-7.5, 0, 0],
							"lerp_mode": "catmullrom"
						},
						"0.5": {
							"post": [-12.5, 0, 0],
							"lerp_mode": "catmullrom"
						},
						"0.75": {
							"post": [-2.5, 0, 0],
							"lerp_mode": "catmullrom"
						},
						"1.0": {
							"post": [7.5, 0, 0],
							"lerp_mode": "catmullrom"
						},
						"1.3333": {
							"post": [12.5, 0, 0],
							"lerp_mode": "catmullrom"
						},
						"1.5": {
							"post": [4.37226, -2.90092, -0.40442],
							"lerp_mode": "catmullrom"
						},
						"2.0": {
							"post": [-2.5, 0, 0],
							"lerp_mode": "catmullrom"
						}
					}
				},
				"Boot2": {
					"rotation": {
						"0.0": {
							"post": [0, 0, 0],
							"lerp_mode": "catmullrom"
						},
						"0.25": {
							"post": [2.5, 0, 0],
							"lerp_mode": "catmullrom"
						},
						"0.5": {
							"post": [-10, 0, 0],
							"lerp_mode": "catmullrom"
						},
						"0.75": {
							"post": [7.5, 0, 0],
							"lerp_mode": "catmullrom"
						},
						"1.0": {
							"post": [12.5, 0, 0],
							"lerp_mode": "catmullrom"
						},
						"1.25": {
							"post": [4.96407, 0.58343, -0.40857],
							"lerp_mode": "catmullrom"
						},
						"1.5": {
							"post": [-7.53593, 0.58343, -0.40857],
							"lerp_mode": "catmullrom"
						},
						"2.0": {
							"post": [0, 0, 0],
							"lerp_mode": "catmullrom"
						}
					}
				},
				"Cest": {
					"rotation": {
						"0.0": {
							"post": [2.5, 0, 0],
							"lerp_mode": "catmullrom"
						},
						"0.5": {
							"post": [2.5, 5, 0],
							"lerp_mode": "catmullrom"
						},
						"1.0": {
							"post": [2.5, 0, 0],
							"lerp_mode": "catmullrom"
						},
						"1.5": {
							"post": [2.5, -5, 0],
							"lerp_mode": "catmullrom"
						},
						"2.0": {
							"post": [2.5, 0, 0],
							"lerp_mode": "catmullrom"
						}
					}
				},
				"Root": {
					"position": {
						"0.0": {
							"post": [0, 0, 0],
							"lerp_mode": "catmullrom"
						},
						"0.25": [0, 1, 0],
						"0.5": {
							"pre": [0, 0, 0],
							"post": [0, 0, 0],
							"lerp_mode": "catmullrom"
						},
						"1.0": {
							"post": [0, 0, 0],
							"lerp_mode": "catmullrom"
						},
						"1.25": [0, 1, 0],
						"1.5": {
							"pre": [0, 0, 0],
							"post": [0, 0, 0],
							"lerp_mode": "catmullrom"
						},
						"2.0": {
							"post": [0, 0, 0],
							"lerp_mode": "catmullrom"
						}
					}
				},
				"Tie": {
					"rotation": {
						"0.0": {
							"post": [-2.5, 0, 0],
							"lerp_mode": "catmullrom"
						},
						"0.5": {
							"post": [-2.5, -5, 0],
							"lerp_mode": "catmullrom"
						},
						"1.0": {
							"post": [-2.5, 0, 0],
							"lerp_mode": "catmullrom"
						},
						"1.5": {
							"post": [-2.5, 5, 0],
							"lerp_mode": "catmullrom"
						},
						"2.0": {
							"post": [-2.5, 0, 0],
							"lerp_mode": "catmullrom"
						}
					}
				},
				"arm": {
					"rotation": {
						"0.0": {
							"post": [2.46207, -0.43399, 29.99067],
							"lerp_mode": "catmullrom"
						},
						"0.5": {
							"post": [29.62165, -4.98093, 23.6822],
							"lerp_mode": "catmullrom"
						},
						"1.0": {
							"post": [0, 0, 10],
							"lerp_mode": "catmullrom"
						},
						"1.5": {
							"post": [-34.58897, 5.71617, 18.21888],
							"lerp_mode": "catmullrom"
						},
						"2.0": {
							"post": [2.46207, -0.43399, 34.99067],
							"lerp_mode": "catmullrom"
						}
					}
				},
				"armbone": {
					"rotation": {
						"0.0": {
							"post": [-7.5, 0, 0],
							"lerp_mode": "catmullrom"
						},
						"0.5": {
							"post": [-12.5, 0, 0],
							"lerp_mode": "catmullrom"
						},
						"0.75": {
							"post": [-2.5, 0, 0],
							"lerp_mode": "catmullrom"
						},
						"1.0": {
							"post": [2.5, 0, 0],
							"lerp_mode": "catmullrom"
						},
						"1.5": {
							"post": [-15, 0, 0],
							"lerp_mode": "catmullrom"
						},
						"2.0": {
							"post": [-7.5, 0, 0],
							"lerp_mode": "catmullrom"
						}
					}
				},
				"arm2": {
					"rotation": {
						"0.0": {
							"post": [-9.85108, -1.72794, -29.85108],
							"lerp_mode": "catmullrom"
						},
						"0.5": {
							"post": [-32.10382, -5.35355, -28.45862],
							"lerp_mode": "catmullrom"
						},
						"1.0833": {
							"post": [-4.92442, -0.86717, -24.96271],
							"lerp_mode": "catmullrom"
						},
						"1.5": {
							"post": [22.19157, 3.81024, -29.25249],
							"lerp_mode": "catmullrom"
						},
						"2.0": {
							"post": [-9.85108, -1.72794, -22.35108],
							"lerp_mode": "catmullrom"
						}
					}
				},
				"armbone2": {
					"rotation": {
						"0.0": {
							"post": [0, 0, 0],
							"lerp_mode": "catmullrom"
						},
						"0.25": {
							"post": [-7.5, 0, 0],
							"lerp_mode": "catmullrom"
						},
						"0.5": {
							"post": [-17.5, 0, 0],
							"lerp_mode": "catmullrom"
						},
						"0.8333": {
							"post": [-20, 0, 0],
							"lerp_mode": "catmullrom"
						},
						"1.0833": {
							"post": [-22.49907, 0.06664, 0.01238],
							"lerp_mode": "catmullrom"
						},
						"1.4167": {
							"post": [-7.49907, 0.06664, 0.01238],
							"lerp_mode": "catmullrom"
						},
						"1.8333": {
							"post": [-4.7499, 0.69081, -1.85032],
							"lerp_mode": "catmullrom"
						},
						"2.0": {
							"post": [0, 0, 0],
							"lerp_mode": "catmullrom"
						}
					}
				},
				"Leg3": {
					"rotation": {
						"0.0": {
							"post": [15, 0, 0],
							"lerp_mode": "catmullrom"
						},
						"0.5": [-20, 0, 0],
						"1.0": [0, 0, 0],
						"1.5": {
							"pre": [22.5, 0, 0],
							"post": [22.5, 0, 0],
							"lerp_mode": "catmullrom"
						},
						"2.0": {
							"post": [15, 0, 0],
							"lerp_mode": "catmullrom"
						}
					}
				},
				"bone2": {
					"rotation": {
						"0.0": {
							"post": [0, 0, 0],
							"lerp_mode": "catmullrom"
						},
						"0.25": {
							"post": [22.5, 0, 0],
							"lerp_mode": "catmullrom"
						},
						"0.5": {
							"post": [-2.5, 0, 0],
							"lerp_mode": "catmullrom"
						},
						"0.75": {
							"post": [-2.5, 0, 0],
							"lerp_mode": "catmullrom"
						},
						"1.0": {
							"post": [-5, 0, 0],
							"lerp_mode": "catmullrom"
						},
						"1.25": {
							"post": [-9.95218, -0.35507, -0.57655],
							"lerp_mode": "catmullrom"
						},
						"1.5": {
							"post": [0.04782, -0.35507, -0.57655],
							"lerp_mode": "catmullrom"
						},
						"1.75": {
							"post": [15.04782, -0.35507, -0.57655],
							"lerp_mode": "catmullrom"
						},
						"2.0": {
							"post": [0, 0, 0],
							"lerp_mode": "catmullrom"
						}
					}
				},
				"Boot3": {
					"rotation": {
						"0.0": {
							"post": [0, 0, 0],
							"lerp_mode": "catmullrom"
						},
						"0.25": {
							"post": [10, 0, 0],
							"lerp_mode": "catmullrom"
						},
						"0.5": {
							"post": [-20, 0, 0],
							"lerp_mode": "catmullrom"
						},
						"0.75": {
							"post": [-5, 0, 0],
							"lerp_mode": "catmullrom"
						},
						"1.0": {
							"post": [0, 0, 0],
							"lerp_mode": "catmullrom"
						},
						"1.25": {
							"post": [-5, 0, 0],
							"lerp_mode": "catmullrom"
						},
						"1.5": {
							"post": [-20, 0, 0],
							"lerp_mode": "catmullrom"
						},
						"1.75": {
							"post": [0, 0, 0],
							"lerp_mode": "catmullrom"
						},
						"2.0": {
							"post": [0, 0, 0],
							"lerp_mode": "catmullrom"
						}
					}
				},
				"Head": {
					"rotation": {
						"0.0": [0, 12.5, 0.01],
						"0.0833": [-35, -50, 0.01],
						"0.1667": [0, 0, 0],
						"1.6667": [0, 0, 0],
						"1.75": [0, 0, 17.5],
						"1.8333": [0, 0, 0]
					}
				},
				"Right_t": {
					"rotation": {
						"0.0": {
							"post": [0, 0, 5],
							"lerp_mode": "catmullrom"
						},
						"0.25": {
							"post": [0, 0, 2.5],
							"lerp_mode": "catmullrom"
						},
						"0.5": {
							"post": [0, 0, 5],
							"lerp_mode": "catmullrom"
						},
						"1.0": {
							"post": [0, 0, 10],
							"lerp_mode": "catmullrom"
						},
						"1.25": {
							"post": [0, 0, 5],
							"lerp_mode": "catmullrom"
						},
						"1.5": {
							"post": [0, 0, 7.5],
							"lerp_mode": "catmullrom"
						},
						"2.0": {
							"post": [0, 0, 5],
							"lerp_mode": "catmullrom"
						}
					}
				},
				"Left_t": {
					"rotation": {
						"0.0": {
							"post": [0, 0, -5],
							"lerp_mode": "catmullrom"
						},
						"0.25": {
							"post": [0, 0, -2.5],
							"lerp_mode": "catmullrom"
						},
						"0.5": {
							"post": [0, 0, -5],
							"lerp_mode": "catmullrom"
						},
						"1.0": {
							"post": [0, 0, -10],
							"lerp_mode": "catmullrom"
						},
						"1.25": {
							"post": [0, 0, -5],
							"lerp_mode": "catmullrom"
						},
						"1.5": {
							"post": [0, 0, -7.5],
							"lerp_mode": "catmullrom"
						},
						"2.0": {
							"post": [0, 0, -5],
							"lerp_mode": "catmullrom"
						}
					}
				}
			},
			"sound_effects": {
				"0.1667": {
					"effect": "walk"
				}
			}
		},
		"animation.gojihmd.infected_idle": {
			"loop": true,
			"animation_length": 4,
			"bones": {
				"Root": {
					"position": [0, -1, 0]
				},
				"Leg2": {
					"rotation": [4.99527, 0.21782, -2.4905]
				},
				"bone3": {
					"rotation": [5, 0, 0]
				},
				"Boot2": {
					"rotation": [-15, 0, 0]
				},
				"Leg3": {
					"rotation": [-9.91615, 1.29876, 7.38733]
				},
				"bone2": {
					"relative_to": {
						"rotation": "entity"
					},
					"rotation": [0, 0, 2.5]
				},
				"Boot3": {
					"relative_to": {
						"rotation": "entity"
					},
					"rotation": [0, 0, 0.01]
				},
				"Body": {
					"rotation": {
						"0.0": {
							"post": [0.6, 0, 0],
							"lerp_mode": "catmullrom"
						},
						"1.0": {
							"post": [0, 0, 1.5],
							"lerp_mode": "catmullrom"
						},
						"1.8": [2.5, 0, 0],
						"2.8": {
							"pre": [2.49762, 0.10901, -2.49762],
							"post": [2.49762, 0.10901, -2.49762],
							"lerp_mode": "catmullrom"
						},
						"4.0": {
							"post": [0.6, 0, 0],
							"lerp_mode": "catmullrom"
						}
					},
					"position": {
						"0.0": {
							"post": [0, -0.12, 0],
							"lerp_mode": "catmullrom"
						},
						"0.5": {
							"post": [0, 0, 0],
							"lerp_mode": "catmullrom"
						},
						"2.3": [0, -0.5, 0],
						"2.8": [0, -0.5, 0],
						"4.0": {
							"pre": [0, -0.12, 0],
							"post": [0, -0.12, 0],
							"lerp_mode": "catmullrom"
						}
					}
				},
				"Cest": {
					"rotation": {
						"0.0": {
							"post": [0.6, 0, 0],
							"lerp_mode": "catmullrom"
						},
						"1.0": {
							"post": [0, 0, -1.5],
							"lerp_mode": "catmullrom"
						},
						"1.8": [2.5, 0, 0],
						"2.8": {
							"pre": [2.49762, -0.10901, 2.49762],
							"post": [2.49762, -0.10901, 2.49762],
							"lerp_mode": "catmullrom"
						},
						"4.0": {
							"post": [0.6, 0, 0],
							"lerp_mode": "catmullrom"
						}
					},
					"position": {
						"0.0": {
							"post": [0, -0.12, 0],
							"lerp_mode": "catmullrom"
						},
						"0.5": {
							"post": [0, 0, 0],
							"lerp_mode": "catmullrom"
						},
						"2.3": [0, -0.5, 0],
						"2.8": [0, -0.5, 0],
						"4.0": {
							"pre": [0, -0.12, 0],
							"post": [0, -0.12, 0],
							"lerp_mode": "catmullrom"
						}
					}
				},
				"Head": {
					"rotation": {
						"0.0": [0, 0, 0.01],
						"0.1": [0, 0, -24.99],
						"0.2": [0, 0, 0],
						"0.9": [0, 0, 0],
						"1.0": [-10, -27.5, 0],
						"1.1": [0, 0, 0],
						"1.4": [0, 0, 0],
						"1.5": [-6.79333, -7.35559, 42.93717],
						"1.6": [0, 0, 0]
					}
				},
				"arm": {
					"rotation": {
						"0.0": {
							"post": [0, 0, 4.26],
							"lerp_mode": "catmullrom"
						},
						"0.5": {
							"post": [0, 0, 7.29],
							"lerp_mode": "catmullrom"
						},
						"1.2": {
							"post": [0, 0, 5],
							"lerp_mode": "catmullrom"
						},
						"2.5": {
							"post": [0, 0, 10],
							"lerp_mode": "catmullrom"
						},
						"3.5": {
							"post": [0, 0, 7.5],
							"lerp_mode": "catmullrom"
						},
						"4.0": {
							"post": [0, 0, 4.26],
							"lerp_mode": "catmullrom"
						}
					},
					"position": {
						"0.0": [0, -0.08, 0],
						"1.0": [0, 0, 0],
						"2.5": [0, -0.25, 0],
						"3.5": [0, -0.25, 0],
						"4.0": [0, -0.08, 0]
					}
				},
				"armbone": {
					"rotation": [-10, 0, 0]
				},
				"arm2": {
					"rotation": {
						"0.0": {
							"post": [0, 0, -4.26],
							"lerp_mode": "catmullrom"
						},
						"0.5": {
							"post": [0, 0, -7.29],
							"lerp_mode": "catmullrom"
						},
						"1.2": {
							"post": [0, 0, -5],
							"lerp_mode": "catmullrom"
						},
						"2.5": {
							"post": [0, 0, -10],
							"lerp_mode": "catmullrom"
						},
						"3.5": {
							"post": [0, 0, -7.5],
							"lerp_mode": "catmullrom"
						},
						"4.0": {
							"post": [0, 0, -4.26],
							"lerp_mode": "catmullrom"
						}
					},
					"position": {
						"0.0": [0, -0.08, 0],
						"1.0": [0, 0, 0],
						"2.5": [0, -0.25, 0],
						"3.5": [0, -0.25, 0],
						"4.0": [0, -0.08, 0]
					}
				},
				"armbone2": {
					"rotation": [-10, 0, 0]
				},
				"Tie": {
					"relative_to": {
						"rotation": "entity"
					},
					"rotation": [0, 0, 0.01]
				}
			}
		},
		"animation.gojihmd.infected_sprint": {
			"loop": true,
			"animation_length": 2,
			"anim_time_update": "query.anim_time + query.delta_time * (query.ground_speed/1.5) * (query.is_on_ground ? 1.0 : 0.3)",
			"bones": {
				"Body": {
					"rotation": {
						"0.0": {
							"post": [15, 0, 0],
							"lerp_mode": "catmullrom"
						},
						"0.5": {
							"post": [20, 7.5, 0],
							"lerp_mode": "catmullrom"
						},
						"1.0": {
							"post": [20, 0, 0],
							"lerp_mode": "catmullrom"
						},
						"1.5": {
							"post": [22.5, -7.5, 0],
							"lerp_mode": "catmullrom"
						},
						"2.0": {
							"post": [15, 0, 0],
							"lerp_mode": "catmullrom"
						}
					},
					"position": {
						"0.0": {
							"post": [0, 0, 0],
							"lerp_mode": "catmullrom"
						},
						"0.5": {
							"post": [0, 1, 0],
							"lerp_mode": "catmullrom"
						},
						"0.75": {
							"post": [0, -0.5, 0],
							"lerp_mode": "catmullrom"
						},
						"1.0": {
							"post": [0, 0, 0],
							"lerp_mode": "catmullrom"
						},
						"1.5": {
							"post": [0, 1, 0],
							"lerp_mode": "catmullrom"
						},
						"1.75": {
							"post": [0, -0.44, 0],
							"lerp_mode": "catmullrom"
						},
						"2.0": {
							"post": [0, 0, 0],
							"lerp_mode": "catmullrom"
						}
					}
				},
				"Leg2": {
					"rotation": {
						"0.0": [-15, 0, 0],
						"0.5": {
							"pre": [65, 0, 0],
							"post": [65, 0, 0],
							"lerp_mode": "catmullrom"
						},
						"1.0": {
							"post": [82.5, 0, 0],
							"lerp_mode": "catmullrom"
						},
						"1.5": [-42.5, 0, 0],
						"2.0": [-15, 0, 0]
					}
				},
				"bone3": {
					"rotation": {
						"0.0": {
							"post": [-2.5, 0, 0],
							"lerp_mode": "catmullrom"
						},
						"0.25": {
							"post": [-7.5, 0, 0],
							"lerp_mode": "catmullrom"
						},
						"0.5": {
							"post": [-12.5, 0, 0],
							"lerp_mode": "catmullrom"
						},
						"0.75": {
							"post": [22.5, 0, 0],
							"lerp_mode": "catmullrom"
						},
						"1.0": {
							"post": [35, 0, 0],
							"lerp_mode": "catmullrom"
						},
						"1.25": {
							"post": [21.14891, 0.1523, 0.02123],
							"lerp_mode": "catmullrom"
						},
						"1.5": {
							"post": [4.37226, -2.90092, -0.40442],
							"lerp_mode": "catmullrom"
						},
						"2.0": {
							"post": [-2.5, 0, 0],
							"lerp_mode": "catmullrom"
						}
					}
				},
				"Boot2": {
					"rotation": {
						"0.0": {
							"post": [0, 0, 0],
							"lerp_mode": "catmullrom"
						},
						"0.25": {
							"post": [2.5, 0, 0],
							"lerp_mode": "catmullrom"
						},
						"0.5": {
							"post": [-10, 0, 0],
							"lerp_mode": "catmullrom"
						},
						"0.75": {
							"post": [7.5, 0, 0],
							"lerp_mode": "catmullrom"
						},
						"1.0": {
							"post": [12.5, 0, 0],
							"lerp_mode": "catmullrom"
						},
						"1.25": {
							"post": [4.96407, 0.58343, -0.40857],
							"lerp_mode": "catmullrom"
						},
						"1.5": {
							"post": [-7.53593, 0.58343, -0.40857],
							"lerp_mode": "catmullrom"
						},
						"2.0": {
							"post": [0, 0, 0],
							"lerp_mode": "catmullrom"
						}
					}
				},
				"Cest": {
					"rotation": {
						"0.0": {
							"post": [15, 0, 0],
							"lerp_mode": "catmullrom"
						},
						"0.5": {
							"post": [15, 0, 0],
							"lerp_mode": "catmullrom"
						},
						"1.0": {
							"post": [15, 0, 0],
							"lerp_mode": "catmullrom"
						},
						"1.5": {
							"post": [15, 0, 0],
							"lerp_mode": "catmullrom"
						},
						"2.0": {
							"post": [15, 0, 0],
							"lerp_mode": "catmullrom"
						}
					}
				},
				"Root": {
					"position": {
						"0.0": {
							"post": [0, 0, 0],
							"lerp_mode": "catmullrom"
						},
						"0.25": [0, 1.58, 0],
						"0.5": {
							"pre": [0, -3, 0],
							"post": [0, -3, 0],
							"lerp_mode": "catmullrom"
						},
						"1.0": {
							"post": [0, 0, 0],
							"lerp_mode": "catmullrom"
						},
						"1.25": [0, 0.65, 0],
						"1.5": {
							"pre": [0, -2, 0],
							"post": [0, -2, 0],
							"lerp_mode": "catmullrom"
						},
						"2.0": {
							"post": [0, 0, 0],
							"lerp_mode": "catmullrom"
						}
					}
				},
				"Tie": {
					"relative_to": {
						"rotation": "entity"
					},
					"rotation": {
						"0.0": {
							"post": [-2.5, 0, 0],
							"lerp_mode": "catmullrom"
						},
						"0.5": {
							"post": [-2.5, -5, 0],
							"lerp_mode": "catmullrom"
						},
						"1.0": {
							"post": [-2.5, 0, 0],
							"lerp_mode": "catmullrom"
						},
						"1.5": {
							"post": [-2.5, 5, 0],
							"lerp_mode": "catmullrom"
						},
						"2.0": {
							"post": [-2.5, 0, 0],
							"lerp_mode": "catmullrom"
						}
					}
				},
				"arm": {
					"rotation": {
						"0.0": [-90.79388, 16.66577, 39.58385],
						"0.0833": [-88.29388, 16.66577, 39.58385],
						"0.1667": [-90.79388, 16.66577, 39.58385],
						"0.25": [-88.29388, 16.66577, 39.58385],
						"0.3333": [-90.79388, 16.66577, 39.58385],
						"0.4167": [-88.29388, 16.66577, 39.58385],
						"0.5": [-90.79388, 16.66577, 39.58385],
						"0.5833": [-88.29388, 16.66577, 39.58385],
						"0.6667": [-90.79388, 16.66577, 39.58385],
						"0.75": [-88.29388, 16.66577, 39.58385],
						"0.8333": [-90.79388, 16.66577, 39.58385],
						"0.9167": [-90.79388, 16.66577, 39.58385],
						"1.0": [-88.29388, 16.66577, 39.58385],
						"1.0833": [-90.79388, 16.66577, 39.58385],
						"1.1667": [-88.29388, 16.66577, 39.58385],
						"1.25": [-90.79388, 16.66577, 39.58385],
						"1.3333": [-88.29388, 16.66577, 39.58385],
						"1.4167": [-90.79388, 16.66577, 39.58385],
						"1.5": [-90.79388, 16.66577, 39.58385],
						"1.5833": [-88.29388, 16.66577, 39.58385],
						"1.6667": [-90.79388, 16.66577, 39.58385],
						"1.75": [-88.29388, 16.66577, 39.58385],
						"1.8333": [-90.79388, 16.66577, 39.58385],
						"1.9167": [-88.29388, 16.66577, 39.58385],
						"2.0": [-88.29388, 16.66577, 39.58385]
					}
				},
				"armbone": {
					"rotation": {
						"0.0": [-20.44582, -11.73507, 4.3361],
						"0.0833": [-20.91299, -10.8521, 6.72119],
						"0.1667": [-18.81299, -14.25804, -2.91341],
						"0.25": [-20.44582, -11.73507, 4.3361],
						"0.3333": [-20.91299, -10.8521, 6.72119],
						"0.4167": [-18.81299, -14.25804, -2.91341],
						"0.5": [-20.44582, -11.73507, 4.3361],
						"0.5833": [-20.91299, -10.8521, 6.72119],
						"0.6667": [-18.81299, -14.25804, -2.91341],
						"0.75": [-20.44582, -11.73507, 4.3361],
						"0.8333": [-20.91299, -10.8521, 6.72119],
						"0.9167": [-18.81299, -14.25804, -2.91341],
						"1.0": [-20.44582, -11.73507, 4.3361],
						"1.0833": [-20.91299, -10.8521, 6.72119],
						"1.1667": [-18.81299, -14.25804, -2.91341],
						"1.25": [-20.44582, -11.73507, 4.3361],
						"1.3333": [-20.44582, -11.73507, 4.3361],
						"1.4167": [-20.91299, -10.8521, 6.72119],
						"1.5": [-18.81299, -14.25804, -2.91341],
						"1.5833": [-20.44582, -11.73507, 4.3361],
						"1.6667": [-20.91299, -10.8521, 6.72119],
						"1.75": [-18.81299, -14.25804, -2.91341],
						"1.8333": [-20.44582, -11.73507, 4.3361],
						"1.9167": [-20.91299, -10.8521, 6.72119],
						"2.0": [-18.81299, -14.25804, -2.91341]
					}
				},
				"arm2": {
					"rotation": {
						"0.0": [-90.79388, -16.66577, -39.58385],
						"0.0833": [-88.29388, -16.66577, -39.58385],
						"0.1667": [-90.79388, -16.66577, -39.58385],
						"0.25": [-88.29388, -16.66577, -39.58385],
						"0.3333": [-90.79388, -16.66577, -39.58385],
						"0.4167": [-88.29388, -16.66577, -39.58385],
						"0.5": [-90.79388, -16.66577, -39.58385],
						"0.5833": [-88.29388, -16.66577, -39.58385],
						"0.6667": [-90.79388, -16.66577, -39.58385],
						"0.75": [-88.29388, -16.66577, -39.58385],
						"0.8333": [-90.79388, -16.66577, -39.58385],
						"0.9167": [-90.79388, -16.66577, -39.58385],
						"1.0": [-88.29388, -16.66577, -39.58385],
						"1.0833": [-90.79388, -16.66577, -39.58385],
						"1.1667": [-88.29388, -16.66577, -39.58385],
						"1.25": [-90.79388, -16.66577, -39.58385],
						"1.3333": [-88.29388, -16.66577, -39.58385],
						"1.4167": [-90.79388, -16.66577, -39.58385],
						"1.5": [-90.79388, -16.66577, -39.58385],
						"1.5833": [-88.29388, -16.66577, -39.58385],
						"1.6667": [-90.79388, -16.66577, -39.58385],
						"1.75": [-88.29388, -16.66577, -39.58385],
						"1.8333": [-90.79388, -16.66577, -39.58385],
						"1.9167": [-88.29388, -16.66577, -39.58385],
						"2.0": [-88.29388, -16.66577, -39.58385]
					}
				},
				"armbone2": {
					"rotation": {
						"0.0": [-20.44582, -11.73507, 4.3361],
						"0.0833": [-20.91299, -10.8521, 6.72119],
						"0.1667": [-18.81299, -14.25804, -2.91341],
						"0.25": [-20.44582, -11.73507, 4.3361],
						"0.3333": [-20.91299, -10.8521, 6.72119],
						"0.4167": [-18.81299, -14.25804, -2.91341],
						"0.5": [-20.44582, -11.73507, 4.3361],
						"0.5833": [-20.91299, -10.8521, 6.72119],
						"0.6667": [-18.81299, -14.25804, -2.91341],
						"0.75": [-20.44582, -11.73507, 4.3361],
						"0.8333": [-20.91299, -10.8521, 6.72119],
						"0.9167": [-18.81299, -14.25804, -2.91341],
						"1.0": [-20.44582, -11.73507, 4.3361],
						"1.0833": [-20.91299, -10.8521, 6.72119],
						"1.1667": [-18.81299, -14.25804, -2.91341],
						"1.25": [-20.44582, -11.73507, 4.3361],
						"1.3333": [-20.44582, -11.73507, 4.3361],
						"1.4167": [-20.91299, -10.8521, 6.72119],
						"1.5": [-18.81299, -14.25804, -2.91341],
						"1.5833": [-20.44582, -11.73507, 4.3361],
						"1.6667": [-20.91299, -10.8521, 6.72119],
						"1.75": [-18.81299, -14.25804, -2.91341],
						"1.8333": [-20.44582, -11.73507, 4.3361],
						"1.9167": [-20.91299, -10.8521, 6.72119],
						"2.0": [-18.81299, -14.25804, -2.91341]
					}
				},
				"Leg3": {
					"rotation": {
						"0.0": {
							"post": [35, 0, 0],
							"lerp_mode": "catmullrom"
						},
						"0.5": [-42.5, 0, 0],
						"1.0": [-15, 0, 0],
						"1.5": {
							"pre": [65, 0, 0],
							"post": [65, 0, 0],
							"lerp_mode": "catmullrom"
						},
						"2.0": {
							"post": [35, 0, 0],
							"lerp_mode": "catmullrom"
						}
					}
				},
				"bone2": {
					"rotation": {
						"0.0": {
							"post": [0, 0, 0],
							"lerp_mode": "catmullrom"
						},
						"0.25": {
							"post": [22.5, 0, 0],
							"lerp_mode": "catmullrom"
						},
						"0.5": {
							"post": [-2.5, 0, 0],
							"lerp_mode": "catmullrom"
						},
						"0.75": {
							"post": [-2.5, 0, 0],
							"lerp_mode": "catmullrom"
						},
						"1.0": {
							"post": [-5, 0, 0],
							"lerp_mode": "catmullrom"
						},
						"1.25": {
							"post": [-9.95218, -0.35507, -0.57655],
							"lerp_mode": "catmullrom"
						},
						"1.5": {
							"post": [7.54782, -0.35507, -0.57655],
							"lerp_mode": "catmullrom"
						},
						"1.75": {
							"post": [55.04782, -0.35507, -0.57655],
							"lerp_mode": "catmullrom"
						},
						"2.0": {
							"post": [0, 0, 0],
							"lerp_mode": "catmullrom"
						}
					}
				},
				"Boot3": {
					"rotation": {
						"0.0": {
							"post": [0, 0, 0],
							"lerp_mode": "catmullrom"
						},
						"0.25": {
							"post": [10, 0, 0],
							"lerp_mode": "catmullrom"
						},
						"0.5": {
							"post": [-20, 0, 0],
							"lerp_mode": "catmullrom"
						},
						"0.75": {
							"post": [-5, 0, 0],
							"lerp_mode": "catmullrom"
						},
						"1.0": {
							"post": [0, 0, 0],
							"lerp_mode": "catmullrom"
						},
						"1.25": {
							"post": [-5, 0, 0],
							"lerp_mode": "catmullrom"
						},
						"1.5": {
							"post": [-20, 0, 0],
							"lerp_mode": "catmullrom"
						},
						"1.75": {
							"post": [0, 0, 0],
							"lerp_mode": "catmullrom"
						},
						"2.0": {
							"post": [0, 0, 0],
							"lerp_mode": "catmullrom"
						}
					}
				},
				"Head": {
					"rotation": {
						"0.0": [-25, 0, 0.01],
						"0.0833": [-23.97594, -7.30111, -15.9377],
						"0.1667": [-24.56038, -14.14008, -12.80223],
						"0.25": [-31.66346, 13.25127, -6.53218],
						"0.3333": [-60.78364, -24.7658, 39.71117],
						"0.4167": [-40.52665, 6.83408, -14.32556],
						"0.5": [-25, 0, 0.01],
						"0.5833": [-23.97594, -7.30111, -15.9377],
						"0.6667": [-24.56038, -14.14008, -12.80223],
						"0.75": [-31.66346, 13.25127, -6.53218],
						"0.8333": [-25, 0, 0.01],
						"0.9167": [-23.97594, -7.30111, -15.9377],
						"1.0": [-24.56038, -14.14008, -12.80223],
						"1.0833": [-31.66346, 13.25127, -6.53218],
						"1.1667": [-60.78364, -24.7658, 39.71117],
						"1.25": [-40.52665, 6.83408, -14.32556],
						"1.3333": [-25, 0, 0.01],
						"1.4167": [-23.97594, -7.30111, -15.9377],
						"1.5": [-24.56038, -14.14008, -12.80223],
						"1.5833": [-31.66346, 13.25127, -6.53218],
						"1.6667": [-60.78364, -24.7658, 39.71117],
						"1.75": [-40.52665, 6.83408, -14.32556],
						"1.8333": [-31.66346, 13.25127, -6.53218],
						"1.9167": [-60.78364, -24.7658, 39.71117],
						"2.0": [-40.52665, 6.83408, -14.32556]
					}
				},
				"Right_t": {
					"rotation": {
						"0.0": {
							"post": [0, 0, 5],
							"lerp_mode": "catmullrom"
						},
						"0.25": {
							"post": [0, 0, 2.5],
							"lerp_mode": "catmullrom"
						},
						"0.5": {
							"post": [0, 0, 5],
							"lerp_mode": "catmullrom"
						},
						"1.0": {
							"post": [0, 0, 10],
							"lerp_mode": "catmullrom"
						},
						"1.25": {
							"post": [0, 0, 5],
							"lerp_mode": "catmullrom"
						},
						"1.5": {
							"post": [0, 0, 7.5],
							"lerp_mode": "catmullrom"
						},
						"2.0": {
							"post": [0, 0, 5],
							"lerp_mode": "catmullrom"
						}
					}
				},
				"Left_t": {
					"rotation": {
						"0.0": {
							"post": [0, 0, -5],
							"lerp_mode": "catmullrom"
						},
						"0.25": {
							"post": [0, 0, -2.5],
							"lerp_mode": "catmullrom"
						},
						"0.5": {
							"post": [0, 0, -5],
							"lerp_mode": "catmullrom"
						},
						"1.0": {
							"post": [0, 0, -10],
							"lerp_mode": "catmullrom"
						},
						"1.25": {
							"post": [0, 0, -5],
							"lerp_mode": "catmullrom"
						},
						"1.5": {
							"post": [0, 0, -7.5],
							"lerp_mode": "catmullrom"
						},
						"2.0": {
							"post": [0, 0, -5],
							"lerp_mode": "catmullrom"
						}
					}
				}
			},
			"sound_effects": {
				"0.1667": {
					"effect": "walk"
				}
			}
		},
		"animation.gojihmd.bigc_angry": {
			"loop": true,
			"animation_length": 1.75,
			"bones": {
				"C_w": {
					"scale": 1.01
				},
				"c_arm_1": {
					"rotation": {
						"0.0": [0, 0, 0],
						"1.75": [0, -1440, 0]
					},
					"position": [0, -3, 0],
					"scale": 1.4
				},
				"c_arm_2": {
					"rotation": {
						"0.0": [0, 0, 0],
						"1.75": [0, 1440, 0]
					},
					"position": [0, 1, 0],
					"scale": 2.5
				}
			}
		},
		"animation.gojihmd.bigc_calm": {
			"loop": true,
			"animation_length": 0.2917,
			"bones": {
				"C_w": {
					"scale": 0
				},
				"c_arm_1": {
					"scale": 0
				},
				"c_arm_2": {
					"scale": 0
				}
			}
		},
		"animation.gojihmd.c_angry": {
			"loop": true,
			"animation_length": 0.75,
			"bones": {
				"Head": {
					"rotation": [7.7614, -14.8687, -2.00307]
				},
				"arm2": {
					"rotation": [-82.5, 0, 0]
				},
				"armbone2": {
					"rotation": [-12.5, 0, 0]
				},
				"Head_s": {
					"rotation": [0, 0, -90],
					"position": [0, -3, 2]
				},
				"Cest": {
					"rotation": [0, 10, 0]
				},
				"c_arm_1": {
					"rotation": {
						"0.0": [0, 0, 0],
						"0.75": [0, -990, 0]
					},
					"position": [0, 32, 0],
					"scale": 2.1
				},
				"c_arm_2": {
					"rotation": {
						"0.0": [0, 0, 0],
						"0.75": [0, -990, 0]
					}
				}
			}
		},
		"animation.gojihmd.c_calm": {
			"loop": true,
			"override_previous_animation": true,
			"bones": {
				"arm2": {
					"rotation": [17.50314, 0.09341, -0.2024],
					"position": [0, 0, 1]
				},
				"armbone2": {
					"rotation": [0, 0, 87.5]
				},
				"c_arm_1": {
					"scale": 0
				},
				"c_arm_2": {
					"scale": 0
				}
			}
		},
		"animation.gojihmd.drill_roll": {
			"loop": true,
			"animation_length": 2,
			"bones": {
				"Root": {
					"rotation": {
						"0.0": [0, 0, 0],
						"2.0": [1440, 0, 0]
					},
					"position": {
						"0.0": {
							"post": [0, 0, 0],
							"lerp_mode": "catmullrom"
						},
						"0.2": {
							"post": [0, 5, -2],
							"lerp_mode": "catmullrom"
						},
						"0.4": {
							"post": [0, -8, -2],
							"lerp_mode": "catmullrom"
						},
						"0.6": {
							"post": [0, -3, -2],
							"lerp_mode": "catmullrom"
						},
						"0.8": {
							"post": [0, 0, -2],
							"lerp_mode": "catmullrom"
						},
						"1.0": {
							"post": [0, -1, -2],
							"lerp_mode": "catmullrom"
						},
						"1.2": {
							"post": [0, 4, -2],
							"lerp_mode": "catmullrom"
						},
						"1.4": {
							"post": [0, -9, -2],
							"lerp_mode": "catmullrom"
						},
						"1.6": {
							"post": [0, -1, -2],
							"lerp_mode": "catmullrom"
						},
						"1.8": {
							"post": [0, 5, -2],
							"lerp_mode": "catmullrom"
						},
						"2.0": {
							"post": [0, 0, 0],
							"lerp_mode": "catmullrom"
						}
					}
				},
				"Leg2": {
					"rotation": [-90, 0, 0]
				},
				"bone3": {
					"rotation": [87.5, 0, 0]
				},
				"Leg3": {
					"rotation": [-95, 0, 0]
				},
				"bone2": {
					"rotation": [92.5, 0, 0]
				},
				"Body": {
					"rotation": [22.5, 0, 0]
				},
				"Cest": {
					"rotation": [42.5, 0, 0]
				},
				"M_armor": {
					"rotation": [-42.5, 0, 0],
					"position": [0, 10, -11]
				},
				"M_armor2": {
					"rotation": [32.5, 0, 0],
					"position": [0, -3, 0]
				},
				"Head": {
					"rotation": [35, 0, 0]
				},
				"arm": {
					"rotation": [-75, 0, 0]
				},
				"armor": {
					"scale": 1.2
				},
				"armbone": {
					"rotation": [0, -37.5, -52.5]
				},
				"armor2": {
					"scale": 1.2
				},
				"arm2": {
					"rotation": [-75, 0, 0]
				},
				"armor3": {
					"scale": 1.2
				},
				"armbone2": {
					"rotation": [0, 37.5, 52.5]
				},
				"armor4": {
					"scale": 1.2
				},
				"D_1": {
					"scale": 0
				},
				"D_2": {
					"scale": 0
				},
				"Root2": {
					"position": [0, -13, 6]
				}
			}
		},
		"animation.gojihmd.4_drill": {
			"loop": true,
			"animation_length": 2,
			"bones": {
				"drillDrillDrill": {
					"rotation": {
						"0.0": [0, 0, 0],
						"2.0": [0, 0, -1890]
					}
				},
				"drillDrillDrill2": {
					"rotation": {
						"0.0": [0, 0, 0],
						"2.0": [0, 0, -1890]
					}
				},
				"drillDrillDrill3": {
					"rotation": {
						"0.0": [0, 0, 0],
						"2.0": [0, 0, 1890]
					}
				},
				"drillDrillDrill4": {
					"rotation": {
						"0.0": [0, 0, 0],
						"2.0": [0, 0, 1890]
					}
				},
				"T14": {
					"rotation": {
						"0.0": {
							"post": [-5, 0, 0],
							"lerp_mode": "catmullrom"
						},
						"1.0": {
							"post": [-1.10273, -0.70874, 7.06676],
							"lerp_mode": "catmullrom"
						},
						"2.0": {
							"post": [-5, 0, 0],
							"lerp_mode": "catmullrom"
						}
					},
					"position": [0, 0, 0]
				},
				"T15": {
					"rotation": {
						"0.0": {
							"post": [0, 0, 0],
							"lerp_mode": "catmullrom"
						},
						"0.2917": {
							"post": [2.5, 0, 0],
							"lerp_mode": "catmullrom"
						},
						"0.5417": {
							"post": [0, 0, 0],
							"lerp_mode": "catmullrom"
						},
						"0.7917": {
							"post": [0, 0, -5],
							"lerp_mode": "catmullrom"
						},
						"1.1667": {
							"post": [2.5, 0, -5],
							"lerp_mode": "catmullrom"
						},
						"1.5833": {
							"post": [0, 0, -5],
							"lerp_mode": "catmullrom"
						},
						"2.0": {
							"post": [0, 0, 0],
							"lerp_mode": "catmullrom"
						}
					},
					"position": [0, 0, 0]
				},
				"T16": {
					"rotation": {
						"0.0": {
							"post": [-7.5, 0, 0],
							"lerp_mode": "catmullrom"
						},
						"1.0": {
							"post": [-2.5, 0, 0],
							"lerp_mode": "catmullrom"
						},
						"2.0": {
							"post": [-7.5, 0, 0],
							"lerp_mode": "catmullrom"
						}
					},
					"position": [0, 0, 0]
				},
				"Drill": {
					"rotation": {
						"0.0": [0, 0, 0],
						"2.0": [0, 0, 1890]
					}
				},
				"T": {
					"rotation": [0, 0, -25]
				},
				"T2": {
					"rotation": {
						"0.0": {
							"post": [-5, 0, 0],
							"lerp_mode": "catmullrom"
						},
						"1.0": {
							"post": [-1.10273, -0.70874, 7.06676],
							"lerp_mode": "catmullrom"
						},
						"2.0": {
							"post": [-5, 0, 0],
							"lerp_mode": "catmullrom"
						}
					},
					"position": [0, 0, 0]
				},
				"T3": {
					"rotation": {
						"0.0": {
							"post": [0, 0, 0],
							"lerp_mode": "catmullrom"
						},
						"0.2917": {
							"post": [2.5, 0, 0],
							"lerp_mode": "catmullrom"
						},
						"0.5417": {
							"post": [0, 0, 0],
							"lerp_mode": "catmullrom"
						},
						"0.7917": {
							"post": [0, 0, -5],
							"lerp_mode": "catmullrom"
						},
						"1.1667": {
							"post": [2.5, 0, -5],
							"lerp_mode": "catmullrom"
						},
						"1.5833": {
							"post": [0, 0, -5],
							"lerp_mode": "catmullrom"
						},
						"2.0": {
							"post": [0, 0, 0],
							"lerp_mode": "catmullrom"
						}
					},
					"position": [0, 0, 0]
				},
				"T4": {
					"rotation": {
						"0.0": {
							"post": [-7.5, 0, 0],
							"lerp_mode": "catmullrom"
						},
						"1.0": {
							"post": [-2.5, 0, 0],
							"lerp_mode": "catmullrom"
						},
						"2.0": {
							"post": [-7.5, 0, 0],
							"lerp_mode": "catmullrom"
						}
					},
					"position": [0, 0, 0]
				},
				"T25": {
					"rotation": [0, 0, 25]
				},
				"T26": {
					"rotation": {
						"0.0": {
							"post": [-5, 0, 0],
							"lerp_mode": "catmullrom"
						},
						"1.0": {
							"post": [-1.10273, 0.70874, -7.06676],
							"lerp_mode": "catmullrom"
						},
						"2.0": {
							"post": [-5, 0, 0],
							"lerp_mode": "catmullrom"
						}
					},
					"position": [0, 0, 0]
				},
				"T27": {
					"rotation": {
						"0.0": {
							"post": [0, 0, 0],
							"lerp_mode": "catmullrom"
						},
						"0.2917": {
							"post": [2.5, 0, 0],
							"lerp_mode": "catmullrom"
						},
						"0.5417": {
							"post": [0, 0, 0],
							"lerp_mode": "catmullrom"
						},
						"0.7917": {
							"post": [0, 0, -5],
							"lerp_mode": "catmullrom"
						},
						"1.1667": {
							"post": [2.5, 0, -5],
							"lerp_mode": "catmullrom"
						},
						"1.5833": {
							"post": [0, 0, -5],
							"lerp_mode": "catmullrom"
						},
						"2.0": {
							"post": [0, 0, 0],
							"lerp_mode": "catmullrom"
						}
					},
					"position": [0, 0, 0]
				},
				"T28": {
					"rotation": {
						"0.0": {
							"post": [-7.5, 0, 0],
							"lerp_mode": "catmullrom"
						},
						"1.0": {
							"post": [-2.5, 0, 0],
							"lerp_mode": "catmullrom"
						},
						"2.0": {
							"post": [-7.5, 0, 0],
							"lerp_mode": "catmullrom"
						}
					},
					"position": [0, 0, 0]
				},
				"T13": {
					"rotation": [0, 0, 35]
				},
				"T18": {
					"rotation": {
						"0.0": {
							"post": [0, 0, 0],
							"lerp_mode": "catmullrom"
						},
						"0.2083": {
							"post": [2.5, 0, 0],
							"lerp_mode": "catmullrom"
						},
						"0.625": {
							"post": [5, 0, 0],
							"lerp_mode": "catmullrom"
						},
						"1.0417": {
							"post": [0, 0, 0],
							"lerp_mode": "catmullrom"
						},
						"1.4583": {
							"post": [2.5, 0, 0],
							"lerp_mode": "catmullrom"
						},
						"1.75": {
							"post": [-1.33246, 0.08361, 2.75789],
							"lerp_mode": "catmullrom"
						},
						"2.0": {
							"post": [0, 0, 0],
							"lerp_mode": "catmullrom"
						}
					},
					"position": [0, 0, 0]
				},
				"T22": {
					"rotation": {
						"0.0": {
							"post": [2.5, 0, 0],
							"lerp_mode": "catmullrom"
						},
						"0.4583": {
							"post": [2.49762, -0.10901, 2.49762],
							"lerp_mode": "catmullrom"
						},
						"2.0": {
							"post": [2.5, 0, 0],
							"lerp_mode": "catmullrom"
						}
					},
					"position": [0, 0, 0]
				},
				"T37": {
					"rotation": [0, 0, -35]
				},
				"T38": {
					"rotation": {
						"0.0": {
							"post": [-5, 0, 0],
							"lerp_mode": "catmullrom"
						},
						"1.0": {
							"post": [-1.10273, 0.70874, -7.06676],
							"lerp_mode": "catmullrom"
						},
						"2.0": {
							"post": [-5, 0, 0],
							"lerp_mode": "catmullrom"
						}
					},
					"position": [0, 0, 0]
				},
				"T39": {
					"rotation": {
						"0.0": {
							"post": [0, 0, 0],
							"lerp_mode": "catmullrom"
						},
						"0.2917": {
							"post": [2.5, 0, 0],
							"lerp_mode": "catmullrom"
						},
						"0.5417": {
							"post": [0, 0, 0],
							"lerp_mode": "catmullrom"
						},
						"0.7917": {
							"post": [0, 0, 5],
							"lerp_mode": "catmullrom"
						},
						"1.1667": {
							"post": [2.5, 0, 5],
							"lerp_mode": "catmullrom"
						},
						"1.5833": {
							"post": [0, 0, 5],
							"lerp_mode": "catmullrom"
						},
						"2.0": {
							"post": [0, 0, 0],
							"lerp_mode": "catmullrom"
						}
					},
					"position": [0, 0, 0]
				},
				"T40": {
					"rotation": {
						"0.0": {
							"post": [-7.5, 0, 0],
							"lerp_mode": "catmullrom"
						},
						"1.0": {
							"post": [-2.5, 0, 0],
							"lerp_mode": "catmullrom"
						},
						"2.0": {
							"post": [-7.5, 0, 0],
							"lerp_mode": "catmullrom"
						}
					},
					"position": [0, 0, 0]
				},
				"T42": {
					"rotation": {
						"0.0": {
							"post": [0, 0, 0],
							"lerp_mode": "catmullrom"
						},
						"0.2083": {
							"post": [2.5, 0, 0],
							"lerp_mode": "catmullrom"
						},
						"0.625": {
							"post": [5, 0, 0],
							"lerp_mode": "catmullrom"
						},
						"1.0417": {
							"post": [0, 0, 0],
							"lerp_mode": "catmullrom"
						},
						"1.4583": {
							"post": [2.5, 0, 0],
							"lerp_mode": "catmullrom"
						},
						"1.75": {
							"post": [-1.33246, -0.08361, -2.75789],
							"lerp_mode": "catmullrom"
						},
						"2.0": {
							"post": [0, 0, 0],
							"lerp_mode": "catmullrom"
						}
					},
					"position": [0, 0, 0]
				},
				"T46": {
					"rotation": {
						"0.0": {
							"post": [2.5, 0, 0],
							"lerp_mode": "catmullrom"
						},
						"0.4583": {
							"post": [2.49762, 0.10901, -2.49762],
							"lerp_mode": "catmullrom"
						},
						"2.0": {
							"post": [2.5, 0, 0],
							"lerp_mode": "catmullrom"
						}
					},
					"position": [0, 0, 0]
				}
			}
		},
		"animation.gojihmd.drill_attack": {
			"animation_length": 1.5,
			"bones": {
				"Body": {
					"rotation": {
						"0.0": {
							"post": [0, 0, 0],
							"lerp_mode": "catmullrom"
						},
						"0.2917": {
							"post": [-17.5, 0, 0],
							"lerp_mode": "catmullrom"
						},
						"0.5": {
							"post": [10, 0, 0],
							"lerp_mode": "catmullrom"
						},
						"0.7083": {
							"post": [17.5, 0, 0],
							"lerp_mode": "catmullrom"
						},
						"1.5": {
							"post": [0, 0, 0],
							"lerp_mode": "catmullrom"
						}
					}
				},
				"Cest": {
					"rotation": {
						"0.0": {
							"post": [0, 0, 0],
							"lerp_mode": "catmullrom"
						},
						"0.3333": {
							"post": [5, 0, 0],
							"lerp_mode": "catmullrom"
						},
						"0.5417": {
							"post": [5, 0, 0],
							"lerp_mode": "catmullrom"
						},
						"0.75": {
							"post": [5, 0, 0],
							"lerp_mode": "catmullrom"
						},
						"1.25": {
							"post": [0, 0, 0],
							"lerp_mode": "catmullrom"
						}
					}
				},
				"bone16": {
					"rotation": {
						"0.0": {
							"post": [0, 0, 0],
							"lerp_mode": "catmullrom"
						},
						"0.25": {
							"post": [-10, 0, 0],
							"lerp_mode": "catmullrom"
						},
						"0.375": {
							"post": [-9.85108, 1.72794, 9.85108],
							"lerp_mode": "catmullrom"
						},
						"0.6667": {
							"post": [-9.76758, 2.15393, 12.31594],
							"lerp_mode": "catmullrom"
						},
						"1.0417": {
							"post": [-9.07947, -4.20854, -24.66569],
							"lerp_mode": "catmullrom"
						},
						"1.3333": {
							"post": [-9.54589, 2.99318, 17.25002],
							"lerp_mode": "catmullrom"
						},
						"1.5": {
							"post": [0, 0, 0],
							"lerp_mode": "catmullrom"
						}
					}
				},
				"bone17": {
					"rotation": {
						"0.0": {
							"post": [0, 0, 0],
							"lerp_mode": "catmullrom"
						},
						"0.25": {
							"post": [0, 0, 12.5],
							"lerp_mode": "catmullrom"
						},
						"0.375": {
							"post": [0, 0, 17.5],
							"lerp_mode": "catmullrom"
						},
						"0.6667": {
							"post": [0, 0, 20],
							"lerp_mode": "catmullrom"
						},
						"0.9167": {
							"post": [-2.03704, -8.0779, 4.7395],
							"lerp_mode": "catmullrom"
						},
						"1.125": {
							"post": [0.50325, -8.31403, -12.94093],
							"lerp_mode": "catmullrom"
						},
						"1.3333": {
							"post": [-3.07959, -7.74264, 12.3041],
							"lerp_mode": "catmullrom"
						},
						"1.5": {
							"post": [0, 0, 0],
							"lerp_mode": "catmullrom"
						}
					}
				},
				"Head": {
					"rotation": {
						"0.0": {
							"post": [0, 0, 0],
							"lerp_mode": "catmullrom"
						},
						"0.3333": {
							"post": [-10, 0, 0],
							"lerp_mode": "catmullrom"
						},
						"0.5417": {
							"post": [-10, 0, 0],
							"lerp_mode": "catmullrom"
						},
						"0.75": {
							"post": [-10, 0, 0],
							"lerp_mode": "catmullrom"
						},
						"1.25": {
							"post": [0, 0, 0],
							"lerp_mode": "catmullrom"
						}
					}
				},
				"arm": {
					"rotation": {
						"0.0": {
							"post": [0, 0, 0],
							"lerp_mode": "catmullrom"
						},
						"0.3333": {
							"post": [0, 0, 12.5],
							"lerp_mode": "catmullrom"
						},
						"0.5417": {
							"post": [2.5, 0, 12.5],
							"lerp_mode": "catmullrom"
						},
						"0.75": {
							"post": [7.5, 0, 12.5],
							"lerp_mode": "catmullrom"
						},
						"1.25": {
							"post": [20, 0, 12.5],
							"lerp_mode": "catmullrom"
						},
						"1.5": {
							"post": [0, 0, 0],
							"lerp_mode": "catmullrom"
						}
					}
				},
				"armbone": {
					"rotation": {
						"0.0": {
							"post": [0, 0, 0],
							"lerp_mode": "catmullrom"
						},
						"0.3333": {
							"post": [-32.5, 0, 0],
							"lerp_mode": "catmullrom"
						},
						"0.5417": {
							"post": [-27.5, 0, 0],
							"lerp_mode": "catmullrom"
						},
						"0.75": {
							"post": [-70, 0, 0],
							"lerp_mode": "catmullrom"
						},
						"1.25": {
							"post": [-52.5, 0, 0],
							"lerp_mode": "catmullrom"
						},
						"1.5": {
							"post": [0, 0, 0],
							"lerp_mode": "catmullrom"
						}
					}
				},
				"arm2": {
					"rotation": {
						"0.0": {
							"post": [0, 0, 0],
							"lerp_mode": "catmullrom"
						},
						"0.3333": {
							"post": [0, 0, -12.5],
							"lerp_mode": "catmullrom"
						},
						"0.5417": {
							"post": [2.5, 0, -12.5],
							"lerp_mode": "catmullrom"
						},
						"0.75": {
							"post": [7.5, 0, -12.5],
							"lerp_mode": "catmullrom"
						},
						"1.25": {
							"post": [20, 0, -12.5],
							"lerp_mode": "catmullrom"
						},
						"1.5": {
							"post": [0, 0, 0],
							"lerp_mode": "catmullrom"
						}
					}
				},
				"armbone2": {
					"rotation": {
						"0.0": {
							"post": [0, 0, 0],
							"lerp_mode": "catmullrom"
						},
						"0.3333": {
							"post": [-32.5, 0, 0],
							"lerp_mode": "catmullrom"
						},
						"0.5417": {
							"post": [-27.5, 0, 0],
							"lerp_mode": "catmullrom"
						},
						"0.75": {
							"post": [-70, 0, 0],
							"lerp_mode": "catmullrom"
						},
						"1.25": {
							"post": [-52.5, 0, 0],
							"lerp_mode": "catmullrom"
						},
						"1.5": {
							"post": [0, 0, 0],
							"lerp_mode": "catmullrom"
						}
					}
				},
				"Tie": {
					"rotation": {
						"0.0": {
							"post": [0, 0, 0],
							"lerp_mode": "catmullrom"
						},
						"0.25": {
							"post": [-10, 0, 0],
							"lerp_mode": "catmullrom"
						},
						"0.375": {
							"post": [-9.85108, 1.72794, 9.85108],
							"lerp_mode": "catmullrom"
						},
						"0.6667": {
							"post": [-9.76758, 2.15393, 12.31594],
							"lerp_mode": "catmullrom"
						},
						"1.0417": {
							"post": [-9.07947, -4.20854, -24.66569],
							"lerp_mode": "catmullrom"
						},
						"1.3333": {
							"post": [-9.54589, 2.99318, 17.25002],
							"lerp_mode": "catmullrom"
						},
						"1.5": {
							"post": [0, 0, 0],
							"lerp_mode": "catmullrom"
						}
					}
				},
				"T": {
					"rotation": {
						"0.0": {
							"post": [0, 0, 0],
							"lerp_mode": "catmullrom"
						},
						"0.25": {
							"post": [0, -47.5, 0],
							"lerp_mode": "catmullrom"
						},
						"0.4167": {
							"post": [0, -22.5, 0],
							"lerp_mode": "catmullrom"
						},
						"0.8333": {
							"post": [0, 70, 0],
							"lerp_mode": "catmullrom"
						},
						"1.2917": {
							"post": [0, 37.5, 0],
							"lerp_mode": "catmullrom"
						},
						"1.5": {
							"post": [0, 0, 0],
							"lerp_mode": "catmullrom"
						}
					},
					"position": [0, 0, 0]
				},
				"T5": {
					"rotation": {
						"0.0": {
							"post": [0, 0, 0],
							"lerp_mode": "catmullrom"
						},
						"0.25": {
							"post": [0, -20, 0],
							"lerp_mode": "catmullrom"
						},
						"0.4167": {
							"post": [0, -35, 0],
							"lerp_mode": "catmullrom"
						},
						"0.8333": {
							"post": [0, -2.5, 0],
							"lerp_mode": "catmullrom"
						},
						"1.2917": {
							"post": [0, -10, 0],
							"lerp_mode": "catmullrom"
						},
						"1.5": {
							"post": [0, 0, 0],
							"lerp_mode": "catmullrom"
						}
					},
					"position": [0, 0, 0]
				},
				"T7": {
					"rotation": {
						"0.0": {
							"post": [0, 0, 0],
							"lerp_mode": "catmullrom"
						},
						"0.25": {
							"post": [0, -20, 0],
							"lerp_mode": "catmullrom"
						},
						"0.4167": {
							"post": [0, -37.5, 0],
							"lerp_mode": "catmullrom"
						},
						"0.8333": {
							"post": [0, -2.5, 0],
							"lerp_mode": "catmullrom"
						},
						"1.2917": {
							"post": [0, -10, 0],
							"lerp_mode": "catmullrom"
						},
						"1.5": {
							"post": [0, 0, 0],
							"lerp_mode": "catmullrom"
						}
					},
					"position": [0, 0, 0]
				},
				"T25": {
					"rotation": {
						"0.0": {
							"post": [0, 0, 0],
							"lerp_mode": "catmullrom"
						},
						"0.25": {
							"post": [0, 47.5, 0],
							"lerp_mode": "catmullrom"
						},
						"0.4167": {
							"post": [0, 22.5, 0],
							"lerp_mode": "catmullrom"
						},
						"0.8333": {
							"post": [0, -70, 0],
							"lerp_mode": "catmullrom"
						},
						"1.2917": {
							"post": [0, -37.5, 0],
							"lerp_mode": "catmullrom"
						},
						"1.5": {
							"post": [0, 0, 0],
							"lerp_mode": "catmullrom"
						}
					},
					"position": {
						"0.0": {
							"post": [0, 0, 0],
							"lerp_mode": "catmullrom"
						}
					}
				},
				"T26": {
					"rotation": [0, 0, 0]
				},
				"T29": {
					"rotation": {
						"0.0": {
							"post": [0, 0, 0],
							"lerp_mode": "catmullrom"
						},
						"0.25": {
							"post": [0, 20, 0],
							"lerp_mode": "catmullrom"
						},
						"0.4167": {
							"post": [0, 35, 0],
							"lerp_mode": "catmullrom"
						},
						"0.8333": {
							"post": [0, 2.5, 0],
							"lerp_mode": "catmullrom"
						},
						"1.2917": {
							"post": [0, 10, 0],
							"lerp_mode": "catmullrom"
						},
						"1.5": {
							"post": [0, 0, 0],
							"lerp_mode": "catmullrom"
						}
					},
					"position": [0, 0, 0]
				},
				"T31": {
					"rotation": {
						"0.0": {
							"post": [0, 0, 0],
							"lerp_mode": "catmullrom"
						},
						"0.25": {
							"post": [0, 20, 0],
							"lerp_mode": "catmullrom"
						},
						"0.4167": {
							"post": [0, 37.5, 0],
							"lerp_mode": "catmullrom"
						},
						"0.8333": {
							"post": [0, 2.5, 0],
							"lerp_mode": "catmullrom"
						},
						"1.2917": {
							"post": [0, 10, 0],
							"lerp_mode": "catmullrom"
						},
						"1.5": {
							"post": [0, 0, 0],
							"lerp_mode": "catmullrom"
						}
					},
					"position": [0, 0, 0]
				},
				"T13": {
					"rotation": {
						"0.0": {
							"post": [0, 0, 0],
							"lerp_mode": "catmullrom"
						},
						"0.25": {
							"post": [0, -47.5, 0],
							"lerp_mode": "catmullrom"
						},
						"0.4167": {
							"post": [0, -22.5, 0],
							"lerp_mode": "catmullrom"
						},
						"0.8333": {
							"post": [0, 70, 0],
							"lerp_mode": "catmullrom"
						},
						"1.2917": {
							"post": [0, 37.5, 0],
							"lerp_mode": "catmullrom"
						},
						"1.5": {
							"post": [0, 0, 0],
							"lerp_mode": "catmullrom"
						}
					},
					"position": [0, 0, 0]
				},
				"T17": {
					"rotation": {
						"0.0": {
							"post": [0, 0, 0],
							"lerp_mode": "catmullrom"
						},
						"0.25": {
							"post": [0, -20, 0],
							"lerp_mode": "catmullrom"
						},
						"0.4167": {
							"post": [0, -35, 0],
							"lerp_mode": "catmullrom"
						},
						"0.8333": {
							"post": [0, -2.5, 0],
							"lerp_mode": "catmullrom"
						},
						"1.2917": {
							"post": [0, -10, 0],
							"lerp_mode": "catmullrom"
						},
						"1.5": {
							"post": [0, 0, 0],
							"lerp_mode": "catmullrom"
						}
					},
					"position": [0, 0, 0]
				},
				"T19": {
					"rotation": {
						"0.0": {
							"post": [0, 0, 0],
							"lerp_mode": "catmullrom"
						},
						"0.25": {
							"post": [0, -20, 0],
							"lerp_mode": "catmullrom"
						},
						"0.4167": {
							"post": [0, -37.5, 0],
							"lerp_mode": "catmullrom"
						},
						"0.8333": {
							"post": [0, -2.5, 0],
							"lerp_mode": "catmullrom"
						},
						"1.2917": {
							"post": [0, -10, 0],
							"lerp_mode": "catmullrom"
						},
						"1.5": {
							"post": [0, 0, 0],
							"lerp_mode": "catmullrom"
						}
					},
					"position": [0, 0, 0]
				},
				"T37": {
					"rotation": {
						"0.0": {
							"post": [0, 0, 0],
							"lerp_mode": "catmullrom"
						},
						"0.25": {
							"post": [0, 47.5, 0],
							"lerp_mode": "catmullrom"
						},
						"0.4167": {
							"post": [0, 22.5, 0],
							"lerp_mode": "catmullrom"
						},
						"0.8333": {
							"post": [0, -70, 0],
							"lerp_mode": "catmullrom"
						},
						"1.2917": {
							"post": [0, -37.5, 0],
							"lerp_mode": "catmullrom"
						},
						"1.5": {
							"post": [0, 0, 0],
							"lerp_mode": "catmullrom"
						}
					},
					"position": [0, 0, 0]
				},
				"T41": {
					"rotation": {
						"0.0": {
							"post": [0, 0, 0],
							"lerp_mode": "catmullrom"
						},
						"0.25": {
							"post": [0, 20, 0],
							"lerp_mode": "catmullrom"
						},
						"0.4167": {
							"post": [0, 35, 0],
							"lerp_mode": "catmullrom"
						},
						"0.8333": {
							"post": [0, 2.5, 0],
							"lerp_mode": "catmullrom"
						},
						"1.2917": {
							"post": [0, 10, 0],
							"lerp_mode": "catmullrom"
						},
						"1.5": {
							"post": [0, 0, 0],
							"lerp_mode": "catmullrom"
						}
					},
					"position": [0, 0, 0]
				},
				"T43": {
					"rotation": {
						"0.0": {
							"post": [0, 0, 0],
							"lerp_mode": "catmullrom"
						},
						"0.25": {
							"post": [0, 20, 0],
							"lerp_mode": "catmullrom"
						},
						"0.4167": {
							"post": [0, 37.5, 0],
							"lerp_mode": "catmullrom"
						},
						"0.8333": {
							"post": [0, 2.5, 0],
							"lerp_mode": "catmullrom"
						},
						"1.2917": {
							"post": [0, 10, 0],
							"lerp_mode": "catmullrom"
						},
						"1.5": {
							"post": [0, 0, 0],
							"lerp_mode": "catmullrom"
						}
					},
					"position": [0, 0, 0]
				}
			}
		},
		"animation.gojihmd.chief_walk": {
			"loop": true,
			"animation_length": 2,
			"anim_time_update": "query.anim_time + query.delta_time * (query.ground_speed/1.5) * (query.is_on_ground ? 1.0 : 0.3)",
			"bones": {
				"bone16": {
					"rotation": {
						"0.0": {
							"post": [-7.5, 0, 0],
							"lerp_mode": "catmullrom"
						},
						"0.25": {
							"post": [-9.96271, 0.86717, 4.92442],
							"lerp_mode": "catmullrom"
						},
						"0.5": {
							"post": [-7.5, 0, 0],
							"lerp_mode": "catmullrom"
						},
						"0.75": {
							"post": [-9.96271, -0.86717, -4.92442],
							"lerp_mode": "catmullrom"
						},
						"1.0": {
							"post": [-7.5, 0, 0],
							"lerp_mode": "catmullrom"
						},
						"1.25": {
							"post": [-9.96271, 0.86717, 4.92442],
							"lerp_mode": "catmullrom"
						},
						"1.5": {
							"post": [-7.5, 0, 0],
							"lerp_mode": "catmullrom"
						},
						"1.75": {
							"post": [-9.96271, -0.86717, -4.92442],
							"lerp_mode": "catmullrom"
						},
						"2.0": {
							"post": [-7.5, 0, 0],
							"lerp_mode": "catmullrom"
						}
					}
				},
				"bone17": {
					"rotation": {
						"0.0": {
							"post": [0, 0, 0],
							"lerp_mode": "catmullrom"
						},
						"0.25": {
							"post": [0, 0, 7.5],
							"lerp_mode": "catmullrom"
						},
						"0.5": {
							"post": [0, 0, 2.5],
							"lerp_mode": "catmullrom"
						},
						"0.75": {
							"post": [0, 0, -7.5],
							"lerp_mode": "catmullrom"
						},
						"1.0": {
							"post": [0, 0, -2.5],
							"lerp_mode": "catmullrom"
						},
						"1.25": {
							"post": [0, 0, 12.5],
							"lerp_mode": "catmullrom"
						},
						"1.5": {
							"post": [0, 0, 10],
							"lerp_mode": "catmullrom"
						},
						"1.75": {
							"post": [0, 0, 0],
							"lerp_mode": "catmullrom"
						},
						"2.0": {
							"post": [0, 0, 0],
							"lerp_mode": "catmullrom"
						}
					}
				},
				"Root": {
					"position": {
						"0.0": {
							"post": [0, 0, 0],
							"lerp_mode": "catmullrom"
						},
						"0.25": [0, 1, 0],
						"0.5": {
							"pre": [0, 0, 0],
							"post": [0, 0, 0],
							"lerp_mode": "catmullrom"
						},
						"1.0": {
							"post": [0, 0, 0],
							"lerp_mode": "catmullrom"
						},
						"1.25": [0, 1, 0],
						"1.5": {
							"pre": [0, 0, 0],
							"post": [0, 0, 0],
							"lerp_mode": "catmullrom"
						},
						"2.0": {
							"post": [0, 0, 0],
							"lerp_mode": "catmullrom"
						}
					}
				},
				"Leg2": {
					"rotation": {
						"0.0": [0, 0, 0],
						"0.5": {
							"pre": [22.5, 0, 0],
							"post": [22.5, 0, 0],
							"lerp_mode": "catmullrom"
						},
						"1.0": {
							"post": [15, 0, 0],
							"lerp_mode": "catmullrom"
						},
						"1.5": [-20, 0, 0],
						"2.0": [0, 0, 0]
					}
				},
				"bone3": {
					"rotation": {
						"0.0": {
							"post": [-2.5, 0, 0],
							"lerp_mode": "catmullrom"
						},
						"0.25": {
							"post": [-7.5, 0, 0],
							"lerp_mode": "catmullrom"
						},
						"0.5": {
							"post": [-12.5, 0, 0],
							"lerp_mode": "catmullrom"
						},
						"0.75": {
							"post": [-2.5, 0, 0],
							"lerp_mode": "catmullrom"
						},
						"1.0": {
							"post": [7.5, 0, 0],
							"lerp_mode": "catmullrom"
						},
						"1.3333": {
							"post": [12.5, 0, 0],
							"lerp_mode": "catmullrom"
						},
						"1.5": {
							"post": [4.37226, -2.90092, -0.40442],
							"lerp_mode": "catmullrom"
						},
						"2.0": {
							"post": [-2.5, 0, 0],
							"lerp_mode": "catmullrom"
						}
					}
				},
				"Boot2": {
					"rotation": {
						"0.0": {
							"post": [0, 0, 0],
							"lerp_mode": "catmullrom"
						},
						"0.25": {
							"post": [2.5, 0, 0],
							"lerp_mode": "catmullrom"
						},
						"0.5": {
							"post": [-10, 0, 0],
							"lerp_mode": "catmullrom"
						},
						"0.75": {
							"post": [7.5, 0, 0],
							"lerp_mode": "catmullrom"
						},
						"1.0": {
							"post": [12.5, 0, 0],
							"lerp_mode": "catmullrom"
						},
						"1.25": {
							"post": [4.96407, 0.58343, -0.40857],
							"lerp_mode": "catmullrom"
						},
						"1.5": {
							"post": [-7.53593, 0.58343, -0.40857],
							"lerp_mode": "catmullrom"
						},
						"2.0": {
							"post": [0, 0, 0],
							"lerp_mode": "catmullrom"
						}
					}
				},
				"Left_t": {
					"rotation": {
						"0.0": {
							"post": [0, 0, -5],
							"lerp_mode": "catmullrom"
						},
						"0.25": {
							"post": [0, 0, -2.5],
							"lerp_mode": "catmullrom"
						},
						"0.5": {
							"post": [0, 0, -5],
							"lerp_mode": "catmullrom"
						},
						"1.0": {
							"post": [0, 0, -10],
							"lerp_mode": "catmullrom"
						},
						"1.25": {
							"post": [0, 0, -5],
							"lerp_mode": "catmullrom"
						},
						"1.5": {
							"post": [0, 0, -7.5],
							"lerp_mode": "catmullrom"
						},
						"2.0": {
							"post": [0, 0, -5],
							"lerp_mode": "catmullrom"
						}
					}
				},
				"Leg3": {
					"rotation": {
						"0.0": {
							"post": [15, 0, 0],
							"lerp_mode": "catmullrom"
						},
						"0.5": [-20, 0, 0],
						"1.0": [0, 0, 0],
						"1.5": {
							"pre": [22.5, 0, 0],
							"post": [22.5, 0, 0],
							"lerp_mode": "catmullrom"
						},
						"2.0": {
							"post": [15, 0, 0],
							"lerp_mode": "catmullrom"
						}
					}
				},
				"bone2": {
					"rotation": {
						"0.0": {
							"post": [0, 0, 0],
							"lerp_mode": "catmullrom"
						},
						"0.25": {
							"post": [22.5, 0, 0],
							"lerp_mode": "catmullrom"
						},
						"0.5": {
							"post": [-2.5, 0, 0],
							"lerp_mode": "catmullrom"
						},
						"0.75": {
							"post": [-2.5, 0, 0],
							"lerp_mode": "catmullrom"
						},
						"1.0": {
							"post": [-5, 0, 0],
							"lerp_mode": "catmullrom"
						},
						"1.25": {
							"post": [-9.95218, -0.35507, -0.57655],
							"lerp_mode": "catmullrom"
						},
						"1.5": {
							"post": [0.04782, -0.35507, -0.57655],
							"lerp_mode": "catmullrom"
						},
						"1.75": {
							"post": [15.04782, -0.35507, -0.57655],
							"lerp_mode": "catmullrom"
						},
						"2.0": {
							"post": [0, 0, 0],
							"lerp_mode": "catmullrom"
						}
					}
				},
				"Boot3": {
					"rotation": {
						"0.0": {
							"post": [0, 0, 0],
							"lerp_mode": "catmullrom"
						},
						"0.25": {
							"post": [10, 0, 0],
							"lerp_mode": "catmullrom"
						},
						"0.5": {
							"post": [-20, 0, 0],
							"lerp_mode": "catmullrom"
						},
						"0.75": {
							"post": [-5, 0, 0],
							"lerp_mode": "catmullrom"
						},
						"1.0": {
							"post": [0, 0, 0],
							"lerp_mode": "catmullrom"
						},
						"1.25": {
							"post": [-5, 0, 0],
							"lerp_mode": "catmullrom"
						},
						"1.5": {
							"post": [-20, 0, 0],
							"lerp_mode": "catmullrom"
						},
						"1.75": {
							"post": [0, 0, 0],
							"lerp_mode": "catmullrom"
						},
						"2.0": {
							"post": [0, 0, 0],
							"lerp_mode": "catmullrom"
						}
					}
				},
				"Right_t": {
					"rotation": {
						"0.0": {
							"post": [0, 0, 5],
							"lerp_mode": "catmullrom"
						},
						"0.25": {
							"post": [0, 0, 2.5],
							"lerp_mode": "catmullrom"
						},
						"0.5": {
							"post": [0, 0, 5],
							"lerp_mode": "catmullrom"
						},
						"1.0": {
							"post": [0, 0, 10],
							"lerp_mode": "catmullrom"
						},
						"1.25": {
							"post": [0, 0, 5],
							"lerp_mode": "catmullrom"
						},
						"1.5": {
							"post": [0, 0, 7.5],
							"lerp_mode": "catmullrom"
						},
						"2.0": {
							"post": [0, 0, 5],
							"lerp_mode": "catmullrom"
						}
					}
				},
				"Body": {
					"rotation": {
						"0.0": {
							"post": [0, 0, 0],
							"lerp_mode": "catmullrom"
						},
						"0.5": {
							"post": [0, 5, 0],
							"lerp_mode": "catmullrom"
						},
						"1.0": {
							"post": [0, 0, 0],
							"lerp_mode": "catmullrom"
						},
						"1.5": {
							"post": [0, -5, 0],
							"lerp_mode": "catmullrom"
						},
						"2.0": {
							"post": [0, 0, 0],
							"lerp_mode": "catmullrom"
						}
					},
					"position": {
						"0.0": {
							"post": [0, 0, 0],
							"lerp_mode": "catmullrom"
						},
						"0.5": {
							"post": [0, -1, 0],
							"lerp_mode": "catmullrom"
						},
						"1.0": {
							"post": [0, 0, 0],
							"lerp_mode": "catmullrom"
						},
						"1.5": {
							"post": [0, -1, 0],
							"lerp_mode": "catmullrom"
						},
						"2.0": {
							"post": [0, 0, 0],
							"lerp_mode": "catmullrom"
						}
					}
				},
				"Cest": {
					"rotation": [10, 0, 0]
				},
				"armbone": {
					"rotation": [-15, 0, 0]
				},
				"armbone2": {
					"rotation": [-15, 0, 0]
				},
				"Tie": {
					"rotation": {
						"0.0": {
							"post": [-2.5, 0, 0],
							"lerp_mode": "catmullrom"
						},
						"0.5": {
							"post": [-2.5, -5, 0],
							"lerp_mode": "catmullrom"
						},
						"1.0": {
							"post": [-2.5, 0, 0],
							"lerp_mode": "catmullrom"
						},
						"1.5": {
							"post": [-2.5, 5, 0],
							"lerp_mode": "catmullrom"
						},
						"2.0": {
							"post": [-2.5, 0, 0],
							"lerp_mode": "catmullrom"
						}
					}
				},
				"arm": {
					"rotation": [-15, 0, 0]
				}
			},
			"sound_effects": {
				"0.1667": {
					"effect": "walk"
				}
			}
		},
		"animation.gojihmd.scientists_camera_angry": {
			"loop": true,
			"animation_length": 2,
			"bones": {
				"Body": {
					"rotation": [0, 10, 0]
				},
				"Cest": {
					"rotation": [0, 7.5, 0]
				},
				"Head": {
					"rotation": [0, -17.5, 0.00001]
				},
				"arm": {
					"rotation": [-40.72271, -24.68892, 2.57247],
					"position": [1, 0, -2]
				},
				"armbone": {
					"rotation": [-52.5, 0, 0]
				},
				"Weapon": {
					"rotation": [0, 5, 5]
				},
				"Laser": {
					"rotation": {
						"0.0": [0, 0, 0],
						"2.0": [0, 5000, 0]
					},
					"position": {
						"0.0": [0, -54999, 0],
						"0.1667": [0, -54999, 0],
						"0.3333": [0, -54999, 0],
						"0.5": [0, -54999, 0],
						"0.6667": [0, -54999, 0],
						"0.8333": [0, -54999, 0],
						"1.0": [0, -54999, 0],
						"1.0833": [0, -54999, 0],
						"1.25": [0, -54999, 0],
						"1.4167": [0, -54999, 0],
						"1.5833": [0, -54999, 0],
						"1.75": [0, -54999, 0],
						"1.9167": [0, -54999, 0]
					},
					"scale": {
						"0.0": [1, 5000, 1],
						"0.0833": [0.7, 5000, 0.7],
						"0.1667": [1, 5000, 1],
						"0.25": [0.7, 5000, 0.7],
						"0.3333": [1, 5000, 1],
						"0.4167": [0.7, 5000, 0.7],
						"0.5": [1, 5000, 1],
						"0.5833": [0.7, 5000, 0.7],
						"0.6667": [1, 5000, 1],
						"0.75": [0.7, 5000, 0.7],
						"0.8333": [1, 5000, 1],
						"0.9167": [0.7, 5000, 0.7],
						"1.0": [1, 5000, 1],
						"1.0833": [1, 5000, 1],
						"1.1667": [0.7, 5000, 0.7],
						"1.25": [1, 5000, 1],
						"1.3333": [0.7, 5000, 0.7],
						"1.4167": [1, 5000, 1],
						"1.5": [0.7, 5000, 0.7],
						"1.5833": [1, 5000, 1],
						"1.6667": [0.7, 5000, 0.7],
						"1.75": [1, 5000, 1],
						"1.8333": [0.7, 5000, 0.7],
						"1.9167": [1, 5000, 1],
						"2.0": [0.7, 5000, 0.7]
					}
				},
				"arm2": {
					"rotation": [-44.97448, 4.99505, 5.68128],
					"position": [0, 0, -1]
				},
				"armbone2": {
					"rotation": [-44.00703, 10.54529, 10.72858]
				}
			}
		},
		"animation.gojihmd.upgraded_camera_man_calm": {
			"loop": true,
			"bones": {
				"arm": {
					"rotation": [-27.22653, 2.38451, 20.59569]
				},
				"armbone": {
					"rotation": [-33.34923, -49.84183, -67.13079]
				},
				"Gun": {
					"rotation": [2.5, 0, 7.5]
				},
				"arm2": {
					"rotation": [4.95744, 0.65182, -7.47178]
				},
				"armbone2": {
					"rotation": [-90, 0, 0]
				}
			}
		}
	}
}