{
	"format_version": "1.12.0",
	"minecraft:geometry": [
		{
			"description": {
				"identifier": "geometry.unknown",
				"texture_width": 16,
				"texture_height": 16,
				"visible_bounds_width": 2,
				"visible_bounds_height": 1.5,
				"visible_bounds_offset": [0, 0.25, 0]
			},
			"bones": [
				{
					"name": "Glasses",
					"pivot": [0, 3, -4.1],
					"cubes": [
						{"origin": [-4.1, 1, -4], "size": [8.2, 4, 0], "uv": [0, 0]}
					]
				},
				{
					"name": "Pr",
					"parent": "Glasses",
					"pivot": [-4, 3, -4],
					"cubes": [
						{"origin": [-4, 1, -4], "size": [8, 4, 0], "pivot": [-4, 3, -4], "rotation": [0, -90, 0], "uv": [0, 4]}
					]
				},
				{
					"name": "Pl",
					"parent": "Glasses",
					"pivot": [4.1, 3, -4],
					"cubes": [
						{"origin": [4, 1, -4.1], "size": [8, 4, 0], "pivot": [4, 3, -4], "rotation": [0, -90, 0], "uv": [0, 4]}
					]
				}
			]
		}
	]
}