{
	"format_version": "1.12.0",
	"minecraft:geometry": [
		{
			"description": {
				"identifier": "geometry.gojidraw_upgrade_camera_women",
				"texture_width": 128,
				"texture_height": 128,
				"visible_bounds_width": 14,
				"visible_bounds_height": 8,
				"visible_bounds_offset": [0, 3, 0]
			},
			"bones": [
				{
					"name": "bb_main",
					"pivot": [0, 0, 0],
					"locators": {
						"locator": [0, 0, 0]
					}
				},
				{
					"name": "Root",
					"pivot": [0, -1, 0]
				},
				{
					"name": "Leg2",
					"parent": "Root",
					"pivot": [0, 26, 0],
					"rotation": [0, 0, -2.5],
					"mirror": true,
					"cubes": [
						{"origin": [-0.5, 14, -2], "size": [6, 12, 6], "uv": [52, 70]}
					]
				},
				{
					"name": "bone3",
					"parent": "Leg2",
					"pivot": [2.5, 13.95137, -2.82279],
					"mirror": true,
					"cubes": [
						{"origin": [0, 3, -1.6], "size": [5, 11, 4], "uv": [51, 88]},
						{"origin": [0.1, 3, 1], "size": [4.8, 7, 2], "pivot": [-2.5, 3, 2], "rotation": [-7.5, 0, 0], "uv": [30, 75]},
						{"origin": [0.2, 8.94977, 1.98322], "size": [4.6, 5, 2], "pivot": [-2.5, 10, 2.8748], "rotation": [12.5, 0, 0], "uv": [73, 15]}
					]
				},
				{
					"name": "Boot2",
					"parent": "bone3",
					"pivot": [2, 3, 2.1],
					"rotation": [0, 0, 2.5],
					"mirror": true,
					"cubes": [
						{"origin": [0.29, -0.6, -6.1897], "size": [4.32, 1.8, 5.4], "pivot": [2, 1.2, -7.1897], "rotation": [17.5, 0, 0], "uv": [22, 40], "mirror": false},
						{"origin": [0.2, -0.6, -6.1897], "size": [4.5, 1.8, 6.75], "uv": [88, 82], "mirror": false},
						{"origin": [0.2, -0.6, -0.2597], "size": [4.5, 1.8, 3.69], "uv": [0, 66], "mirror": false},
						{"origin": [0.2, 1.2, -2.6897], "size": [4.5, 1.8, 6.3], "uv": [24, 15], "mirror": false}
					]
				},
				{
					"name": "Left_t",
					"parent": "Leg2",
					"pivot": [3, 27, -1],
					"cubes": [
						{"origin": [0, 13, -2.5], "size": [6, 14, 7], "pivot": [6, 27, 0], "rotation": [0, 0, -2.5], "uv": [54, 15]}
					]
				},
				{
					"name": "Leg3",
					"parent": "Root",
					"pivot": [0, 26, 0],
					"rotation": [0, 0, 2.5],
					"mirror": true,
					"cubes": [
						{"origin": [-5.5, 14, -2], "size": [6, 12, 6], "uv": [52, 70], "mirror": false}
					]
				},
				{
					"name": "bone2",
					"parent": "Leg3",
					"pivot": [-2.5, 13.95137, -2.82279],
					"mirror": true,
					"cubes": [
						{"origin": [-5, 3, -1.6], "size": [5, 11, 4], "uv": [51, 88], "mirror": false},
						{"origin": [-4.9, 3, 1], "size": [4.8, 7, 2], "pivot": [2.5, 3, 2], "rotation": [-7.5, 0, 0], "uv": [30, 75], "mirror": false},
						{"origin": [-4.8, 8.94977, 1.98322], "size": [4.6, 5, 2], "pivot": [2.5, 10, 2.8748], "rotation": [12.5, 0, 0], "uv": [73, 15], "mirror": false}
					]
				},
				{
					"name": "Boot3",
					"parent": "bone2",
					"pivot": [-2, 3, 2.1],
					"rotation": [0, 0, -2.5],
					"mirror": true,
					"cubes": [
						{"origin": [-4.61, -0.6, -6.1897], "size": [4.32, 1.8, 5.4], "pivot": [-2, 1.2, -7.1897], "rotation": [17.5, 0, 0], "uv": [22, 40]},
						{"origin": [-4.7, -0.6, -6.1897], "size": [4.5, 1.8, 6.75], "uv": [88, 82]},
						{"origin": [-4.7, -0.6, -0.2597], "size": [4.5, 1.8, 3.69], "uv": [0, 66]},
						{"origin": [-4.7, 1.2, -2.6897], "size": [4.5, 1.8, 6.3], "uv": [24, 15]}
					]
				},
				{
					"name": "Right_t",
					"parent": "Leg3",
					"pivot": [-3, 27, -1],
					"cubes": [
						{"origin": [-6, 13, -2.5], "size": [6, 14, 7], "pivot": [-6, 27, 0], "rotation": [0, 0, 2.5], "uv": [54, 15], "mirror": true}
					]
				},
				{
					"name": "Body",
					"parent": "Root",
					"pivot": [0, 27, 0],
					"cubes": [
						{"origin": [-4.5, 26, -2], "size": [9, 12, 6], "uv": [34, 40]},
						{"origin": [-2, 28.5, -2.1], "size": [2, 3, 0], "uv": [32, 0]},
						{"origin": [-5.4, 26, -1.9], "size": [3, 12, 5.8], "pivot": [-5, 26, 0], "rotation": [0, 0, -5], "uv": [18, 86]},
						{"origin": [2.4, 26, -1.9], "size": [3, 12, 5.8], "pivot": [5, 26, 0], "rotation": [0, 0, 5], "uv": [18, 86], "mirror": true}
					]
				},
				{
					"name": "Cest",
					"parent": "Body",
					"pivot": [-1, 37, -1],
					"cubes": [
						{"origin": [-5.5, 36, -3], "size": [11, 9, 8], "uv": [16, 23]},
						{"origin": [-6.5, 36, -3], "size": [1, 9, 8], "uv": [80, 15]},
						{"origin": [5.5, 36, -3], "size": [1, 9, 8], "uv": [80, 15], "mirror": true},
						{"origin": [-6, 38, -4], "size": [12, 7, 4], "pivot": [-1, 43, -4], "rotation": [-27.5, 0, 0], "uv": [58, 59]},
						{"origin": [-6, 38, -4], "size": [4, 7, 0], "pivot": [-2, 43, -4], "rotation": [-27.70212, -6.64851, 3.47875], "uv": [93, 98]},
						{"origin": [2, 38, -4], "size": [4, 7, 0], "pivot": [2, 43, -4], "rotation": [-27.70212, 6.64851, -3.47875], "uv": [93, 98], "mirror": true}
					]
				},
				{
					"name": "all_Jetpack",
					"parent": "Cest",
					"pivot": [0, 32, 10],
					"cubes": [
						{"origin": [-7, 40, 6], "size": [2, 2, 3], "uv": [16, 66]},
						{"origin": [-5, 37, 5], "size": [10, 8, 5], "uv": [48, 0]},
						{"origin": [-9, 36, 6], "size": [3, 8, 3], "pivot": [-7.5, 41, 7.5], "rotation": [0, -45, 0], "uv": [0, 40]},
						{"origin": [6, 36, 6], "size": [3, 8, 3], "pivot": [7.5, 41, 7.5], "rotation": [0, 45, 0], "uv": [0, 40], "mirror": true},
						{"origin": [-9, 26, 6], "size": [3, 6, 3], "pivot": [-7.5, 41, 7.5], "rotation": [0, -45, 0], "uv": [0, 57]},
						{"origin": [6, 26, 6], "size": [3, 6, 3], "pivot": [7.5, 41, 7.5], "rotation": [0, 45, 0], "uv": [0, 57], "mirror": true},
						{"origin": [-8.8, 30, 6.3], "size": [2.5, 6, 2.5], "pivot": [-7.5, 41, 7.5], "rotation": [0, -45, 0], "uv": [94, 74]},
						{"origin": [6.3, 30, 6.3], "size": [2.5, 6, 2.5], "pivot": [7.5, 41, 7.5], "rotation": [0, 45, 0], "uv": [94, 74], "mirror": true},
						{"origin": [-9.5, 43, 5.5], "size": [4, 3, 4], "pivot": [-7.5, 41, 7.5], "rotation": [0, -45, 0], "uv": [90, 16]},
						{"origin": [5.5, 43, 5.5], "size": [4, 3, 4], "pivot": [7.5, 41, 7.5], "rotation": [0, 45, 0], "uv": [90, 16], "mirror": true},
						{"origin": [-9.5, 38, 5.5], "size": [4, 1, 4], "pivot": [-7.5, 41, 7.5], "rotation": [0, -45, 0], "uv": [90, 32]},
						{"origin": [5.5, 38, 5.5], "size": [4, 1, 4], "pivot": [7.5, 41, 7.5], "rotation": [0, 45, 0], "uv": [90, 32], "mirror": true},
						{"origin": [-9.5, 40, 5.5], "size": [4, 1, 4], "pivot": [-7.5, 41, 7.5], "rotation": [0, -45, 0], "uv": [90, 32]},
						{"origin": [5.5, 40, 5.5], "size": [4, 1, 4], "pivot": [7.5, 41, 7.5], "rotation": [0, 45, 0], "uv": [90, 32], "mirror": true},
						{"origin": [-9.5, 28, 5.5], "size": [4, 3, 4], "pivot": [-7.5, 41, 7.5], "rotation": [0, -45, 0], "uv": [58, 36]},
						{"origin": [5.5, 28, 5.5], "size": [4, 3, 4], "pivot": [7.5, 41, 7.5], "rotation": [0, 45, 0], "uv": [58, 36], "mirror": true},
						{"origin": [-4.5, 29, 5], "size": [9, 8, 4], "uv": [66, 46]},
						{"origin": [-3.5, 29, 9], "size": [7, 8, 1], "pivot": [0, 37, 10], "rotation": [-7.5, 0, 0], "uv": [87, 89]}
					],
					"locators": {
						"locator4": {
							"offset": [7.5, 27, 7.5],
							"rotation": [-177.5, 0, 0]
						},
						"locator5": {
							"offset": [-7.5, 27, 7.5],
							"rotation": [180, 0, 0]
						}
					}
				},
				{
					"name": "Neck",
					"parent": "Cest",
					"pivot": [0, 45, 0],
					"cubes": [
						{"origin": [-1, 45, -0.5], "size": [2, 3, 3], "uv": [98, 23]}
					]
				},
				{
					"name": "Head",
					"parent": "Neck",
					"pivot": [0, 47, 0],
					"cubes": [
						{"origin": [-2.5, 47, -5.9], "size": [5, 5, 12], "uv": [0, 40]},
						{"origin": [-2.5, 52, -8.3], "size": [5, 1, 14.3], "uv": [24, 0]},
						{"origin": [-3.5, 50, -6], "size": [1, 1, 12], "uv": [16, 73]},
						{"origin": [2.5, 50, -6], "size": [1, 1, 12], "uv": [16, 73], "mirror": true},
						{"origin": [-3.5, 51, -8], "size": [1, 1, 14], "uv": [0, 57]},
						{"origin": [2.5, 51, -8], "size": [1, 1, 14], "uv": [0, 57], "mirror": true},
						{"origin": [-3.49, 47.7, -7.9], "size": [1, 3.4, 1.6], "pivot": [-3, 51, -8], "rotation": [35, 0, 0], "uv": [0, 31]},
						{"origin": [2.49, 47.7, -7.9], "size": [1, 3.4, 1.6], "pivot": [3, 51, -8], "rotation": [35, 0, 0], "uv": [0, 31], "mirror": true},
						{"origin": [-3.5, 48, -6], "size": [1, 2, 12], "uv": [66, 1]},
						{"origin": [2.5, 48, -6], "size": [1, 2, 12], "uv": [66, 1], "mirror": true},
						{"origin": [-3.5, 46.6, -5.899], "size": [1, 1.4, 11.8], "pivot": [-3.5, 48, 0], "rotation": [0, 0, -45], "uv": [31, 77]},
						{"origin": [2.5, 46.6, -5.899], "size": [1, 1.4, 11.8], "pivot": [3.5, 48, 0], "rotation": [0, 0, 45], "uv": [31, 77], "mirror": true},
						{"origin": [-3.5, 52, -8.2], "size": [1, 1.4, 14.1], "pivot": [-3.5, 52, 0], "rotation": [0, 0, 45], "uv": [50, 44]},
						{"origin": [2.5, 52, -8.2], "size": [1, 1.4, 14.1], "pivot": [3.5, 52, 0], "rotation": [0, 0, -45], "uv": [50, 44], "mirror": true},
						{"origin": [2.5, 52, 2], "size": [1.5, 4, 1.5], "pivot": [3.5, 51, 0], "rotation": [-5, 0, 12.5], "uv": [38, 15]},
						{"origin": [-4, 52, 2], "size": [1.5, 4, 1.5], "pivot": [-3.5, 51, 0], "rotation": [-5, 0, -12.5], "uv": [38, 15], "mirror": true},
						{"origin": [2.9, 50, 2.3], "size": [1, 2, 1], "pivot": [3.5, 51, 0], "rotation": [-5, 0, 12.5], "uv": [12, 31]},
						{"origin": [-3.9, 50, 2.3], "size": [1, 2, 1], "pivot": [-3.5, 51, 0], "rotation": [-5, 0, -12.5], "uv": [12, 31], "mirror": true}
					]
				},
				{
					"name": "Red",
					"parent": "Head",
					"pivot": [0, 49.5, -5],
					"cubes": [
						{"origin": [-2.5, 47, -5], "size": [5, 5, 0], "uv": [70, 70]}
					]
				},
				{
					"name": "arm",
					"parent": "Cest",
					"pivot": [-6, 41, 1],
					"rotation": [0, 0, 2.5],
					"cubes": [
						{"origin": [-10, 31, -1], "size": [4, 10, 5], "pivot": [-7, 40, 1.5], "rotation": [0, 0, 2.5], "uv": [0, 85]},
						{"origin": [-11, 41, -1.2], "size": [5, 4, 5.3], "pivot": [-6, 44, 1.5], "rotation": [0, 0, -45], "uv": [16, 57]}
					]
				},
				{
					"name": "armbone",
					"parent": "arm",
					"pivot": [-7.78575, 30.82036, 1.48333],
					"cubes": [
						{"origin": [-10, 18, -1], "size": [4, 13, 5], "pivot": [-7, 40, 1.5], "rotation": [0, 0, 2.5], "uv": [76, 70]},
						{"origin": [-10, 19, -1.3], "size": [4.4, 9.9, 5.5], "pivot": [-7.8, 44.2, 1.65], "rotation": [0, 0, 2.5], "uv": [69, 88]},
						{"origin": [-10.2, 18, -1.4], "size": [4.7, 4.9, 5.8], "pivot": [-7.8, 44.2, 1.65], "rotation": [0, 0, 2.5], "uv": [87, 53]},
						{"origin": [-10.94691, 15.02066, -1.1], "size": [3.9, 4, 5.2], "uv": [89, 65]}
					]
				},
				{
					"name": "Gun2",
					"parent": "armbone",
					"pivot": [-9, 25, 1],
					"rotation": [87.33682, 87.52139, -89.83682],
					"cubes": [
						{"origin": [-10, 20, 0.1], "size": [2, 12, 1], "uv": [87, 98]},
						{"origin": [-9.5, 30, 1], "size": [1, 1, 5], "uv": [22, 46]},
						{"origin": [-9.5, 19.5, 0], "size": [1, 7, 0], "pivot": [-9, 19, 1], "rotation": [-57.5, 0, 0], "uv": [12, 57]},
						{"origin": [-9.5, 3, 9], "size": [1, 9, 0], "pivot": [-9, 12, 9], "rotation": [-5, 0, 0], "uv": [36, 0]},
						{"origin": [-9.5, 10.9, 5.499], "size": [1, 5, 0], "pivot": [-9, 11, 5.5], "rotation": [-32.5, 0, 0], "uv": [36, 9]},
						{"origin": [-9.5, 3, 4], "size": [1, 0, 5], "pivot": [-9, 12, 9], "rotation": [-5, 0, 0], "uv": [13, 0]},
						{"origin": [-9.5, 3.49249, 3.27992], "size": [1, 0, 5], "pivot": [-9, 3.5, 3.5], "rotation": [62.5, 0, 0], "uv": [13, 0]},
						{"origin": [-10, 22, 5], "size": [2, 10, 4], "uv": [24, 0]},
						{"origin": [-10, 34, 6], "size": [2, 10, 2], "uv": [44, 75]},
						{"origin": [-9.5, 44, 6.5], "size": [1, 1, 1], "uv": [22, 42]},
						{"origin": [-9.5, 43, 4.7], "size": [1, 1, 1], "uv": [22, 42]},
						{"origin": [-9.5, 41.4, 3.4], "size": [1, 2, 1], "uv": [24, 18]},
						{"origin": [-9.5, 7.4, 5], "size": [1, 0, 4], "pivot": [-9, 7.5, 5.5], "rotation": [92.5, 0, 0], "uv": [0, 0]},
						{"origin": [-10, 32, 6], "size": [2, 1, 2], "uv": [20, 0]},
						{"origin": [-8, 24, 4], "size": [1, 1, 4], "uv": [51, 15]},
						{"origin": [-11, 24, 4], "size": [1, 1, 4], "uv": [51, 15]},
						{"origin": [-11, 32.5, 4], "size": [4, 1, 5], "uv": [38, 15]},
						{"origin": [-11.5, 32.5, 9], "size": [5, 1, 4], "pivot": [-9, 33.5, 9], "rotation": [-32.5, 0, 0], "uv": [90, 11]},
						{"origin": [-11, 30.57488, 12.39523], "size": [4, 1, 1], "pivot": [-9, 31.5, 12], "rotation": [-32.5, 0, 0], "uv": [80, 10]},
						{"origin": [-11.5, 32.5, 1], "size": [5, 1, 3], "pivot": [-9, 33.5, 4], "rotation": [27.5, 0, 0], "uv": [88, 46]},
						{"origin": [-9.8, 33, 6.3], "size": [1.6, 1, 1.6], "uv": [35, 40]},
						{"origin": [-9.8, 34, 4.4], "size": [1.6, 9, 1.6], "uv": [42, 99]},
						{"origin": [-9.9, 32, 8], "size": [1.8, 1, 1.4], "pivot": [-9, 33, 8], "rotation": [-45, 0, 0], "uv": [22, 40]},
						{"origin": [-10.1, 32, 3], "size": [2.2, 1, 3], "pivot": [-9, 33, 6], "rotation": [40, 0, 0], "uv": [51, 59]},
						{"origin": [-10, 18, 6], "size": [2, 4, 3], "uv": [90, 37]},
						{"origin": [-10, 14, 7], "size": [2, 4, 2], "uv": [34, 99]},
						{"origin": [-10, 14, 5], "size": [2, 0, 2], "uv": [0, 4]},
						{"origin": [-10, 14, 5], "size": [2, 4, 0], "pivot": [-9, 14, 5], "rotation": [-35, 0, 0], "uv": [0, 0]},
						{"origin": [-10, 12, 8], "size": [2, 2, 1], "uv": [24, 15]},
						{"origin": [-9.9, 12, 8], "size": [1.8, 2.2, 1], "pivot": [-9, 12, 8], "rotation": [27, 0, 0], "uv": [20, 3]},
						{"origin": [-9.9, 18, 6], "size": [1.8, 5, 3], "pivot": [-9, 17, 6], "rotation": [9.99054, 0.18819, 0.11284], "uv": [46, 21]}
					],
					"locators": {
						"locator3": {
							"offset": [-9, 45, 7],
							"rotation": [-90, 0, 0]
						}
					}
				},
				{
					"name": "arm2",
					"parent": "Cest",
					"pivot": [6, 41, 1],
					"rotation": [0, 0, -2.5],
					"cubes": [
						{"origin": [6, 31, -1], "size": [4, 10, 5], "pivot": [7, 40, 1.5], "rotation": [0, 0, -2.5], "uv": [0, 85], "mirror": true},
						{"origin": [6, 41, -1.2], "size": [5, 4, 5.3], "pivot": [6, 44, 1.5], "rotation": [0, 0, 45], "uv": [16, 57], "mirror": true}
					]
				},
				{
					"name": "armbone2",
					"parent": "arm2",
					"pivot": [7.78575, 30.82036, 1.48333],
					"cubes": [
						{"origin": [6, 18, -1], "size": [4, 13, 5], "pivot": [7, 40, 1.5], "rotation": [0, 0, -2.5], "uv": [76, 70], "mirror": true},
						{"origin": [5.6, 19, -1.3], "size": [4.4, 9.9, 5.5], "pivot": [7.8, 44.2, 1.65], "rotation": [0, 0, -2.5], "uv": [69, 88], "mirror": true},
						{"origin": [5.5, 18, -1.4], "size": [4.7, 4.9, 5.8], "pivot": [7.8, 44.2, 1.65], "rotation": [0, 0, -2.5], "uv": [87, 53], "mirror": true},
						{"origin": [7.04691, 15.02066, -1.1], "size": [3.9, 4, 5.2], "uv": [89, 65], "mirror": true}
					]
				},
				{
					"name": "Gun3",
					"parent": "armbone2",
					"pivot": [9, 25, 1],
					"rotation": [87.33682, -87.52139, 89.83682],
					"cubes": [
						{"origin": [8, 20, 0.1], "size": [2, 12, 1], "uv": [87, 98], "mirror": true},
						{"origin": [8.5, 30, 1], "size": [1, 1, 5], "uv": [22, 46], "mirror": true},
						{"origin": [8.5, 19.5, 0], "size": [1, 7, 0], "pivot": [9, 19, 1], "rotation": [-57.5, 0, 0], "uv": [12, 57], "mirror": true},
						{"origin": [8.5, 3, 9], "size": [1, 9, 0], "pivot": [9, 12, 9], "rotation": [-5, 0, 0], "uv": [36, 0], "mirror": true},
						{"origin": [8.5, 10.9, 5.499], "size": [1, 5, 0], "pivot": [9, 11, 5.5], "rotation": [-32.5, 0, 0], "uv": [36, 9], "mirror": true},
						{"origin": [8.5, 3, 4], "size": [1, 0, 5], "pivot": [9, 12, 9], "rotation": [-5, 0, 0], "uv": [13, 0], "mirror": true},
						{"origin": [8.5, 3.49249, 3.27992], "size": [1, 0, 5], "pivot": [9, 3.5, 3.5], "rotation": [62.5, 0, 0], "uv": [13, 0], "mirror": true},
						{"origin": [8, 22, 5], "size": [2, 10, 4], "uv": [24, 0], "mirror": true},
						{"origin": [8, 34, 6], "size": [2, 10, 2], "uv": [44, 75], "mirror": true},
						{"origin": [8.5, 44, 6.5], "size": [1, 1, 1], "uv": [22, 42], "mirror": true},
						{"origin": [8.5, 43, 4.7], "size": [1, 1, 1], "uv": [22, 42], "mirror": true},
						{"origin": [8.5, 41.4, 3.4], "size": [1, 2, 1], "uv": [24, 18], "mirror": true},
						{"origin": [8.5, 7.4, 5], "size": [1, 0, 4], "pivot": [9, 7.5, 5.5], "rotation": [92.5, 0, 0], "uv": [0, 0], "mirror": true},
						{"origin": [8, 32, 6], "size": [2, 1, 2], "uv": [20, 0], "mirror": true},
						{"origin": [7, 24, 4], "size": [1, 1, 4], "uv": [51, 15], "mirror": true},
						{"origin": [10, 24, 4], "size": [1, 1, 4], "uv": [51, 15], "mirror": true},
						{"origin": [7, 32.5, 4], "size": [4, 1, 5], "uv": [38, 15], "mirror": true},
						{"origin": [6.5, 32.5, 9], "size": [5, 1, 4], "pivot": [9, 33.5, 9], "rotation": [-32.5, 0, 0], "uv": [90, 11], "mirror": true},
						{"origin": [7, 30.57488, 12.39523], "size": [4, 1, 1], "pivot": [9, 31.5, 12], "rotation": [-32.5, 0, 0], "uv": [80, 10], "mirror": true},
						{"origin": [6.5, 32.5, 1], "size": [5, 1, 3], "pivot": [9, 33.5, 4], "rotation": [27.5, 0, 0], "uv": [88, 46], "mirror": true},
						{"origin": [8.2, 33, 6.3], "size": [1.6, 1, 1.6], "uv": [35, 40], "mirror": true},
						{"origin": [8.2, 34, 4.4], "size": [1.6, 9, 1.6], "uv": [42, 99], "mirror": true},
						{"origin": [8.1, 32, 8], "size": [1.8, 1, 1.4], "pivot": [9, 33, 8], "rotation": [-45, 0, 0], "uv": [22, 40], "mirror": true},
						{"origin": [7.9, 32, 3], "size": [2.2, 1, 3], "pivot": [9, 33, 6], "rotation": [40, 0, 0], "uv": [51, 59], "mirror": true},
						{"origin": [8, 18, 6], "size": [2, 4, 3], "uv": [90, 37], "mirror": true},
						{"origin": [8, 14, 7], "size": [2, 4, 2], "uv": [34, 99], "mirror": true},
						{"origin": [8, 14, 5], "size": [2, 0, 2], "uv": [0, 4], "mirror": true},
						{"origin": [8, 14, 5], "size": [2, 4, 0], "pivot": [9, 14, 5], "rotation": [-35, 0, 0], "uv": [0, 0], "mirror": true},
						{"origin": [8, 12, 8], "size": [2, 2, 1], "uv": [24, 15], "mirror": true},
						{"origin": [8.1, 12, 8], "size": [1.8, 2.2, 1], "pivot": [9, 12, 8], "rotation": [27, 0, 0], "uv": [20, 3], "mirror": true},
						{"origin": [8.1, 18, 6], "size": [1.8, 5, 3], "pivot": [9, 17, 6], "rotation": [9.99054, -0.18819, -0.11284], "uv": [46, 21], "mirror": true}
					],
					"locators": {
						"locator6": {
							"offset": [9, 45, 7],
							"rotation": [-90, 0, 0]
						}
					}
				},
				{
					"name": "Gun",
					"parent": "Cest",
					"pivot": [0, 37, 5],
					"cubes": [
						{"origin": [-1, 32, 4.1], "size": [2, 12, 1], "uv": [87, 98]},
						{"origin": [-1.5, 36, 5], "size": [3, 5, 5], "uv": [34, 89]},
						{"origin": [-0.5, 22.9, 9.499], "size": [1, 5, 0], "pivot": [0, 23, 9.5], "rotation": [-32.5, 0, 0], "uv": [2, 0]},
						{"origin": [-0.9, 30, 10], "size": [1.8, 5, 3], "pivot": [0, 29, 10], "rotation": [9.99054, 0.18819, 0.11284], "uv": [88, 31]},
						{"origin": [-3, 26, 10], "size": [6, 25, 6], "uv": [0, 0]},
						{"origin": [-3.5, 41, 9.5], "size": [7, 6, 7], "uv": [0, 72]},
						{"origin": [-2.5, 48, 10.5], "size": [5, 5, 5], "uv": [80, 0]},
						{"origin": [-2, 47.9, 11], "size": [4, 5, 4], "uv": [0, 31]},
						{"origin": [-3.5, 24, 9.5], "size": [7, 9, 7], "uv": [30, 59]},
						{"origin": [-4, 30, 9], "size": [8, 2, 8], "uv": [66, 36]}
					],
					"locators": {
						"locator2": {
							"offset": [0, 53, 13],
							"rotation": [-90, 0, 0]
						}
					}
				}
			]
		}
	]
}