{
    "scheme": "1.3",
    "name": "model.json",
    "texture": [ 64, 32 ],
    "providesObj": true,
    "limbs": {
        "wheel_front_r": {
            "size": [ 4, 4, 4 ],
            "texture": [ 0, 0 ],
            "anchor": [ 0.5, 0.5, 0.5 ],
            "origin": [ -1.16635, 0.4263751, -0.27977094 ],
            "specular": 0,
            "lookX": true,
            "lookY": true,
            "wheel": true
        },
        "wheel_back_r": {
            "size": [ 4, 4, 4 ],
            "texture": [ 0, 0 ],
            "anchor": [ 0.5, 0.5, 0.5 ],
            "origin": [ -1.16632, 0.43384945, 3.3828812 ],
            "specular": 0,
            "wheel": true
        },
        "wheel_front_l": {
            "size": [ 4, 4, 4 ],
            "texture": [ 0, 0 ],
            "anchor": [ 0.5, 0.5, 0.5 ],
            "origin": [ 1.16635, 0.4263751, -0.27977094 ],
            "specular": 0,
            "lookX": true,
            "lookY": true,
            "wheel": true
        },
        "body": {
            "size": [ 4, 4, 4 ],
            "texture": [ 0, 0 ],
            "anchor": [ 0.5, 0.5, 0.5 ],
            "origin": [ 0.0, 0.0, -0.0 ],
            "specular": 0,
            "color": [ 0.0, 0.0, 0.0 ],
            "opacity": 0.0
        },
        "wheel_back_l": {
            "size": [ 4, 4, 4 ],
            "texture": [ 0, 0 ],
            "anchor": [ 0.5, 0.5, 0.5 ],
            "origin": [ 1.166325, 0.43384945, 3.3828812 ],
            "specular": 0,
            "wheel": true
        }
    },
    "poses": {
        "standing": {
            "size": [ 0.6, 1.8, 0.6 ],
            "limbs": {
                "wheel_front_r": {
                    "translate": [ -18.6616, 6.8220015, 4.476335 ]
                },
                "wheel_back_r": {
                    "translate": [ -18.66112, 6.9415913, -54.1261 ]
                },
                "wheel_front_l": {
                    "translate": [ 18.6616, 6.8220015, 4.476335 ]
                },
                "body": {
                    "scale": [ 0.0, 0.0, 0.0 ]
                },
                "wheel_back_l": {
                    "translate": [ 18.6612, 6.9415913, -54.1261 ]
                }
            }
        },
        "flying": {
            "size": [ 0.6, 1.8, 0.6 ],
            "limbs": {
                "wheel_front_r": {
                    "translate": [ -18.6616, 6.8220015, 4.476335 ]
                },
                "wheel_back_r": {
                    "translate": [ -18.66112, 6.9415913, -54.1261 ]
                },
                "wheel_front_l": {
                    "translate": [ 18.6616, 6.8220015, 4.476335 ]
                },
                "wheel_back_l": {
                    "translate": [ 18.6612, 6.9415913, -54.1261 ]
                }
            }
        },
        "sneaking": {
            "size": [ 0.6, 1.8, 0.6 ],
            "limbs": {
                "wheel_front_r": {
                    "translate": [ -18.6616, 6.8220015, 4.476335 ]
                },
                "wheel_back_r": {
                    "translate": [ -18.66112, 6.9415913, -54.1261 ]
                },
                "wheel_front_l": {
                    "translate": [ 18.6616, 6.8220015, 4.476335 ]
                },
                "wheel_back_l": {
                    "translate": [ 18.6612, 6.9415913, -54.1261 ]
                }
            }
        },
        "sleeping": {
            "size": [ 0.6, 1.8, 0.6 ],
            "limbs": {
                "wheel_front_r": {
                    "translate": [ -18.6616, 6.8220015, 4.476335 ]
                },
                "wheel_back_r": {
                    "translate": [ -18.66112, 6.9415913, -54.1261 ]
                },
                "wheel_front_l": {
                    "translate": [ 18.6616, 6.8220015, 4.476335 ]
                },
                "wheel_back_l": {
                    "translate": [ 18.6612, 6.9415913, -54.1261 ]
                }
            }
        }
    }
}