{
	"format_version": "1.8.0",
	"animations": {
		"idle": {
			"loop": true,
			"animation_length": 3.3333,
			"bones": {
				"neck": {
					"rotation": {
						"0.0": {
							"vector": [0, 0, 0]
						},
						"0.0417": {
							"vector": [0, 0, 2.12306]
						},
						"0.0833": {
							"vector": [1.41538, 0, 0.70769]
						},
						"0.125": {
							"vector": [0, 0, -0.70769]
						},
						"0.1667": {
							"vector": [2.12306, 0, -0.70769]
						},
						"0.2083": {
							"vector": [0, 0, 2.12306]
						},
						"0.25": {
							"vector": [2.12306, 0, -0.70769]
						},
						"0.2917": {
							"vector": [0, 0, 2.12306]
						},
						"0.3333": {
							"vector": [2.12306, 0, -0.70769]
						},
						"0.375": {
							"vector": [0, 0, 0]
						},
						"0.4167": {
							"vector": [0, 0, -0.70769]
						},
						"0.4583": {
							"vector": [0, 0, 2.12306]
						},
						"0.5": {
							"vector": [2.12306, 0, -0.70769]
						},
						"0.5417": {
							"vector": [0, 0, 2.12306]
						},
						"0.5833": {
							"vector": [2.12306, 0, -0.70769]
						},
						"0.625": {
							"vector": [0, 0, 2.12306]
						},
						"0.6667": {
							"vector": [2.12306, 0, -0.70769]
						},
						"0.7083": {
							"vector": [0, 0, 0]
						},
						"0.75": {
							"vector": [0, 0, -0.70769]
						},
						"0.7917": {
							"vector": [0, 0, 2.12306]
						},
						"0.8333": {
							"vector": [2.12306, 0, -0.70769]
						},
						"0.875": {
							"vector": [1.41538, 0, 0.70769]
						},
						"0.9167": {
							"vector": [0, 0, 0]
						},
						"0.9583": {
							"vector": [0, 0, 2.12306]
						},
						"1.0": {
							"vector": [1.41538, 0, 0.70769]
						},
						"1.0417": {
							"vector": [0, 0, -0.70769]
						},
						"1.0833": {
							"vector": [2.12306, 0, -0.70769]
						},
						"1.125": {
							"vector": [0, 0, 2.12306]
						},
						"1.1667": {
							"vector": [2.12306, 0, -0.70769]
						},
						"1.2083": {
							"vector": [0, 0, 2.12306]
						},
						"1.25": {
							"vector": [2.12306, 0, -0.70769]
						},
						"1.2917": {
							"vector": [0, 0, 0]
						},
						"1.3333": {
							"vector": [0, 0, -0.70769]
						},
						"1.375": {
							"vector": [0, 0, 2.12306]
						},
						"1.4167": {
							"vector": [2.12306, 0, -0.70769]
						},
						"1.4583": {
							"vector": [0, 0, 2.12306]
						},
						"1.5": {
							"vector": [2.12306, 0, -0.70769]
						},
						"1.5417": {
							"vector": [0, 0, 2.12306]
						},
						"1.5833": {
							"vector": [2.12306, 0, -0.70769]
						},
						"1.625": {
							"vector": [0, 0, 0]
						},
						"1.6667": {
							"vector": [0, 0, -0.70769]
						},
						"1.7083": {
							"vector": [0, 0, 2.12306]
						},
						"1.75": {
							"vector": [2.12306, 0, -0.70769]
						},
						"1.7917": {
							"vector": [0, 0, 0]
						},
						"1.8333": {
							"vector": [0, 0, 2.12306]
						},
						"1.875": {
							"vector": [1.41538, 0, 0.70769]
						},
						"1.9167": {
							"vector": [0, 0, -0.70769]
						},
						"1.9583": {
							"vector": [2.12306, 0, -0.70769]
						},
						"2.0": {
							"vector": [0, 0, 2.12306]
						},
						"2.0417": {
							"vector": [2.12306, 0, -0.70769]
						},
						"2.0833": {
							"vector": [0, 0, 2.12306]
						},
						"2.125": {
							"vector": [2.12306, 0, -0.70769]
						},
						"2.1667": {
							"vector": [0, 0, 0]
						},
						"2.2083": {
							"vector": [0, 0, -0.70769]
						},
						"2.25": {
							"vector": [0, 0, 2.12306]
						},
						"2.2917": {
							"vector": [2.12306, 0, -0.70769]
						},
						"2.3333": {
							"vector": [0, 0, 2.12306]
						},
						"2.375": {
							"vector": [2.12306, 0, -0.70769]
						},
						"2.4167": {
							"vector": [0, 0, 2.12306]
						},
						"2.4583": {
							"vector": [2.12306, 0, -0.70769]
						},
						"2.5": {
							"vector": [0, 0, 0]
						},
						"2.5417": {
							"vector": [0, 0, -0.70769]
						},
						"2.5833": {
							"vector": [0, 0, 2.12306]
						},
						"2.625": {
							"vector": [2.12306, 0, -0.70769]
						},
						"2.6667": {
							"vector": [1.41538, 0, 0.70769]
						},
						"2.7083": {
							"vector": [0, 0, 0]
						},
						"2.75": {
							"vector": [0, 0, 2.12306]
						},
						"2.7917": {
							"vector": [1.41538, 0, 0.70769]
						},
						"2.8333": {
							"vector": [0, 0, -0.70769]
						},
						"2.875": {
							"vector": [2.12306, 0, -0.70769]
						},
						"2.9167": {
							"vector": [0, 0, 2.12306]
						},
						"2.9583": {
							"vector": [2.12306, 0, -0.70769]
						},
						"3.0": {
							"vector": [0, 0, 2.12306]
						},
						"3.0417": {
							"vector": [2.12306, 0, -0.70769]
						},
						"3.0833": {
							"vector": [0, 0, 0]
						},
						"3.125": {
							"vector": [0, 0, -0.70769]
						},
						"3.1667": {
							"vector": [0, 0, 2.12306]
						},
						"3.2083": {
							"vector": [2.12306, 0, -0.70769]
						},
						"3.25": {
							"vector": [0, 0, 2.12306]
						},
						"3.2917": {
							"vector": [2.12306, 0, -0.70769]
						},
						"3.3333": {
							"vector": [0, 0, 2.12306]
						}
					}
				},
				"head": {
					"rotation": {
						"vector": ["query.head_pitch", "query.head_yaw", 0]
					}
				}
			}
		},
		"running": {
			"loop": true,
			"animation_length": 3.3333,
			"bones": {
				"neck": {
					"rotation": {
						"0.0": {
							"vector": [0, 0, 0]
						},
						"0.0417": {
							"vector": [0, 0, 2.12306]
						},
						"0.0833": {
							"vector": [1.41538, 0, 0.70769]
						},
						"0.125": {
							"vector": [0, 0, -0.70769]
						},
						"0.1667": {
							"vector": [2.12306, 0, -0.70769]
						},
						"0.2083": {
							"vector": [0, 0, 2.12306]
						},
						"0.25": {
							"vector": [2.12306, 0, -0.70769]
						},
						"0.2917": {
							"vector": [0, 0, 2.12306]
						},
						"0.3333": {
							"vector": [2.12306, 0, -0.70769]
						},
						"0.375": {
							"vector": [0, 0, 0]
						},
						"0.4167": {
							"vector": [0, 0, -0.70769]
						},
						"0.4583": {
							"vector": [0, 0, 2.12306]
						},
						"0.5": {
							"vector": [2.12306, 0, -0.70769]
						},
						"0.5417": {
							"vector": [0, 0, 2.12306]
						},
						"0.5833": {
							"vector": [2.12306, 0, -0.70769]
						},
						"0.625": {
							"vector": [0, 0, 2.12306]
						},
						"0.6667": {
							"vector": [2.12306, 0, -0.70769]
						},
						"0.7083": {
							"vector": [0, 0, 0]
						},
						"0.75": {
							"vector": [0, 0, -0.70769]
						},
						"0.7917": {
							"vector": [0, 0, 2.12306]
						},
						"0.8333": {
							"vector": [2.12306, 0, -0.70769]
						},
						"0.875": {
							"vector": [1.41538, 0, 0.70769]
						},
						"0.9167": {
							"vector": [0, 0, 0]
						},
						"0.9583": {
							"vector": [0, 0, 2.12306]
						},
						"1.0": {
							"vector": [1.41538, 0, 0.70769]
						},
						"1.0417": {
							"vector": [0, 0, -0.70769]
						},
						"1.0833": {
							"vector": [2.12306, 0, -0.70769]
						},
						"1.125": {
							"vector": [0, 0, 2.12306]
						},
						"1.1667": {
							"vector": [2.12306, 0, -0.70769]
						},
						"1.2083": {
							"vector": [0, 0, 2.12306]
						},
						"1.25": {
							"vector": [2.12306, 0, -0.70769]
						},
						"1.2917": {
							"vector": [0, 0, 0]
						},
						"1.3333": {
							"vector": [0, 0, -0.70769]
						},
						"1.375": {
							"vector": [0, 0, 2.12306]
						},
						"1.4167": {
							"vector": [2.12306, 0, -0.70769]
						},
						"1.4583": {
							"vector": [0, 0, 2.12306]
						},
						"1.5": {
							"vector": [2.12306, 0, -0.70769]
						},
						"1.5417": {
							"vector": [0, 0, 2.12306]
						},
						"1.5833": {
							"vector": [2.12306, 0, -0.70769]
						},
						"1.625": {
							"vector": [0, 0, 0]
						},
						"1.6667": {
							"vector": [0, 0, -0.70769]
						},
						"1.7083": {
							"vector": [0, 0, 2.12306]
						},
						"1.75": {
							"vector": [2.12306, 0, -0.70769]
						},
						"1.7917": {
							"vector": [0, 0, 0]
						},
						"1.8333": {
							"vector": [0, 0, 2.12306]
						},
						"1.875": {
							"vector": [1.41538, 0, 0.70769]
						},
						"1.9167": {
							"vector": [0, 0, -0.70769]
						},
						"1.9583": {
							"vector": [2.12306, 0, -0.70769]
						},
						"2.0": {
							"vector": [0, 0, 2.12306]
						},
						"2.0417": {
							"vector": [2.12306, 0, -0.70769]
						},
						"2.0833": {
							"vector": [0, 0, 2.12306]
						},
						"2.125": {
							"vector": [2.12306, 0, -0.70769]
						},
						"2.1667": {
							"vector": [0, 0, 0]
						},
						"2.2083": {
							"vector": [0, 0, -0.70769]
						},
						"2.25": {
							"vector": [0, 0, 2.12306]
						},
						"2.2917": {
							"vector": [2.12306, 0, -0.70769]
						},
						"2.3333": {
							"vector": [0, 0, 2.12306]
						},
						"2.375": {
							"vector": [2.12306, 0, -0.70769]
						},
						"2.4167": {
							"vector": [0, 0, 2.12306]
						},
						"2.4583": {
							"vector": [2.12306, 0, -0.70769]
						},
						"2.5": {
							"vector": [0, 0, 0]
						},
						"2.5417": {
							"vector": [0, 0, -0.70769]
						},
						"2.5833": {
							"vector": [0, 0, 2.12306]
						},
						"2.625": {
							"vector": [2.12306, 0, -0.70769]
						},
						"2.6667": {
							"vector": [1.41538, 0, 0.70769]
						},
						"2.7083": {
							"vector": [0, 0, 0]
						},
						"2.75": {
							"vector": [0, 0, 2.12306]
						},
						"2.7917": {
							"vector": [1.41538, 0, 0.70769]
						},
						"2.8333": {
							"vector": [0, 0, -0.70769]
						},
						"2.875": {
							"vector": [2.12306, 0, -0.70769]
						},
						"2.9167": {
							"vector": [0, 0, 2.12306]
						},
						"2.9583": {
							"vector": [2.12306, 0, -0.70769]
						},
						"3.0": {
							"vector": [0, 0, 2.12306]
						},
						"3.0417": {
							"vector": [2.12306, 0, -0.70769]
						},
						"3.0833": {
							"vector": [0, 0, 0]
						},
						"3.125": {
							"vector": [0, 0, -0.70769]
						},
						"3.1667": {
							"vector": [0, 0, 2.12306]
						},
						"3.2083": {
							"vector": [2.12306, 0, -0.70769]
						},
						"3.25": {
							"vector": [0, 0, 2.12306]
						},
						"3.2917": {
							"vector": [2.12306, 0, -0.70769]
						},
						"3.3333": {
							"vector": [0, 0, 2.12306]
						}
					}
				},
				"wheel_front_left": {
					"rotation": {
						"0.0": {
							"vector": [0, 0, 0]
						},
						"3.3333": {
							"vector": [2160, 0, 0]
						}
					}
				},
				"wheel_back_left": {
					"rotation": {
						"0.0": {
							"vector": [0, 0, 0]
						},
						"3.3333": {
							"vector": [2160, 0, 0]
						}
					}
				},
				"wheel_front_right": {
					"rotation": {
						"0.0": {
							"vector": [0, 0, 0]
						},
						"3.3333": {
							"vector": [2160, 0, 0]
						}
					}
				},
				"wheel_back_right": {
					"rotation": {
						"0.0": {
							"vector": [0, 0, 0]
						},
						"3.3333": {
							"vector": [2160, 0, 0]
						}
					}
				},
				"crusher": {
					"rotation": {
						"0.0": {
							"vector": [0, 0, 0]
						},
						"3.3333": {
							"vector": [3600, 0, 0]
						}
					}
				},
				"head": {
					"rotation": {
						"vector": ["query.head_pitch", "query.head_yaw", 0]
					}
				}
			}
		}
	},
	"geckolib_format_version": 2
}