{
	"format_version": "1.12.0",
	"minecraft:geometry": [
		{
			"description": {
				"identifier": "geometry.ic_skibidi_detainer",
				"texture_width": 256,
				"texture_height": 256,
				"visible_bounds_width": 12,
				"visible_bounds_height": 7.5,
				"visible_bounds_offset": [0, 3.25, 0]
			},
			"bones": [
				{
					"name": "toilet",
					"pivot": [0, 0, 0],
					"cubes": [
						{"origin": [-5, 4, -5], "size": [10, 7, 10], "uv": [0, 72]},
						{"origin": [-6, 3, -6], "size": [12, 4, 12], "uv": [48, 57]},
						{"origin": [-7, 9, -7], "size": [14, 3, 14], "uv": [0, 37]},
						{"origin": [-9, 11, -7.5], "size": [9, 3, 15], "pivot": [0, 21, 0], "rotation": [0, 0, -77.5], "uv": [0, 54]},
						{"origin": [0, 11, -7.5], "size": [9, 3, 15], "pivot": [0, 21, 0], "rotation": [0, 0, 77.5], "uv": [0, 54], "mirror": true},
						{"origin": [-7.5, 11, -9], "size": [15, 3, 9], "pivot": [0, 21, 0], "rotation": [77.5, 0, 0], "uv": [58, 23]},
						{"origin": [-7.5, 11, 0], "size": [15, 3, 9], "pivot": [0, 21, 0], "rotation": [-77.5, 0, 0], "uv": [58, 11]},
						{"origin": [-8, 17.16026, -9.29852], "size": [16, 4, 2], "pivot": [0, 19.16026, -8.29852], "rotation": [-90, 0, 0], "uv": [68, 0]},
						{"origin": [-8, 17.16026, 7.29852], "size": [16, 4, 2], "pivot": [0, 19.16026, 8.29852], "rotation": [90, 0, 0], "uv": [68, 0]},
						{"origin": [7.27352, 17.16026, -8], "size": [2, 4, 16], "pivot": [8.29852, 19.16026, 0], "rotation": [0, 0, -90], "uv": [24, 73]},
						{"origin": [-9.27352, 17.16026, -8], "size": [2, 4, 16], "pivot": [-8.29852, 19.16026, 0], "rotation": [0, 0, 90], "uv": [24, 73]},
						{"origin": [9, 11, 0], "size": [3, 12, 8], "pivot": [10.5, 18, 0], "rotation": [0, 0, 10], "uv": [170, 0]},
						{"origin": [8.48172, 15, -15.07677], "size": [3, 7, 8], "pivot": [8.98172, 17, -11.07677], "rotation": [0, -20, 0], "uv": [149, 16]},
						{"origin": [8.48172, 11, -15.07677], "size": [3, 4, 3], "pivot": [8.98172, 17, -11.07677], "rotation": [0, -20, 0], "uv": [149, 35]},
						{"origin": [9, 11, -8], "size": [3, 7, 8], "pivot": [10.5, 18, 0], "rotation": [0, 0, 10], "uv": [136, 0]},
						{"origin": [11, 12, -6.5], "size": [3, 7, 5], "inflate": 0.1, "pivot": [10.5, 18, 0], "rotation": [0, 0, -17.5], "uv": [127, 24]},
						{"origin": [-11.48172, 11, -15.07677], "size": [3, 4, 3], "pivot": [-8.98172, 17, -11.07677], "rotation": [0, 20, 0], "uv": [149, 35], "mirror": true},
						{"origin": [-11.48172, 15, -15.07677], "size": [3, 7, 8], "pivot": [-8.98172, 17, -11.07677], "rotation": [0, 20, 0], "uv": [149, 16], "mirror": true},
						{"origin": [-12, 11, -8], "size": [3, 7, 8], "pivot": [-10.5, 18, 0], "rotation": [0, 0, -10], "uv": [136, 0], "mirror": true},
						{"origin": [-14, 12, -6.5], "size": [3, 7, 5], "inflate": 0.1, "pivot": [-10.5, 18, 0], "rotation": [0, 0, 17.5], "uv": [127, 24], "mirror": true},
						{"origin": [-12, 11, 0], "size": [3, 12, 8], "pivot": [-10.5, 18, 0], "rotation": [0, 0, -10], "uv": [170, 0], "mirror": true}
					]
				},
				{
					"name": "lid1",
					"parent": "toilet",
					"pivot": [0, 21, 9],
					"cubes": [
						{"origin": [-8, 18.16026, -9.29852], "size": [16, 4, 1], "pivot": [0, 20.16026, -8.29852], "rotation": [-90, 0, 0], "uv": [97, 11]},
						{"origin": [-9.27352, 18.16026, -8], "size": [1, 4, 16], "pivot": [-8.29852, 20.16026, 0], "rotation": [0, 0, 90], "uv": [80, 57]},
						{"origin": [-8, 18.16026, 8.29852], "size": [16, 4, 1], "pivot": [0, 20.16026, 8.29852], "rotation": [90, 0, 0], "uv": [97, 11], "mirror": true},
						{"origin": [8.27352, 18.16026, -8], "size": [1, 4, 16], "pivot": [8.29852, 20.16026, 0], "rotation": [0, 0, -90], "uv": [80, 57]}
					]
				},
				{
					"name": "back",
					"parent": "toilet",
					"pivot": [0, 21, 11],
					"cubes": [
						{"origin": [-11.5, 17, 10], "size": [23, 20, 6], "uv": [0, 11]},
						{"origin": [-15, 36, 9], "size": [30, 3, 8], "uv": [0, 0]},
						{"origin": [8.77514, 18.3438, 9.975], "size": [5, 20, 6], "pivot": [2.42514, 29.1438, 13], "rotation": [0, 0, 7.5], "uv": [32, 93], "mirror": true},
						{"origin": [-13.77514, 18.3438, 9.975], "size": [5, 20, 6], "pivot": [-2.42514, 29.1438, 13], "rotation": [0, 0, -7.5], "uv": [32, 93]}
					]
				},
				{
					"name": "lid2",
					"parent": "toilet",
					"pivot": [0, 20, 10],
					"cubes": [
						{"origin": [-8, 23, 7], "size": [16, 14, 2], "uv": [74, 35]},
						{"origin": [-7, 37, 7], "size": [14, 3, 2], "uv": [44, 73]},
						{"origin": [-6, 40, 7], "size": [12, 3, 2], "uv": [44, 82]},
						{"origin": [-7, 21, 7], "size": [14, 2, 2], "uv": [44, 78]}
					]
				},
				{
					"name": "flush",
					"parent": "toilet",
					"pivot": [0, 39, 13],
					"cubes": [
						{"origin": [-1, 38, 12], "size": [2, 2, 2], "uv": [0, 0]}
					]
				},
				{
					"name": "neck",
					"parent": "toilet",
					"pivot": [0, 12, 5.675],
					"rotation": [15, 0, 0]
				},
				{
					"name": "neck2",
					"parent": "neck",
					"pivot": [0, 19.55658, 1.98278],
					"rotation": [-27.5, 0, 0]
				},
				{
					"name": "head",
					"parent": "neck2",
					"pivot": [0, 28.55658, -2.01722]
				},
				{
					"name": "eyes",
					"parent": "head",
					"pivot": [0, 31.67209, -6.87575],
					"rotation": [10, 0, 0]
				},
				{
					"name": "pupils",
					"parent": "eyes",
					"pivot": [0, 31.67209, -6.87575]
				},
				{
					"name": "1",
					"parent": "pupils",
					"pivot": [0, 31.67209, -6.87575]
				},
				{
					"name": "2",
					"parent": "pupils",
					"pivot": [0, 31.67209, -6.87575]
				},
				{
					"name": "mouth",
					"parent": "head",
					"pivot": [0, 28.58158, -1.99222]
				},
				{
					"name": "upper_mouth",
					"parent": "mouth",
					"pivot": [0, 28.58158, -1.99222]
				},
				{
					"name": "lower_mouth2",
					"parent": "mouth",
					"pivot": [0, 28.58158, -1.99222]
				},
				{
					"name": "teeth",
					"parent": "head",
					"pivot": [0, 28.55658, -3.01722]
				},
				{
					"name": "upper",
					"parent": "teeth",
					"pivot": [0, 29.05658, -2.01722]
				},
				{
					"name": "lower",
					"parent": "teeth",
					"pivot": [0, 29.20658, -2.01722]
				},
				{
					"name": "hat",
					"parent": "head",
					"pivot": [0, 3.55658, -2.01722]
				},
				{
					"name": "magnet",
					"parent": "toilet",
					"pivot": [0, 6, 0],
					"cubes": [
						{"origin": [-15, 0.5, -15], "size": [30, 7, 30], "uv": [136, 39]}
					]
				},
				{
					"name": "left_claw",
					"parent": "toilet",
					"pivot": [10, 16, 8],
					"cubes": [
						{"origin": [9, 13, 5], "size": [26, 6, 6], "pivot": [10, 16, 8], "rotation": [0, -15, 0], "uv": [192, 124]}
					]
				},
				{
					"name": "left_claw2",
					"parent": "left_claw",
					"pivot": [32, 16, 15],
					"cubes": [
						{"origin": [38.70518, 13.5, 2.33512], "size": [26, 5, 5], "pivot": [46.70518, 16, 17.83512], "rotation": [0, 45, 0], "uv": [194, 107]}
					]
				},
				{
					"name": "left_claw3",
					"parent": "left_claw2",
					"pivot": [50.04833, 16.125, -3.3928],
					"cubes": [
						{"origin": [48.04833, 15, -20.3928], "size": [24, 2, 1], "inflate": 0.1, "pivot": [58.04833, 16, -11.8928], "rotation": [0, 90, 0], "uv": [191, 119]},
						{"origin": [52.04833, 14, -19.8928], "size": [20, 5, 0], "pivot": [58.04833, 16, -11.8928], "rotation": [0, 90, 0], "uv": [179, 99]},
						{"origin": [52.04833, 18, -20.3928], "size": [20, 1, 1], "inflate": 0.1, "pivot": [58.04833, 16, -11.8928], "rotation": [0, 90, 0], "uv": [191, 119]},
						{"origin": [52.04833, 13, -20.3928], "size": [20, 1, 1], "inflate": 0.1, "pivot": [58.04833, 16, -11.8928], "rotation": [0, 90, 0], "uv": [191, 120]}
					]
				},
				{
					"name": "left_claw4",
					"parent": "left_claw3",
					"pivot": [50.04833, 16.125, -26.3928],
					"cubes": [
						{"origin": [48.54833, 17.125, -25.3928], "size": [3, 7, 0], "pivot": [50.04833, 16.125, -26.3928], "rotation": [12.5, 0, 0], "uv": [172, 119]},
						{"origin": [48.54833, 26.23477, -28.49048], "size": [3, 7, 0], "pivot": [50.04833, 20.73477, -26.39048], "rotation": [167.5, 0, 0], "uv": [172, 119]}
					]
				},
				{
					"name": "left_claw5",
					"parent": "left_claw4",
					"pivot": [50.04833, 16.125, -26.3928],
					"cubes": [
						{"origin": [50.29833, 13.625, -26.8928], "size": [13, 5, 1], "inflate": 0.2, "uv": [213, 144]},
						{"origin": [52.29833, 13.625, -33.3928], "size": [4, 5, 1], "inflate": 0.3, "pivot": [57.29833, 15.625, -26.3928], "rotation": [0, -102.5, 0], "uv": [208, 156]},
						{"origin": [68.79833, 13.125, -30.1428], "size": [6, 6, 2], "inflate": 0.2, "pivot": [66.79833, 15.625, -26.8928], "rotation": [0, 85, 0], "uv": [196, 140]}
					]
				},
				{
					"name": "left_claw6",
					"parent": "left_claw4",
					"pivot": [50.04833, 16.125, -26.3928],
					"rotation": [0, 0, -180],
					"cubes": [
						{"origin": [50.29833, 13.625, -26.8928], "size": [13, 5, 1], "inflate": 0.2, "uv": [213, 144]},
						{"origin": [52.29833, 13.625, -33.3928], "size": [4, 5, 1], "inflate": 0.3, "pivot": [57.29833, 16.125, -26.3928], "rotation": [0, -102.5, 0], "uv": [208, 156]},
						{"origin": [68.79833, 13.125, -30.1428], "size": [6, 6, 2], "inflate": 0.2, "pivot": [66.79833, 16.125, -26.8928], "rotation": [0, 85, 0], "uv": [196, 140]}
					]
				},
				{
					"name": "left_stabber",
					"parent": "left_claw3",
					"pivot": [50.04833, 16.125, -15.3928],
					"cubes": [
						{"origin": [50.04833, 14.975, -27.3928], "size": [0, 2, 22], "uv": [111, 152]}
					]
				},
				{
					"name": "right_claw",
					"parent": "toilet",
					"pivot": [-10, 16, 8],
					"cubes": [
						{"origin": [-35, 13, 5], "size": [26, 6, 6], "pivot": [-10, 16, 8], "rotation": [0, 15, 0], "uv": [192, 124], "mirror": true}
					]
				},
				{
					"name": "right_claw2",
					"parent": "right_claw",
					"pivot": [-32, 16, 15],
					"cubes": [
						{"origin": [-64.70518, 13.5, 2.33512], "size": [26, 5, 5], "pivot": [-46.70518, 16, 17.83512], "rotation": [0, -45, 0], "uv": [194, 107], "mirror": true}
					]
				},
				{
					"name": "right_claw3",
					"parent": "right_claw2",
					"pivot": [-50.04833, 16.125, -3.3928],
					"cubes": [
						{"origin": [-72.04833, 15, -20.3928], "size": [24, 2, 1], "inflate": 0.1, "pivot": [-58.04833, 16, -11.8928], "rotation": [0, -90, 0], "uv": [191, 119], "mirror": true},
						{"origin": [-72.04833, 14, -19.8928], "size": [20, 5, 0], "pivot": [-58.04833, 16, -11.8928], "rotation": [0, -90, 0], "uv": [179, 99], "mirror": true},
						{"origin": [-72.04833, 18, -20.3928], "size": [20, 1, 1], "inflate": 0.1, "pivot": [-58.04833, 16, -11.8928], "rotation": [0, -90, 0], "uv": [191, 119], "mirror": true},
						{"origin": [-72.04833, 13, -20.3928], "size": [20, 1, 1], "inflate": 0.1, "pivot": [-58.04833, 16, -11.8928], "rotation": [0, -90, 0], "uv": [191, 120], "mirror": true}
					]
				},
				{
					"name": "right_claw4",
					"parent": "right_claw3",
					"pivot": [-50.04833, 16.125, -26.3928],
					"cubes": [
						{"origin": [-51.54833, 17.125, -25.3928], "size": [3, 7, 0], "pivot": [-50.04833, 16.125, -26.3928], "rotation": [12.5, 0, 0], "uv": [172, 119], "mirror": true},
						{"origin": [-51.54833, 26.23477, -28.49048], "size": [3, 7, 0], "pivot": [-50.04833, 20.73477, -26.39048], "rotation": [167.5, 0, 0], "uv": [172, 119], "mirror": true}
					]
				},
				{
					"name": "right_claw5",
					"parent": "right_claw4",
					"pivot": [-50.04833, 16.125, -26.3928],
					"cubes": [
						{"origin": [-63.29833, 13.625, -26.8928], "size": [13, 5, 1], "inflate": 0.2, "uv": [213, 144], "mirror": true},
						{"origin": [-56.29833, 13.625, -33.3928], "size": [4, 5, 1], "inflate": 0.3, "pivot": [-57.29833, 15.625, -26.3928], "rotation": [0, 102.5, 0], "uv": [208, 156], "mirror": true},
						{"origin": [-74.79833, 13.125, -30.1428], "size": [6, 6, 2], "inflate": 0.2, "pivot": [-66.79833, 15.625, -26.8928], "rotation": [0, -85, 0], "uv": [196, 140], "mirror": true}
					]
				},
				{
					"name": "right_claw6",
					"parent": "right_claw4",
					"pivot": [-50.04833, 16.125, -26.3928],
					"rotation": [0, 0, 180],
					"cubes": [
						{"origin": [-63.29833, 13.625, -26.8928], "size": [13, 5, 1], "inflate": 0.2, "uv": [213, 144], "mirror": true},
						{"origin": [-56.29833, 13.625, -33.3928], "size": [4, 5, 1], "inflate": 0.3, "pivot": [-57.29833, 16.125, -26.3928], "rotation": [0, 102.5, 0], "uv": [208, 156], "mirror": true},
						{"origin": [-74.79833, 13.125, -30.1428], "size": [6, 6, 2], "inflate": 0.2, "pivot": [-66.79833, 16.125, -26.8928], "rotation": [0, -85, 0], "uv": [196, 140], "mirror": true}
					]
				},
				{
					"name": "right_stabber",
					"parent": "right_claw3",
					"pivot": [-50.04833, 16.125, -15.3928],
					"cubes": [
						{"origin": [-50.04833, 14.975, -27.3928], "size": [0, 2, 22], "uv": [111, 152], "mirror": true}
					]
				},
				{
					"name": "upper_claw",
					"parent": "toilet",
					"pivot": [0, 30, 16],
					"rotation": [0, 0, 90],
					"cubes": [
						{"origin": [-25, 27, 13], "size": [26, 6, 6], "pivot": [0, 30, 16], "rotation": [0, 15, 0], "uv": [192, 124], "mirror": true}
					]
				},
				{
					"name": "upper_claw2",
					"parent": "upper_claw",
					"pivot": [-22, 30, 23],
					"cubes": [
						{"origin": [-54.70518, 27.5, 10.33512], "size": [26, 5, 5], "pivot": [-36.70518, 30, 25.83512], "rotation": [0, -45, 0], "uv": [194, 107], "mirror": true}
					]
				},
				{
					"name": "upper_claw3",
					"parent": "upper_claw2",
					"pivot": [-40.04833, 30.125, 4.6072],
					"cubes": [
						{"origin": [-62.04833, 29, -12.3928], "size": [24, 2, 1], "inflate": 0.1, "pivot": [-48.04833, 30, -3.8928], "rotation": [0, -90, 0], "uv": [191, 119], "mirror": true},
						{"origin": [-62.04833, 28, -11.8928], "size": [20, 5, 0], "pivot": [-48.04833, 30, -3.8928], "rotation": [0, -90, 0], "uv": [179, 99], "mirror": true},
						{"origin": [-62.04833, 32, -12.3928], "size": [20, 1, 1], "inflate": 0.1, "pivot": [-48.04833, 30, -3.8928], "rotation": [0, -90, 0], "uv": [191, 119], "mirror": true},
						{"origin": [-62.04833, 27, -12.3928], "size": [20, 1, 1], "inflate": 0.1, "pivot": [-48.04833, 30, -3.8928], "rotation": [0, -90, 0], "uv": [191, 120], "mirror": true}
					]
				},
				{
					"name": "upper_claw4",
					"parent": "upper_claw3",
					"pivot": [-40.04833, 30.125, -18.3928],
					"cubes": [
						{"origin": [-41.54833, 31.125, -17.3928], "size": [3, 7, 0], "pivot": [-40.04833, 30.125, -18.3928], "rotation": [12.5, 0, 0], "uv": [172, 119], "mirror": true},
						{"origin": [-41.54833, 40.23477, -20.49048], "size": [3, 7, 0], "pivot": [-40.04833, 34.73477, -18.39048], "rotation": [167.5, 0, 0], "uv": [172, 119], "mirror": true}
					]
				},
				{
					"name": "upper_claw5",
					"parent": "upper_claw4",
					"pivot": [-40.04833, 30.125, -18.3928],
					"cubes": [
						{"origin": [-53.29833, 27.625, -18.8928], "size": [13, 5, 1], "inflate": 0.2, "uv": [213, 144], "mirror": true},
						{"origin": [-46.29833, 27.625, -25.3928], "size": [4, 5, 1], "inflate": 0.3, "pivot": [-47.29833, 29.625, -18.3928], "rotation": [0, 102.5, 0], "uv": [208, 156], "mirror": true},
						{"origin": [-64.79833, 27.125, -22.1428], "size": [6, 6, 2], "inflate": 0.2, "pivot": [-56.79833, 29.625, -18.8928], "rotation": [0, -85, 0], "uv": [196, 140], "mirror": true}
					]
				},
				{
					"name": "upper_claw6",
					"parent": "upper_claw4",
					"pivot": [-40.04833, 30.125, -18.3928],
					"rotation": [0, 0, 180],
					"cubes": [
						{"origin": [-53.29833, 27.625, -18.8928], "size": [13, 5, 1], "inflate": 0.2, "uv": [213, 144], "mirror": true},
						{"origin": [-46.29833, 27.625, -25.3928], "size": [4, 5, 1], "inflate": 0.3, "pivot": [-47.29833, 30.125, -18.3928], "rotation": [0, 102.5, 0], "uv": [208, 156], "mirror": true},
						{"origin": [-64.79833, 27.125, -22.1428], "size": [6, 6, 2], "inflate": 0.2, "pivot": [-56.79833, 30.125, -18.8928], "rotation": [0, -85, 0], "uv": [196, 140], "mirror": true}
					]
				},
				{
					"name": "upper_stabber",
					"parent": "upper_claw3",
					"pivot": [-40.04833, 30.125, -7.3928],
					"cubes": [
						{"origin": [-40.04833, 28.975, -19.3928], "size": [0, 2, 22], "uv": [111, 152], "mirror": true}
					]
				}
			]
		}
	]
}