{
	"format_version": "1.12.0",
	"minecraft:geometry": [
		{
			"description": {
				"identifier": "geometry.gojidraw_g_clone_rocket",
				"texture_width": 256,
				"texture_height": 256,
				"visible_bounds_width": 3752,
				"visible_bounds_height": 9,
				"visible_bounds_offset": [0, 2.5, 0]
			},
			"bones": [
				{
					"name": "Toilet",
					"pivot": [3, 4, 0],
					"cubes": [
						{"origin": [-11, 1, -9], "size": [22, 7, 25], "uv": [0, 42]},
						{"origin": [-8, 8, -9], "size": [16, 7, 4], "pivot": [0, 8, -9], "rotation": [-35, 0, 0], "uv": [160, 167]},
						{"origin": [-8, 8, 12], "size": [16, 7, 4], "pivot": [0, 8, 16], "rotation": [35, 0, 0], "uv": [160, 167]},
						{"origin": [8, 8, -5], "size": [3, 7, 17], "pivot": [11, 8, 4], "rotation": [0, 0, -27.5], "uv": [112, 145]},
						{"origin": [-11, 8, -5], "size": [3, 7, 17], "pivot": [-11, 8, 4], "rotation": [0, 0, 27.5], "uv": [112, 145], "mirror": true},
						{"origin": [-8, 11, -5], "size": [16, 7, 17], "uv": [126, 121]},
						{"origin": [-9, 18, -6], "size": [18, 5, 26], "uv": [68, 48]},
						{"origin": [3, 18.05, -12], "size": [9, 5, 5], "pivot": [3, 18.5, -12], "rotation": [0, -47.5, 0], "uv": [123, 169]},
						{"origin": [-12, 18.05, -12], "size": [9, 5, 5], "pivot": [-3, 18.5, -12], "rotation": [0, 47.5, 0], "uv": [169, 61]},
						{"origin": [-3, 18, -12], "size": [6, 5, 6], "uv": [71, 181]},
						{"origin": [-3, 25, -14], "size": [6, 7, 5], "uv": [187, 31]},
						{"origin": [-3, 18, -14], "size": [6, 7, 5], "pivot": [0, 25, -14], "rotation": [12.5, 0, 0], "uv": [183, 185]},
						{"origin": [8, 25, -4], "size": [4, 7, 11], "uv": [104, 170]},
						{"origin": [8, 25, 7], "size": [4, 7, 15], "pivot": [12, 32, 7], "rotation": [0, -12.5, 0], "uv": [152, 145]},
						{"origin": [-12, 25, -4], "size": [4, 7, 11], "uv": [104, 170], "mirror": true},
						{"origin": [-12, 25, 7], "size": [4, 7, 15], "pivot": [-12, 32, 7], "rotation": [0, 12.5, 0], "uv": [152, 145], "mirror": true},
						{"origin": [8, 18, 7], "size": [4, 7, 17], "pivot": [12, 25, 7], "rotation": [-4.3361, -11.73507, 20.44582], "uv": [143, 94]},
						{"origin": [-12, 18, 7], "size": [4, 7, 17], "pivot": [-12, 25, 7], "rotation": [-4.3361, 11.73507, -20.44582], "uv": [87, 138]},
						{"origin": [8, 18, -4], "size": [4, 7, 11], "pivot": [12, 25, 11], "rotation": [0, 0, 20], "uv": [47, 169]},
						{"origin": [-12, 18, -4], "size": [4, 7, 11], "pivot": [-12, 25, 11], "rotation": [0, 0, -20], "uv": [168, 84]},
						{"origin": [-1.11139, 24.95, -14.18392], "size": [4, 7, 13.9], "pivot": [3, 30, -14], "rotation": [0, 41.9, 0], "uv": [139, 167]},
						{"origin": [-2.88861, 24.95, -14.18392], "size": [4, 7, 13.9], "pivot": [-3, 30, -14], "rotation": [0, -41.9, 0], "uv": [139, 167], "mirror": true},
						{"origin": [-2.85103, 23.0727, -14], "size": [4, 2, 13.5], "pivot": [-3, 25, -14], "rotation": [11.86159, -40.47443, -16.83966], "uv": [20, 134]},
						{"origin": [-1.14897, 23.0727, -14], "size": [4, 2, 13.5], "pivot": [3, 25, -14], "rotation": [11.86159, 40.47443, 16.83966], "uv": [20, 134], "mirror": true},
						{"origin": [-2.85103, 21.0727, -14], "size": [4, 2, 12.8], "pivot": [-3, 25, -14], "rotation": [11.86159, -40.47443, -16.83966], "uv": [135, 145]},
						{"origin": [-1.14897, 21.0727, -14], "size": [4, 2, 12.8], "pivot": [3, 25, -14], "rotation": [11.86159, 40.47443, 16.83966], "uv": [135, 145], "mirror": true},
						{"origin": [-2.85103, 19.0727, -13], "size": [4, 2, 11.5], "pivot": [-3, 25, -14], "rotation": [11.86159, -40.47443, -16.83966], "uv": [109, 20]},
						{"origin": [-1.14897, 19.0727, -13], "size": [4, 2, 11.5], "pivot": [3, 25, -14], "rotation": [11.86159, 40.47443, 16.83966], "uv": [109, 20], "mirror": true}
					]
				},
				{
					"name": "shield_front",
					"parent": "Toilet",
					"pivot": [0.5, 27, -7],
					"rotation": [89.99999, -82.5, -89.99999],
					"cubes": [
						{"origin": [-7.15526, 21.78555, -13.8], "size": [7.8, 1.3, 1.3], "uv": [0, 7]},
						{"origin": [-10.4102, 18.75807, -15.72], "size": [1.24, 6.44, 18.14], "inflate": -0.1, "pivot": [0.65, 33, -10.3], "rotation": [0, 0, -12.5], "uv": [20, 151]},
						{"origin": [-6.5, 22.59433, -15.75], "size": [1.3, 11.7, 18.2], "pivot": [-5.84494, 38.44434, -9.65], "rotation": [0, 0, 7.5], "uv": [0, 134]},
						{"origin": [-7.15526, 21.78555, -0.8], "size": [7.8, 1.3, 1.3], "uv": [0, 7]}
					]
				},
				{
					"name": "Right_w",
					"parent": "Toilet",
					"pivot": [17, 32, -2],
					"cubes": [
						{"origin": [51.30899, 37.54275, -3.9], "size": [27, 3, 19], "pivot": [51.30899, 40.54275, -2], "rotation": [0, 0, 7.5], "uv": [0, 79]},
						{"origin": [7, 32, -4], "size": [45, 3, 19], "pivot": [7, 32, -2], "rotation": [0, 0, -7], "uv": [0, 20]},
						{"origin": [7, 30.1, -3.5], "size": [67, 2, 18], "uv": [0, 0]}
					]
				},
				{
					"name": "Rocket",
					"parent": "Right_w",
					"pivot": [34, 35, -4],
					"cubes": [
						{"origin": [26, 28.1, -9.5], "size": [13, 1, 9], "uv": [153, 74]},
						{"origin": [26, 16.1, -9.5], "size": [13, 1, 9], "uv": [153, 74]},
						{"origin": [26, 17.1, -9.5], "size": [1, 11, 9], "uv": [19, 175]},
						{"origin": [38, 17.1, -9.5], "size": [1, 11, 9], "uv": [19, 175]},
						{"origin": [34, 24.1, -8.5], "size": [3, 3, 9], "pivot": [35.5, 25.6, -4], "rotation": [0, 0, 45], "uv": [164, 178]},
						{"origin": [28, 24.1, -8.5], "size": [3, 3, 9], "pivot": [29.5, 25.6, -4], "rotation": [0, 0, 45], "uv": [164, 178]},
						{"origin": [28, 18.1, -8.5], "size": [3, 3, 9], "pivot": [29.5, 19.6, -4], "rotation": [0, 0, 45], "uv": [164, 178]},
						{"origin": [34, 18.1, -8.5], "size": [3, 3, 9], "pivot": [35.5, 19.6, -4], "rotation": [0, 0, 45], "uv": [164, 178]},
						{"origin": [32, 17.1, -9.5], "size": [1, 11, 9], "uv": [19, 175]},
						{"origin": [32, 17.1, -9.4], "size": [1, 11, 9], "pivot": [32.5, 22.6, -5], "rotation": [0, 0, 90], "uv": [19, 175]},
						{"origin": [25.5, 15.5, -0.5], "size": [14, 14, 19], "uv": [0, 101]},
						{"origin": [31, 29.1, -1.5], "size": [2, 8, 12], "uv": [0, 163]}
					]
				},
				{
					"name": "Rocket2",
					"parent": "Right_w",
					"pivot": [61, 35, -4],
					"cubes": [
						{"origin": [53, 28.1, -9.5], "size": [13, 1, 9], "uv": [153, 74]},
						{"origin": [53, 16.1, -9.5], "size": [13, 1, 9], "uv": [153, 74]},
						{"origin": [53, 17.1, -9.5], "size": [1, 11, 9], "uv": [19, 175]},
						{"origin": [65, 17.1, -9.5], "size": [1, 11, 9], "uv": [19, 175]},
						{"origin": [61, 24.1, -8.5], "size": [3, 3, 9], "pivot": [62.5, 25.6, -4], "rotation": [0, 0, 45], "uv": [164, 178]},
						{"origin": [55, 24.1, -8.5], "size": [3, 3, 9], "pivot": [56.5, 25.6, -4], "rotation": [0, 0, 45], "uv": [164, 178]},
						{"origin": [55, 18.1, -8.5], "size": [3, 3, 9], "pivot": [56.5, 19.6, -4], "rotation": [0, 0, 45], "uv": [164, 178]},
						{"origin": [61, 18.1, -8.5], "size": [3, 3, 9], "pivot": [62.5, 19.6, -4], "rotation": [0, 0, 45], "uv": [164, 178]},
						{"origin": [59, 17.1, -9.5], "size": [1, 11, 9], "uv": [19, 175]},
						{"origin": [59, 17.1, -9.4], "size": [1, 11, 9], "pivot": [59.5, 22.6, -5], "rotation": [0, 0, 90], "uv": [19, 175]},
						{"origin": [52.5, 15.5, -0.5], "size": [14, 14, 19], "uv": [0, 101]},
						{"origin": [58, 29.1, -1.5], "size": [2, 8, 12], "uv": [0, 163]}
					]
				},
				{
					"name": "Left_w",
					"parent": "Toilet",
					"pivot": [-17, 32, -2],
					"cubes": [
						{"origin": [-52, 32, -4], "size": [45, 3, 19], "pivot": [-7, 32, -2], "rotation": [0, 0, 7], "uv": [0, 20], "mirror": true},
						{"origin": [-74, 30.1, -3.5], "size": [67, 2, 18], "uv": [0, 0], "mirror": true},
						{"origin": [-78.30899, 37.54275, -3.9], "size": [27, 3, 19], "pivot": [-51.30899, 40.54275, -2], "rotation": [0, 0, -7.5], "uv": [0, 79], "mirror": true}
					]
				},
				{
					"name": "Rocket3",
					"parent": "Left_w",
					"pivot": [-34, 35, -4],
					"cubes": [
						{"origin": [-39, 28.1, -9.5], "size": [13, 1, 9], "uv": [153, 74], "mirror": true},
						{"origin": [-39, 16.1, -9.5], "size": [13, 1, 9], "uv": [153, 74], "mirror": true},
						{"origin": [-27, 17.1, -9.5], "size": [1, 11, 9], "uv": [19, 175], "mirror": true},
						{"origin": [-39, 17.1, -9.5], "size": [1, 11, 9], "uv": [19, 175], "mirror": true},
						{"origin": [-37, 24.1, -8.5], "size": [3, 3, 9], "pivot": [-35.5, 25.6, -4], "rotation": [0, 0, -45], "uv": [164, 178], "mirror": true},
						{"origin": [-31, 24.1, -8.5], "size": [3, 3, 9], "pivot": [-29.5, 25.6, -4], "rotation": [0, 0, -45], "uv": [164, 178], "mirror": true},
						{"origin": [-31, 18.1, -8.5], "size": [3, 3, 9], "pivot": [-29.5, 19.6, -4], "rotation": [0, 0, -45], "uv": [164, 178], "mirror": true},
						{"origin": [-37, 18.1, -8.5], "size": [3, 3, 9], "pivot": [-35.5, 19.6, -4], "rotation": [0, 0, -45], "uv": [164, 178], "mirror": true},
						{"origin": [-33, 17.1, -9.5], "size": [1, 11, 9], "uv": [19, 175], "mirror": true},
						{"origin": [-33, 17.1, -9.4], "size": [1, 11, 9], "pivot": [-32.5, 22.6, -5], "rotation": [0, 0, -90], "uv": [19, 175], "mirror": true},
						{"origin": [-39.5, 15.5, -0.5], "size": [14, 14, 19], "uv": [0, 101], "mirror": true},
						{"origin": [-33, 29.1, -1.5], "size": [2, 8, 12], "uv": [0, 163], "mirror": true}
					]
				},
				{
					"name": "Rocket4",
					"parent": "Left_w",
					"pivot": [-61, 35, -4],
					"cubes": [
						{"origin": [-66, 28.1, -9.5], "size": [13, 1, 9], "uv": [153, 74], "mirror": true},
						{"origin": [-66, 16.1, -9.5], "size": [13, 1, 9], "uv": [153, 74], "mirror": true},
						{"origin": [-54, 17.1, -9.5], "size": [1, 11, 9], "uv": [19, 175], "mirror": true},
						{"origin": [-66, 17.1, -9.5], "size": [1, 11, 9], "uv": [19, 175], "mirror": true},
						{"origin": [-64, 24.1, -8.5], "size": [3, 3, 9], "pivot": [-62.5, 25.6, -4], "rotation": [0, 0, -45], "uv": [164, 178], "mirror": true},
						{"origin": [-58, 24.1, -8.5], "size": [3, 3, 9], "pivot": [-56.5, 25.6, -4], "rotation": [0, 0, -45], "uv": [164, 178], "mirror": true},
						{"origin": [-58, 18.1, -8.5], "size": [3, 3, 9], "pivot": [-56.5, 19.6, -4], "rotation": [0, 0, -45], "uv": [164, 178], "mirror": true},
						{"origin": [-64, 18.1, -8.5], "size": [3, 3, 9], "pivot": [-62.5, 19.6, -4], "rotation": [0, 0, -45], "uv": [164, 178], "mirror": true},
						{"origin": [-60, 17.1, -9.5], "size": [1, 11, 9], "uv": [19, 175], "mirror": true},
						{"origin": [-60, 17.1, -9.4], "size": [1, 11, 9], "pivot": [-59.5, 22.6, -5], "rotation": [0, 0, -90], "uv": [19, 175], "mirror": true},
						{"origin": [-66.5, 15.5, -0.5], "size": [14, 14, 19], "uv": [0, 101], "mirror": true},
						{"origin": [-60, 29.1, -1.5], "size": [2, 8, 12], "uv": [0, 163], "mirror": true}
					]
				},
				{
					"name": "Back",
					"parent": "Toilet",
					"pivot": [-0.1, 19.5074, 15.5],
					"rotation": [-5, 0, 0],
					"cubes": [
						{"origin": [4.085, 21.52241, 14.96], "size": [6.75, 31.05, 9.18], "pivot": [10.835, 21.52241, 19.55], "rotation": [0, 0, 12.5], "uv": [57, 129]},
						{"origin": [-10.835, 21.52241, 14.96], "size": [6.75, 31.05, 9.18], "pivot": [-10.835, 21.52241, 19.55], "rotation": [0, 0, -12.5], "uv": [57, 129], "mirror": true},
						{"origin": [-17.515, 49.87241, 14.15], "size": [35.1, 5.4, 10.8], "uv": [73, 79]},
						{"origin": [-10.765, 18.82241, 14.825], "size": [21.6, 35.1, 9.45], "uv": [83, 94]}
					]
				},
				{
					"name": "B",
					"parent": "Back",
					"pivot": [0.035, 55.27241, 19.55]
				},
				{
					"name": "Jetpack",
					"parent": "Toilet",
					"pivot": [10.30793, 49.375, 22.90035],
					"rotation": [0, -2.5, 0],
					"cubes": [
						{"origin": [20, 41, 20], "size": [6, 15, 6], "uv": [0, 42]},
						{"origin": [6, 50, 19], "size": [14, 4, 3], "pivot": [1.5, 52, 24], "rotation": [0, -10, 0], "uv": [168, 102]},
						{"origin": [6, 42, 19], "size": [14, 4, 3], "pivot": [1.5, 44, 24], "rotation": [0, -10, 0], "uv": [168, 102]},
						{"origin": [20, 17, 20], "size": [6, 12, 6], "uv": [175, 118]},
						{"origin": [20.5, 23, 20.5], "size": [5, 18, 5], "uv": [69, 42]},
						{"origin": [19.5, 54, 19.5], "size": [7, 5, 7], "uv": [175, 145]},
						{"origin": [19.5, 22, 19.5], "size": [7, 6, 7], "uv": [169, 18]}
					],
					"locators": {
						"e4": {
							"offset": [23, 20, 23],
							"rotation": [172.5, 0, 0]
						}
					}
				},
				{
					"name": "Jetpack2",
					"parent": "Toilet",
					"pivot": [-10.30793, 49.375, 22.90035],
					"rotation": [0, 2.5, 0],
					"cubes": [
						{"origin": [-26, 41, 20], "size": [6, 15, 6], "uv": [0, 42], "mirror": true},
						{"origin": [-20, 50, 19], "size": [14, 4, 3], "pivot": [-1.5, 52, 24], "rotation": [0, 10, 0], "uv": [168, 102], "mirror": true},
						{"origin": [-20, 42, 19], "size": [14, 4, 3], "pivot": [-1.5, 44, 24], "rotation": [0, 10, 0], "uv": [168, 102], "mirror": true},
						{"origin": [-26, 17, 20], "size": [6, 12, 6], "uv": [175, 118], "mirror": true},
						{"origin": [-25.5, 23, 20.5], "size": [5, 18, 5], "uv": [69, 42], "mirror": true},
						{"origin": [-26.5, 54, 19.5], "size": [7, 5, 7], "uv": [175, 145], "mirror": true},
						{"origin": [-26.5, 22, 19.5], "size": [7, 6, 7], "uv": [169, 18], "mirror": true}
					],
					"locators": {
						"e3": {
							"offset": [-23, 20, 23],
							"rotation": [172.5, 0, 0]
						}
					}
				}
			]
		}
	]
}