{
	"format_version": "1.12.0",
	"minecraft:geometry": [
		{
			"description": {
				"identifier": "geometry.ic_scientist_cameraman",
				"texture_width": 128,
				"texture_height": 128,
				"visible_bounds_width": 4,
				"visible_bounds_height": 5,
				"visible_bounds_offset": [0, 2.5, 0]
			},
			"bones": [
				{
					"name": "root",
					"pivot": [0, 0, 0]
				},
				{
					"name": "waist",
					"parent": "root",
					"pivot": [0, 12, 0]
				},
				{
					"name": "body",
					"parent": "waist",
					"pivot": [0, 24, 0],
					"cubes": [
						{"origin": [-4, 12, -2], "size": [8, 12, 4], "uv": [0, 32]}
					]
				},
				{
					"name": "neck",
					"parent": "body",
					"pivot": [0, 23, 0],
					"cubes": [
						{"origin": [-1.05, 22, -1.25], "size": [2, 4, 2], "uv": [0, 0]}
					]
				},
				{
					"name": "head",
					"parent": "neck",
					"pivot": [-0.05, 23.5, -0.1],
					"cubes": [
						{"origin": [-2.96038, 20.93841, -6.29193], "size": [3, 3, 3], "pivot": [-2.46038, 22.93841, -4.79193], "rotation": [95.00474, 2.49048, 0.21802], "uv": [116, 7]},
						{"origin": [-2.55, 24.5, -5.5], "size": [5, 5, 8], "uv": [0, 16]},
						{"origin": [-3.55, 23.75, -2], "size": [1, 3, 3], "uv": [120, 0]}
					],
					"locators": {
						"lead_hold": [0, 27, -2]
					}
				},
				{
					"name": "hat",
					"parent": "head",
					"pivot": [1.95, 21, -1.5],
					"cubes": [
						{
							"origin": [-2.6, 24.5, -5.14],
							"size": [5, 5, 8],
							"inflate": 0.5,
							"uv": {
								"north": {"uv": [8, 8], "uv_size": [5, 5]},
								"east": {"uv": [0, 8], "uv_size": [8, 5]},
								"south": {"uv": [21, 8], "uv_size": [5, 5]},
								"west": {"uv": [13, 8], "uv_size": [8, 5]},
								"up": {"uv": [8, 0], "uv_size": [5, 8]},
								"down": {"uv": [13, 8], "uv_size": [5, -8]}
							}
						}
					]
				},
				{
					"name": "leftArm",
					"parent": "body",
					"pivot": [5, 21.5, 0],
					"cubes": [
						{"origin": [4, 11.5, -2], "size": [3, 12, 4], "uv": [56, 0]}
					]
				},
				{
					"name": "leftSleeve",
					"parent": "leftArm",
					"pivot": [5, 21.5, 0],
					"cubes": [
						{"origin": [4, 11, -2], "size": [3, 12, 4], "inflate": 0.25, "uv": [72, 0]}
					]
				},
				{
					"name": "leftItem",
					"parent": "leftArm",
					"pivot": [6, 14.5, 1]
				},
				{
					"name": "rightArm",
					"parent": "body",
					"pivot": [-5, 21.5, 0],
					"cubes": [
						{"origin": [-7, 11.5, -2], "size": [3, 12, 4], "uv": [32, 50]}
					]
				},
				{
					"name": "rightSleeve",
					"parent": "rightArm",
					"pivot": [-5, 21.5, 0],
					"cubes": [
						{"origin": [-7, 11, -2], "size": [3, 12, 4], "inflate": 0.25, "uv": [48, 50]}
					]
				},
				{
					"name": "rightItem",
					"parent": "rightArm",
					"pivot": [-6, 14.5, 0]
				},
				{
					"name": "gun",
					"parent": "rightItem",
					"pivot": [-5, 13.25, 0],
					"cubes": [
						{"origin": [-6, 11.75, -3], "size": [1, 2, 2], "uv": [0, 70]},
						{"origin": [-7.5, 10.25, -6], "size": [4, 8, 3], "uv": [0, 77]},
						{"origin": [-7.5, 9.25, -7], "size": [4, 1, 4], "uv": [18, 79]},
						{"origin": [-8, 4.5, -7], "size": [5, 1, 4], "uv": [0, 102]},
						{"origin": [-7, 3.5, -6.5], "size": [3, 1, 3], "uv": [29, 94]},
						{"origin": [-7, 3.5, -6.5], "size": [3, 1, 3], "inflate": 0.1, "uv": [26, 101]},
						{"origin": [-6.5, 5.25, -6], "size": [2, 4, 2], "uv": [18, 93]},
						{"origin": [-5.5, 5.25, -8], "size": [0, 4, 2], "pivot": [-5.5, 7.25, -5], "rotation": [0, 47.5, 0], "uv": [17, 99]},
						{"origin": [-5.5, 5.25, -8], "size": [0, 4, 2], "pivot": [-5.5, 7.25, -5], "rotation": [0, 132.5, 0], "uv": [17, 99]},
						{"origin": [-5.5, 5.25, -8], "size": [0, 4, 2], "pivot": [-5.5, 7.25, -5], "rotation": [0, -50, 0], "uv": [17, 99]},
						{"origin": [-5.5, 5.25, -8], "size": [0, 4, 2], "pivot": [-5.5, 7.25, -5], "rotation": [-180, -45, 180], "uv": [17, 99]},
						{"origin": [-7.5, 9.5, -10], "size": [4, 2, 3], "uv": [20, 86]},
						{"origin": [-7, 10.25, -7], "size": [3, 8, 1], "uv": [0, 91]}
					]
				},
				{
					"name": "jacket",
					"parent": "body",
					"pivot": [0, 24, 0],
					"cubes": [
						{"origin": [-4, 11, -2], "size": [8, 13, 4], "inflate": 0.1, "uv": [28, 28]}
					]
				},
				{
					"name": "cape",
					"parent": "body",
					"pivot": [0, 24, -3]
				},
				{
					"name": "rightleg",
					"parent": "root",
					"pivot": [-1.9, 12, 0],
					"cubes": [
						{"origin": [-3.9, 0, -2], "size": [4, 12, 4], "uv": [16, 48]}
					]
				},
				{
					"name": "rightPants",
					"parent": "rightleg",
					"pivot": [-1.9, 12, 0],
					"cubes": [
						{"origin": [-3.9, 0, -2], "size": [4, 12, 4], "inflate": 0.25, "uv": [0, 48]}
					]
				},
				{
					"name": "leftleg",
					"parent": "root",
					"pivot": [1.9, 12, 0],
					"cubes": [
						{"origin": [-0.1, 0, -2], "size": [4, 12, 4], "uv": [44, 12]}
					]
				},
				{
					"name": "leftPants",
					"parent": "leftleg",
					"pivot": [1.9, 12, 0],
					"cubes": [
						{"origin": [-0.1, 0, -2], "size": [4, 12, 4], "inflate": 0.25, "uv": [32, 0]}
					]
				}
			]
		}
	]
}