{
	"format_version": "1.12.0",
	"minecraft:geometry": [
		{
			"description": {
				"identifier": "geometry.ic_injured_titan_cameraman2",
				"texture_width": 512,
				"texture_height": 512,
				"visible_bounds_width": 6,
				"visible_bounds_height": 10,
				"visible_bounds_offset": [0, 4, 0]
			},
			"bones": [
				{
					"name": "root",
					"pivot": [0, 16, 0]
				},
				{
					"name": "waist",
					"parent": "root",
					"pivot": [0, 36, 0],
					"cubes": [
						{"origin": [-8.5, 36, -5], "size": [17, 10, 9], "uv": [67, 10]},
						{"origin": [-9.5, 36, -5], "size": [19, 10, 9], "inflate": 0.2, "uv": [0, 60]}
					]
				},
				{
					"name": "body",
					"parent": "waist",
					"pivot": [0, 46, 0],
					"cubes": [
						{"origin": [-13.5, 56, -6], "size": [27, 8, 11], "inflate": 0.2, "uv": [0, 19]},
						{"origin": [-13.5, 55, -6], "size": [27, 9, 11], "inflate": 0.4, "uv": [0, 124]},
						{"origin": [-9, 46, -6], "size": [18, 10, 11], "uv": [47, 48]},
						{"origin": [-9, 46, -6], "size": [18, 10, 11], "inflate": 0.2, "uv": [0, 38]}
					]
				},
				{
					"name": "core",
					"parent": "body",
					"pivot": [-2.5, 57, -6],
					"cubes": [
						{"origin": [-3.5, 52, -8], "size": [7, 7, 4], "inflate": 0.2, "uv": [234, 0]},
						{"origin": [-4, 49, -5.5], "size": [8, 11, 4], "inflate": 1.2, "uv": [198, 0]},
						{"origin": [-4, 43, -5.9], "size": [8, 11, 4], "inflate": 0.2, "uv": [198, 0]},
						{"origin": [-6, 46, -8.5], "size": [12, 15, 2], "inflate": 0.2, "uv": [170, 2]},
						{"origin": [-5, 47, -10.7], "size": [10, 13, 2], "inflate": 0.225, "uv": [142, 0]},
						{"origin": [-3, 43.75, -10.7], "size": [6, 3, 2], "inflate": 0.225, "uv": [142, 18]},
						{"origin": [-4, 42.6, -8.25], "size": [8, 3, 2], "inflate": 0.2, "uv": [197, 26]},
						{"origin": [-3.5, 52, -7.5], "size": [7, 7, 4], "inflate": 0.1, "uv": [234, 14]}
					],
					"locators": {
						"flame": [0, 55.5, -9]
					}
				},
				{
					"name": "spike1",
					"parent": "core",
					"pivot": [6.4588, 56, -7.05656],
					"rotation": [1.50701, 4.76804, 17.56274],
					"cubes": [
						{"origin": [6, 55.5, -12], "size": [1, 1, 5], "pivot": [7.5, 56, -7], "rotation": [0, -17.5, 0], "uv": [13, 0], "mirror": true}
					]
				},
				{
					"name": "spike_12",
					"parent": "spike1",
					"pivot": [7.8588, 56, -12.20656],
					"rotation": [0, 17.5, 0],
					"cubes": [
						{"origin": [5.12274, 55.03848, -17.69071], "size": [0, 1, 6], "pivot": [6.37274, 55.43848, -13.44071], "rotation": [26.56362, 86.75516, 9.29026], "uv": [152, 49], "mirror": true}
					]
				},
				{
					"name": "spike2",
					"parent": "core",
					"pivot": [-6.4588, 58, -7.05656],
					"rotation": [0, -5, 0],
					"cubes": [
						{"origin": [-7, 57.5, -12], "size": [1, 1, 5], "pivot": [-7.5, 58, -7], "rotation": [0, 17.5, 0], "uv": [13, 0]}
					]
				},
				{
					"name": "spike_2",
					"parent": "spike2",
					"pivot": [-7.8588, 58, -12.20656],
					"rotation": [0, -17.5, 0],
					"cubes": [
						{"origin": [-5.12274, 57.03848, -17.69071], "size": [0, 1, 6], "pivot": [-6.37274, 57.43848, -13.44071], "rotation": [26.56362, -86.75516, -9.29026], "uv": [152, 49]}
					]
				},
				{
					"name": "spike3",
					"parent": "core",
					"pivot": [0.0412, 43.75, -7.05656],
					"rotation": [0, 0, -90],
					"cubes": [
						{"origin": [-0.5, 43.25, -12], "size": [1, 1, 5], "pivot": [-1, 43.75, -7], "rotation": [0, 17.5, 0], "uv": [13, 0]}
					]
				},
				{
					"name": "spike_3",
					"parent": "spike3",
					"pivot": [-1.3588, 43.75, -12.20656],
					"rotation": [0, -17.5, 0],
					"cubes": [
						{"origin": [1.37726, 43.28848, -17.69071], "size": [0, 1, 6], "pivot": [0.12726, 43.18848, -13.44071], "rotation": [0, -86.75516, 0], "uv": [152, 49]}
					]
				},
				{
					"name": "shield",
					"parent": "core",
					"pivot": [-2, 44, -6],
					"cubes": [
						{"origin": [-3, 43, -8.75], "size": [3, 4, 3], "inflate": -0.1, "pivot": [-2, 44, -6], "rotation": [10, 0, 0], "uv": [35, 0]}
					]
				},
				{
					"name": "shield2",
					"parent": "core",
					"pivot": [2, 44, -6],
					"cubes": [
						{"origin": [0, 43, -8.75], "size": [3, 4, 3], "inflate": -0.1, "pivot": [2, 44, -6], "rotation": [10, 0, 0], "uv": [35, 0], "mirror": true}
					]
				},
				{
					"name": "left_arm",
					"parent": "body",
					"pivot": [12, 62.5, 0],
					"cubes": [
						{"origin": [12, 39.5, -4.5], "size": [8, 24, 8], "uv": [56, 69]}
					]
				},
				{
					"name": "left_arm2",
					"parent": "left_arm",
					"pivot": [14.5, 40.5, 1],
					"cubes": [
						{"origin": [12, 20.5, -4.5], "size": [8, 19, 8], "uv": [80, 96]},
						{"origin": [12, 20.5, -4.5], "size": [8, 19, 8], "inflate": 0.2, "uv": [112, 96]}
					]
				},
				{
					"name": "right_arm",
					"parent": "body",
					"pivot": [-12, 62.5, 0],
					"cubes": [
						{"origin": [-20, 39.5, -4.5], "size": [8, 24, 8], "uv": [56, 69], "mirror": true}
					],
					"locators": {
						"spark_1": [-16, 40, 0]
					}
				},
				{
					"name": "right_arm2",
					"parent": "right_arm",
					"pivot": [-15.5, 40, 0],
					"rotation": [-30.21362, -6.49053, 3.76613]
				},
				{
					"name": "right_arm3",
					"parent": "right_arm2",
					"pivot": [-9.65263, 43.91025, -3.70722],
					"rotation": [26.391, 1.17326, 7.99171],
					"cubes": [
						{"origin": [-17.84921, 31.87063, -5.20722], "size": [3, 7, 4], "pivot": [-13.34921, 38.87063, -3.20722], "rotation": [0, 0, -10], "uv": [497, 420]}
					]
				},
				{
					"name": "right_arm4",
					"parent": "right_arm3",
					"pivot": [-15.65263, 33.91025, -3.70722],
					"rotation": [146.50284, -14.04422, -15.17828],
					"cubes": [
						{"origin": [-16.95847, 19.91392, -4.40367], "size": [3, 15, 4], "pivot": [-15.65263, 33.91025, -3.70722], "rotation": [-145.46655, -7.65103, -15.57204], "uv": [497, 444]},
						{"origin": [-16.95847, 12.41392, -4.40367], "size": [3, 8, 4], "inflate": -0.2, "pivot": [-15.65263, 33.91025, -3.70722], "rotation": [-145.46655, -7.65103, -15.57204], "uv": [476, 479]},
						{"origin": [-16.95847, 20.91392, -4.40367], "size": [3, 3, 4], "inflate": 0.2, "pivot": [-15.65263, 33.91025, -3.70722], "rotation": [-145.46655, -7.65103, -15.57204], "uv": [473, 443]},
						{"origin": [-16.41826, 54.50569, -19.54008], "size": [3, 3, 4], "inflate": -0.2, "pivot": [-19.42192, 55.94985, -18.84363], "rotation": [170.73839, -34.18317, 79.6627], "uv": [473, 443]},
						{"origin": [-15.42192, 53.94985, -18.34363], "size": [1, 4, 1], "pivot": [-19.42192, 55.94985, -18.84363], "rotation": [170.73839, -34.18317, 79.6627], "uv": [457, 443]},
						{"origin": [-15.45847, 18.91392, -10.40367], "size": [0, 4, 16], "pivot": [-15.65263, 33.91025, -3.70722], "rotation": [-145.46655, -7.65103, -15.57204], "uv": [460, 448]}
					]
				},
				{
					"name": "saw",
					"parent": "right_arm4",
					"pivot": [-17.32753, 52.08331, -17.16628],
					"rotation": [-58.16465, -5.6108, -14.96307],
					"cubes": [
						{
							"origin": [-16.82753, 45.48331, -23.76628],
							"size": [0, 13.2, 13.2],
							"uv": {
								"north": {"uv": [428, 493], "uv_size": [0, 11]},
								"east": {"uv": [417, 493], "uv_size": [11, 11]},
								"south": {"uv": [439, 493], "uv_size": [0, 11]},
								"west": {"uv": [428, 493], "uv_size": [11, 11]},
								"up": {"uv": [428, 483], "uv_size": [0, 11]},
								"down": {"uv": [428, 494], "uv_size": [0, -11]}
							}
						}
					]
				},
				{
					"name": "camera_1",
					"parent": "body",
					"pivot": [-11.5, 59, 0],
					"rotation": [27.5, 0, -15],
					"cubes": [
						{"origin": [-14.49191, 62.1572, -1], "size": [2, 2, 2], "uv": [248, 34]},
						{"origin": [-15.99191, 64.1572, -8.5], "size": [5, 5, 14], "uv": [218, 50]},
						{"origin": [-15.99191, 64.1572, -9.5], "size": [5, 5, 15], "inflate": 0.2, "uv": [216, 73]}
					]
				},
				{
					"name": "head",
					"parent": "body",
					"pivot": [0, 64, 0],
					"cubes": [
						{"origin": [-2, 63, -2], "size": [4, 2, 6], "uv": [236, 99]},
						{"origin": [-3.5, 65, -13], "size": [7, 8, 24], "uv": [194, 103]},
						{"origin": [0, 73, -8], "size": [0, 9, 15], "uv": [173, 125]},
						{"origin": [-0.5, 81.5, -2.75], "size": [1, 1, 10], "uv": [172, 126]},
						{"origin": [-0.5, 77.5, -8.25], "size": [1, 1, 10], "pivot": [0, 82, 2.25], "rotation": [90, 0, 0], "uv": [172, 126]},
						{"origin": [-0.5, 73, -13], "size": [1, 8, 1], "uv": [217, 126]},
						{
							"origin": [3.7625, 66.97433, -9.52231],
							"size": [2.6, 2.6, 5.2],
							"pivot": [4.9, 70.22433, -7.57231],
							"rotation": [14.55405, -17.12789, 5.04176],
							"uv": {
								"north": {"uv": [243, 224], "uv_size": [-4, 4]},
								"east": {"uv": [251, 224], "uv_size": [-8, 4]},
								"south": {"uv": [255, 224], "uv_size": [-4, 4]},
								"west": {"uv": [239, 224], "uv_size": [-8, 4]},
								"up": {"uv": [243, 216], "uv_size": [-4, 8]},
								"down": {"uv": [247, 224], "uv_size": [-4, -8]}
							}
						},
						{
							"origin": [3.275, 68.92433, -11.47231],
							"size": [3.25, 2.6, 7.8],
							"pivot": [4.9, 70.22433, -7.57231],
							"rotation": [-0.98448, -7.43547, 7.56397],
							"uv": {
								"north": {"uv": [216, 206], "uv_size": [-5, 4]},
								"east": {"uv": [228, 206], "uv_size": [-12, 4]},
								"south": {"uv": [233, 206], "uv_size": [-5, 4]},
								"west": {"uv": [211, 206], "uv_size": [-12, 4]},
								"up": {"uv": [216, 194], "uv_size": [-5, 12]},
								"down": {"uv": [221, 206], "uv_size": [-5, -12]}
							}
						},
						{
							"origin": [5.225, 71.52433, -10.17231],
							"size": [0.65, 2.6, 1.95],
							"pivot": [4.9, 70.22433, -7.57231],
							"rotation": [-0.98448, -7.43547, 7.56397],
							"uv": {
								"north": {"uv": [219, 219], "uv_size": [-1, 4]},
								"east": {"uv": [222, 219], "uv_size": [-3, 4]},
								"south": {"uv": [223, 219], "uv_size": [-1, 4]},
								"west": {"uv": [218, 219], "uv_size": [-3, 4]},
								"up": {"uv": [219, 216], "uv_size": [-1, 3]},
								"down": {"uv": [220, 219], "uv_size": [-1, -3]}
							}
						},
						{
							"origin": [4.25, 71.52433, -7.08481],
							"size": [1.95, 2.6, 1.3],
							"pivot": [4.9, 70.22433, -7.57231],
							"rotation": [-0.98448, -7.43547, 7.56397],
							"uv": {
								"north": {"uv": [214, 238], "uv_size": [-3, 4]},
								"east": {"uv": [216, 238], "uv_size": [-2, 4]},
								"south": {"uv": [219, 238], "uv_size": [-3, 4]},
								"west": {"uv": [211, 238], "uv_size": [-2, 4]},
								"up": {"uv": [214, 236], "uv_size": [-3, 2]},
								"down": {"uv": [217, 238], "uv_size": [-3, -2]}
							}
						},
						{
							"origin": [3.7275, 66.93933, -9.55731],
							"size": [2.67, 2.67, 5.27],
							"inflate": -0.1,
							"pivot": [4.9, 70.22433, -7.57231],
							"rotation": [14.55405, -17.12789, 5.04176],
							"uv": {
								"north": {"uv": [244, 240], "uv_size": [-4, 4]},
								"east": {"uv": [252, 240], "uv_size": [-8, 4]},
								"south": {"uv": [256, 240], "uv_size": [-4, 4]},
								"west": {"uv": [240, 240], "uv_size": [-8, 4]},
								"up": {"uv": [244, 232], "uv_size": [-4, 8]},
								"down": {"uv": [248, 240], "uv_size": [-4, -8]}
							}
						},
						{
							"origin": [-6.3625, 66.97433, -9.52231],
							"size": [2.6, 2.6, 5.2],
							"pivot": [-4.9, 70.22433, -7.57231],
							"rotation": [14.55405, 17.12789, -5.04176],
							"uv": {
								"north": {"uv": [239, 224], "uv_size": [4, 4]},
								"east": {"uv": [231, 224], "uv_size": [8, 4]},
								"south": {"uv": [251, 224], "uv_size": [4, 4]},
								"west": {"uv": [243, 224], "uv_size": [8, 4]},
								"up": {"uv": [239, 216], "uv_size": [4, 8]},
								"down": {"uv": [243, 224], "uv_size": [4, -8]}
							}
						},
						{
							"origin": [-6.525, 68.92433, -11.47231],
							"size": [3.25, 2.6, 7.8],
							"pivot": [-4.9, 70.22433, -7.57231],
							"rotation": [-0.98448, 7.43547, -7.56397],
							"uv": {
								"north": {"uv": [211, 206], "uv_size": [5, 4]},
								"east": {"uv": [199, 206], "uv_size": [12, 4]},
								"south": {"uv": [228, 206], "uv_size": [5, 4]},
								"west": {"uv": [216, 206], "uv_size": [12, 4]},
								"up": {"uv": [211, 194], "uv_size": [5, 12]},
								"down": {"uv": [216, 206], "uv_size": [5, -12]}
							}
						},
						{
							"origin": [-5.875, 71.52433, -10.17231],
							"size": [0.65, 2.6, 1.95],
							"pivot": [-4.9, 70.22433, -7.57231],
							"rotation": [-0.98448, 7.43547, -7.56397],
							"uv": {
								"north": {"uv": [218, 219], "uv_size": [1, 4]},
								"east": {"uv": [215, 219], "uv_size": [3, 4]},
								"south": {"uv": [222, 219], "uv_size": [1, 4]},
								"west": {"uv": [219, 219], "uv_size": [3, 4]},
								"up": {"uv": [218, 216], "uv_size": [1, 3]},
								"down": {"uv": [219, 219], "uv_size": [1, -3]}
							}
						},
						{
							"origin": [-6.2, 71.52433, -7.08481],
							"size": [1.95, 2.6, 1.3],
							"pivot": [-4.9, 70.22433, -7.57231],
							"rotation": [-0.98448, 7.43547, -7.56397],
							"uv": {
								"north": {"uv": [211, 238], "uv_size": [3, 4]},
								"east": {"uv": [209, 238], "uv_size": [2, 4]},
								"south": {"uv": [216, 238], "uv_size": [3, 4]},
								"west": {"uv": [214, 238], "uv_size": [2, 4]},
								"up": {"uv": [211, 236], "uv_size": [3, 2]},
								"down": {"uv": [214, 238], "uv_size": [3, -2]}
							}
						},
						{
							"origin": [-6.3975, 66.93933, -9.55731],
							"size": [2.67, 2.67, 5.27],
							"inflate": -0.1,
							"pivot": [-4.9, 70.22433, -7.57231],
							"rotation": [14.55405, 17.12789, -5.04176],
							"uv": {
								"north": {"uv": [240, 240], "uv_size": [4, 4]},
								"east": {"uv": [232, 240], "uv_size": [8, 4]},
								"south": {"uv": [252, 240], "uv_size": [4, 4]},
								"west": {"uv": [244, 240], "uv_size": [8, 4]},
								"up": {"uv": [240, 232], "uv_size": [4, 8]},
								"down": {"uv": [244, 240], "uv_size": [4, -8]}
							}
						},
						{"origin": [-2.5, 67.25, -16.25], "size": [5, 5, 4], "uv": [238, 190]},
						{"origin": [-2.5, 67.25, -16.25], "size": [5, 5, 4], "inflate": -0.2, "uv": [238, 201]},
						{"origin": [-3.5, 65, -15], "size": [7, 8, 26], "inflate": 0.4, "uv": [190, 135]},
						{"origin": [2.9191, 71.33742, -14.75], "size": [0, 7, 11], "pivot": [2.8691, 75.33742, -8.5], "rotation": [0, 0, -35], "uv": [189, 162]},
						{"origin": [-2.9191, 71.33742, -14.75], "size": [0, 7, 11], "pivot": [-2.8691, 75.33742, -8.5], "rotation": [0, 0, 35], "uv": [189, 162], "mirror": true}
					]
				},
				{
					"name": "ear",
					"parent": "head",
					"pivot": [-4, 73, -0.5]
				},
				{
					"name": "ear2",
					"parent": "head",
					"pivot": [4, 73, -0.5]
				},
				{
					"name": "rocket",
					"parent": "body",
					"pivot": [0, 49.61551, 7.92191],
					"cubes": [
						{"origin": [-7, 45, 7], "size": [14, 13, 5], "uv": [0, 164]},
						{"origin": [-8, 52, 5], "size": [16, 9, 5], "uv": [94, 33]},
						{"origin": [-7, 43, 5], "size": [14, 9, 5], "inflate": 0.2, "uv": [98, 33]},
						{"origin": [7.9, 49, 12], "size": [4, 15, 4], "pivot": [8.7, 52.875, 11.5], "rotation": [0, -77.5, 0], "uv": [0, 237], "mirror": true},
						{"origin": [4.51899, 61, 11.21265], "size": [4, 3, 4], "inflate": 0.4, "pivot": [6.51899, 62.5, 13.21265], "rotation": [0, -90, 0], "uv": [20, 249], "mirror": true},
						{"origin": [7.9, 34.75, 12], "size": [4, 3, 4], "pivot": [8.7, 47.875, 11.5], "rotation": [0, -77.5, 0], "uv": [39, 249], "mirror": true},
						{"origin": [7.9, 38, 12], "size": [4, 3, 4], "inflate": 0.3, "pivot": [8.7, 47.875, 11.5], "rotation": [0, -77.5, 0], "uv": [53, 246], "mirror": true},
						{"origin": [7.9, 40, 12], "size": [4, 15, 4], "inflate": -0.3, "pivot": [8.7, 47.875, 11.5], "rotation": [0, -77.5, 0], "uv": [0, 237], "mirror": true},
						{"origin": [7, 43, 12], "size": [1, 7, 2], "pivot": [8.7, 47.875, 11.5], "rotation": [0, -77.5, 0], "uv": [0, 209], "mirror": true},
						{"origin": [7, 49, 12], "size": [1, 7, 2], "pivot": [8.7, 47.875, 11.5], "rotation": [0, -77.5, 0], "uv": [0, 209], "mirror": true},
						{"origin": [-11.9, 34.75, 12], "size": [4, 3, 4], "pivot": [-8.7, 47.875, 11.5], "rotation": [0, 77.5, 0], "uv": [39, 249]},
						{"origin": [-11.9, 38, 12], "size": [4, 3, 4], "inflate": 0.3, "pivot": [-8.7, 47.875, 11.5], "rotation": [0, 77.5, 0], "uv": [53, 246]},
						{"origin": [-11.9, 49, 12], "size": [4, 15, 4], "pivot": [-8.7, 52.875, 11.5], "rotation": [0, 77.5, 0], "uv": [0, 237]},
						{"origin": [-11.9, 40, 12], "size": [4, 15, 4], "inflate": -0.3, "pivot": [-8.7, 47.875, 11.5], "rotation": [0, 77.5, 0], "uv": [0, 237]},
						{"origin": [-8.51899, 61, 11.21265], "size": [4, 3, 4], "inflate": 0.4, "pivot": [-6.51899, 62.5, 13.21265], "rotation": [0, 90, 0], "uv": [20, 249]},
						{"origin": [-8, 49, 12], "size": [1, 7, 2], "pivot": [-8.7, 47.875, 11.5], "rotation": [0, 77.5, 0], "uv": [0, 209]},
						{"origin": [-8, 43, 12], "size": [1, 7, 2], "pivot": [-8.7, 47.875, 11.5], "rotation": [0, 77.5, 0], "uv": [0, 209]},
						{"origin": [-6, 40.5, 5.5], "size": [12, 5, 5], "pivot": [0, 41.5, 10.5], "rotation": [-10, 0, 0], "uv": [0, 192]}
					],
					"locators": {
						"thrust2": {
							"offset": [6.5, 37, 13.25],
							"rotation": [180, 0, 0]
						},
						"thrust": {
							"offset": [-6.5, 37, 13.25],
							"rotation": [180, 0, 0]
						}
					}
				},
				{
					"name": "left_big_wing",
					"parent": "rocket",
					"pivot": [6, 54.61551, 6.92191],
					"cubes": [
						{"origin": [3, 30.61551, 5.92191], "size": [8, 27, 0], "pivot": [6, 56.61551, 6.92191], "rotation": [0, 0, -7.5], "uv": [39, 160]},
						{"origin": [6.95205, 10.46556, 9.29693], "size": [6, 18, 0], "pivot": [7.95205, 27.46556, 10.29693], "rotation": [0, 0, -7.5], "uv": [84, 162]},
						{"origin": [6.5056, 27.16167, 5.94187], "size": [6, 4, 0], "pivot": [11.83192, 31.14028, 5.94187], "rotation": [57.5, 0, -7.5], "uv": [61, 160]}
					]
				},
				{
					"name": "right_big_wing",
					"parent": "rocket",
					"pivot": [-6, 54.61551, 6.92191],
					"cubes": [
						{"origin": [-11, 30.61551, 5.92191], "size": [8, 27, 0], "pivot": [-6, 56.61551, 6.92191], "rotation": [0, 0, 7.5], "uv": [39, 160], "mirror": true}
					]
				},
				{
					"name": "gun_left",
					"parent": "rocket",
					"pivot": [8, 63.61551, 2.92191],
					"rotation": [0, 0, 25],
					"cubes": [
						{
							"origin": [8.91931, 56.54062, 6.58191],
							"size": [3.51, 17.55, 4.68],
							"uv": {
								"north": {"uv": [127, 4], "uv_size": [3, 15]},
								"east": {"uv": [123, 4], "uv_size": [4, 15]},
								"south": {"uv": [134, 4], "uv_size": [3, 15]},
								"west": {"uv": [130, 4], "uv_size": [4, 15]},
								"up": {"uv": [127, 0], "uv_size": [3, 4]},
								"down": {"uv": [130, 4], "uv_size": [3, -4]}
							}
						},
						{
							"origin": [13.01431, 72.92062, 7.75191],
							"size": [1.17, 4.68, 2.34],
							"uv": {
								"north": {"uv": [52, 2], "uv_size": [1, 4]},
								"east": {"uv": [50, 2], "uv_size": [2, 4]},
								"south": {"uv": [55, 2], "uv_size": [1, 4]},
								"west": {"uv": [53, 2], "uv_size": [2, 4]},
								"up": {"uv": [52, 0], "uv_size": [1, 2]},
								"down": {"uv": [53, 2], "uv_size": [1, -2]}
							}
						},
						{
							"origin": [9.51431, 70.92062, 5.00191],
							"size": [1.17, 4.68, 2.34],
							"uv": {
								"north": {"uv": [52, 2], "uv_size": [1, 4]},
								"east": {"uv": [50, 2], "uv_size": [2, 4]},
								"south": {"uv": [55, 2], "uv_size": [1, 4]},
								"west": {"uv": [53, 2], "uv_size": [2, 4]},
								"up": {"uv": [52, 0], "uv_size": [1, 2]},
								"down": {"uv": [53, 2], "uv_size": [1, -2]}
							}
						},
						{
							"origin": [12.42931, 58.88062, 7.16691],
							"size": [2.34, 14.04, 3.51],
							"uv": {
								"north": {"uv": [64, 3], "uv_size": [2, 12]},
								"east": {"uv": [61, 3], "uv_size": [3, 12]},
								"south": {"uv": [69, 3], "uv_size": [2, 12]},
								"west": {"uv": [66, 3], "uv_size": [3, 12]},
								"up": {"uv": [64, 0], "uv_size": [2, 3]},
								"down": {"uv": [66, 3], "uv_size": [2, -3]}
							}
						},
						{
							"origin": [8.42931, 54.88062, 3.06691],
							"size": [2.34, 14.04, 3.51],
							"inflate": -0.2,
							"pivot": [7.74931, 60.05062, 7.75191],
							"rotation": [0, -90, 0],
							"uv": {
								"north": {"uv": [64, 3], "uv_size": [2, 12]},
								"east": {"uv": [61, 3], "uv_size": [3, 12]},
								"south": {"uv": [69, 3], "uv_size": [2, 12]},
								"west": {"uv": [66, 3], "uv_size": [3, 12]},
								"up": {"uv": [64, 0], "uv_size": [2, 3]},
								"down": {"uv": [66, 3], "uv_size": [2, -3]}
							}
						},
						{
							"origin": [8.92931, 58.88062, 4.91691],
							"size": [2.34, 14.04, 3.51],
							"uv": {
								"north": {"uv": [64, 3], "uv_size": [2, 12]},
								"east": {"uv": [61, 3], "uv_size": [3, 12]},
								"south": {"uv": [69, 3], "uv_size": [2, 12]},
								"west": {"uv": [66, 3], "uv_size": [3, 12]},
								"up": {"uv": [64, 0], "uv_size": [2, 3]},
								"down": {"uv": [66, 3], "uv_size": [2, -3]}
							}
						},
						{
							"origin": [6.57931, 58.88062, 7.16691],
							"size": [2.34, 14.04, 3.51],
							"uv": {
								"north": {"uv": [66, 3], "uv_size": [-2, 12]},
								"east": {"uv": [69, 3], "uv_size": [-3, 12]},
								"south": {"uv": [71, 3], "uv_size": [-2, 12]},
								"west": {"uv": [64, 3], "uv_size": [-3, 12]},
								"up": {"uv": [66, 0], "uv_size": [-2, 3]},
								"down": {"uv": [68, 3], "uv_size": [-2, -3]}
							}
						},
						{
							"origin": [10.08931, 74.09062, 7.45941],
							"size": [1.17, 4.68, 1.17],
							"uv": {
								"north": {"uv": [111, 1], "uv_size": [1, 4]},
								"east": {"uv": [110, 1], "uv_size": [1, 4]},
								"south": {"uv": [113, 1], "uv_size": [1, 4]},
								"west": {"uv": [112, 1], "uv_size": [1, 4]},
								"up": {"uv": [111, 0], "uv_size": [1, 1]},
								"down": {"uv": [112, 1], "uv_size": [1, -1]}
							}
						},
						{
							"origin": [10.08931, 74.09062, 9.21441],
							"size": [1.17, 4.68, 1.17],
							"uv": {
								"north": {"uv": [111, 1], "uv_size": [1, 4]},
								"east": {"uv": [110, 1], "uv_size": [1, 4]},
								"south": {"uv": [113, 1], "uv_size": [1, 4]},
								"west": {"uv": [112, 1], "uv_size": [1, 4]},
								"up": {"uv": [111, 0], "uv_size": [1, 1]},
								"down": {"uv": [112, 1], "uv_size": [1, -1]}
							}
						},
						{
							"origin": [7.16431, 71.75062, 8.92191],
							"size": [1.17, 4.68, 1.17],
							"uv": {
								"north": {"uv": [111, 1], "uv_size": [1, 4]},
								"east": {"uv": [110, 1], "uv_size": [1, 4]},
								"south": {"uv": [113, 1], "uv_size": [1, 4]},
								"west": {"uv": [112, 1], "uv_size": [1, 4]},
								"up": {"uv": [111, 0], "uv_size": [1, 1]},
								"down": {"uv": [112, 1], "uv_size": [1, -1]}
							}
						},
						{
							"origin": [7.16431, 69.41062, 7.45941],
							"size": [1.17, 4.68, 1.17],
							"uv": {
								"north": {"uv": [111, 1], "uv_size": [1, 4]},
								"east": {"uv": [110, 1], "uv_size": [1, 4]},
								"south": {"uv": [113, 1], "uv_size": [1, 4]},
								"west": {"uv": [112, 1], "uv_size": [1, 4]},
								"up": {"uv": [111, 0], "uv_size": [1, 1]},
								"down": {"uv": [112, 1], "uv_size": [1, -1]}
							}
						}
					],
					"locators": {
						"spark_2": [12, 64, 7]
					}
				},
				{
					"name": "gun_right",
					"parent": "rocket",
					"pivot": [-8, 63.61551, 2.92191],
					"rotation": [0, 0, -25],
					"cubes": [
						{
							"origin": [-12.42931, 56.54062, 6.58191],
							"size": [3.51, 17.55, 4.68],
							"uv": {
								"north": {"uv": [130, 4], "uv_size": [-3, 15]},
								"east": {"uv": [134, 4], "uv_size": [-4, 15]},
								"south": {"uv": [137, 4], "uv_size": [-3, 15]},
								"west": {"uv": [127, 4], "uv_size": [-4, 15]},
								"up": {"uv": [130, 0], "uv_size": [-3, 4]},
								"down": {"uv": [133, 4], "uv_size": [-3, -4]}
							}
						},
						{
							"origin": [-14.18431, 72.92062, 7.75191],
							"size": [1.17, 4.68, 2.34],
							"uv": {
								"north": {"uv": [53, 2], "uv_size": [-1, 4]},
								"east": {"uv": [55, 2], "uv_size": [-2, 4]},
								"south": {"uv": [56, 2], "uv_size": [-1, 4]},
								"west": {"uv": [52, 2], "uv_size": [-2, 4]},
								"up": {"uv": [53, 0], "uv_size": [-1, 2]},
								"down": {"uv": [54, 2], "uv_size": [-1, -2]}
							}
						},
						{
							"origin": [-10.68431, 70.92062, 5.00191],
							"size": [1.17, 4.68, 2.34],
							"uv": {
								"north": {"uv": [53, 2], "uv_size": [-1, 4]},
								"east": {"uv": [55, 2], "uv_size": [-2, 4]},
								"south": {"uv": [56, 2], "uv_size": [-1, 4]},
								"west": {"uv": [52, 2], "uv_size": [-2, 4]},
								"up": {"uv": [53, 0], "uv_size": [-1, 2]},
								"down": {"uv": [54, 2], "uv_size": [-1, -2]}
							}
						},
						{
							"origin": [-14.76931, 58.88062, 7.16691],
							"size": [2.34, 14.04, 3.51],
							"uv": {
								"north": {"uv": [66, 3], "uv_size": [-2, 12]},
								"east": {"uv": [69, 3], "uv_size": [-3, 12]},
								"south": {"uv": [71, 3], "uv_size": [-2, 12]},
								"west": {"uv": [64, 3], "uv_size": [-3, 12]},
								"up": {"uv": [66, 0], "uv_size": [-2, 3]},
								"down": {"uv": [68, 3], "uv_size": [-2, -3]}
							}
						},
						{
							"origin": [-10.76931, 54.88062, 3.06691],
							"size": [2.34, 14.04, 3.51],
							"inflate": -0.2,
							"pivot": [-7.74931, 60.05062, 7.75191],
							"rotation": [0, 90, 0],
							"uv": {
								"north": {"uv": [66, 3], "uv_size": [-2, 12]},
								"east": {"uv": [69, 3], "uv_size": [-3, 12]},
								"south": {"uv": [71, 3], "uv_size": [-2, 12]},
								"west": {"uv": [64, 3], "uv_size": [-3, 12]},
								"up": {"uv": [66, 0], "uv_size": [-2, 3]},
								"down": {"uv": [68, 3], "uv_size": [-2, -3]}
							}
						},
						{
							"origin": [-11.26931, 58.88062, 4.91691],
							"size": [2.34, 14.04, 3.51],
							"uv": {
								"north": {"uv": [66, 3], "uv_size": [-2, 12]},
								"east": {"uv": [69, 3], "uv_size": [-3, 12]},
								"south": {"uv": [71, 3], "uv_size": [-2, 12]},
								"west": {"uv": [64, 3], "uv_size": [-3, 12]},
								"up": {"uv": [66, 0], "uv_size": [-2, 3]},
								"down": {"uv": [68, 3], "uv_size": [-2, -3]}
							}
						},
						{
							"origin": [-8.91931, 58.88062, 7.16691],
							"size": [2.34, 14.04, 3.51],
							"uv": {
								"north": {"uv": [64, 3], "uv_size": [2, 12]},
								"east": {"uv": [61, 3], "uv_size": [3, 12]},
								"south": {"uv": [69, 3], "uv_size": [2, 12]},
								"west": {"uv": [66, 3], "uv_size": [3, 12]},
								"up": {"uv": [64, 0], "uv_size": [2, 3]},
								"down": {"uv": [66, 3], "uv_size": [2, -3]}
							}
						},
						{
							"origin": [-11.25931, 74.09062, 7.45941],
							"size": [1.17, 4.68, 1.17],
							"uv": {
								"north": {"uv": [112, 1], "uv_size": [-1, 4]},
								"east": {"uv": [113, 1], "uv_size": [-1, 4]},
								"south": {"uv": [114, 1], "uv_size": [-1, 4]},
								"west": {"uv": [111, 1], "uv_size": [-1, 4]},
								"up": {"uv": [112, 0], "uv_size": [-1, 1]},
								"down": {"uv": [113, 1], "uv_size": [-1, -1]}
							}
						},
						{
							"origin": [-11.25931, 74.09062, 9.21441],
							"size": [1.17, 4.68, 1.17],
							"uv": {
								"north": {"uv": [112, 1], "uv_size": [-1, 4]},
								"east": {"uv": [113, 1], "uv_size": [-1, 4]},
								"south": {"uv": [114, 1], "uv_size": [-1, 4]},
								"west": {"uv": [111, 1], "uv_size": [-1, 4]},
								"up": {"uv": [112, 0], "uv_size": [-1, 1]},
								"down": {"uv": [113, 1], "uv_size": [-1, -1]}
							}
						},
						{
							"origin": [-8.33431, 71.75062, 8.92191],
							"size": [1.17, 4.68, 1.17],
							"uv": {
								"north": {"uv": [112, 1], "uv_size": [-1, 4]},
								"east": {"uv": [113, 1], "uv_size": [-1, 4]},
								"south": {"uv": [114, 1], "uv_size": [-1, 4]},
								"west": {"uv": [111, 1], "uv_size": [-1, 4]},
								"up": {"uv": [112, 0], "uv_size": [-1, 1]},
								"down": {"uv": [113, 1], "uv_size": [-1, -1]}
							}
						},
						{
							"origin": [-8.33431, 69.41062, 7.45941],
							"size": [1.17, 4.68, 1.17],
							"uv": {
								"north": {"uv": [112, 1], "uv_size": [-1, 4]},
								"east": {"uv": [113, 1], "uv_size": [-1, 4]},
								"south": {"uv": [114, 1], "uv_size": [-1, 4]},
								"west": {"uv": [111, 1], "uv_size": [-1, 4]},
								"up": {"uv": [112, 0], "uv_size": [-1, 1]},
								"down": {"uv": [113, 1], "uv_size": [-1, -1]}
							}
						}
					]
				},
				{
					"name": "right_small_wing",
					"parent": "rocket",
					"pivot": [-8, 62.36551, 15.67191],
					"rotation": [0, 0, 7.5],
					"cubes": [
						{"origin": [-11.75, 39.61551, 15.67191], "size": [6, 24, 0], "pivot": [-8, 62.36551, 15.67191], "rotation": [0, 0, 12.5], "uv": [129, 161], "mirror": true},
						{"origin": [-14.67993, 37.19548, 15.67191], "size": [4, 3, 0], "pivot": [-13.11281, 40.14807, 15.67191], "rotation": [40, 0, 12.5], "uv": [135, 190], "mirror": true}
					]
				},
				{
					"name": "left_small_wing",
					"parent": "rocket",
					"pivot": [8, 62.36551, 15.67191],
					"rotation": [0, 0, -7.5],
					"cubes": [
						{"origin": [5.75, 39.61551, 15.67191], "size": [6, 24, 0], "pivot": [8, 62.36551, 15.67191], "rotation": [0, 0, -12.5], "uv": [129, 161]},
						{"origin": [10.67993, 37.19548, 15.67191], "size": [4, 3, 0], "pivot": [13.11281, 40.14807, 15.67191], "rotation": [40, 0, -12.5], "uv": [135, 190]}
					]
				},
				{
					"name": "left_leg",
					"parent": "root",
					"pivot": [4, 36, 0],
					"cubes": [
						{"origin": [1, 18, -4.5], "size": [8, 19, 8], "inflate": 0.1, "uv": [0, 79]},
						{"origin": [1, 18, -4.5], "size": [8, 19, 8], "inflate": 0.5, "pivot": [5, 37.5, -0.5], "rotation": [0, 0, -7.5], "uv": [88, 69]}
					]
				},
				{
					"name": "left_leg2",
					"parent": "left_leg",
					"pivot": [3.5, 19, 0],
					"cubes": [
						{"origin": [1, 0, -4.5], "size": [8, 19, 8], "uv": [32, 93]},
						{"origin": [2, 4, -5.5], "size": [6, 15, 1], "uv": [40, 102], "mirror": true}
					]
				},
				{
					"name": "right_leg",
					"parent": "root",
					"pivot": [-4, 36, 0],
					"cubes": [
						{"origin": [-9, 18, -4.5], "size": [8, 19, 8], "inflate": 0.1, "uv": [0, 79], "mirror": true},
						{"origin": [-9, 18, -4.5], "size": [8, 19, 8], "inflate": 0.5, "pivot": [-5, 37.5, -0.5], "rotation": [0, 0, 7.5], "uv": [88, 69], "mirror": true}
					]
				},
				{
					"name": "right_leg2",
					"parent": "right_leg",
					"pivot": [-3.5, 19, 0],
					"cubes": [
						{"origin": [-9, 0, -4.5], "size": [8, 19, 8], "uv": [32, 93], "mirror": true},
						{"origin": [-8, 4, -5.5], "size": [6, 15, 1], "uv": [40, 102], "mirror": true}
					]
				}
			]
		}
	]
}