{
    "scheme": "1.3",
    "name": "Shield Plaque",
    "texture": [ 128, 64 ],
    "default": "b.a:shield_plaque/skins/Shield PROMO ART (128x64).png",
    "skins": "b.a:shield_plaque/skins",
    "limbs": {
        "Handle_L_Rectangle": {
            "size": [ 1, 6, 2 ],
            "texture": [ 46, 49 ],
            "anchor": [ 0.5, 0.5, 0.0 ],
            "origin": [ 0.0, 0.0, 0.0 ],
            "specular": 0,
            "parent": "Both_Handles_Rectangle",
            "is3D": true
        },
        "Anchor": {
            "size": [ 0, 0, 0 ],
            "texture": [ 0, 0 ],
            "anchor": [ 0.5, 0.5, 0.5 ],
            "origin": [ 0.0, 0.0, 0.0 ],
            "specular": 0,
            "opacity": 0.0
        },
        "Wood_Rectangle": {
            "size": [ 12, 22, 1 ],
            "texture": [ 0, 25 ],
            "anchor": [ 0.5, 0.5, 0.5 ],
            "origin": [ 0.0, 0.0, 0.0 ],
            "specular": 0,
            "parent": "Shield_Rectangle",
            "is3D": true
        },
        "Both_Handles_Rectangle": {
            "size": [ 0, 0, 0 ],
            "texture": [ 43, 49 ],
            "anchor": [ 0.5, 0.5, 0.5 ],
            "origin": [ 0.0, 0.0, 0.0 ],
            "specular": 0,
            "parent": "Shield_Rectangle"
        },
        "Handle_R_Rectangle": {
            "size": [ 1, 6, 2 ],
            "texture": [ 46, 49 ],
            "anchor": [ 0.5, 0.5, 0.0 ],
            "origin": [ 0.0, 0.0, 0.0 ],
            "specular": 0,
            "parent": "Both_Handles_Rectangle",
            "is3D": true
        },
        "Edges_Plaque": {
            "size": [ 14, 15, 1 ],
            "texture": [ 64, 5 ],
            "anchor": [ 0.5, 0.5, 0.5 ],
            "origin": [ 0.0, 0.0, 0.0 ],
            "specular": 0,
            "parent": "Plaque",
            "is3D": true
        },
        "Wood_Plaque": {
            "size": [ 14, 15, 1 ],
            "texture": [ 64, 28 ],
            "anchor": [ 0.5, 0.5, 1.0 ],
            "origin": [ 0.0, 0.0, 0.0 ],
            "specular": 0,
            "parent": "Plaque",
            "is3D": true
        },
        "Body": {
            "size": [ 0, 0, 0 ],
            "texture": [ 0, 0 ],
            "anchor": [ 0.5, 0.5, 0.5 ],
            "origin": [ 0.0, 0.0, 0.0 ],
            "specular": 0,
            "parent": "Anchor",
            "opacity": 0.0
        },
        "Shield_Rectangle": {
            "size": [ 0, 0, 0 ],
            "texture": [ 0, 0 ],
            "anchor": [ 0.5, 0.5, 0.5 ],
            "origin": [ 0.0, 0.0, 0.0 ],
            "specular": 0,
            "parent": "Body"
        },
        "Edges_Rectangle": {
            "size": [ 12, 22, 2 ],
            "texture": [ 0, 0 ],
            "anchor": [ 0.5, 0.5, 0.5 ],
            "origin": [ 0.0, 0.0, 0.0 ],
            "specular": 0,
            "parent": "Shield_Rectangle",
            "is3D": true
        },
        "Plaque": {
            "size": [ 0, 0, 0 ],
            "texture": [ 0, 0 ],
            "anchor": [ 0.5, 0.5, 0.5 ],
            "origin": [ 0.0, 0.0, 0.0 ],
            "specular": 0,
            "parent": "Body"
        }
    },
    "poses": {
        "Shield_Handles": {
            "size": [ 0.6, 1.8, 0.6 ],
            "limbs": {
                "Handle_L_Rectangle": {
                    "translate": [ 2.5, 0.0, 0.0 ]
                },
                "Wood_Rectangle": {
                    "translate": [ 0.0, 0.0, 0.75 ],
                    "scale": [ 1.0, 1.0, 1.5 ]
                },
                "Handle_R_Rectangle": {
                    "translate": [ -2.5, 0.0, 0.0 ]
                },
                "Body": {
                    "translate": [ 0.0, 11.0, 0.0 ]
                },
                "Shield_Rectangle": {
                    "translate": [ 0.0, -11.0, 0.0 ]
                },
                "Edges_Rectangle": {
                    "translate": [ 0.0, 0.0, 0.75 ]
                },
                "Plaque": {
                    "translate": [ 0.0, -11.0, 0.0 ],
                    "scale": [ 0.0, 0.0, 0.0 ]
                }
            }
        },
        "standing": {
            "size": [ 0.6, 1.8, 0.6 ],
            "limbs": {
                "Handle_L_Rectangle": {
                    "translate": [ 2.5, 0.0, 0.0 ]
                },
                "Wood_Rectangle": {
                    "translate": [ 0.0, 0.0, 0.75 ],
                    "scale": [ 1.0, 1.0, 1.5 ]
                },
                "Handle_R_Rectangle": {
                    "translate": [ -2.5, 0.0, 0.0 ]
                },
                "Wood_Plaque": {
                    "translate": [ 0.0, 0.0, 0.5 ],
                    "scale": [ 1.0, 1.0, 1.25 ]
                },
                "Body": {
                    "translate": [ 0.0, 11.0, 0.0 ]
                },
                "Shield_Rectangle": {
                    "translate": [ 0.0, -11.0, 0.0 ]
                },
                "Edges_Rectangle": {
                    "translate": [ 0.0, 0.0, 0.75 ]
                },
                "Plaque": {
                    "translate": [ 0.0, -11.0, 0.0 ],
                    "scale": [ 0.0, 0.0, 0.0 ]
                }
            }
        },
        "Plaque_Handles": {
            "size": [ 0.6, 1.8, 0.6 ],
            "limbs": {
                "Handle_L_Rectangle": {
                    "translate": [ 2.5, 0.0, 0.0 ]
                },
                "Wood_Rectangle": {
                    "translate": [ 0.0, 0.0, 0.75 ],
                    "scale": [ 0.0, 0.0, 0.0 ]
                },
                "Handle_R_Rectangle": {
                    "translate": [ -2.5, 0.0, 0.0 ]
                },
                "Edges_Plaque": {
                    "translate": [ 0.0, 0.0, 0.75 ],
                    "scale": [ 1.0, 1.0, 2.0 ]
                },
                "Body": {
                    "translate": [ 0.0, 11.0, 0.0 ]
                },
                "Shield_Rectangle": {
                    "translate": [ 0.0, -11.0, 0.0 ]
                },
                "Edges_Rectangle": {
                    "translate": [ 0.0, 0.0, 0.75 ],
                    "scale": [ 0.0, 0.0, 0.0 ]
                },
                "Plaque": {
                    "translate": [ 0.0, -11.0, 0.0 ]
                }
            }
        },
        "Shield_One_Handle": {
            "size": [ 0.6, 1.8, 0.6 ],
            "limbs": {
                "Handle_L_Rectangle": {
                    "translate": [ 2.5, 0.0, 0.0 ],
                    "scale": [ 0.0, 0.0, 0.0 ]
                },
                "Wood_Rectangle": {
                    "translate": [ 0.0, 0.0, 0.75 ],
                    "scale": [ 1.0, 1.0, 1.5 ]
                },
                "Body": {
                    "translate": [ 0.0, 11.0, 0.0 ]
                },
                "Shield_Rectangle": {
                    "translate": [ 0.0, -11.0, 0.0 ]
                },
                "Edges_Rectangle": {
                    "translate": [ 0.0, 0.0, 0.75 ]
                },
                "Plaque": {
                    "translate": [ 0.0, -11.0, 0.0 ],
                    "scale": [ 0.0, 0.0, 0.0 ]
                }
            }
        },
        "Plaque_1": {
            "size": [ 0.6, 1.8, 0.6 ],
            "limbs": {
                "Handle_L_Rectangle": {
                    "translate": [ 2.5, 0.0, 0.0 ]
                },
                "Wood_Rectangle": {
                    "translate": [ 0.0, 0.0, 0.75 ],
                    "scale": [ 1.0, 1.0, 1.5 ]
                },
                "Handle_R_Rectangle": {
                    "translate": [ -2.5, 0.0, 0.0 ]
                },
                "Wood_Plaque": {
                    "scale": [ 1.0, 1.0, 1.5 ]
                },
                "Body": {
                    "translate": [ 0.0, 11.0, 0.0 ]
                },
                "Shield_Rectangle": {
                    "translate": [ 0.0, -11.0, 0.0 ],
                    "scale": [ 0.0, 0.0, 0.0 ]
                },
                "Edges_Rectangle": {
                    "translate": [ 0.0, 0.0, 0.75 ]
                },
                "Plaque": {
                    "translate": [ 0.0, -11.0, 0.0 ]
                }
            }
        },
        "Plaque_One_Handle": {
            "size": [ 0.6, 1.8, 0.6 ],
            "limbs": {
                "Handle_L_Rectangle": {
                    "translate": [ 2.5, 0.0, 0.0 ],
                    "scale": [ 0.0, 0.0, 0.0 ]
                },
                "Wood_Rectangle": {
                    "translate": [ 0.0, 0.0, 0.75 ],
                    "scale": [ 0.0, 0.0, 0.0 ]
                },
                "Edges_Plaque": {
                    "translate": [ 0.0, 0.0, 0.75 ],
                    "scale": [ 1.0, 1.0, 2.0 ]
                },
                "Body": {
                    "translate": [ 0.0, 11.0, 0.0 ]
                },
                "Shield_Rectangle": {
                    "translate": [ 0.0, -11.0, 0.0 ]
                },
                "Edges_Rectangle": {
                    "translate": [ 0.0, 0.0, 0.75 ],
                    "scale": [ 0.0, 0.0, 0.0 ]
                },
                "Plaque": {
                    "translate": [ 0.0, -11.0, 0.0 ]
                }
            }
        },
        "Plaque_2": {
            "size": [ 0.6, 1.8, 0.6 ],
            "limbs": {
                "Handle_L_Rectangle": {
                    "translate": [ 2.5, 0.0, 0.0 ]
                },
                "Wood_Rectangle": {
                    "translate": [ 0.0, 0.0, 0.75 ],
                    "scale": [ 1.0, 1.0, 1.5 ]
                },
                "Handle_R_Rectangle": {
                    "translate": [ -2.5, 0.0, 0.0 ]
                },
                "Wood_Plaque": {
                    "scale": [ 1.0, 1.0, 1.5 ]
                },
                "Edges_Plaque": {
                    "translate": [ 0.0, 0.0, 0.75 ],
                    "scale": [ 1.0, 1.0, 2.0 ]
                },
                "Body": {
                    "translate": [ 0.0, 11.0, 0.0 ]
                },
                "Shield_Rectangle": {
                    "translate": [ 0.0, -11.0, 0.0 ],
                    "scale": [ 0.0, 0.0, 0.0 ]
                },
                "Edges_Rectangle": {
                    "translate": [ 0.0, 0.0, 0.75 ]
                },
                "Plaque": {
                    "translate": [ 0.0, -11.0, 0.0 ]
                }
            }
        },
        "Shield_No_Handles": {
            "size": [ 0.6, 1.8, 0.6 ],
            "limbs": {
                "Handle_L_Rectangle": {
                    "translate": [ 2.5, 0.0, 0.0 ]
                },
                "Wood_Rectangle": {
                    "translate": [ 0.0, 0.0, 0.75 ],
                    "scale": [ 1.0, 1.0, 1.5 ]
                },
                "Both_Handles_Rectangle": {
                    "scale": [ 0.0, 0.0, 0.0 ]
                },
                "Handle_R_Rectangle": {
                    "translate": [ -2.5, 0.0, 0.0 ]
                },
                "Body": {
                    "translate": [ 0.0, 11.0, 0.0 ]
                },
                "Shield_Rectangle": {
                    "translate": [ 0.0, -11.0, 0.0 ]
                },
                "Edges_Rectangle": {
                    "translate": [ 0.0, 0.0, 0.75 ]
                },
                "Plaque": {
                    "translate": [ 0.0, -11.0, 0.0 ],
                    "scale": [ 0.0, 0.0, 0.0 ]
                }
            }
        }
    }
}