{
	"format_version": "1.8.0",
	"animations": {
		"swipe": {
			"animation_length": 0.5,
			"bones": {
				"boyun_ve_kafa": {
					"rotation": {
						"0.0": {
							"vector": [0, 0, 0]
						},
						"0.5": {
							"vector": [0, 0, 0]
						}
					},
					"position": {
						"0.0": {
							"vector": [0, 0, 0]
						},
						"0.5": {
							"vector": [0, 0, 0]
						}
					},
					"scale": {
						"0.0": {
							"vector": [1, 1, 1]
						},
						"0.5": {
							"vector": [1, 1, 1]
						}
					}
				},
				"boyun": {
					"rotation": {
						"0.0": {
							"vector": [0, 0, 0]
						},
						"0.0417": {
							"vector": [0, 0, 0]
						},
						"0.25": {
							"vector": [57.5, 0, 0]
						},
						"0.5": {
							"vector": [0, 0, 0]
						}
					},
					"position": {
						"0.0": {
							"vector": [0, 0, 0]
						},
						"0.25": {
							"vector": [0, 0, -1]
						},
						"0.5": {
							"vector": [0, 0, 0]
						}
					},
					"scale": {
						"0.0": {
							"vector": [1, 1, 1]
						},
						"0.25": {
							"vector": [1, 1.9, 1]
						},
						"0.5": {
							"vector": [1, 1, 1]
						}
					}
				},
				"kafa": {
					"rotation": {
						"0.0": {
							"vector": ["query.head_pitch", "query.head_yaw", 0]
						},
						"0.0417": {
							"vector": [0, 0, 0]
						},
						"0.25": {
							"vector": [-42.5, 0, 0]
						},
						"0.5": {
							"vector": [0, 0, 0]
						}
					},
					"position": {
						"0.0": {
							"vector": [0, 0, 0]
						},
						"0.0417": {
							"vector": [0, 0, 0]
						},
						"0.125": {
							"vector": [0, -0.4, -0.56]
						},
						"0.25": {
							"vector": [0, 0, -1.9]
						},
						"0.5": {
							"vector": [0, 0, 0]
						}
					}
				},
				"full_temel": {
					"rotation": {
						"0.0": {
							"vector": [0, 0, 0]
						},
						"0.5": {
							"vector": [0, 0, 0]
						}
					},
					"position": {
						"0.0": {
							"vector": [0, 0, 0]
						},
						"0.5": {
							"vector": [0, 0, 0]
						}
					},
					"scale": {
						"0.0": {
							"vector": [1, 1, 1]
						},
						"0.5": {
							"vector": [1, 1, 1]
						}
					}
				}
			}
		},
		"running": {
			"loop": true,
			"animation_length": 0.75,
			"bones": {
				"boyun_ve_kafa": {
					"rotation": {
						"0.0": {
							"vector": [0, 0, 0]
						},
						"0.125": {
							"vector": [0, 0, 0]
						},
						"0.25": {
							"vector": [0, 0, 0]
						},
						"0.375": {
							"vector": [0, 0, 0]
						},
						"0.5": {
							"vector": [0, 0, 0]
						}
					},
					"position": {
						"0.0": {
							"vector": [0, 0, 0]
						},
						"0.1875": {
							"vector": [0, 0.5, 0]
						},
						"0.375": {
							"vector": [0, 0, 0]
						},
						"0.5625": {
							"vector": [0, 0.5, 0]
						},
						"0.75": {
							"vector": [0, 0, 0]
						}
					}
				},
				"boyun": {
					"rotation": {
						"0.0": {
							"vector": [0, 0, 0]
						},
						"0.25": {
							"vector": [0, 0, -5]
						},
						"0.5": {
							"vector": [0, 0, 5]
						},
						"0.75": {
							"vector": [0, 0, 0]
						}
					},
					"position": {
						"0.0": {
							"vector": [0, 0, 0]
						},
						"0.25": {
							"vector": [-0.2, 0, 0]
						},
						"0.5": {
							"vector": [0.2, 0, 0]
						},
						"0.5625": {
							"vector": [0.17294, 0, 0]
						},
						"0.6875": {
							"vector": [0.02706, 0, 0]
						},
						"0.75": {
							"vector": [0, 0, 0]
						}
					}
				},
				"kapak": {
					"rotation": {
						"0.0": {
							"vector": [0, 0, 0]
						},
						"0.25": {
							"vector": [0, 0, 0]
						}
					},
					"position": {
						"vector": [0, 0, 0]
					}
				},
				"kafa": {
					"rotation": {
						"vector": ["query.head_pitch", "query.head_yaw", 0]
					}
				}
			}
		},
		"sprinting": {
			"loop": true,
			"animation_length": 3.3333,
			"bones": {
				"kafa": {
					"rotation": {
						"vector": ["query.head_pitch", "query.head_yaw", 0]
					}
				},
				"boyun_ve_kafa": {
					"rotation": {
						"0.0": {
							"vector": [0, 0, 0]
						},
						"0.0833": {
							"vector": [1.41538, 0, 0.70769]
						},
						"0.1667": {
							"vector": [0, 0, 4.62306]
						},
						"0.25": {
							"vector": [2.12104, 0.09259, -3.20598]
						},
						"0.3333": {
							"vector": [2.12306, 0, -0.70769]
						},
						"0.4167": {
							"vector": [0, 0, 2.12306]
						},
						"0.5": {
							"vector": [2.12306, 0, -0.70769]
						},
						"0.5833": {
							"vector": [2.12306, 0, -0.70769]
						},
						"0.6667": {
							"vector": [0, 0, 0]
						},
						"0.75": {
							"vector": [0, 0, -3.20769]
						},
						"0.8333": {
							"vector": [2.12306, 0, -0.70769]
						},
						"0.9167": {
							"vector": [0, 0, 4.62306]
						},
						"1.0": {
							"vector": [1.41538, 0, 0.70769]
						},
						"1.0833": {
							"vector": [2.12104, 0.09259, -3.20598]
						},
						"1.1667": {
							"vector": [0, 0, 4.62306]
						},
						"1.25": {
							"vector": [2.12306, 0, -0.70769]
						},
						"1.3333": {
							"vector": [0, 0, -0.70769]
						},
						"1.4167": {
							"vector": [0, 0, 7.12306]
						},
						"1.5": {
							"vector": [2.12306, 0, -0.70769]
						},
						"1.5833": {
							"vector": [2.12306, 0, -0.70769]
						},
						"1.6667": {
							"vector": [0, 0, 4.62306]
						},
						"1.75": {
							"vector": [2.12306, 0, -0.70769]
						},
						"1.8333": {
							"vector": [0, 0, 2.12306]
						},
						"1.9167": {
							"vector": [2.12306, 0, -0.70769]
						},
						"2.0": {
							"vector": [0, 0, 2.12306]
						},
						"2.0833": {
							"vector": [0, 0, 2.12306]
						},
						"2.1667": {
							"vector": [0, 0, -0.70769]
						},
						"2.25": {
							"vector": [0, 0, 2.12306]
						},
						"2.3333": {
							"vector": [0, 0, 2.12306]
						},
						"2.4167": {
							"vector": [2.12104, 0.09259, -3.20598]
						},
						"2.5": {
							"vector": [0, 0, 0]
						},
						"2.5833": {
							"vector": [0, 0, 2.12306]
						},
						"2.6667": {
							"vector": [0, 0, -2.5]
						},
						"2.75": {
							"vector": [0, 0, 4.62306]
						},
						"2.8333": {
							"vector": [0, 0, -0.70769]
						},
						"2.9167": {
							"vector": [2.12104, 0.09259, -3.20598]
						},
						"3.0": {
							"vector": [0, 0, 0]
						},
						"3.0833": {
							"vector": [0, 0, 0]
						},
						"3.1667": {
							"vector": [2.12306, 0, -0.70769]
						},
						"3.25": {
							"vector": [0, 0, 2.12306]
						},
						"3.3333": {
							"vector": [0, 0, 2.12306]
						}
					},
					"position": {
						"0.0": {
							"vector": [0, 0, 0]
						},
						"0.25": {
							"vector": [0, 0.5, 0]
						},
						"0.5": {
							"vector": [0, 0, 0]
						},
						"0.75": {
							"vector": [0, 0, 0]
						},
						"1.0": {
							"vector": [0, 0.5, 0]
						},
						"1.25": {
							"vector": [0, 0, 0]
						},
						"1.5": {
							"vector": [0, 0, 0]
						},
						"1.75": {
							"vector": [0, 0.5, 0]
						},
						"2.0": {
							"vector": [0, 0, 0]
						},
						"2.25": {
							"vector": [0, 0, 0]
						},
						"2.5": {
							"vector": [0, 0.5, 0]
						},
						"2.75": {
							"vector": [0, 0, 0]
						},
						"3.0": {
							"vector": [0, 0, 0]
						},
						"3.25": {
							"vector": [0, 0.5, 0]
						}
					}
				}
			}
		},
		"idle": {
			"loop": true,
			"animation_length": 1.4167,
			"bones": {
				"kafa": {
					"rotation": {
						"0.0": {
							"vector": ["query.head_pitch", "query.head_yaw", 0]
						},
						"0.5": {
							"pre": {
								"vector": [0, 0, 0]
							},
							"post": {
								"vector": [0, 0, 0]
							},
							"lerp_mode": "catmullrom"
						},
						"0.8333": {
							"post": {
								"vector": [0, 0, 0]
							},
							"lerp_mode": "catmullrom"
						},
						"1.4167": {
							"post": {
								"vector": [0, 0, 0]
							},
							"lerp_mode": "catmullrom"
						}
					}
				},
				"boyun": {
					"rotation": {
						"0.0": {
							"post": {
								"vector": [0, 0, -17.5]
							},
							"lerp_mode": "catmullrom"
						},
						"0.5": {
							"post": {
								"vector": [0, 0, 12.52]
							},
							"lerp_mode": "catmullrom"
						},
						"0.8333": {
							"post": {
								"vector": [22.5, 0, 6.58]
							},
							"lerp_mode": "catmullrom"
						},
						"1.4167": {
							"post": {
								"vector": [0, 0, -17.5]
							},
							"lerp_mode": "catmullrom"
						}
					}
				}
			}
		},
		"idle_flush": {
			"animation_length": 6,
			"bones": {
				"boyun_ve_kafa": {
					"rotation": {
						"0.0": {
							"vector": [0, 0, 0]
						},
						"3.0": {
							"vector": [0, 0, 0]
						}
					},
					"position": {
						"0.0": {
							"vector": [0, 0, 0]
						},
						"3.0": {
							"vector": [0, 0, 0]
						}
					}
				},
				"boyun": {
					"rotation": {
						"0.0": {
							"vector": [0, 0, 0]
						},
						"1.0": {
							"vector": [0, -360, 0]
						},
						"2.0": {
							"vector": [0, -720, 0]
						},
						"2.5": {
							"vector": [0, -1080, 0]
						},
						"3.0": {
							"vector": [0, -1440, 0]
						},
						"3.25": {
							"vector": [0, -1800, 0]
						},
						"3.625": {
							"vector": [0, -2160, 0]
						},
						"4.0": {
							"vector": [0, -2520, 0]
						},
						"4.5": {
							"vector": [0, -2880, 0]
						},
						"5.0": {
							"vector": [0, -3240, 0]
						},
						"6.0": {
							"vector": [0, -3600, 0]
						}
					},
					"position": {
						"0.0": {
							"vector": [0, 0, 0]
						},
						"4.5": {
							"vector": [0, -3, 0]
						},
						"5.0": {
							"vector": [0, -4, 0]
						}
					},
					"scale": {
						"0.0": {
							"vector": [1, 1, 1]
						},
						"4.5": {
							"vector": [0.5, 0.4, 0.5]
						},
						"4.8333": {
							"vector": [0.8333, 0.4, 0.7333]
						},
						"4.9583": {
							"vector": [0.7583, 0.4, 0.9333]
						},
						"5.0": {
							"vector": [1, 0.4, 1]
						},
						"5.0417": {
							"vector": [0.1, 0.1, 0.1]
						},
						"6.0": {
							"vector": [0, 0, 0]
						}
					}
				},
				"full_temel": {
					"rotation": {
						"0.0": {
							"vector": [0, 0, 0]
						},
						"0.5": {
							"vector": [0, 0, 0]
						},
						"0.6667": {
							"vector": [0, 0, 0]
						},
						"0.8333": {
							"vector": [0, 0, 0]
						},
						"1.125": {
							"vector": [0, 0, 0]
						},
						"1.7083": {
							"vector": [0, 0, 0]
						},
						"2.0417": {
							"vector": [0, 0, 0]
						}
					}
				},
				"kafa": {
					"rotation": {
						"0.0": {
							"vector": ["query.head_pitch", "query.head_yaw", 0]
						},
						"4.9167": {
							"vector": [0, 0, 0]
						}
					},
					"scale": {
						"0.0": {
							"vector": [1, 1, 1]
						},
						"1.7083": {
							"vector": [1, 1, 1]
						},
						"4.0": {
							"vector": [1, 1, 1]
						},
						"4.375": {
							"vector": [1, 1, 1]
						},
						"4.9167": {
							"vector": [0.6, 0.8, 0.5]
						}
					}
				}
			}
		}
	},
	"geckolib_format_version": 2
}