{
	"format_version": "1.12.0",
	"minecraft:geometry": [
		{
			"description": {
				"identifier": "geometry.sbgoji_glitch_plunger3",
				"texture_width": 256,
				"texture_height": 256,
				"visible_bounds_width": 14,
				"visible_bounds_height": 5,
				"visible_bounds_offset": [0, 1.5, 0]
			},
			"bones": [
				{
					"name": "bone15",
					"pivot": [0, 0, 0]
				},
				{
					"name": "bone5",
					"parent": "bone15",
					"pivot": [0, 4.79286, 3.54245],
					"cubes": [
						{"origin": [-7, 11, -4], "size": [14, 5, 16], "uv": [0, 0]},
						{"origin": [-6.65997, 11.39256, -22.40073], "size": [3, 0, 15], "pivot": [-4.15997, 15.39256, -11.90073], "rotation": [1.18728, -2.64418, -0.93795], "uv": [57, 20]},
						{"origin": [3.65997, 11.39256, -22.40073], "size": [3, 0, 15], "pivot": [4.15997, 15.39256, -11.90073], "rotation": [1.18728, 2.64418, 0.93795], "uv": [57, 20], "mirror": true},
						{"origin": [-7, 11, -6], "size": [14, 5, 2], "uv": [94, 20]},
						{"origin": [-6, 11, -8], "size": [12, 5, 2], "uv": [94, 27]},
						{"origin": [6, 10.9, -8], "size": [7, 5, 2], "pivot": [6, 12, -8], "rotation": [0, -62.4, 0], "uv": [62, 118]},
						{"origin": [-13, 10.9, -8], "size": [7, 5, 2], "pivot": [-6, 12, -8], "rotation": [0, 62.4, 0], "uv": [62, 118], "mirror": true},
						{"origin": [7, 11, -3], "size": [1, 5, 14], "uv": [78, 20]},
						{"origin": [-8, 11, -3], "size": [1, 5, 14], "uv": [78, 20], "mirror": true},
						{"origin": [-22.69846, 16.2899, 9.5], "size": [15, 1, 1], "pivot": [-11.19846, 22.7899, 10], "rotation": [0, 0, -20], "uv": [0, 21]},
						{"origin": [7.69846, 16.2899, 9.5], "size": [15, 1, 1], "pivot": [11.19846, 22.7899, 10], "rotation": [0, 0, 20], "uv": [0, 21], "mirror": true},
						{"origin": [-21.24, 11.76, 7.52], "size": [2.48, 2.48, 4.96], "uv": [120, 103]},
						{"origin": [18.76, 11.76, 7.52], "size": [2.48, 2.48, 4.96], "uv": [120, 103], "mirror": true},
						{"origin": [-21, 12, 6], "size": [2, 2, 8], "uv": [110, 5]},
						{"origin": [19, 12, 6], "size": [2, 2, 8], "uv": [110, 5], "mirror": true},
						{"origin": [-20.95172, 12.95712, -3.8475], "size": [3, 0, 15], "pivot": [-19.96225, 12.65848, 9.48799], "rotation": [0.01152, 0.0593, -0.54093], "uv": [57, 20]},
						{"origin": [17.95172, 12.95712, -3.8475], "size": [3, 0, 15], "pivot": [19.96225, 12.65848, 9.48799], "rotation": [0.01152, -0.0593, 0.54093], "uv": [57, 20], "mirror": true},
						{"origin": [-19, 12, 9.5], "size": [11, 1, 1], "uv": [0, 23]},
						{"origin": [8, 12, 9.5], "size": [11, 1, 1], "uv": [0, 23], "mirror": true},
						{"origin": [8, 11, -2], "size": [1, 5, 12], "uv": [50, 88]},
						{"origin": [8, 10.9, 10], "size": [1, 5, 3], "pivot": [9, 15, 10], "rotation": [0, -45, 0], "uv": [44, 0]},
						{"origin": [-9, 10.9, 10], "size": [1, 5, 3], "pivot": [-9, 15, 10], "rotation": [0, 45, 0], "uv": [44, 0], "mirror": true},
						{"origin": [-7.75, 8.85, 9.5], "size": [15.5, 8.3, 8.7], "uv": [44, 0]},
						{"origin": [-9, 11, -2], "size": [1, 5, 12], "uv": [50, 88], "mirror": true},
						{"origin": [-5.75, 0.85, -7.5], "size": [11.5, 2.3, 18.7], "uv": [32, 21]},
						{"origin": [-4.75, 0.85, 9.5], "size": [9.5, 2.3, 7.7], "uv": [89, 54]},
						{"origin": [-16, 14.79286, 1.54245], "size": [8, 1, 1], "pivot": [-9, 15.29286, 2.04245], "rotation": [0, 0, -5], "uv": [0, 21], "mirror": true}
					]
				},
				{
					"name": "Body2",
					"parent": "bone5",
					"pivot": [0, 15, 0],
					"rotation": [10, 0, 0]
				},
				{
					"name": "LeftArm",
					"parent": "Body2",
					"pivot": [4, 24, 0],
					"rotation": [12.5, 0, -35]
				},
				{
					"name": "bone10",
					"parent": "LeftArm",
					"pivot": [6, 16, 0],
					"rotation": [-19.25656, 11.86554, 30.48005],
					"cubes": [
						{"origin": [4, 9, -2], "size": [4, 7, 4], "uv": [102, 116]},
						{"origin": [4.57365, 5.58481, -2.2], "size": [4.4, 9.7, 4.4], "pivot": [5.77365, 10.43481, 0], "rotation": [2.45236, 1.01704, 5.60417], "uv": [0, 0]},
						{"origin": [4.1, 6, -1.8], "size": [3.6, 3.6, 3.6], "uv": [118, 120]}
					]
				},
				{
					"name": "RightArm",
					"parent": "Body2",
					"pivot": [-4, 24, 0],
					"rotation": [12.5, 0, 35]
				},
				{
					"name": "bone7",
					"parent": "RightArm",
					"pivot": [-6, 16, 0],
					"rotation": [-19.25656, -11.86554, -30.48005],
					"cubes": [
						{"origin": [-8, 9, -2], "size": [4, 7, 4], "uv": [102, 116], "mirror": true},
						{"origin": [-8.97365, 5.58481, -2.2], "size": [4.4, 9.7, 4.4], "pivot": [-5.77365, 10.43481, 0], "rotation": [2.45236, -1.01704, -5.60417], "uv": [0, 0], "mirror": true},
						{"origin": [-7.7, 6, -1.8], "size": [3.6, 3.6, 3.6], "uv": [118, 120], "mirror": true}
					]
				},
				{
					"name": "jetpack",
					"parent": "Body2",
					"pivot": [0, 18.69, 4.68667],
					"cubes": [
						{"origin": [3.31, 11.36, 3.285], "size": [3.28, 3.28, 3.28], "inflate": -0.1, "uv": [121, 77]},
						{"origin": [-6.59, 11.36, 3.285], "size": [3.28, 3.28, 3.28], "inflate": -0.1, "uv": [121, 77], "mirror": true}
					],
					"locators": {
						"locator6": {
							"offset": [-5, 12, 5],
							"rotation": [180, 0, 0]
						},
						"locator7": {
							"offset": [5, 12, 5],
							"rotation": [180, 0, 0]
						}
					}
				},
				{
					"name": "bone2",
					"parent": "jetpack",
					"pivot": [-5, 18.2, 5]
				},
				{
					"name": "bone3",
					"parent": "jetpack",
					"pivot": [5, 18.2, 5]
				},
				{
					"name": "Head",
					"parent": "Body2",
					"pivot": [0, 25, 0],
					"rotation": [-2.5, 0, 0]
				},
				{
					"name": "bone8",
					"parent": "bone5",
					"pivot": [0, 7.67704, -4.51111],
					"rotation": [17.5, 0, 0],
					"cubes": [
						{"origin": [-4, 4.43526, -10.45173], "size": [8, 11, 1], "uv": [44, 60]},
						{"origin": [-4, 7.43526, -9.45173], "size": [1, 1, 6], "uv": [18, 116]},
						{"origin": [3, 7.43526, -9.45173], "size": [1, 1, 6], "uv": [18, 116]},
						{"origin": [-4, 15.43526, -10.45173], "size": [8, 6, 1], "pivot": [0, 15.43526, -10.40129], "rotation": [-42.5, 0, 0], "uv": [44, 72]}
					]
				},
				{
					"name": "bone4",
					"parent": "bone5",
					"pivot": [-3, 7.90406, -2.79611],
					"rotation": [17.69999, 54.29146, -1.04386],
					"cubes": [
						{"origin": [-7.22151, 3.83896, -9.12769], "size": [8, 11, 1], "uv": [44, 60]},
						{"origin": [-7.22151, 7.83896, -8.12769], "size": [1, 1, 6], "uv": [18, 116]},
						{"origin": [-0.22151, 7.83896, -8.12769], "size": [1, 1, 6], "uv": [18, 116]},
						{"origin": [-7.22151, 14.83896, -9.12769], "size": [8, 6, 1], "pivot": [-3.22151, 14.83896, -9.07725], "rotation": [-42.5, 0, 0], "uv": [44, 72]}
					]
				},
				{
					"name": "bone9",
					"parent": "bone5",
					"pivot": [3, 7.90406, -2.79611],
					"rotation": [17.69999, -54.29146, 1.04386],
					"cubes": [
						{"origin": [-0.77849, 3.83896, -9.12769], "size": [8, 11, 1], "uv": [44, 60], "mirror": true},
						{"origin": [6.22151, 7.83896, -8.12769], "size": [1, 1, 6], "uv": [18, 116], "mirror": true},
						{"origin": [-0.77849, 7.83896, -8.12769], "size": [1, 1, 6], "uv": [18, 116], "mirror": true},
						{"origin": [-0.77849, 14.83896, -9.12769], "size": [8, 6, 1], "pivot": [3.22151, 14.83896, -9.07725], "rotation": [-42.5, 0, 0], "uv": [44, 72], "mirror": true}
					]
				},
				{
					"name": "bone6",
					"parent": "bone5",
					"pivot": [0, 13.96866, 5.66382],
					"cubes": [
						{"origin": [-6, 8, -4], "size": [12, 5, 14], "uv": [42, 41]},
						{"origin": [-3, 1, -4], "size": [6, 14, 15], "uv": [0, 38]},
						{"origin": [-3, 2, 11], "size": [6, 14, 4], "uv": [42, 105]},
						{"origin": [-2, 4, 10], "size": [4, 10, 7], "pivot": [0, 11, 14], "rotation": [-12.5, 0, 0], "uv": [97, 63]},
						{"origin": [-3, 2, -5], "size": [6, 10, 6], "pivot": [0, 8, -4], "rotation": [-12.5, 0, 0], "uv": [76, 93]},
						{"origin": [-5.75, 10.85, 11.5], "size": [11.5, 24.3, 4.7], "uv": [63, 60]},
						{"origin": [-3.75, 18.85, 13.5], "size": [7.5, 8.3, 4.7], "uv": [104, 35]},
						{"origin": [-2.75, 19.85, 14.5], "size": [5.5, 6.3, 4.7], "uv": [64, 89]},
						{"origin": [-5.75, 27.85, 11.5], "size": [11.5, 9.3, 2.7], "pivot": [0, 32, 9], "rotation": [55, 0, 0], "uv": [27, 41]},
						{"origin": [-5.75, 9.85, 8.5], "size": [11.5, 13.3, 4.7], "uv": [32, 80]},
						{"origin": [-5.75, 8.85, 8.5], "size": [6.5, 24.3, 1.7], "pivot": [-6, 24, 8], "rotation": [0, -65, 0], "uv": [28, 97]},
						{"origin": [-0.75, 8.85, 8.5], "size": [6.5, 24.3, 1.7], "pivot": [6, 24, 8], "rotation": [0, 65, 0], "uv": [28, 97], "mirror": true},
						{"origin": [7, 25, 8], "size": [4, 4, 11], "uv": [80, 39], "mirror": true},
						{"origin": [-11, 25, 8], "size": [4, 4, 11], "uv": [80, 39]},
						{"origin": [7.3, 25.1, -1.7], "size": [3.6, 3.6, 9.9], "uv": [18, 67], "mirror": true},
						{"origin": [-10.9, 25.1, -1.7], "size": [3.6, 3.6, 9.9], "uv": [18, 67]},
						{"origin": [6.56, 24.56, -0.11], "size": [4.88, 4.88, 2.22], "uv": [19, 90], "mirror": true},
						{"origin": [-11.44, 24.56, -0.11], "size": [4.88, 4.88, 2.22], "uv": [19, 90]},
						{"origin": [6.56, 24.56, 16.89], "size": [4.88, 4.88, 2.22], "uv": [19, 90], "mirror": true},
						{"origin": [-11.44, 24.56, 16.89], "size": [4.88, 4.88, 2.22], "uv": [19, 90]},
						{"origin": [-5.75, 22.85, 8.5], "size": [11.5, 8.3, 1.7], "pivot": [0, 22, 8], "rotation": [-17.5, 0, 0], "uv": [62, 109]},
						{"origin": [1.74118, 1.03407, -4], "size": [2, 9, 14], "pivot": [4, 8, 4], "rotation": [0, 0, -10], "uv": [0, 67]},
						{"origin": [-3.74118, 1.03407, -4], "size": [2, 9, 14], "pivot": [-4, 8, 4], "rotation": [0, 0, 10], "uv": [0, 67], "mirror": true},
						{"origin": [-5, 8, -6], "size": [10, 5, 2], "uv": [97, 80]},
						{"origin": [-4, 8, -7], "size": [8, 5, 2], "uv": [112, 63]},
						{"origin": [6, 8, -3], "size": [1, 5, 12], "uv": [50, 88]},
						{"origin": [6, 8, -8], "size": [1, 5, 5], "pivot": [7, 9, -3], "rotation": [0, 35, 0], "uv": [78, 20]},
						{"origin": [-7, 8, -8], "size": [1, 5, 5], "pivot": [-7, 9, -3], "rotation": [0, -35, 0], "uv": [78, 20], "mirror": true},
						{"origin": [3, 5, -3], "size": [2, 5, 12], "pivot": [4, 8, 4], "rotation": [0, 0, 12.5], "uv": [81, 76]},
						{"origin": [-5, 5, -3], "size": [2, 5, 12], "pivot": [-4, 8, 4], "rotation": [0, 0, -12.5], "uv": [81, 76], "mirror": true},
						{"origin": [-7, 8, -3], "size": [1, 5, 12], "uv": [50, 88], "mirror": true}
					],
					"locators": {
						"locator": [0, 23, 20],
						"locator4": [8, 11, 16],
						"locator5": [-8, 11, 16],
						"locator2": [-9, 27, -2],
						"locator3": [9, 27, -2]
					}
				},
				{
					"name": "bone11",
					"parent": "bone6",
					"pivot": [-6, 13.79286, 4.54245],
					"cubes": [
						{"origin": [-26, 22.79286, 15.54245], "size": [26, 2, 2], "pivot": [-5, 23.79286, 16.54245], "rotation": [3.81397, 11.91276, 45.39807], "uv": [60, 16]},
						{"origin": [-33, 23.4, 15.54245], "size": [7, 1, 2], "pivot": [-5, 23.79286, 16.54245], "rotation": [3.81397, 11.91276, 45.39807], "uv": [30, 21]}
					]
				},
				{
					"name": "bone16",
					"parent": "bone11",
					"pivot": [-6.36475, 14.702, 19.89332],
					"rotation": [0, 0, -80],
					"cubes": [
						{"origin": [-23.23394, 15.11637, 16.57273], "size": [26, 2, 2], "pivot": [-5.56779, 11.23539, 16.54245], "rotation": [3.81397, 11.91276, 45.39807], "uv": [60, 16]},
						{"origin": [-30.23394, 15.72351, 16.57273], "size": [7, 1, 2], "pivot": [-5.56779, 11.23539, 16.54245], "rotation": [3.81397, 11.91276, 45.39807], "uv": [30, 21]}
					]
				},
				{
					"name": "bone17",
					"parent": "bone6",
					"pivot": [6, 13.79286, 4.54245],
					"cubes": [
						{"origin": [0, 22.79286, 15.54245], "size": [26, 2, 2], "pivot": [5, 23.79286, 16.54245], "rotation": [3.81397, -11.91276, -45.39807], "uv": [60, 16], "mirror": true},
						{"origin": [26, 23.4, 15.54245], "size": [7, 1, 2], "pivot": [5, 23.79286, 16.54245], "rotation": [3.81397, -11.91276, -45.39807], "uv": [30, 21], "mirror": true}
					]
				},
				{
					"name": "bone18",
					"parent": "bone17",
					"pivot": [6.36475, 14.702, 19.89332],
					"rotation": [0, 0, 80],
					"cubes": [
						{"origin": [-2.76606, 15.11637, 16.57273], "size": [26, 2, 2], "pivot": [5.56779, 11.23539, 16.54245], "rotation": [3.81397, -11.91276, -45.39807], "uv": [60, 16], "mirror": true},
						{"origin": [23.23394, 15.72351, 16.57273], "size": [7, 1, 2], "pivot": [5.56779, 11.23539, 16.54245], "rotation": [3.81397, -11.91276, -45.39807], "uv": [30, 21], "mirror": true}
					]
				},
				{
					"name": "P5",
					"parent": "bone6",
					"pivot": [3.5, 27, 16.88167],
					"rotation": [-92.5, 0, 0]
				},
				{
					"name": "P4",
					"parent": "bone6",
					"pivot": [-3.5, 27, 16.88167],
					"rotation": [-92.5, 0, 0]
				},
				{
					"name": "P3",
					"parent": "bone6",
					"pivot": [-7.5, 12, -1]
				},
				{
					"name": "P2",
					"parent": "bone6",
					"pivot": [7.5, 12, -1]
				},
				{
					"name": "bone",
					"parent": "bone5",
					"pivot": [-6, 16.5, 1]
				},
				{
					"name": "bone13",
					"parent": "bone5",
					"pivot": [6, 16.5, 1]
				},
				{
					"name": "bone12",
					"parent": "bone5",
					"pivot": [-2, 7.5, 4.5]
				},
				{
					"name": "bone14",
					"parent": "bone5",
					"pivot": [2, 7.5, 4.5]
				}
			]
		}
	]
}