{
	"format_version": "1.12.0",
	"minecraft:geometry": [
		{
			"description": {
				"identifier": "geometry.elytra",
				"texture_width": 64,
				"texture_height": 64,
				"visible_bounds_width": 3,
				"visible_bounds_height": 3.5,
				"visible_bounds_offset": [0, 1.25, 0]
			},
			"bones": [
				{
					"name": "jetpack",
					"pivot": [0, 0, 0],
					"cubes": [
						{"origin": [-4, 15, -2], "size": [8, 8, 4], "inflate": 0.5, "uv": [20, 10]},
						{"origin": [-4, 14, 2], "size": [8, 10, 4], "uv": [0, 0]}
					]
				},
				{
					"name": "fire",
					"parent": "jetpack",
					"pivot": [0, 0, 0]
				},
				{
					"name": "left_fire",
					"parent": "fire",
					"pivot": [3, 19.5, 4.25],
					"rotation": [0, -20, 0]
				},
				{
					"name": "left_fire2",
					"parent": "left_fire",
					"pivot": [3, 19.5, 4.25]
				},
				{
					"name": "left_fire3",
					"parent": "left_fire",
					"pivot": [3, 19.5, 4.25]
				},
				{
					"name": "left_fire4",
					"parent": "left_fire",
					"pivot": [3, 19.5, 4.25]
				},
				{
					"name": "left_fire5",
					"parent": "left_fire",
					"pivot": [3, 19.5, 4.25]
				},
				{
					"name": "left_fire6",
					"parent": "left_fire",
					"pivot": [3, 19.5, 4.25]
				},
				{
					"name": "left_fire7",
					"parent": "left_fire",
					"pivot": [3, 19.5, 4.25]
				},
				{
					"name": "left_fire8",
					"parent": "left_fire",
					"pivot": [3, 19.5, 4.25]
				},
				{
					"name": "left_fire9",
					"parent": "left_fire",
					"pivot": [3, 19.5, 4.25]
				},
				{
					"name": "right_fire",
					"parent": "fire",
					"pivot": [-3, 19.5, 4.25],
					"rotation": [0, 20, 0]
				},
				{
					"name": "right_fire3",
					"parent": "right_fire",
					"pivot": [-3, 19.5, 4.25]
				},
				{
					"name": "right_fire4",
					"parent": "right_fire",
					"pivot": [-3, 19.5, 4.25]
				},
				{
					"name": "right_fire5",
					"parent": "right_fire",
					"pivot": [-3, 19.5, 4.25]
				},
				{
					"name": "right_fire6",
					"parent": "right_fire",
					"pivot": [-3, 19.5, 4.25]
				},
				{
					"name": "right_fire7",
					"parent": "right_fire",
					"pivot": [-3, 19.5, 4.25]
				},
				{
					"name": "right_fire8",
					"parent": "right_fire",
					"pivot": [-3, 19.5, 4.25]
				},
				{
					"name": "right_fire9",
					"parent": "right_fire",
					"pivot": [-3, 19.5, 4.25]
				},
				{
					"name": "wing",
					"parent": "jetpack",
					"pivot": [-3, 19.5, 4.25],
					"rotation": [0, 20, 0],
					"cubes": [
						{"origin": [-14, 14, 1.5], "size": [5, 11, 5], "uv": [0, 14], "mirror": true},
						{"origin": [-9, 16, 3], "size": [6, 7, 2], "uv": [48, 0], "mirror": true}
					]
				},
				{
					"name": "wing2",
					"parent": "jetpack",
					"pivot": [3, 19.5, 4.25],
					"rotation": [0, -20, 0],
					"cubes": [
						{"origin": [9, 14, 1.5], "size": [5, 11, 5], "uv": [0, 14]},
						{"origin": [3, 16, 3], "size": [6, 7, 2], "uv": [48, 0]}
					]
				}
			]
		}
	]
}