{
	"format_version": "1.8.0",
	"animations": {
		"animation.human.infected": {
			"loop": true,
			"animation_length": 0.1667,
			"bones": {
				"head": {
					"rotation": {
						"0.0": [7.50186, 2.80485, -2.15234],
						"0.0833": [7.72503, -2.46854, -0.32997],
						"0.1667": [7.50186, 2.80485, -2.15234]
					}
				},
				"leftArm": {
					"rotation": {
						"0.0": [0, 0, -2.5],
						"0.0833": [0, 0, -5],
						"0.1667": [0, 0, -2.5]
					}
				},
				"rightArm": {
					"rotation": {
						"0.0": [0, 0, 2.5],
						"0.0833": [0, 0, 5],
						"0.1667": [0, 0, 2.5]
					}
				},
				"left_arm": {
					"rotation": {
						"0.0": [0, 0, -2.5],
						"0.0833": [0, 0, -5],
						"0.1667": [0, 0, -2.5]
					}
				},
				"right_arm": {
					"rotation": {
						"0.0": [0, 0, 2.5],
						"0.0833": [0, 0, 5],
						"0.1667": [0, 0, 2.5]
					}
				}
			}
		},
		"animation.human.plunger_walk": {
			"loop": true,
			"animation_length": 2,
			"anim_time_update": "query.anim_time + query.delta_time * (query.ground_speed/1.5) * (query.is_on_ground ? 1.0 : 0.3)",
			"bones": {
				"waist": {
					"position": {
						"0.0": {
							"post": [0, 0, 0],
							"lerp_mode": "catmullrom"
						},
						"0.5": {
							"post": [0, -1, 0],
							"lerp_mode": "catmullrom"
						},
						"1.0": {
							"post": [0, 0, 0],
							"lerp_mode": "catmullrom"
						},
						"1.5": {
							"post": [0, -1, 0],
							"lerp_mode": "catmullrom"
						},
						"2.0": {
							"post": [0, 0, 0],
							"lerp_mode": "catmullrom"
						}
					}
				},
				"leftArm": {
					"rotation": {
						"0.0": {
							"post": [0, -5, -7.5],
							"lerp_mode": "catmullrom"
						},
						"0.5": {
							"post": [-5, -5, -7.5],
							"lerp_mode": "catmullrom"
						},
						"1.0": {
							"post": [0, -5, -7.5],
							"lerp_mode": "catmullrom"
						},
						"1.5": {
							"post": [2.5, -5, -7.5],
							"lerp_mode": "catmullrom"
						},
						"2.0": {
							"post": [0, -5, -7.5],
							"lerp_mode": "catmullrom"
						}
					}
				},
				"rightArm": {
					"rotation": {
						"0.0": {
							"post": [0, 5, 7.5],
							"lerp_mode": "catmullrom"
						},
						"0.5": {
							"post": [2.5, 5, 7.5],
							"lerp_mode": "catmullrom"
						},
						"1.0": {
							"post": [0, 5, 7.5],
							"lerp_mode": "catmullrom"
						},
						"1.5": {
							"post": [-5, 5, 7.5],
							"lerp_mode": "catmullrom"
						},
						"2.0": {
							"post": [0, 5, 7.5],
							"lerp_mode": "catmullrom"
						}
					}
				},
				"rightleg": {
					"rotation": {
						"0.0": {
							"post": [15, 0, 0],
							"lerp_mode": "catmullrom"
						},
						"0.5": [-20, 0, 0],
						"1.0": [0, 0, 0],
						"1.5": {
							"pre": [22.5, 0, 0],
							"post": [22.5, 0, 0],
							"lerp_mode": "catmullrom"
						},
						"2.0": {
							"post": [15, 0, 0],
							"lerp_mode": "catmullrom"
						}
					},
					"position": {
						"0.0": {
							"post": [0, 2, -1],
							"lerp_mode": "catmullrom"
						},
						"0.5": [0, 0, -1],
						"1.0": [0, 0, 0],
						"1.5": {
							"pre": [0, 0, 0],
							"post": [0, 0, 0],
							"lerp_mode": "catmullrom"
						},
						"2.0": {
							"post": [0, 2, -1],
							"lerp_mode": "catmullrom"
						}
					}
				},
				"leftleg": {
					"rotation": {
						"0.0": [0, 0, 0],
						"0.5": {
							"pre": [22.5, 0, 0],
							"post": [22.5, 0, 0],
							"lerp_mode": "catmullrom"
						},
						"1.0": {
							"post": [15, 0, 0],
							"lerp_mode": "catmullrom"
						},
						"1.5": [-20, 0, 0],
						"2.0": [0, 0, 0]
					},
					"position": {
						"0.0": [0, 0, 0],
						"0.5": {
							"pre": [0, 0, 0],
							"post": [0, 0, 0],
							"lerp_mode": "catmullrom"
						},
						"1.0": {
							"post": [0, 2, -1],
							"lerp_mode": "catmullrom"
						},
						"1.5": [0, 0, -1],
						"2.0": [0, 0, 0]
					}
				}
			}
		},
		"animation.human.idle": {
			"loop": true,
			"animation_length": 4,
			"bones": {
				"waist": {
					"rotation": {
						"0.0": {
							"post": [0.6, 0, 0],
							"lerp_mode": "catmullrom"
						},
						"1.0": {
							"post": [0, 0, 1.5],
							"lerp_mode": "catmullrom"
						},
						"1.8333": [2.5, 0, 0],
						"2.75": {
							"pre": [2.49762, 0.10901, -2.49762],
							"post": [2.49762, 0.10901, -2.49762],
							"lerp_mode": "catmullrom"
						},
						"4.0": {
							"post": [0.6, 0, 0],
							"lerp_mode": "catmullrom"
						}
					},
					"position": {
						"0.0": {
							"post": [0, -0.12, 0],
							"lerp_mode": "catmullrom"
						},
						"0.5": {
							"post": [0, 0, 0],
							"lerp_mode": "catmullrom"
						},
						"2.25": [0, -0.5, 0],
						"2.75": [0, -0.5, 0],
						"4.0": {
							"pre": [0, -0.12, 0],
							"post": [0, -0.12, 0],
							"lerp_mode": "catmullrom"
						}
					}
				},
				"leftArm": {
					"rotation": {
						"0.0": {
							"post": [0, 0, -4.26],
							"lerp_mode": "catmullrom"
						},
						"0.5": {
							"post": [0, 0, -7.29],
							"lerp_mode": "catmullrom"
						},
						"1.1667": {
							"post": [0, 0, -5],
							"lerp_mode": "catmullrom"
						},
						"2.5": {
							"post": [0, 0, 0],
							"lerp_mode": "catmullrom"
						},
						"3.5": {
							"post": [0, 0, -2.5],
							"lerp_mode": "catmullrom"
						},
						"4.0": {
							"post": [0, 0, -4.26],
							"lerp_mode": "catmullrom"
						}
					},
					"position": {
						"0.0": [0, -0.08, 0],
						"1.0": [0, 0, 0],
						"2.5": [0, -0.25, 0],
						"3.5": [0, -0.25, 0],
						"4.0": [0, -0.08, 0]
					}
				},
				"rightArm": {
					"rotation": {
						"0.0": {
							"post": [0, 0, 4.26],
							"lerp_mode": "catmullrom"
						},
						"0.5": {
							"post": [0, 0, 2.34],
							"lerp_mode": "catmullrom"
						},
						"1.1667": {
							"post": [0, 0, 5],
							"lerp_mode": "catmullrom"
						},
						"1.8333": {
							"post": [0, 0, 2.5],
							"lerp_mode": "catmullrom"
						},
						"2.5": {
							"post": [0, 0, 4.75],
							"lerp_mode": "catmullrom"
						},
						"3.25": {
							"post": [0, 0, 2.5],
							"lerp_mode": "catmullrom"
						},
						"4.0": {
							"post": [0, 0, 4.26],
							"lerp_mode": "catmullrom"
						}
					},
					"position": {
						"0.0": [0, -0.08, 0],
						"0.9167": [0, 0, 0],
						"1.8333": [0, -0.25, 0],
						"3.0": [0, -0.25, 0],
						"4.0": [0, -0.08, 0]
					}
				},
				"rightleg": {
					"rotation": [0, 5, 2.5]
				},
				"leftleg": {
					"rotation": [0, -5, -2.5],
					"position": [0, 0, 0]
				}
			}
		},
		"animation.human.jump": {
			"animation_length": 2,
			"bones": {
				"waist": {
					"rotation": {
						"0.0": {
							"post": [0, 0, 0],
							"lerp_mode": "catmullrom"
						},
						"0.125": {
							"post": [12.5, 0, 0],
							"lerp_mode": "catmullrom"
						},
						"0.3333": {
							"post": [2.5, 0, 0],
							"lerp_mode": "catmullrom"
						},
						"2.0": {
							"post": [0, 0, 0],
							"lerp_mode": "catmullrom"
						}
					}
				}
			}
		},
		"animation.human.sprint": {
			"loop": true,
			"animation_length": 2,
			"anim_time_update": "query.anim_time + query.delta_time * (query.ground_speed/1.5) * (query.is_on_ground ? 1.0 : 0.3)",
			"bones": {
				"root": {
					"position": {
						"0.0": {
							"post": [0, 0, 0],
							"lerp_mode": "catmullrom"
						},
						"0.25": [0, 0.58, 0],
						"0.5": {
							"pre": [0, -1, 0],
							"post": [0, -1, 0],
							"lerp_mode": "catmullrom"
						},
						"1.0": {
							"post": [0, 0, 0],
							"lerp_mode": "catmullrom"
						},
						"1.25": [0, 0.65, 0],
						"1.5": {
							"pre": [0, -1, 0],
							"post": [0, -1, 0],
							"lerp_mode": "catmullrom"
						},
						"2.0": {
							"post": [0, 0, 0],
							"lerp_mode": "catmullrom"
						}
					}
				},
				"waist": {
					"rotation": {
						"0.0": {
							"post": [5, 0, 0],
							"lerp_mode": "catmullrom"
						},
						"0.5": {
							"post": [5, 7.5, 0],
							"lerp_mode": "catmullrom"
						},
						"1.0": {
							"post": [5, 0, 0],
							"lerp_mode": "catmullrom"
						},
						"1.5": {
							"post": [5, -7.5, 0],
							"lerp_mode": "catmullrom"
						},
						"2.0": {
							"post": [5, 0, 0],
							"lerp_mode": "catmullrom"
						}
					},
					"position": {
						"0.0": {
							"post": [0, 0, 0],
							"lerp_mode": "catmullrom"
						},
						"0.5": {
							"post": [0, 1, 0],
							"lerp_mode": "catmullrom"
						},
						"0.75": {
							"post": [0, -0.5, 0],
							"lerp_mode": "catmullrom"
						},
						"1.0": {
							"post": [0, 0, 0],
							"lerp_mode": "catmullrom"
						},
						"1.5": {
							"post": [0, 1, 0],
							"lerp_mode": "catmullrom"
						},
						"1.75": {
							"post": [0, -0.44, 0],
							"lerp_mode": "catmullrom"
						},
						"2.0": {
							"post": [0, 0, 0],
							"lerp_mode": "catmullrom"
						}
					}
				},
				"leftArm": {
					"rotation": {
						"0.0": {
							"post": [-4.62111, -1.91135, -22.42287],
							"lerp_mode": "catmullrom"
						},
						"0.5": {
							"post": [-60.72793, 25.09493, -33.02539],
							"lerp_mode": "catmullrom"
						},
						"0.75": {
							"post": [-27.38493, 24.93715, -8.21613],
							"lerp_mode": "catmullrom"
						},
						"1.0": {
							"post": [-5.17819, 16.78085, -9.02706],
							"lerp_mode": "catmullrom"
						},
						"1.5": {
							"post": [35.04256, -0.65182, -7.47178],
							"lerp_mode": "catmullrom"
						},
						"2.0": {
							"post": [-4.62111, -1.91135, -22.42287],
							"lerp_mode": "catmullrom"
						}
					}
				},
				"rightArm": {
					"rotation": {
						"0.0": {
							"post": [0, -7.5, 7.5],
							"lerp_mode": "catmullrom"
						},
						"0.5": {
							"post": [42.5, 0, 7.5],
							"lerp_mode": "catmullrom"
						},
						"1.0": {
							"post": [0, 0, 17.5],
							"lerp_mode": "catmullrom"
						},
						"1.5": {
							"post": [-74.90323, -33.48798, 54.04851],
							"lerp_mode": "catmullrom"
						},
						"1.75": {
							"post": [-24.11479, -33.13588, 17.02565],
							"lerp_mode": "catmullrom"
						},
						"2.0": {
							"post": [0, -7.5, 7.5],
							"lerp_mode": "catmullrom"
						}
					}
				},
				"rightleg": {
					"rotation": {
						"0.0": {
							"post": [12.5, 0, 0],
							"lerp_mode": "catmullrom"
						},
						"0.5": [-20, 0, 0],
						"1.0": [0, 0, 0],
						"1.5": {
							"pre": [42.5, 0, 0],
							"post": [42.5, 0, 0],
							"lerp_mode": "catmullrom"
						},
						"2.0": {
							"post": [12.5, 0, 0],
							"lerp_mode": "catmullrom"
						}
					},
					"position": {
						"0.0": {
							"post": [0, 3, 0],
							"lerp_mode": "catmullrom"
						},
						"0.5": [0, 1, -2],
						"1.0": [0, 0, 0],
						"1.5": {
							"pre": [0, 0, 1],
							"post": [0, 0, 1],
							"lerp_mode": "catmullrom"
						},
						"2.0": {
							"post": [0, 3, 0],
							"lerp_mode": "catmullrom"
						}
					}
				},
				"leftleg": {
					"rotation": {
						"0.0": [0, 0, 0],
						"0.5": {
							"pre": [37.5, 0, 0],
							"post": [37.5, 0, 0],
							"lerp_mode": "catmullrom"
						},
						"1.0": {
							"post": [12.5, 0, 0],
							"lerp_mode": "catmullrom"
						},
						"1.5": [-20, 0, 0],
						"2.0": [0, 0, 0]
					},
					"position": {
						"0.0": [0, 0, 0],
						"0.5": {
							"pre": [0, 0, 1],
							"post": [0, 0, 1],
							"lerp_mode": "catmullrom"
						},
						"1.0": {
							"post": [0, 3, 0],
							"lerp_mode": "catmullrom"
						},
						"1.5": [0, 1, -2],
						"2.0": [0, 0, 0]
					}
				}
			}
		},
		"animation.human.look_at_target": {
			"loop": true,
			"bones": {
				"left_arm": {
					"rotation": ["-query.target_x_rotation * 0.35", 0, 0]
				},
				"right_arm": {
					"rotation": ["-query.target_x_rotation * 0.3", 0, 0]
				},
				"waist": {
					"rotation": ["query.target_x_rotation * 0.4", "query.target_y_rotation * 0.15", 0]
				},
				"head": {
					"rotation": ["query.target_x_rotation * 0.6", "query.target_y_rotation * 0.85", "query.target_y_rotation * 0.1"]
				}
			}
		},
		"animation.plunger.attack": {
			"animation_length": 1.5,
			"bones": {
				"waist": {
					"rotation": {
						"0.0": [0, 0, 0],
						"0.25": {
							"pre": [-5, 0, 0],
							"post": [-5, 0, 0],
							"lerp_mode": "catmullrom"
						},
						"0.5417": {
							"post": [-5, 0, 0],
							"lerp_mode": "catmullrom"
						},
						"0.75": {
							"post": [22.59, 0, 0],
							"lerp_mode": "catmullrom"
						},
						"1.5": [0, 0, 0]
					}
				},
				"head": {
					"rotation": {
						"0.0": {
							"post": [0, 0, 0],
							"lerp_mode": "catmullrom"
						},
						"0.2083": {
							"post": [17.5, 0, 0],
							"lerp_mode": "catmullrom"
						},
						"1.0417": {
							"post": [17.5, 0, 0],
							"lerp_mode": "catmullrom"
						},
						"1.5": {
							"post": [0, 0, 0],
							"lerp_mode": "catmullrom"
						}
					}
				},
				"leftArm": {
					"rotation": {
						"0.0": [0, 0, 0],
						"0.2917": {
							"pre": [-157.98184, -4.75113, 11.57518],
							"post": [-157.98184, -4.75113, 11.57518],
							"lerp_mode": "catmullrom"
						},
						"0.5833": {
							"post": [-157.98184, -4.75113, 11.57518],
							"lerp_mode": "catmullrom"
						},
						"0.7083": [-118.14195, 3.1497, -4.24231],
						"1.0": {
							"pre": [-157.98184, -4.75113, 11.57518],
							"post": [-157.98184, -4.75113, 11.57518],
							"lerp_mode": "catmullrom"
						},
						"1.5": [0, 0, 0]
					}
				},
				"plunger": {
					"rotation": {
						"0.0": [0, 0, 0],
						"0.3333": {
							"pre": [180, 0, 0],
							"post": [180, 0, 0],
							"lerp_mode": "catmullrom"
						},
						"0.7083": {
							"post": [170.55, 0, 0],
							"lerp_mode": "catmullrom"
						},
						"1.0417": {
							"post": [180, 0, 0],
							"lerp_mode": "catmullrom"
						},
						"1.5": {
							"post": [0, 0, 0],
							"lerp_mode": "catmullrom"
						}
					}
				}
			}
		},
		"animation.plunger.attack2": {
			"animation_length": 1.5,
			"bones": {
				"waist": {
					"rotation": {
						"0.0": [0, 0, 0],
						"0.25": {
							"pre": [-5.17544, 14.94159, -1.3378],
							"post": [-5.17544, 14.94159, -1.3378],
							"lerp_mode": "catmullrom"
						},
						"0.5417": {
							"post": [-5.17544, 14.94159, -1.3378],
							"lerp_mode": "catmullrom"
						},
						"0.75": {
							"post": [10.56887, -17.22081, -3.16173],
							"lerp_mode": "catmullrom"
						},
						"1.5": [0, 0, 0]
					}
				},
				"head": {
					"rotation": {
						"0.0": {
							"post": [0, 0, 0],
							"lerp_mode": "catmullrom"
						},
						"0.2083": {
							"post": [18.29388, -16.66577, -5.41615],
							"lerp_mode": "catmullrom"
						},
						"0.5": {
							"post": [17.89807, -11.91276, -3.81397],
							"lerp_mode": "catmullrom"
						},
						"0.8333": {
							"post": [11.1462, 17.83336, 3.66209],
							"lerp_mode": "catmullrom"
						},
						"1.5": {
							"post": [0, 0, 0],
							"lerp_mode": "catmullrom"
						}
					}
				},
				"rightArm": {
					"rotation": {
						"0.0": {
							"post": [0, 0, 0],
							"lerp_mode": "catmullrom"
						},
						"0.2083": {
							"post": [29.21946, 0.32917, 22.04296],
							"lerp_mode": "catmullrom"
						},
						"0.5417": {
							"post": [29.22, 0.33, 22.04],
							"lerp_mode": "catmullrom"
						},
						"0.7083": {
							"post": [-50.98735, -4.4058, 27.86103],
							"lerp_mode": "catmullrom"
						},
						"1.0": {
							"post": [-50.99, -4.41, 27.86],
							"lerp_mode": "catmullrom"
						},
						"1.5": {
							"post": [0, 0, 0],
							"lerp_mode": "catmullrom"
						}
					}
				},
				"plunger2": {
					"rotation": {
						"0.0": [0, 0, 0],
						"0.5417": {
							"pre": [0, 0, 0],
							"post": [0, 0, 0],
							"lerp_mode": "catmullrom"
						},
						"0.7083": {
							"post": [52.5, 0, 0],
							"lerp_mode": "catmullrom"
						},
						"1.0": {
							"post": [52.5, 0, 0],
							"lerp_mode": "catmullrom"
						},
						"1.25": [0, 0, 0],
						"1.5": [0, 0, 0]
					}
				}
			}
		},
		"animation.human.leap": {
			"loop": true,
			"bones": {
				"root": {
					"rotation": [57.5, 0, 0],
					"position": [0, 10, 12]
				},
				"waist": {
					"rotation": [-7.5, 0, 0]
				},
				"head": {
					"rotation": [-27.5, 0, 0]
				},
				"leftArm": {
					"rotation": [-121.35696, -32.19063, -1.5831]
				},
				"plunger": {
					"rotation": [177.46148, -9.99038, 0.44067]
				},
				"rightArm": {
					"rotation": [-112.05157, 24.11509, 10.91959]
				},
				"plunger2": {
					"rotation": [169.91547, 7.38542, -1.30962]
				},
				"rightleg": {
					"rotation": [20, 0, 0]
				},
				"leftleg": {
					"rotation": [37.5, 0, 0]
				}
			}
		},
		"animation.human.fly": {
			"loop": true,
			"animation_length": 2,
			"bones": {
				"root": {
					"rotation": [77.5, 0, 0],
					"position": [0, 20, 15]
				},
				"head": {
					"rotation": [-52.5, 0, 0]
				},
				"leftArm": {
					"rotation": [-121.35696, -32.19063, -1.5831]
				},
				"plunger": {
					"rotation": [177.46148, -9.99038, 0.44067]
				},
				"rightArm": {
					"rotation": [-112.05157, 24.11509, 10.91959]
				},
				"plunger2": {
					"rotation": [169.91547, 7.38542, -1.30962]
				},
				"rightleg": {
					"rotation": [12.5, 0, 0]
				},
				"leftleg": {
					"rotation": [-12.5, 0, 0]
				}
			},
			"particle_effects": {
				"0.0": {
					"effect": "rocket_flame",
					"locator": "thrust"
				},
				"0.0833": {
					"effect": "rocket_flame",
					"locator": "thrust2"
				}
			}
		}
	}
}