{
	"format_version": "1.12.0",
	"minecraft:geometry": [
		{
			"description": {
				"identifier": "geometry.gojidraw_g_clone_laser",
				"texture_width": 256,
				"texture_height": 256,
				"visible_bounds_width": 3752,
				"visible_bounds_height": 9,
				"visible_bounds_offset": [0, 2.5, 0]
			},
			"bones": [
				{
					"name": "Toilet",
					"pivot": [3, 4, 0],
					"cubes": [
						{"origin": [-11, 1, -9], "size": [22, 7, 25], "uv": [0, 0]},
						{"origin": [-8, 8, -9], "size": [16, 7, 4], "pivot": [0, 8, -9], "rotation": [-35, 0, 0], "uv": [62, 47]},
						{"origin": [-8, 8, 12], "size": [16, 7, 4], "pivot": [0, 8, 16], "rotation": [35, 0, 0], "uv": [62, 47]},
						{"origin": [8, 8, -5], "size": [3, 7, 17], "pivot": [11, 8, 4], "rotation": [0, 0, -27.5], "uv": [109, 71]},
						{"origin": [-11, 8, -5], "size": [3, 7, 17], "pivot": [-11, 8, 4], "rotation": [0, 0, 27.5], "uv": [109, 71], "mirror": true},
						{"origin": [-8, 11, -5], "size": [16, 7, 17], "uv": [60, 63]},
						{"origin": [-9, 18, -6], "size": [18, 5, 26], "uv": [0, 32]},
						{"origin": [3, 18.05, -12], "size": [9, 5, 5], "pivot": [3, 18.5, -12], "rotation": [0, -47.5, 0], "uv": [151, 90]},
						{"origin": [-12, 18.05, -12], "size": [9, 5, 5], "pivot": [-3, 18.5, -12], "rotation": [0, 47.5, 0], "uv": [20, 115]},
						{"origin": [-3, 18, -12], "size": [6, 5, 6], "uv": [152, 108]},
						{"origin": [-3, 25, -14], "size": [6, 7, 5], "uv": [159, 139]},
						{"origin": [-3, 18, -14], "size": [6, 7, 5], "pivot": [0, 25, -14], "rotation": [12.5, 0, 0], "uv": [24, 158]},
						{"origin": [8, 25, -4], "size": [4, 7, 11], "uv": [86, 144]},
						{"origin": [-12, 25, -4], "size": [4, 7, 11], "uv": [86, 144], "mirror": true},
						{"origin": [8, 25, 7], "size": [4, 7, 15], "pivot": [12, 32, 7], "rotation": [0, -12.5, 0], "uv": [121, 126]},
						{"origin": [-12, 25, 7], "size": [4, 7, 15], "pivot": [-12, 32, 7], "rotation": [0, 12.5, 0], "uv": [121, 126], "mirror": true},
						{"origin": [8, 18, 7], "size": [4, 7, 17], "pivot": [12, 25, 7], "rotation": [-4.3361, -11.73507, 20.44582], "uv": [109, 47]},
						{"origin": [-12, 18, 7], "size": [4, 7, 17], "pivot": [-12, 25, 7], "rotation": [-4.3361, 11.73507, -20.44582], "uv": [106, 7]},
						{"origin": [8, 18, -4], "size": [4, 7, 11], "pivot": [12, 25, 11], "rotation": [0, 0, 20], "uv": [141, 36]},
						{"origin": [-12, 18, -4], "size": [4, 7, 11], "pivot": [-12, 25, 11], "rotation": [0, 0, -20], "uv": [34, 140]},
						{"origin": [-1.11139, 24.95, -14.18392], "size": [4, 7, 13.9], "pivot": [3, 30, -14], "rotation": [0, 41.9, 0], "uv": [63, 131]},
						{"origin": [-2.88861, 24.95, -14.18392], "size": [4, 7, 13.9], "pivot": [-3, 30, -14], "rotation": [0, -41.9, 0], "uv": [63, 131], "mirror": true},
						{"origin": [-2.85103, 23.0727, -14], "size": [4, 2, 13.5], "pivot": [-3, 25, -14], "rotation": [11.86159, -40.47443, -16.83966], "uv": [89, 47]},
						{"origin": [-1.14897, 23.0727, -14], "size": [4, 2, 13.5], "pivot": [3, 25, -14], "rotation": [11.86159, 40.47443, 16.83966], "uv": [89, 47], "mirror": true},
						{"origin": [-2.85103, 21.0727, -14], "size": [4, 2, 12.8], "pivot": [-3, 25, -14], "rotation": [11.86159, -40.47443, -16.83966], "uv": [58, 115]},
						{"origin": [-1.14897, 21.0727, -14], "size": [4, 2, 12.8], "pivot": [3, 25, -14], "rotation": [11.86159, 40.47443, 16.83966], "uv": [58, 115], "mirror": true},
						{"origin": [-2.85103, 19.0727, -13], "size": [4, 2, 11.5], "pivot": [-3, 25, -14], "rotation": [11.86159, -40.47443, -16.83966], "uv": [142, 20]},
						{"origin": [-1.14897, 19.0727, -13], "size": [4, 2, 11.5], "pivot": [3, 25, -14], "rotation": [11.86159, 40.47443, 16.83966], "uv": [142, 20], "mirror": true}
					]
				},
				{
					"name": "shield_front",
					"parent": "Toilet",
					"pivot": [0.5, 27, -7],
					"rotation": [89.99999, -82.5, -89.99999],
					"cubes": [
						{"origin": [-7.15526, 21.78555, -13.8], "size": [7.8, 1.3, 1.3], "uv": [60, 78]},
						{"origin": [-10.4102, 18.75807, -15.72], "size": [1.24, 6.44, 18.14], "inflate": -0.1, "pivot": [0.65, 33, -10.3], "rotation": [0, 0, -12.5], "uv": [38, 115]},
						{"origin": [-6.5, 22.59433, -15.75], "size": [1.3, 11.7, 18.2], "pivot": [-5.84494, 38.44434, -9.65], "rotation": [0, 0, 7.5], "uv": [0, 107]},
						{"origin": [-7.15526, 21.78555, -0.8], "size": [7.8, 1.3, 1.3], "uv": [60, 78]}
					]
				},
				{
					"name": "Right_small_laser",
					"parent": "Toilet",
					"pivot": [12, 16.27778, -4.46667],
					"cubes": [
						{"origin": [11.49239, 11.67431, 10], "size": [7, 7, 6], "uv": [151, 54]},
						{"origin": [5.49239, 14.67431, 12], "size": [6, 3, 2], "uv": [20, 107]},
						{"origin": [12.49239, 12.67431, 6], "size": [5, 5, 7], "pivot": [14.99239, 15.17431, -15], "rotation": [0, 0, 45], "uv": [57, 151], "mirror": true},
						{"origin": [12.49239, 12.67431, -1], "size": [5, 5, 6], "pivot": [14.99239, 15.17431, -10], "rotation": [0, 0, 45], "uv": [160, 33]},
						{"origin": [13.6, 13.6, -23], "size": [2.8, 2.8, 9], "pivot": [14.99239, 15.17431, -40], "rotation": [0, 0, 45], "uv": [72, 154]},
						{"origin": [13.6, 13.6, -21], "size": [2.8, 2.8, 0], "pivot": [14.99239, 15.17431, -40], "rotation": [0, 0, 45], "uv": [18, 2]},
						{"origin": [13.5, 13.5, -14], "size": [3, 3, 25], "pivot": [14.99239, 15.17431, -15], "rotation": [0, 0, 45], "uv": [35, 87]}
					]
				},
				{
					"name": "left_laser2",
					"parent": "Right_small_laser",
					"pivot": [14.99239, 15, -17],
					"cubes": [
						{"origin": [14.49239, 14.5, -20], "size": [1, 1, 6], "pivot": [14.99239, 15, -18], "rotation": [0, 0, -45], "uv": [0, 107], "mirror": true}
					]
				},
				{
					"name": "Right_small_laser2",
					"parent": "Toilet",
					"pivot": [16, 27.27778, -1.46667],
					"cubes": [
						{"origin": [15.49239, 22.67431, 13], "size": [7, 7, 6], "uv": [151, 54]},
						{"origin": [9.49239, 25.67431, 15], "size": [6, 3, 2], "uv": [20, 107]},
						{"origin": [16.49239, 23.67431, 9], "size": [5, 5, 7], "pivot": [18.99239, 26.17431, -12], "rotation": [0, 0, 45], "uv": [57, 151], "mirror": true},
						{"origin": [16.49239, 23.67431, 2], "size": [5, 5, 6], "pivot": [18.99239, 26.17431, -7], "rotation": [0, 0, 45], "uv": [160, 33]},
						{"origin": [17.6, 24.6, -20], "size": [2.8, 2.8, 9], "pivot": [18.99239, 26.17431, -37], "rotation": [0, 0, 45], "uv": [72, 154]},
						{"origin": [17.6, 24.6, -18], "size": [2.8, 2.8, 0], "pivot": [18.99239, 26.17431, -37], "rotation": [0, 0, 45], "uv": [18, 2]},
						{"origin": [17.5, 24.5, -11], "size": [3, 3, 25], "pivot": [18.99239, 26.17431, -12], "rotation": [0, 0, 45], "uv": [35, 87]}
					]
				},
				{
					"name": "left_laser3",
					"parent": "Right_small_laser2",
					"pivot": [18.99239, 26, -14],
					"cubes": [
						{"origin": [18.49239, 25.5, -17], "size": [1, 1, 6], "pivot": [18.99239, 26, -15], "rotation": [0, 0, -45], "uv": [0, 107], "mirror": true}
					]
				},
				{
					"name": "Right_small_laser3",
					"parent": "Toilet",
					"pivot": [18, 37.27778, 0.53333],
					"rotation": [0, 0, -7.5],
					"cubes": [
						{"origin": [17.49239, 32.67431, 15], "size": [7, 7, 6], "uv": [151, 54]},
						{"origin": [11.49239, 35.67431, 17], "size": [6, 3, 2], "uv": [20, 107]},
						{"origin": [18.49239, 33.67431, 11], "size": [5, 5, 7], "pivot": [20.99239, 36.17431, -10], "rotation": [0, 0, 45], "uv": [57, 151], "mirror": true},
						{"origin": [18.49239, 33.67431, 4], "size": [5, 5, 6], "pivot": [20.99239, 36.17431, -5], "rotation": [0, 0, 45], "uv": [160, 33]},
						{"origin": [19.6, 34.6, -18], "size": [2.8, 2.8, 9], "pivot": [20.99239, 36.17431, -35], "rotation": [0, 0, 45], "uv": [72, 154]},
						{"origin": [19.6, 34.6, -16], "size": [2.8, 2.8, 0], "pivot": [20.99239, 36.17431, -35], "rotation": [0, 0, 45], "uv": [18, 2]},
						{"origin": [19.5, 34.5, -9], "size": [3, 3, 25], "pivot": [20.99239, 36.17431, -10], "rotation": [0, 0, 45], "uv": [35, 87]}
					]
				},
				{
					"name": "left_laser4",
					"parent": "Right_small_laser3",
					"pivot": [20.99239, 36, -12],
					"cubes": [
						{"origin": [20.49239, 35.5, -15], "size": [1, 1, 6], "pivot": [20.99239, 36, -13], "rotation": [0, 0, -45], "uv": [0, 107], "mirror": true}
					]
				},
				{
					"name": "Left_small_laser3",
					"parent": "Toilet",
					"pivot": [-18, 37.27778, 0.53333],
					"rotation": [0, 0, 7.5],
					"cubes": [
						{"origin": [-24.49239, 32.67431, 15], "size": [7, 7, 6], "uv": [151, 54], "mirror": true},
						{"origin": [-17.49239, 35.67431, 17], "size": [6, 3, 2], "uv": [20, 107], "mirror": true},
						{"origin": [-23.49239, 33.67431, 11], "size": [5, 5, 7], "pivot": [-20.99239, 36.17431, -10], "rotation": [0, 0, -45], "uv": [57, 151]},
						{"origin": [-23.49239, 33.67431, 4], "size": [5, 5, 6], "pivot": [-20.99239, 36.17431, -5], "rotation": [0, 0, -45], "uv": [160, 33], "mirror": true},
						{"origin": [-22.4, 34.6, -18], "size": [2.8, 2.8, 9], "pivot": [-20.99239, 36.17431, -35], "rotation": [0, 0, -45], "uv": [72, 154], "mirror": true},
						{"origin": [-22.4, 34.6, -16], "size": [2.8, 2.8, 0], "pivot": [-20.99239, 36.17431, -35], "rotation": [0, 0, -45], "uv": [18, 2], "mirror": true},
						{"origin": [-22.5, 34.5, -9], "size": [3, 3, 25], "pivot": [-20.99239, 36.17431, -10], "rotation": [0, 0, -45], "uv": [35, 87], "mirror": true}
					]
				},
				{
					"name": "right_laser4",
					"parent": "Left_small_laser3",
					"pivot": [-20.99239, 36, -12],
					"cubes": [
						{"origin": [-21.49239, 35.5, -15], "size": [1, 1, 6], "pivot": [-20.99239, 36, -13], "rotation": [0, 0, 45], "uv": [0, 107]}
					]
				},
				{
					"name": "Right_small_laser4",
					"parent": "Toilet",
					"pivot": [17, 50.27778, 2.53333],
					"rotation": [0, 0, -17.5],
					"cubes": [
						{"origin": [16.49239, 45.67431, 17], "size": [7, 7, 6], "uv": [151, 54]},
						{"origin": [10.49239, 48.67431, 19], "size": [6, 3, 2], "uv": [20, 107]},
						{"origin": [17.49239, 46.67431, 13], "size": [5, 5, 7], "pivot": [19.99239, 49.17431, -8], "rotation": [0, 0, 45], "uv": [57, 151], "mirror": true},
						{"origin": [17.49239, 46.67431, 6], "size": [5, 5, 6], "pivot": [19.99239, 49.17431, -3], "rotation": [0, 0, 45], "uv": [160, 33]},
						{"origin": [18.6, 47.6, -16], "size": [2.8, 2.8, 9], "pivot": [19.99239, 49.17431, -33], "rotation": [0, 0, 45], "uv": [72, 154]},
						{"origin": [18.6, 47.6, -14], "size": [2.8, 2.8, 0], "pivot": [19.99239, 49.17431, -33], "rotation": [0, 0, 45], "uv": [18, 2]},
						{"origin": [18.5, 47.5, -7], "size": [3, 3, 25], "pivot": [19.99239, 49.17431, -8], "rotation": [0, 0, 45], "uv": [35, 87]}
					]
				},
				{
					"name": "left_laser5",
					"parent": "Right_small_laser4",
					"pivot": [19.99239, 49, -10],
					"cubes": [
						{"origin": [19.49239, 48.5, -13], "size": [1, 1, 6], "pivot": [19.99239, 49, -11], "rotation": [0, 0, -45], "uv": [0, 107], "mirror": true}
					]
				},
				{
					"name": "Left_small_laser4",
					"parent": "Toilet",
					"pivot": [-17, 50.27778, 2.53333],
					"rotation": [0, 0, 17.5],
					"cubes": [
						{"origin": [-23.49239, 45.67431, 17], "size": [7, 7, 6], "uv": [151, 54], "mirror": true},
						{"origin": [-16.49239, 48.67431, 19], "size": [6, 3, 2], "uv": [20, 107], "mirror": true},
						{"origin": [-22.49239, 46.67431, 13], "size": [5, 5, 7], "pivot": [-19.99239, 49.17431, -8], "rotation": [0, 0, -45], "uv": [57, 151]},
						{"origin": [-22.49239, 46.67431, 6], "size": [5, 5, 6], "pivot": [-19.99239, 49.17431, -3], "rotation": [0, 0, -45], "uv": [160, 33], "mirror": true},
						{"origin": [-21.4, 47.6, -16], "size": [2.8, 2.8, 9], "pivot": [-19.99239, 49.17431, -33], "rotation": [0, 0, -45], "uv": [72, 154], "mirror": true},
						{"origin": [-21.4, 47.6, -14], "size": [2.8, 2.8, 0], "pivot": [-19.99239, 49.17431, -33], "rotation": [0, 0, -45], "uv": [18, 2], "mirror": true},
						{"origin": [-21.5, 47.5, -7], "size": [3, 3, 25], "pivot": [-19.99239, 49.17431, -8], "rotation": [0, 0, -45], "uv": [35, 87], "mirror": true}
					]
				},
				{
					"name": "right_laser5",
					"parent": "Left_small_laser4",
					"pivot": [-19.99239, 49, -10],
					"cubes": [
						{"origin": [-20.49239, 48.5, -13], "size": [1, 1, 6], "pivot": [-19.99239, 49, -11], "rotation": [0, 0, 45], "uv": [0, 107]}
					]
				},
				{
					"name": "Right_small_laser5",
					"parent": "Toilet",
					"pivot": [11, 57.27778, 3.53333],
					"rotation": [0, 0, -47.5],
					"cubes": [
						{"origin": [10.49239, 52.67431, 18], "size": [7, 7, 6], "uv": [151, 54]},
						{"origin": [4.49239, 55.67431, 20], "size": [6, 3, 2], "uv": [20, 107]},
						{"origin": [11.49239, 53.67431, 14], "size": [5, 5, 7], "pivot": [13.99239, 56.17431, -7], "rotation": [0, 0, 45], "uv": [57, 151], "mirror": true},
						{"origin": [11.49239, 53.67431, 7], "size": [5, 5, 6], "pivot": [13.99239, 56.17431, -2], "rotation": [0, 0, 45], "uv": [160, 33]},
						{"origin": [12.6, 54.6, -15], "size": [2.8, 2.8, 9], "pivot": [13.99239, 56.17431, -32], "rotation": [0, 0, 45], "uv": [72, 154]},
						{"origin": [12.6, 54.6, -13], "size": [2.8, 2.8, 0], "pivot": [13.99239, 56.17431, -32], "rotation": [0, 0, 45], "uv": [18, 2]},
						{"origin": [12.5, 54.5, -6], "size": [3, 3, 25], "pivot": [13.99239, 56.17431, -7], "rotation": [0, 0, 45], "uv": [35, 87]}
					]
				},
				{
					"name": "left_laser6",
					"parent": "Right_small_laser5",
					"pivot": [13.99239, 56, -9],
					"cubes": [
						{"origin": [13.49239, 55.5, -12], "size": [1, 1, 6], "pivot": [13.99239, 56, -10], "rotation": [0, 0, -45], "uv": [0, 107], "mirror": true}
					]
				},
				{
					"name": "Right_small_laser6",
					"parent": "Toilet",
					"pivot": [-2, 64.27778, 3.53333],
					"cubes": [
						{"origin": [-2.50761, 59.67431, 18], "size": [7, 7, 6], "uv": [151, 54]},
						{"origin": [-1.50761, 54.67431, 20], "size": [5, 5, 3], "uv": [60, 70]},
						{"origin": [-1.50761, 60.67431, 14], "size": [5, 5, 7], "pivot": [0.99239, 63.17431, -7], "rotation": [0, 0, 45], "uv": [57, 151], "mirror": true},
						{"origin": [-1.50761, 60.67431, 7], "size": [5, 5, 6], "pivot": [0.99239, 63.17431, -2], "rotation": [0, 0, 45], "uv": [160, 33]},
						{"origin": [-0.4, 61.6, -15], "size": [2.8, 2.8, 9], "pivot": [0.99239, 63.17431, -32], "rotation": [0, 0, 45], "uv": [72, 154]},
						{"origin": [-0.4, 61.6, -13], "size": [2.8, 2.8, 0], "pivot": [0.99239, 63.17431, -32], "rotation": [0, 0, 45], "uv": [18, 2]},
						{"origin": [-0.5, 61.5, -6], "size": [3, 3, 25], "pivot": [0.99239, 63.17431, -7], "rotation": [0, 0, 45], "uv": [35, 87]}
					]
				},
				{
					"name": "left_laser7",
					"parent": "Right_small_laser6",
					"pivot": [0.99239, 63, -9],
					"cubes": [
						{"origin": [0.49239, 62.5, -12], "size": [1, 1, 6], "pivot": [0.99239, 63, -10], "rotation": [0, 0, -45], "uv": [0, 107], "mirror": true}
					]
				},
				{
					"name": "Left_small_laser5",
					"parent": "Toilet",
					"pivot": [-11, 57.27778, 3.53333],
					"rotation": [0, 0, 47.5],
					"cubes": [
						{"origin": [-17.49239, 52.67431, 18], "size": [7, 7, 6], "uv": [151, 54], "mirror": true},
						{"origin": [-10.49239, 55.67431, 20], "size": [6, 3, 2], "uv": [20, 107], "mirror": true},
						{"origin": [-16.49239, 53.67431, 14], "size": [5, 5, 7], "pivot": [-13.99239, 56.17431, -7], "rotation": [0, 0, -45], "uv": [57, 151]},
						{"origin": [-16.49239, 53.67431, 7], "size": [5, 5, 6], "pivot": [-13.99239, 56.17431, -2], "rotation": [0, 0, -45], "uv": [160, 33], "mirror": true},
						{"origin": [-15.4, 54.6, -15], "size": [2.8, 2.8, 9], "pivot": [-13.99239, 56.17431, -32], "rotation": [0, 0, -45], "uv": [72, 154], "mirror": true},
						{"origin": [-15.4, 54.6, -13], "size": [2.8, 2.8, 0], "pivot": [-13.99239, 56.17431, -32], "rotation": [0, 0, -45], "uv": [18, 2], "mirror": true},
						{"origin": [-15.5, 54.5, -6], "size": [3, 3, 25], "pivot": [-13.99239, 56.17431, -7], "rotation": [0, 0, -45], "uv": [35, 87], "mirror": true}
					]
				},
				{
					"name": "right_laser6",
					"parent": "Left_small_laser5",
					"pivot": [-13.99239, 56, -9],
					"cubes": [
						{"origin": [-14.49239, 55.5, -12], "size": [1, 1, 6], "pivot": [-13.99239, 56, -10], "rotation": [0, 0, 45], "uv": [0, 107]}
					]
				},
				{
					"name": "Left_small_laser2",
					"parent": "Toilet",
					"pivot": [-16, 28.27778, -1.46667],
					"cubes": [
						{"origin": [-22.49239, 23.67431, 13], "size": [7, 7, 6], "uv": [151, 54], "mirror": true},
						{"origin": [-15.49239, 26.67431, 15], "size": [6, 3, 2], "uv": [20, 107], "mirror": true},
						{"origin": [-21.49239, 24.67431, 9], "size": [5, 5, 7], "pivot": [-18.99239, 27.17431, -12], "rotation": [0, 0, -45], "uv": [57, 151]},
						{"origin": [-21.49239, 24.67431, 2], "size": [5, 5, 6], "pivot": [-18.99239, 27.17431, -7], "rotation": [0, 0, -45], "uv": [160, 33], "mirror": true},
						{"origin": [-20.4, 25.6, -20], "size": [2.8, 2.8, 9], "pivot": [-18.99239, 27.17431, -37], "rotation": [0, 0, -45], "uv": [72, 154], "mirror": true},
						{"origin": [-20.4, 25.6, -18], "size": [2.8, 2.8, 0], "pivot": [-18.99239, 27.17431, -37], "rotation": [0, 0, -45], "uv": [18, 2], "mirror": true},
						{"origin": [-20.5, 25.5, -11], "size": [3, 3, 25], "pivot": [-18.99239, 27.17431, -12], "rotation": [0, 0, -45], "uv": [35, 87], "mirror": true}
					]
				},
				{
					"name": "right_laser3",
					"parent": "Left_small_laser2",
					"pivot": [-18.99239, 27, -14],
					"cubes": [
						{"origin": [-19.49239, 26.5, -17], "size": [1, 1, 6], "pivot": [-18.99239, 27, -15], "rotation": [0, 0, 45], "uv": [0, 107]}
					]
				},
				{
					"name": "Left_small_laser",
					"parent": "Toilet",
					"pivot": [-12, 16.27778, -4.46667],
					"cubes": [
						{"origin": [-18.49239, 11.67431, 10], "size": [7, 7, 6], "uv": [151, 54], "mirror": true},
						{"origin": [-11.49239, 14.67431, 12], "size": [6, 3, 2], "uv": [20, 107], "mirror": true},
						{"origin": [-17.49239, 12.67431, 6], "size": [5, 5, 7], "pivot": [-14.99239, 15.17431, -15], "rotation": [0, 0, -45], "uv": [57, 151]},
						{"origin": [-17.49239, 12.67431, -1], "size": [5, 5, 6], "pivot": [-14.99239, 15.17431, -10], "rotation": [0, 0, -45], "uv": [160, 33], "mirror": true},
						{"origin": [-16.4, 13.6, -23], "size": [2.8, 2.8, 9], "pivot": [-14.99239, 15.17431, -40], "rotation": [0, 0, -45], "uv": [72, 154], "mirror": true},
						{"origin": [-16.4, 13.6, -21], "size": [2.8, 2.8, 0], "pivot": [-14.99239, 15.17431, -40], "rotation": [0, 0, -45], "uv": [18, 2], "mirror": true},
						{"origin": [-16.5, 13.5, -14], "size": [3, 3, 25], "pivot": [-14.99239, 15.17431, -15], "rotation": [0, 0, -45], "uv": [35, 87], "mirror": true}
					]
				},
				{
					"name": "right_laser2",
					"parent": "Left_small_laser",
					"pivot": [-14.99239, 15, -17],
					"cubes": [
						{"origin": [-15.49239, 14.5, -20], "size": [1, 1, 6], "pivot": [-14.99239, 15, -18], "rotation": [0, 0, 45], "uv": [0, 107]}
					]
				},
				{
					"name": "Back",
					"parent": "Toilet",
					"pivot": [-0.1, 19.5074, 15.5],
					"rotation": [-5, 0, 0],
					"cubes": [
						{"origin": [4.085, 21.52241, 14.96], "size": [6.75, 31.05, 9.18], "pivot": [10.835, 21.52241, 19.55], "rotation": [0, 0, 12.5], "uv": [30, 67]},
						{"origin": [-10.835, 21.52241, 14.96], "size": [6.75, 31.05, 9.18], "pivot": [-10.835, 21.52241, 19.55], "rotation": [0, 0, -12.5], "uv": [30, 67], "mirror": true},
						{"origin": [-17.515, 49.87241, 14.15], "size": [35.1, 5.4, 10.8], "uv": [62, 32]},
						{"origin": [-10.765, 18.82241, 14.825], "size": [21.6, 35.1, 9.45], "uv": [0, 63]}
					]
				},
				{
					"name": "B",
					"parent": "Back",
					"pivot": [0.035, 55.27241, 19.55]
				},
				{
					"name": "Jetpack",
					"parent": "Toilet",
					"pivot": [10.30793, 46.375, 22.90035],
					"cubes": [
						{"origin": [20, 38, 20], "size": [6, 15, 6], "uv": [0, 0]},
						{"origin": [2, 47, 19], "size": [18, 4, 3], "pivot": [1.5, 49, 24], "rotation": [0, -10, 0], "uv": [132, 71]},
						{"origin": [2, 39, 19], "size": [18, 4, 3], "pivot": [1.5, 41, 24], "rotation": [0, -10, 0], "uv": [132, 71]},
						{"origin": [20, 14, 20], "size": [6, 12, 6], "uv": [136, 148]},
						{"origin": [20.5, 20, 20.5], "size": [5, 18, 5], "uv": [116, 148]},
						{"origin": [19.5, 51, 19.5], "size": [7, 5, 7], "uv": [149, 78]},
						{"origin": [19.5, 19, 19.5], "size": [7, 6, 7], "uv": [144, 126]}
					],
					"locators": {
						"e4": {
							"offset": [23, 17, 23],
							"rotation": [172.5, 0, 0]
						}
					}
				},
				{
					"name": "Jetpack2",
					"parent": "Toilet",
					"pivot": [-10.30793, 46.375, 22.90035],
					"cubes": [
						{"origin": [-26, 38, 20], "size": [6, 15, 6], "uv": [0, 0], "mirror": true},
						{"origin": [-20, 47, 19], "size": [18, 4, 3], "pivot": [-1.5, 49, 24], "rotation": [0, 10, 0], "uv": [132, 71], "mirror": true},
						{"origin": [-20, 39, 19], "size": [18, 4, 3], "pivot": [-1.5, 41, 24], "rotation": [0, 10, 0], "uv": [132, 71], "mirror": true},
						{"origin": [-26, 14, 20], "size": [6, 12, 6], "uv": [136, 148], "mirror": true},
						{"origin": [-25.5, 20, 20.5], "size": [5, 18, 5], "uv": [116, 148], "mirror": true},
						{"origin": [-26.5, 51, 19.5], "size": [7, 5, 7], "uv": [149, 78], "mirror": true},
						{"origin": [-26.5, 19, 19.5], "size": [7, 6, 7], "uv": [144, 126], "mirror": true}
					],
					"locators": {
						"e3": {
							"offset": [-23, 17, 23],
							"rotation": [172.5, 0, 0]
						}
					}
				}
			]
		}
	]
}