{
	"format_version": "1.12.0",
	"minecraft:geometry": [
		{
			"description": {
				"identifier": "geometry.ic_titan_cameraman",
				"texture_width": 256,
				"texture_height": 256,
				"visible_bounds_width": 6,
				"visible_bounds_height": 7,
				"visible_bounds_offset": [0, 2.5, 0]
			},
			"bones": [
				{
					"name": "root",
					"pivot": [0, 16, 0]
				},
				{
					"name": "waist",
					"parent": "root",
					"pivot": [0, 36, 0],
					"cubes": [
						{"origin": [-8.5, 36, -5], "size": [17, 10, 9], "uv": [67, 10]},
						{"origin": [-9.5, 36, -5], "size": [19, 10, 9], "inflate": 0.2, "uv": [0, 60]}
					]
				},
				{
					"name": "body",
					"parent": "waist",
					"pivot": [0, 46, 0],
					"cubes": [
						{"origin": [-13.5, 56, -6], "size": [27, 8, 11], "inflate": 0.2, "uv": [0, 19]},
						{"origin": [-13.5, 55, -6], "size": [27, 9, 11], "inflate": 0.4, "uv": [0, 124]},
						{"origin": [-9, 46, -6], "size": [18, 10, 11], "uv": [47, 48]},
						{"origin": [-9, 46, -6], "size": [18, 10, 11], "inflate": 0.2, "uv": [0, 38]}
					]
				},
				{
					"name": "core",
					"parent": "body",
					"pivot": [-2.5, 57, -6],
					"cubes": [
						{"origin": [-3.5, 52, -9], "size": [7, 7, 4], "inflate": 0.4, "uv": [234, 0]},
						{"origin": [-3.5, 52, -7], "size": [7, 7, 4], "inflate": 0.1, "uv": [234, 14]}
					],
					"locators": {
						"flame": [0, 55.5, -9]
					}
				},
				{
					"name": "left_arm",
					"parent": "body",
					"pivot": [12, 62.5, 0],
					"cubes": [
						{"origin": [12, 39.5, -4.5], "size": [8, 24, 8], "uv": [56, 69]}
					]
				},
				{
					"name": "left_arm2",
					"parent": "left_arm",
					"pivot": [14.5, 40.5, 1],
					"cubes": [
						{"origin": [12, 20.5, -4.5], "size": [8, 19, 8], "uv": [80, 96]},
						{"origin": [12, 20.5, -4.5], "size": [8, 19, 8], "inflate": 0.2, "uv": [112, 96]}
					]
				},
				{
					"name": "shield2",
					"parent": "left_arm2",
					"pivot": [18.25, 27, 4],
					"rotation": [-90, 0, -80],
					"cubes": [
						{"origin": [7.25, 2, 3], "size": [22, 42, 4], "pivot": [18.25, 23, 5], "rotation": [0, 0, -180], "uv": [145, 0]}
					]
				},
				{
					"name": "right_arm",
					"parent": "body",
					"pivot": [-12, 62.5, 0],
					"cubes": [
						{"origin": [-20, 39.5, -4.5], "size": [8, 24, 8], "uv": [56, 69], "mirror": true}
					]
				},
				{
					"name": "right_arm2",
					"parent": "right_arm",
					"pivot": [-14.5, 40.5, 1],
					"cubes": [
						{"origin": [-20, 20.5, -4.5], "size": [8, 19, 8], "uv": [80, 96], "mirror": true},
						{"origin": [-20, 20.5, -4.5], "size": [8, 19, 8], "inflate": 0.2, "uv": [112, 96], "mirror": true}
					]
				},
				{
					"name": "camera_1",
					"parent": "body",
					"pivot": [-14.5, 62.5, 0],
					"rotation": [0, 0, -15],
					"cubes": [
						{"origin": [-15.5, 61.5, -1], "size": [2, 2, 2], "uv": [248, 34]},
						{"origin": [-17, 63.5, -8.5], "size": [5, 5, 14], "uv": [218, 50]},
						{"origin": [-17, 63.5, -9.5], "size": [5, 5, 15], "inflate": 0.2, "uv": [216, 73]}
					]
				},
				{
					"name": "camera_2",
					"parent": "body",
					"pivot": [14.5, 62.5, 0],
					"rotation": [0, 0, 15],
					"cubes": [
						{"origin": [13.5, 61.5, -1], "size": [2, 2, 2], "uv": [248, 34], "mirror": true},
						{"origin": [12, 63.5, -8.5], "size": [5, 5, 14], "uv": [218, 50], "mirror": true},
						{"origin": [12, 63.5, -9.5], "size": [5, 5, 15], "inflate": 0.2, "uv": [216, 73], "mirror": true}
					]
				},
				{
					"name": "head",
					"parent": "body",
					"pivot": [0, 64, 0],
					"cubes": [
						{"origin": [-2, 63, -3], "size": [4, 2, 6], "uv": [236, 99]},
						{"origin": [-3.5, 65, -14], "size": [7, 8, 24], "uv": [194, 103]},
						{"origin": [-0.5, 73, -12], "size": [1, 8, 1], "uv": [217, 126]},
						{"origin": [-8.5, 69, -14], "size": [5, 4, 12], "pivot": [-6, 71, -8], "rotation": [-0.98448, 7.43547, -7.56397], "uv": [199, 194]},
						{"origin": [-7.5, 73, -12], "size": [1, 4, 3], "pivot": [-6, 71, -8], "rotation": [-0.98448, 7.43547, -7.56397], "uv": [215, 216]},
						{"origin": [-8, 73, -8.25], "size": [5, 4, 2], "pivot": [-6, 71, -8], "rotation": [-0.98448, 7.43547, -7.56397], "uv": [209, 236]},
						{"origin": [-8.25, 66, -11], "size": [4, 4, 8], "pivot": [-6, 71, -8], "rotation": [14.55405, 17.12789, -5.04176], "uv": [231, 216]},
						{"origin": [-8.25, 66, -11], "size": [4, 4, 8], "inflate": -0.1, "pivot": [-6, 71, -8], "rotation": [14.55405, 17.12789, -5.04176], "uv": [232, 232]},
						{"origin": [4.25, 66, -11], "size": [4, 4, 8], "pivot": [6, 71, -8], "rotation": [14.55405, -17.12789, 5.04176], "uv": [231, 216], "mirror": true},
						{"origin": [3.5, 69, -14], "size": [5, 4, 12], "pivot": [6, 71, -8], "rotation": [-0.98448, -7.43547, 7.56397], "uv": [199, 194], "mirror": true},
						{"origin": [6.5, 73, -12], "size": [1, 4, 3], "pivot": [6, 71, -8], "rotation": [-0.98448, -7.43547, 7.56397], "uv": [215, 216], "mirror": true},
						{"origin": [3, 73, -8.25], "size": [5, 4, 2], "pivot": [6, 71, -8], "rotation": [-0.98448, -7.43547, 7.56397], "uv": [209, 236], "mirror": true},
						{"origin": [4.25, 66, -11], "size": [4, 4, 8], "inflate": -0.1, "pivot": [6, 71, -8], "rotation": [14.55405, -17.12789, 5.04176], "uv": [232, 232], "mirror": true},
						{"origin": [-2.5, 67.25, -17.25], "size": [5, 5, 4], "uv": [238, 190]},
						{"origin": [-2.5, 67.25, -17.25], "size": [5, 5, 4], "inflate": -0.2, "uv": [238, 201]},
						{"origin": [-3.5, 65, -16], "size": [7, 8, 26], "inflate": 0.4, "uv": [192, 135]}
					]
				},
				{
					"name": "ear",
					"parent": "head",
					"pivot": [-4, 73, -1.5],
					"cubes": [
						{"origin": [-6, 66.5, -5.5], "size": [1, 6, 5], "pivot": [-5, 72.5, -3], "rotation": [0, 0, 125], "uv": [222, 245]}
					]
				},
				{
					"name": "ear2",
					"parent": "head",
					"pivot": [4, 73, -1.5],
					"cubes": [
						{"origin": [5, 66.5, -5.5], "size": [1, 6, 5], "pivot": [5, 72.5, -3], "rotation": [0, 0, -125], "uv": [222, 245], "mirror": true}
					]
				},
				{
					"name": "rocket",
					"parent": "body",
					"pivot": [0, 52.61551, 4.92191],
					"cubes": [
						{"origin": [-7, 47, 5], "size": [14, 13, 5], "inflate": 0.2, "uv": [0, 164]},
						{"origin": [-8, 52, 7], "size": [1, 7, 2], "uv": [0, 209]},
						{"origin": [-8, 46, 7], "size": [1, 7, 2], "uv": [0, 209]},
						{"origin": [-11.9, 50, 6], "size": [4, 15, 4], "uv": [0, 237]},
						{"origin": [-11.9, 42, 6], "size": [4, 15, 4], "inflate": -0.3, "uv": [0, 237]},
						{"origin": [-11.9, 40, 6], "size": [4, 3, 4], "inflate": 0.3, "uv": [53, 246]},
						{"origin": [-11.9, 36.75, 6], "size": [4, 3, 4], "uv": [39, 249]},
						{"origin": [-11.9, 64, 6], "size": [4, 3, 4], "inflate": 0.4, "uv": [20, 249]},
						{"origin": [7.9, 50, 6], "size": [4, 15, 4], "uv": [0, 237], "mirror": true},
						{"origin": [7.9, 64, 6], "size": [4, 3, 4], "inflate": 0.4, "uv": [20, 249], "mirror": true},
						{"origin": [7.9, 36.75, 6], "size": [4, 3, 4], "uv": [39, 249], "mirror": true},
						{"origin": [7.9, 40, 6], "size": [4, 3, 4], "inflate": 0.3, "uv": [53, 246], "mirror": true},
						{"origin": [7.9, 42, 6], "size": [4, 15, 4], "inflate": -0.3, "uv": [0, 237], "mirror": true},
						{"origin": [7, 46, 7], "size": [1, 7, 2], "uv": [0, 209], "mirror": true},
						{"origin": [7, 52, 7], "size": [1, 7, 2], "uv": [0, 209], "mirror": true},
						{"origin": [-6, 42.5, 4.5], "size": [12, 5, 5], "inflate": 0.2, "pivot": [0, 44.5, 7.5], "rotation": [-10, 0, 0], "uv": [0, 192]}
					],
					"locators": {
						"thrust": {
							"offset": [-10, 40, 8],
							"rotation": [180, 0, 0]
						},
						"thrust2": {
							"offset": [10, 40, 8],
							"rotation": [180, 0, 0]
						}
					}
				},
				{
					"name": "shield",
					"parent": "body",
					"pivot": [0, 52, 10],
					"cubes": [
						{"origin": [-11, 27, 9], "size": [22, 42, 4], "pivot": [0, 48, 11], "rotation": [0, 0, -180], "uv": [145, 0]}
					]
				},
				{
					"name": "left_leg",
					"parent": "root",
					"pivot": [4, 36, 0],
					"cubes": [
						{"origin": [1, 18, -4.5], "size": [8, 19, 8], "inflate": 0.1, "uv": [0, 79]},
						{"origin": [1, 18, -4.5], "size": [8, 19, 8], "inflate": 0.5, "pivot": [5, 37.5, -0.5], "rotation": [0, 0, -7.5], "uv": [88, 69]}
					]
				},
				{
					"name": "left_leg2",
					"parent": "left_leg",
					"pivot": [3.5, 19, 0],
					"cubes": [
						{"origin": [1, 0, -4.5], "size": [8, 19, 8], "uv": [32, 93]}
					]
				},
				{
					"name": "right_leg",
					"parent": "root",
					"pivot": [-4, 36, 0],
					"cubes": [
						{"origin": [-9, 18, -4.5], "size": [8, 19, 8], "inflate": 0.1, "uv": [0, 79], "mirror": true},
						{"origin": [-9, 18, -4.5], "size": [8, 19, 8], "inflate": 0.5, "pivot": [-5, 37.5, -0.5], "rotation": [0, 0, 7.5], "uv": [88, 69], "mirror": true}
					]
				},
				{
					"name": "right_leg2",
					"parent": "right_leg",
					"pivot": [-3.5, 19, 0],
					"cubes": [
						{"origin": [-9, 0, -4.5], "size": [8, 19, 8], "uv": [32, 93], "mirror": true}
					]
				}
			]
		}
	]
}