{
	"format_version": "1.12.0",
	"minecraft:geometry": [
		{
			"description": {
				"identifier": "geometry.uttm_infect_core",
				"texture_width": 256,
				"texture_height": 256,
				"visible_bounds_width": 68,
				"visible_bounds_height": 31,
				"visible_bounds_offset": [0, 2.5, 0]
			},
			"bones": [
				{
					"name": "Y",
					"pivot": [-0.011, 21, -8.61],
					"locators": {
						"rt": [-0.022, 2, -10.22]
					}
				},
				{
					"name": "core_inner",
					"parent": "Y",
					"pivot": [0, 21, -7.88078],
					"cubes": [
						{"origin": [-5, 1.00544, -8], "size": [1, 1.98912, 10], "pivot": [0, 2, -3], "rotation": [0, 0, 22.5], "uv": [70, 182]},
						{"origin": [-5, 1.00544, -8], "size": [1, 1.98912, 10], "pivot": [0, 2, -3], "rotation": [0, 0, 67.5], "uv": [70, 182]},
						{"origin": [4, 1.00544, -8], "size": [1, 1.98912, 10], "pivot": [0, 2, -3], "rotation": [0, 0, -67.5], "uv": [70, 182], "mirror": true},
						{"origin": [4, 1.00544, -8], "size": [1, 1.98912, 10], "pivot": [0, 2, -3], "rotation": [0, 0, -22.5], "uv": [70, 182], "mirror": true},
						{"origin": [-5, 1.00544, -8], "size": [1, 1.98912, 10], "pivot": [0, 2, -3], "rotation": [0, 0, -22.5], "uv": [70, 182]},
						{"origin": [4, 1.00544, -8], "size": [1, 1.98912, 10], "pivot": [0, 2, -3], "rotation": [0, 0, 22.5], "uv": [70, 182], "mirror": true},
						{"origin": [-5, 1.00544, -8], "size": [1, 1.98912, 10], "pivot": [0, 2, -3], "rotation": [0, 0, -67.5], "uv": [70, 182]},
						{"origin": [4, 1.00544, -8], "size": [1, 1.98912, 10], "pivot": [0, 2, -3], "rotation": [0, 0, 67.5], "uv": [70, 182], "mirror": true},
						{"origin": [-5, 3.00544, -8], "size": [1, 1.98912, 10], "pivot": [0, 2, -3], "rotation": [0, 0, 22.5], "uv": [120, 182]},
						{"origin": [-5, 1.00544, -8.02], "size": [1, 1.98912, 10], "uv": [70, 182]},
						{"origin": [-5, 1.00544, -8.02], "size": [1, 1.98912, 10], "pivot": [0, 2, -3], "rotation": [0, 0, 45], "uv": [70, 182]},
						{"origin": [-5, 1.00544, -8.02], "size": [1, 1.98912, 10], "pivot": [0, 2, -3], "rotation": [0, 0, 90], "uv": [70, 182]},
						{"origin": [4, 1.00544, -8.02], "size": [1, 1.98912, 10], "pivot": [0, 2, -3], "rotation": [0, 0, -45], "uv": [70, 182], "mirror": true},
						{"origin": [4, 1.00544, -8.02], "size": [1, 1.98912, 10], "uv": [70, 182], "mirror": true},
						{"origin": [-5, 1.00544, -8.02], "size": [1, 1.98912, 10], "pivot": [0, 2, -3], "rotation": [0, 0, -45], "uv": [70, 182]},
						{"origin": [4, 1.00544, -8.02], "size": [1, 1.98912, 10], "pivot": [0, 2, -3], "rotation": [0, 0, 45], "uv": [70, 182], "mirror": true},
						{"origin": [-5, 1.00544, -8.02], "size": [1, 1.98912, 10], "pivot": [0, 2, -3], "rotation": [0, 0, -90], "uv": [70, 182]}
					]
				},
				{
					"name": "inner_hinge_1",
					"parent": "core_inner",
					"pivot": [0, 10.4, -8.3],
					"rotation": [52.5, 0, 0],
					"cubes": [
						{"origin": [0, 8.75194, -16.82164], "size": [0, 2, 5], "pivot": [0, 10.4, -8.3], "rotation": [15, 0, 0], "uv": [0, 33]}
					]
				},
				{
					"name": "inner_hinge_2",
					"parent": "core_inner",
					"pivot": [4.6, 0.4, -8.05],
					"rotation": [52.5, 0, 135],
					"cubes": [
						{"origin": [6.72132, 0.71179, -11.84015], "size": [0, 2, 5], "pivot": [4.6, 0.4, -8.05], "rotation": [15, 0, 0], "uv": [0, 33]}
					]
				},
				{
					"name": "inner_hinge_3",
					"parent": "core_inner",
					"pivot": [-4.6, 0.4, -8.05],
					"rotation": [52.5, 0, -135],
					"cubes": [
						{"origin": [-6.72132, 0.71179, -11.84015], "size": [0, 2, 5], "pivot": [-4.6, 0.4, -8.05], "rotation": [15, 0, 0], "uv": [0, 33], "mirror": true}
					]
				},
				{
					"name": "D",
					"parent": "core_inner",
					"pivot": [0, 21, -6],
					"cubes": [
						{"origin": [-0.79565, 5, -10], "size": [1.5913, 1, 8], "uv": [141, 4]},
						{"origin": [-0.79565, 5, -9.99], "size": [1.5913, 1, 8], "pivot": [0, 2, -6], "rotation": [0, 0, 22.5], "uv": [182, 85]},
						{"origin": [-0.79565, 5, -9.99], "size": [1.5913, 1, 8], "pivot": [0, 2, -6], "rotation": [0, 0, -22.5], "uv": [182, 85], "mirror": true},
						{"origin": [-0.79565, 5, -9.99], "size": [1.5913, 1, 8], "pivot": [0, 2, -6], "rotation": [0, 0, 67.5], "uv": [182, 85]},
						{"origin": [-0.79565, 5, -9.99], "size": [1.5913, 1, 8], "pivot": [0, 2, -6], "rotation": [0, 0, 112.5], "uv": [182, 85]},
						{"origin": [-0.79565, 5, -9.99], "size": [1.5913, 1, 8], "pivot": [0, 2, -6], "rotation": [0, 0, -112.5], "uv": [182, 85], "mirror": true},
						{"origin": [-0.79565, 5, -9.99], "size": [1.5913, 1, 8], "pivot": [0, 2, -6], "rotation": [0, 0, 157.5], "uv": [182, 85]},
						{"origin": [-0.79565, 5, -9.99], "size": [1.5913, 1, 8], "pivot": [0, 2, -6], "rotation": [0, 0, -157.5], "uv": [182, 85], "mirror": true},
						{"origin": [-0.79565, 5, -9.99], "size": [1.5913, 1, 8], "pivot": [0, 2, -6], "rotation": [0, 0, -67.5], "uv": [182, 85], "mirror": true},
						{"origin": [-0.79565, 5, -10], "size": [1.5913, 1, 8], "pivot": [0, 2, -6], "rotation": [0, 0, 45], "uv": [141, 4]},
						{"origin": [-0.79565, 5, -10], "size": [1.5913, 1, 8], "pivot": [0, 2, -6], "rotation": [0, 0, -45], "uv": [141, 4], "mirror": true},
						{"origin": [-0.79565, 5, -10], "size": [1.5913, 1, 8], "pivot": [0, 2, -6], "rotation": [0, 0, 90], "uv": [141, 4]},
						{"origin": [-0.79565, 5, -10], "size": [1.5913, 1, 8], "pivot": [0, 2, -6], "rotation": [0, 0, 135], "uv": [141, 4]},
						{"origin": [-0.79565, 5, -10], "size": [1.5913, 1, 8], "pivot": [0, 2, -6], "rotation": [0, 0, -180], "uv": [141, 4]},
						{"origin": [-0.79565, 5, -10], "size": [1.5913, 1, 8], "pivot": [0, 2, -6], "rotation": [0, 0, -135], "uv": [141, 4], "mirror": true},
						{"origin": [-0.79565, 5, -10], "size": [1.5913, 1, 8], "pivot": [0, 2, -6], "rotation": [0, 0, -90], "uv": [141, 4], "mirror": true},
						{"origin": [-3, -1, -9], "size": [6, 6, 3], "inflate": 0.1, "uv": [188, 177]}
					]
				},
				{
					"name": "hinge_bottom",
					"parent": "Y",
					"pivot": [0.1, -1.1, -5.5],
					"rotation": [-27.5, 0, 0],
					"cubes": [
						{"origin": [0.12989, -7.7392, -9.78196], "size": [0, 8.54, 7.32], "pivot": [0.1, 0.13, -7.83], "rotation": [-30.28514, -2.35156, -0.58089], "uv": [0, 0]}
					]
				},
				{
					"name": "hinge_right",
					"parent": "Y",
					"pivot": [-6.1, 10.9, -5.5],
					"rotation": [-27.5, 0, 127.5],
					"cubes": [
						{"origin": [-3.70387, 6.90361, -13.79291], "size": [0, 8.54, 7.32], "pivot": [-6.1, 12.13, -7.83], "rotation": [-30.28514, 2.35156, 0.58089], "uv": [0, 0]}
					]
				},
				{
					"name": "hinge_left",
					"parent": "Y",
					"pivot": [6.1, 10.9, -5.5],
					"rotation": [-27.5, 0, -127.5],
					"cubes": [
						{"origin": [3.70387, 6.90361, -13.79291], "size": [0, 8.54, 7.32], "pivot": [6.1, 12.13, -7.83], "rotation": [-30.28514, -2.35156, -0.58089], "uv": [0, 0], "mirror": true}
					]
				},
				{
					"name": "D2",
					"parent": "Y",
					"pivot": [0, 21, 2],
					"cubes": [
						{"origin": [-8, 0.4087, -6], "size": [3, 3.1826, 16], "pivot": [0, 2, 2], "rotation": [0, 0, -22.5], "uv": [0, 144]},
						{"origin": [5, 0.4087, -6], "size": [3, 3.1826, 16], "pivot": [0, 2, 2], "rotation": [0, 0, 22.5], "uv": [0, 144], "mirror": true},
						{"origin": [5, 0.4087, -6], "size": [3, 3.1826, 16], "pivot": [0, 2, 2], "rotation": [0, 0, -22.5], "uv": [0, 144], "mirror": true},
						{"origin": [5, 0.4087, -6], "size": [3, 3.1826, 16], "pivot": [0, 2, 2], "rotation": [0, 0, -67.5], "uv": [0, 144], "mirror": true},
						{"origin": [-8, 0.4087, -6], "size": [3, 3.1826, 16], "pivot": [0, 2, 2], "rotation": [0, 0, 67.5], "uv": [0, 144]},
						{"origin": [-8, 0.4087, -6], "size": [3, 3.1826, 16], "pivot": [0, 2, 2], "rotation": [0, 0, 22.5], "uv": [0, 144]},
						{"origin": [-8, 0.4087, -6], "size": [3, 3.1826, 16], "pivot": [0, 2, 2], "rotation": [0, 0, -67.5], "uv": [0, 144]},
						{"origin": [5, 0.4087, -6], "size": [3, 3.1826, 16], "pivot": [0, 2, 2], "rotation": [0, 0, 67.5], "uv": [0, 144], "mirror": true},
						{"origin": [-8, 0.4087, -6.02], "size": [3, 3.1826, 16], "pivot": [0, 2, 2], "rotation": [0, 0, -45], "uv": [0, 144]},
						{"origin": [5, 0.4087, -6.02], "size": [3, 3.1826, 16], "pivot": [0, 2, 2], "rotation": [0, 0, 45], "uv": [0, 144], "mirror": true},
						{"origin": [5, 0.4087, -6.02], "size": [3, 3.1826, 16], "uv": [0, 144], "mirror": true},
						{"origin": [5, 0.4087, -6.02], "size": [3, 3.1826, 16], "pivot": [0, 2, 2], "rotation": [0, 0, -45], "uv": [0, 144], "mirror": true},
						{"origin": [5, 0.4087, -6.02], "size": [3, 3.1826, 16], "pivot": [0, 2, 2], "rotation": [0, 0, -90], "uv": [0, 144], "mirror": true},
						{"origin": [-8, 0.4087, -6.02], "size": [3, 3.1826, 16], "pivot": [0, 2, 2], "rotation": [0, 0, 45], "uv": [0, 144]},
						{"origin": [-8, 0.4087, -6.02], "size": [3, 3.1826, 16], "uv": [0, 144]},
						{"origin": [-8, 0.4087, -6.02], "size": [3, 3.1826, 16], "pivot": [0, 2, 2], "rotation": [0, 0, -90], "uv": [0, 144]}
					]
				},
				{
					"name": "Li_1",
					"parent": "Y",
					"pivot": [0, 21, -5],
					"cubes": [
						{"origin": [-0.59674, 5, -9], "size": [1.19347, 0, 8], "pivot": [0, 2, -6], "rotation": [0, 0, -22.5], "uv": [246, 157]},
						{"origin": [-0.59674, 5, -9], "size": [1.19347, 0, 8], "uv": [246, 157]},
						{"origin": [-0.59674, 5, -9], "size": [1.19347, 0, 8], "pivot": [0, 2, -6], "rotation": [0, 0, 22.5], "uv": [246, 157]},
						{"origin": [-0.59674, 5, -9], "size": [1.19347, 0, 8], "pivot": [0, 2, -6], "rotation": [0, 0, -45], "uv": [246, 157]},
						{"origin": [-0.59674, 5, -9], "size": [1.19347, 0, 8], "pivot": [0, 2, -6], "rotation": [0, 0, 45], "uv": [246, 157], "mirror": true},
						{"origin": [-0.59674, 5, -9], "size": [1.19347, 0, 8], "pivot": [0, 2, -6], "rotation": [0, 0, 67.5], "uv": [246, 157], "mirror": true},
						{"origin": [-0.59674, 5, -9], "size": [1.19347, 0, 8], "pivot": [0, 2, -6], "rotation": [0, 0, -67.5], "uv": [246, 157]},
						{"origin": [-0.59674, 5, -9], "size": [1.19347, 0, 8], "pivot": [0, 2, -6], "rotation": [0, 0, 90], "uv": [246, 157], "mirror": true},
						{"origin": [-0.59674, 5, -9], "size": [1.19347, 0, 8], "pivot": [0, 2, -6], "rotation": [0, 0, -90], "uv": [246, 157]},
						{"origin": [-0.59674, 5, -9], "size": [1.19347, 0, 8], "pivot": [0, 2, -6], "rotation": [0, 0, -112.5], "uv": [246, 157]},
						{"origin": [-0.59674, 5, -9], "size": [1.19347, 0, 8], "pivot": [0, 2, -6], "rotation": [0, 0, -135], "uv": [246, 157]},
						{"origin": [-0.59674, 5, -9], "size": [1.19347, 0, 8], "pivot": [0, 2, -6], "rotation": [0, 0, -157.5], "uv": [246, 157]},
						{"origin": [-0.59674, 5, -9], "size": [1.19347, 0, 8], "pivot": [0, 2, -6], "rotation": [0, 0, -180], "uv": [246, 157]},
						{"origin": [-0.59674, 5, -9], "size": [1.19347, 0, 8], "pivot": [0, 2, -6], "rotation": [0, 0, 157.5], "uv": [246, 157]},
						{"origin": [-0.59674, 5, -9], "size": [1.19347, 0, 8], "pivot": [0, 2, -6], "rotation": [0, 0, 135], "uv": [246, 157], "mirror": true},
						{"origin": [-0.59674, 5, -9], "size": [1.19347, 0, 8], "pivot": [0, 2, -6], "rotation": [0, 0, 112.5], "uv": [246, 157], "mirror": true}
					]
				},
				{
					"name": "Li_2",
					"parent": "Li_1",
					"pivot": [0, 20, -4],
					"cubes": [
						{"origin": [-1, 1, -9], "size": [2, 2, 8], "pivot": [0, 2, -5], "rotation": [0, 0, 45], "uv": [236, 81]}
					]
				},
				{
					"name": "Y2",
					"pivot": [4, 39, -0.6],
					"rotation": [2, 0, 0],
					"cubes": [
						{"origin": [26.46259, 5.1952, 3.81622], "size": [5, 18, 6], "pivot": [14.9, 34.2, -2], "rotation": [-17.51565, -2.38422, 45.7522], "uv": [109, 200]},
						{"origin": [25.9048, 6.86259, 0.21622], "size": [5, 18, 6], "pivot": [14.9, 9.3, -5.6], "rotation": [-2.5, 17.5, 135], "uv": [109, 200]},
						{"origin": [-23.55035, 28.2358, -4.54934], "size": [5, 18, 6], "pivot": [14.4, 35.9, -10], "rotation": [-17.5307, 3.33782, -47.55806], "uv": [109, 200]},
						{"origin": [-50.86065, 56.88467, 4.55066], "size": [5, 18, 6], "pivot": [-13.6, 38.5, -0.9], "rotation": [-4.2825, -17.33031, -133.89032], "uv": [109, 200]}
					]
				},
				{
					"name": "Y3",
					"pivot": [14.4, 21, 36.3],
					"cubes": [
						{"origin": [17.1, 2.5, 9.5], "size": [5.2, 18.2, 6.2], "pivot": [19.2, 18.5, 6.6], "rotation": [98.8231, 2.31385, -133.44985], "uv": [109, 200]},
						{"origin": [6.4, -22.8, 8.2], "size": [5.2, 18.2, 6.2], "pivot": [8.5, -6.8, 5.3], "rotation": [87.34354, 6.18744, 133.27872], "uv": [109, 200]},
						{"origin": [-19.5, 2.5, 9.5], "size": [5.2, 18.2, 6.2], "pivot": [-17.4, 18.5, 6.6], "rotation": [97.63517, 1.58865, 134.51393], "uv": [109, 200]},
						{"origin": [-18.4, -23.4, 9.5], "size": [5.2, 18.2, 6.2], "pivot": [-16.3, -7.4, 6.6], "rotation": [97.63517, 1.58865, 134.51393], "uv": [109, 200]},
						{"origin": [13.4, 0, 28.8], "size": [5.2, 18.2, 6.2], "pivot": [15.5, 16, 25.9], "rotation": [136.35713, 4.35027, -129.86279], "uv": [109, 200]},
						{"origin": [10.2, -30.2, 27.2], "size": [5.2, 15.7, 6.2], "pivot": [12.3, -16.7, 24.3], "rotation": [116.55551, -4.18793, -34.53819], "uv": [109, 200]},
						{"origin": [-16.5, 3.4, 28.7], "size": [5.2, 13.8, 6.2], "pivot": [-14.4, 15, 25.8], "rotation": [133.10408, 7.99472, 140.5868], "uv": [109, 200]},
						{"origin": [-8.55, -20.95, 21.4], "size": [5.2, 13.8, 6.2], "pivot": [-6.45, -9.35, 18.5], "rotation": [61.40959, -1.55911, -136.57635], "uv": [109, 200]}
					]
				}
			]
		}
	]
}