{
	"format_version": "1.12.0",
	"minecraft:geometry": [
		{
			"description": {
				"identifier": "geometry.ic_skibidi_buzzsaw",
				"texture_width": 256,
				"texture_height": 256,
				"visible_bounds_width": 6,
				"visible_bounds_height": 5.5,
				"visible_bounds_offset": [0, 2.25, 0]
			},
			"bones": [
				{
					"name": "toilet",
					"pivot": [0, 0, 0],
					"cubes": [
						{"origin": [-5, 4, -5], "size": [10, 7, 10], "uv": [0, 72]},
						{"origin": [-6, 3, -6], "size": [12, 4, 12], "uv": [48, 57]},
						{"origin": [-7, 9, -7], "size": [14, 3, 14], "uv": [0, 37]},
						{"origin": [-9, 11, -7.5], "size": [9, 3, 15], "pivot": [0, 21, 0], "rotation": [0, 0, -77.5], "uv": [0, 54]},
						{"origin": [0, 11, -7.5], "size": [9, 3, 15], "pivot": [0, 21, 0], "rotation": [0, 0, 77.5], "uv": [0, 54], "mirror": true},
						{"origin": [-7.5, 11, -9], "size": [15, 3, 9], "pivot": [0, 21, 0], "rotation": [77.5, 0, 0], "uv": [58, 23]},
						{"origin": [-7.5, 11, 0], "size": [15, 3, 9], "pivot": [0, 21, 0], "rotation": [-77.5, 0, 0], "uv": [58, 11]},
						{"origin": [-8, 17.16026, -9.29852], "size": [16, 4, 2], "pivot": [0, 19.16026, -8.29852], "rotation": [-90, 0, 0], "uv": [68, 0]},
						{"origin": [-8, 17.16026, 7.29852], "size": [16, 4, 2], "pivot": [0, 19.16026, 8.29852], "rotation": [90, 0, 0], "uv": [68, 0]},
						{"origin": [7.27352, 17.16026, -8], "size": [2, 4, 16], "pivot": [8.29852, 19.16026, 0], "rotation": [0, 0, -90], "uv": [24, 73]},
						{"origin": [-9.27352, 17.16026, -8], "size": [2, 4, 16], "pivot": [-8.29852, 19.16026, 0], "rotation": [0, 0, 90], "uv": [24, 73]}
					]
				},
				{
					"name": "lid1",
					"parent": "toilet",
					"pivot": [0, 21, 9],
					"cubes": [
						{"origin": [-8, 18.16026, -9.29852], "size": [16, 4, 1], "pivot": [0, 20.16026, -8.29852], "rotation": [-90, 0, 0], "uv": [97, 11]},
						{"origin": [-9.27352, 18.16026, -8], "size": [1, 4, 16], "pivot": [-8.29852, 20.16026, 0], "rotation": [0, 0, 90], "uv": [80, 57]},
						{"origin": [-8, 18.16026, 8.29852], "size": [16, 4, 1], "pivot": [0, 20.16026, 8.29852], "rotation": [90, 0, 0], "uv": [97, 11], "mirror": true},
						{"origin": [8.27352, 18.16026, -8], "size": [1, 4, 16], "pivot": [8.29852, 20.16026, 0], "rotation": [0, 0, -90], "uv": [80, 57]}
					]
				},
				{
					"name": "back",
					"parent": "toilet",
					"pivot": [0, 21, 11],
					"cubes": [
						{"origin": [-11.5, 17, 10], "size": [23, 20, 6], "uv": [0, 11]},
						{"origin": [-12, 36, 9], "size": [24, 3, 8], "uv": [6, 0]}
					]
				},
				{
					"name": "rocket",
					"parent": "back",
					"pivot": [0, 24.61551, 7.92191],
					"rotation": [90, -67.5, -90],
					"cubes": [
						{"origin": [11.9, 24, 6], "size": [4, 15, 4], "inflate": 1, "uv": [0, 237], "mirror": true},
						{"origin": [11.9, 40, 6], "size": [4, 3, 4], "inflate": 1.4, "uv": [20, 249], "mirror": true},
						{"origin": [11.9, 10.75, 6], "size": [4, 3, 4], "inflate": 1, "uv": [39, 249], "mirror": true},
						{"origin": [11.9, 14, 6], "size": [4, 3, 4], "inflate": 1.3, "uv": [53, 246], "mirror": true},
						{"origin": [11.9, 16, 6], "size": [4, 15, 4], "inflate": 0.7, "uv": [0, 237], "mirror": true},
						{"origin": [11, 29, 7], "size": [1, 7, 2], "uv": [0, 209], "mirror": true}
					],
					"locators": {
						"thrust2": {
							"offset": [14, 12, 8],
							"rotation": [180, 0, 0]
						}
					}
				},
				{
					"name": "lid2",
					"parent": "toilet",
					"pivot": [0, 20, 10],
					"cubes": [
						{"origin": [-8, 23, 7], "size": [16, 14, 2], "uv": [74, 35]},
						{"origin": [-7, 37, 7], "size": [14, 3, 2], "uv": [44, 73]},
						{"origin": [-6, 40, 7], "size": [12, 3, 2], "uv": [44, 82]},
						{"origin": [-7, 21, 7], "size": [14, 2, 2], "uv": [44, 78]}
					]
				},
				{
					"name": "flush",
					"parent": "toilet",
					"pivot": [0, 39, 13],
					"cubes": [
						{"origin": [-1, 38, 12], "size": [2, 2, 2], "uv": [0, 0]}
					]
				},
				{
					"name": "neck",
					"parent": "toilet",
					"pivot": [0, 12, 5.675],
					"rotation": [15, 0, 0],
					"cubes": [
						{"origin": [-2.5, 9.34478, 1.52888], "size": [5, 10, 5], "pivot": [0, 15.49954, 0.84149], "rotation": [25, 0, 0], "uv": [77, 89]}
					]
				},
				{
					"name": "neck2",
					"parent": "neck",
					"pivot": [0, 19.55658, 1.98278],
					"rotation": [-27.5, 0, 0],
					"cubes": [
						{"origin": [-2.575, 16.72074, -2.62002], "size": [5, 10, 5], "pivot": [0, 23.87551, -3.30741], "rotation": [25, 0, 0], "uv": [56, 89]}
					]
				},
				{
					"name": "head",
					"parent": "neck2",
					"pivot": [0, 28.55658, -2.01722],
					"cubes": [
						{"origin": [-5, 26.55658, -7.01722], "size": [10, 11, 10], "pivot": [0, 29.55658, -2.01722], "rotation": [10, 0, 0], "uv": [0, 111]}
					]
				},
				{
					"name": "eyes",
					"parent": "head",
					"pivot": [0, 31.67209, -6.87575],
					"rotation": [10, 0, 0],
					"cubes": [
						{
							"origin": [-3.5, 30.79709, -7.87575],
							"size": [2.25, 1.75, 2],
							"uv": {
								"north": {"uv": [2, 43], "uv_size": [2, 2]},
								"east": {"uv": [0, 43], "uv_size": [2, 2]},
								"south": {"uv": [6, 43], "uv_size": [2, 2]},
								"west": {"uv": [4, 43], "uv_size": [2, 2]},
								"up": {"uv": [2, 41], "uv_size": [2, 2]},
								"down": {"uv": [4, 43], "uv_size": [2, -2]}
							}
						},
						{
							"origin": [1.25, 30.79709, -7.87575],
							"size": [2.25, 1.75, 2],
							"uv": {
								"north": {"uv": [4, 43], "uv_size": [-2, 2]},
								"east": {"uv": [6, 43], "uv_size": [-2, 2]},
								"south": {"uv": [8, 43], "uv_size": [-2, 2]},
								"west": {"uv": [2, 43], "uv_size": [-2, 2]},
								"up": {"uv": [4, 41], "uv_size": [-2, 2]},
								"down": {"uv": [6, 43], "uv_size": [-2, -2]}
							}
						}
					]
				},
				{
					"name": "pupils",
					"parent": "eyes",
					"pivot": [0, 31.67209, -6.87575]
				},
				{
					"name": "1",
					"parent": "pupils",
					"pivot": [0, 31.67209, -6.87575],
					"cubes": [
						{"origin": [-2.85, 31.17209, -8.12575], "size": [1, 1, 1], "uv": [0, 46]}
					]
				},
				{
					"name": "2",
					"parent": "pupils",
					"pivot": [0, 31.67209, -6.87575],
					"cubes": [
						{"origin": [1.85, 31.17209, -8.12575], "size": [1, 1, 1], "uv": [0, 46], "mirror": true}
					]
				},
				{
					"name": "mouth",
					"parent": "head",
					"pivot": [0, 28.58158, -1.99222],
					"cubes": [
						{
							"origin": [-4.975, 27.48158, -6.99222],
							"size": [9.9, 3.1, 4],
							"pivot": [0, 29.58158, -1.99222],
							"rotation": [10, 0, 0],
							"uv": {
								"north": {"uv": [46, 135], "uv_size": [10, 3]},
								"east": {"uv": [42, 135], "uv_size": [4, 3]},
								"south": {"uv": [60, 135], "uv_size": [10, 3]},
								"west": {"uv": [56, 135], "uv_size": [4, 3]},
								"up": {"uv": [46, 131], "uv_size": [10, 4]},
								"down": {"uv": [56, 135], "uv_size": [10, -4]}
							}
						},
						{
							"origin": [-5, 26.55658, -7.01722],
							"size": [10, 5, 5],
							"pivot": [0, 29.55658, -2.01722],
							"rotation": [10, 0, 0],
							"uv": {
								"north": {"uv": [47, 144], "uv_size": [10, 5]},
								"east": {"uv": [42, 144], "uv_size": [5, 5]},
								"south": {"uv": [62, 144], "uv_size": [10, 5]},
								"west": {"uv": [57, 144], "uv_size": [5, 5]},
								"up": {"uv": [47, 139], "uv_size": [10, 5]},
								"down": {"uv": [57, 144], "uv_size": [10, -5]}
							}
						}
					]
				},
				{
					"name": "upper_mouth",
					"parent": "mouth",
					"pivot": [0, 28.58158, -1.99222],
					"cubes": [
						{
							"origin": [-4, 29.05658, -7.01722],
							"size": [8, 2, 0],
							"pivot": [0, 29.55658, -2.01722],
							"rotation": [10, 0, 0],
							"uv": {
								"north": {"uv": [0, 142], "uv_size": [8, 2]},
								"east": {"uv": [0, 142], "uv_size": [0, 2]},
								"south": {"uv": [8, 142], "uv_size": [8, 2]},
								"west": {"uv": [8, 142], "uv_size": [0, 2]},
								"up": {"uv": [0, 142], "uv_size": [8, 0]},
								"down": {"uv": [8, 142], "uv_size": [8, 0]}
							}
						}
					]
				},
				{
					"name": "lower_mouth2",
					"parent": "mouth",
					"pivot": [0, 28.58158, -1.99222],
					"cubes": [
						{
							"origin": [-4, 27.05658, -7.01722],
							"size": [8, 2, 0],
							"pivot": [0, 29.55658, -2.01722],
							"rotation": [10, 0, 0],
							"uv": {
								"north": {"uv": [0, 144], "uv_size": [8, -2]},
								"east": {"uv": [0, 142], "uv_size": [0, 2]},
								"south": {"uv": [8, 142], "uv_size": [8, 2]},
								"west": {"uv": [8, 142], "uv_size": [0, 2]},
								"up": {"uv": [0, 142], "uv_size": [8, 0]},
								"down": {"uv": [8, 142], "uv_size": [8, 0]}
							}
						}
					]
				},
				{
					"name": "teeth",
					"parent": "head",
					"pivot": [0, 28.55658, -3.01722]
				},
				{
					"name": "upper",
					"parent": "teeth",
					"pivot": [0, 29.05658, -2.01722],
					"cubes": [
						{"origin": [-3, 28.86015, -6.2625], "size": [6, 2, 4], "pivot": [0, 29.86015, -4.2625], "rotation": [-170, 0, 0], "uv": [35, 56]}
					]
				},
				{
					"name": "lower",
					"parent": "teeth",
					"pivot": [0, 29.20658, -2.01722],
					"cubes": [
						{"origin": [-3, 26.89053, -5.9152], "size": [6, 2, 4], "pivot": [0, 27.89053, -3.9152], "rotation": [170, 0, 180], "uv": [35, 56]}
					]
				},
				{
					"name": "mask",
					"parent": "head",
					"pivot": [0, 31.67209, -7.87575],
					"rotation": [10, 0, 0],
					"cubes": [
						{"origin": [-6, 29.92209, -8.62575], "size": [12, 7, 2], "uv": [228, 200]},
						{"origin": [-4.5, 30.42209, -11.37575], "size": [4, 4, 3], "uv": [227, 215]},
						{"origin": [0.5, 30.42209, -11.37575], "size": [4, 4, 3], "uv": [227, 241]}
					]
				},
				{
					"name": "saw",
					"parent": "toilet",
					"pivot": [0, 15, -2],
					"cubes": [
						{
							"origin": [-29.07905, 12.62, -31.07905],
							"size": [58.1581, 0, 58.1581],
							"uv": {
								"north": {"uv": [158, 49], "uv_size": [49, 0]},
								"east": {"uv": [109, 49], "uv_size": [49, 0]},
								"south": {"uv": [256, 49], "uv_size": [49, 0]},
								"west": {"uv": [207, 49], "uv_size": [49, 0]},
								"up": {"uv": [158, 0], "uv_size": [49, 49]},
								"down": {"uv": [207, 49], "uv_size": [49, -49]}
							}
						}
					]
				},
				{
					"name": "left_claw",
					"parent": "toilet",
					"pivot": [10, 24, 14],
					"rotation": [0, -7.5, 0],
					"cubes": [
						{"origin": [10, 21, 12.5], "size": [12, 2, 2], "pivot": [10, 24, 14], "rotation": [0, -10, 0], "uv": [228, 130]},
						{"origin": [21.18927, 21.5, 15.72509], "size": [11, 1, 1], "pivot": [19.82856, 22, 15.20962], "rotation": [0, 25, 0], "uv": [225, 140]}
					]
				},
				{
					"name": "left_claw2",
					"parent": "left_claw",
					"pivot": [31, 22, 11.25],
					"rotation": [0, 5, 0],
					"cubes": [
						{"origin": [29, 22, -4.75], "size": [3, 0, 17], "pivot": [31, 22, 11.25], "rotation": [0, -2.5, 0], "uv": [233, 164]}
					]
				},
				{
					"name": "right_claw",
					"parent": "toilet",
					"pivot": [-10, 24, 14],
					"rotation": [0, 7.5, 0],
					"cubes": [
						{"origin": [-22, 21, 12.5], "size": [12, 2, 2], "pivot": [-10, 24, 14], "rotation": [0, 10, 0], "uv": [228, 130], "mirror": true},
						{"origin": [-32.18927, 21.5, 15.72509], "size": [11, 1, 1], "pivot": [-19.82856, 22, 15.20962], "rotation": [0, -25, 0], "uv": [225, 140], "mirror": true}
					]
				},
				{
					"name": "right_claw2",
					"parent": "right_claw",
					"pivot": [-31, 22, 11.25],
					"rotation": [0, -5, 0],
					"cubes": [
						{"origin": [-32, 22, -4.75], "size": [3, 0, 17], "pivot": [-31, 22, 11.25], "rotation": [0, 2.5, 0], "uv": [233, 164], "mirror": true}
					]
				}
			]
		}
	]
}