{
	"format_version": "1.8.0",
	"animations": {
		"animation.human.infected": {
			"loop": true,
			"animation_length": 0.1667,
			"bones": {
				"head": {
					"rotation": {
						"0.0": [7.50186, 2.80485, -2.15234],
						"0.0833": [7.72503, -2.46854, -0.32997],
						"0.1667": [7.50186, 2.80485, -2.15234]
					}
				},
				"leftArm": {
					"rotation": {
						"0.0": [0, 0, -2.5],
						"0.0833": [0, 0, -5],
						"0.1667": [0, 0, -2.5]
					}
				},
				"rightArm": {
					"rotation": {
						"0.0": [0, 0, 2.5],
						"0.0833": [0, 0, 5],
						"0.1667": [0, 0, 2.5]
					}
				},
				"left_arm": {
					"rotation": {
						"0.0": [0, 0, -2.5],
						"0.0833": [0, 0, -5],
						"0.1667": [0, 0, -2.5]
					}
				},
				"right_arm": {
					"rotation": {
						"0.0": [0, 0, 2.5],
						"0.0833": [0, 0, 5],
						"0.1667": [0, 0, 2.5]
					}
				}
			}
		},
		"animation.human.walk": {
			"loop": true,
			"animation_length": 2,
			"anim_time_update": "query.anim_time + query.delta_time * (query.ground_speed/1.5) * (query.is_on_ground ? 1.0 : 0.3)",
			"bones": {
				"waist": {
					"rotation": {
						"0.0": {
							"post": [0, 0, 0],
							"lerp_mode": "catmullrom"
						},
						"0.5": {
							"post": [0, 5, 0],
							"lerp_mode": "catmullrom"
						},
						"1.0": {
							"post": [0, 0, 0],
							"lerp_mode": "catmullrom"
						},
						"1.5": {
							"post": [0, -5, 0],
							"lerp_mode": "catmullrom"
						},
						"2.0": {
							"post": [0, 0, 0],
							"lerp_mode": "catmullrom"
						}
					},
					"position": {
						"0.0": {
							"post": [0, 0, 0],
							"lerp_mode": "catmullrom"
						},
						"0.5": {
							"post": [0, -1, 0],
							"lerp_mode": "catmullrom"
						},
						"1.0": {
							"post": [0, 0, 0],
							"lerp_mode": "catmullrom"
						},
						"1.5": {
							"post": [0, -1, 0],
							"lerp_mode": "catmullrom"
						},
						"2.0": {
							"post": [0, 0, 0],
							"lerp_mode": "catmullrom"
						}
					}
				},
				"leftArm": {
					"rotation": {
						"0.0": {
							"post": [-10, 0, 0],
							"lerp_mode": "catmullrom"
						},
						"0.5": {
							"post": [-32.5, 0, 0],
							"lerp_mode": "catmullrom"
						},
						"1.0417": {
							"post": [-5, 0, 0],
							"lerp_mode": "catmullrom"
						},
						"1.5": {
							"post": [22.5, 0, 0],
							"lerp_mode": "catmullrom"
						},
						"2.0": {
							"post": [-10, 0, 0],
							"lerp_mode": "catmullrom"
						}
					}
				},
				"rightArm": {
					"rotation": {
						"0.0": {
							"post": [2.5, 0, 0],
							"lerp_mode": "catmullrom"
						},
						"0.5": {
							"post": [30, 0, 0],
							"lerp_mode": "catmullrom"
						},
						"1.0": {
							"post": [0, 0, 0],
							"lerp_mode": "catmullrom"
						},
						"1.5": {
							"post": [-35, 0, 0],
							"lerp_mode": "catmullrom"
						},
						"2.0": {
							"post": [2.5, 0, 0],
							"lerp_mode": "catmullrom"
						}
					}
				},
				"rightleg": {
					"rotation": {
						"0.0": {
							"post": [15, 0, 0],
							"lerp_mode": "catmullrom"
						},
						"0.5": [-20, 0, 0],
						"1.0": [0, 0, 0],
						"1.5": {
							"pre": [22.5, 0, 0],
							"post": [22.5, 0, 0],
							"lerp_mode": "catmullrom"
						},
						"2.0": {
							"post": [15, 0, 0],
							"lerp_mode": "catmullrom"
						}
					},
					"position": {
						"0.0": {
							"post": [0, 2, -1],
							"lerp_mode": "catmullrom"
						},
						"0.5": [0, 0, -1],
						"1.0": [0, 0, 0],
						"1.5": {
							"pre": [0, 0, 0],
							"post": [0, 0, 0],
							"lerp_mode": "catmullrom"
						},
						"2.0": {
							"post": [0, 2, -1],
							"lerp_mode": "catmullrom"
						}
					}
				},
				"leftleg": {
					"rotation": {
						"0.0": [0, 0, 0],
						"0.5": {
							"pre": [22.5, 0, 0],
							"post": [22.5, 0, 0],
							"lerp_mode": "catmullrom"
						},
						"1.0": {
							"post": [15, 0, 0],
							"lerp_mode": "catmullrom"
						},
						"1.5": [-20, 0, 0],
						"2.0": [0, 0, 0]
					},
					"position": {
						"0.0": [0, 0, 0],
						"0.5": {
							"pre": [0, 0, 0],
							"post": [0, 0, 0],
							"lerp_mode": "catmullrom"
						},
						"1.0": {
							"post": [0, 2, -1],
							"lerp_mode": "catmullrom"
						},
						"1.5": [0, 0, -1],
						"2.0": [0, 0, 0]
					}
				},
				"root": {
					"position": {
						"0.0": {
							"post": [0, 0, 0],
							"lerp_mode": "catmullrom"
						},
						"0.25": [0, 1, 0],
						"0.5": {
							"pre": [0, 0, 0],
							"post": [0, 0, 0],
							"lerp_mode": "catmullrom"
						},
						"1.0": {
							"post": [0, 0, 0],
							"lerp_mode": "catmullrom"
						},
						"1.25": [0, 1, 0],
						"1.5": {
							"pre": [0, 0, 0],
							"post": [0, 0, 0],
							"lerp_mode": "catmullrom"
						},
						"2.0": {
							"post": [0, 0, 0],
							"lerp_mode": "catmullrom"
						}
					}
				}
			}
		},
		"animation.human.idle": {
			"loop": true,
			"animation_length": 4,
			"bones": {
				"waist": {
					"rotation": {
						"0.0": {
							"post": [0.6, 0, 0],
							"lerp_mode": "catmullrom"
						},
						"1.0": {
							"post": [0, 0, 1.5],
							"lerp_mode": "catmullrom"
						},
						"1.8333": [2.5, 0, 0],
						"2.75": {
							"pre": [2.49762, 0.10901, -2.49762],
							"post": [2.49762, 0.10901, -2.49762],
							"lerp_mode": "catmullrom"
						},
						"4.0": {
							"post": [0.6, 0, 0],
							"lerp_mode": "catmullrom"
						}
					},
					"position": {
						"0.0": {
							"post": [0, -0.12, 0],
							"lerp_mode": "catmullrom"
						},
						"0.5": {
							"post": [0, 0, 0],
							"lerp_mode": "catmullrom"
						},
						"2.25": [0, -0.5, 0],
						"2.75": [0, -0.5, 0],
						"4.0": {
							"pre": [0, -0.12, 0],
							"post": [0, -0.12, 0],
							"lerp_mode": "catmullrom"
						}
					}
				},
				"leftArm": {
					"rotation": {
						"0.0": {
							"post": [0, 0, -4.26],
							"lerp_mode": "catmullrom"
						},
						"0.5": {
							"post": [0, 0, -7.29],
							"lerp_mode": "catmullrom"
						},
						"1.1667": {
							"post": [0, 0, -5],
							"lerp_mode": "catmullrom"
						},
						"2.5": {
							"post": [0, 0, 0],
							"lerp_mode": "catmullrom"
						},
						"3.5": {
							"post": [0, 0, -2.5],
							"lerp_mode": "catmullrom"
						},
						"4.0": {
							"post": [0, 0, -4.26],
							"lerp_mode": "catmullrom"
						}
					},
					"position": {
						"0.0": [0, -0.08, 0],
						"1.0": [0, 0, 0],
						"2.5": [0, -0.25, 0],
						"3.5": [0, -0.25, 0],
						"4.0": [0, -0.08, 0]
					}
				},
				"rightArm": {
					"rotation": {
						"0.0": {
							"post": [0, 0, 4.26],
							"lerp_mode": "catmullrom"
						},
						"0.5": {
							"post": [0, 0, 2.34],
							"lerp_mode": "catmullrom"
						},
						"1.1667": {
							"post": [0, 0, 5],
							"lerp_mode": "catmullrom"
						},
						"1.8333": {
							"post": [0, 0, 2.5],
							"lerp_mode": "catmullrom"
						},
						"2.5": {
							"post": [0, 0, 4.75],
							"lerp_mode": "catmullrom"
						},
						"3.25": {
							"post": [0, 0, 2.5],
							"lerp_mode": "catmullrom"
						},
						"4.0": {
							"post": [0, 0, 4.26],
							"lerp_mode": "catmullrom"
						}
					},
					"position": {
						"0.0": [0, -0.08, 0],
						"0.9167": [0, 0, 0],
						"1.8333": [0, -0.25, 0],
						"3.0": [0, -0.25, 0],
						"4.0": [0, -0.08, 0]
					}
				},
				"rightleg": {
					"rotation": [0, 5, 2.5]
				},
				"leftleg": {
					"rotation": [0, -5, -2.5],
					"position": [0, 0, 0]
				}
			}
		},
		"animation.human.sprint": {
			"loop": true,
			"animation_length": 2,
			"anim_time_update": "query.anim_time + query.delta_time * (query.ground_speed/1.5) * (query.is_on_ground ? 1.0 : 0.3)",
			"bones": {
				"root": {
					"position": {
						"0.0": {
							"post": [0, 0, 0],
							"lerp_mode": "catmullrom"
						},
						"0.25": [0, 0.58, 0],
						"0.5": {
							"pre": [0, -1, 0],
							"post": [0, -1, 0],
							"lerp_mode": "catmullrom"
						},
						"1.0": {
							"post": [0, 0, 0],
							"lerp_mode": "catmullrom"
						},
						"1.25": [0, 0.65, 0],
						"1.5": {
							"pre": [0, -1, 0],
							"post": [0, -1, 0],
							"lerp_mode": "catmullrom"
						},
						"2.0": {
							"post": [0, 0, 0],
							"lerp_mode": "catmullrom"
						}
					}
				},
				"waist": {
					"rotation": {
						"0.0": {
							"post": [5, 0, 0],
							"lerp_mode": "catmullrom"
						},
						"0.5": {
							"post": [5, 7.5, 0],
							"lerp_mode": "catmullrom"
						},
						"1.0": {
							"post": [5, 0, 0],
							"lerp_mode": "catmullrom"
						},
						"1.5": {
							"post": [5, -7.5, 0],
							"lerp_mode": "catmullrom"
						},
						"2.0": {
							"post": [5, 0, 0],
							"lerp_mode": "catmullrom"
						}
					},
					"position": {
						"0.0": {
							"post": [0, 0, 0],
							"lerp_mode": "catmullrom"
						},
						"0.5": {
							"post": [0, 1, 0],
							"lerp_mode": "catmullrom"
						},
						"0.75": {
							"post": [0, -0.5, 0],
							"lerp_mode": "catmullrom"
						},
						"1.0": {
							"post": [0, 0, 0],
							"lerp_mode": "catmullrom"
						},
						"1.5": {
							"post": [0, 1, 0],
							"lerp_mode": "catmullrom"
						},
						"1.75": {
							"post": [0, -0.44, 0],
							"lerp_mode": "catmullrom"
						},
						"2.0": {
							"post": [0, 0, 0],
							"lerp_mode": "catmullrom"
						}
					}
				},
				"leftArm": {
					"rotation": {
						"0.0": {
							"post": [-4.62111, -1.91135, -22.42287],
							"lerp_mode": "catmullrom"
						},
						"0.5": {
							"post": [-60.72793, 25.09493, -33.02539],
							"lerp_mode": "catmullrom"
						},
						"0.75": {
							"post": [-27.38493, 24.93715, -8.21613],
							"lerp_mode": "catmullrom"
						},
						"1.0": {
							"post": [-5.17819, 16.78085, -9.02706],
							"lerp_mode": "catmullrom"
						},
						"1.5": {
							"post": [35.04256, -0.65182, -7.47178],
							"lerp_mode": "catmullrom"
						},
						"2.0": {
							"post": [-4.62111, -1.91135, -22.42287],
							"lerp_mode": "catmullrom"
						}
					}
				},
				"rightArm": {
					"rotation": {
						"0.0": {
							"post": [0, -7.5, 7.5],
							"lerp_mode": "catmullrom"
						},
						"0.5": {
							"post": [42.5, 0, 7.5],
							"lerp_mode": "catmullrom"
						},
						"1.0": {
							"post": [0, 0, 17.5],
							"lerp_mode": "catmullrom"
						},
						"1.5": {
							"post": [-74.90323, -33.48798, 54.04851],
							"lerp_mode": "catmullrom"
						},
						"1.75": {
							"post": [-24.11479, -33.13588, 17.02565],
							"lerp_mode": "catmullrom"
						},
						"2.0": {
							"post": [0, -7.5, 7.5],
							"lerp_mode": "catmullrom"
						}
					}
				},
				"rightleg": {
					"rotation": {
						"0.0": {
							"post": [12.5, 0, 0],
							"lerp_mode": "catmullrom"
						},
						"0.5": [-20, 0, 0],
						"1.0": [0, 0, 0],
						"1.5": {
							"pre": [42.5, 0, 0],
							"post": [42.5, 0, 0],
							"lerp_mode": "catmullrom"
						},
						"2.0": {
							"post": [12.5, 0, 0],
							"lerp_mode": "catmullrom"
						}
					},
					"position": {
						"0.0": {
							"post": [0, 3, 0],
							"lerp_mode": "catmullrom"
						},
						"0.5": [0, 1, -2],
						"1.0": [0, 0, 0],
						"1.5": {
							"pre": [0, 0, 1],
							"post": [0, 0, 1],
							"lerp_mode": "catmullrom"
						},
						"2.0": {
							"post": [0, 3, 0],
							"lerp_mode": "catmullrom"
						}
					}
				},
				"leftleg": {
					"rotation": {
						"0.0": [0, 0, 0],
						"0.5": {
							"pre": [37.5, 0, 0],
							"post": [37.5, 0, 0],
							"lerp_mode": "catmullrom"
						},
						"1.0": {
							"post": [12.5, 0, 0],
							"lerp_mode": "catmullrom"
						},
						"1.5": [-20, 0, 0],
						"2.0": [0, 0, 0]
					},
					"position": {
						"0.0": [0, 0, 0],
						"0.5": {
							"pre": [0, 0, 1],
							"post": [0, 0, 1],
							"lerp_mode": "catmullrom"
						},
						"1.0": {
							"post": [0, 3, 0],
							"lerp_mode": "catmullrom"
						},
						"1.5": [0, 1, -2],
						"2.0": [0, 0, 0]
					}
				}
			}
		},
		"animation.human.look_at_target": {
			"loop": true,
			"bones": {
				"left_arm": {
					"rotation": ["-query.target_x_rotation * 0.35", 0, 0]
				},
				"right_arm": {
					"rotation": ["-query.target_x_rotation * 0.3", 0, 0]
				},
				"waist": {
					"rotation": ["query.target_x_rotation * 0.4", "query.target_y_rotation * 0.15", 0]
				},
				"head": {
					"rotation": ["query.target_x_rotation * 0.6", "query.target_y_rotation * 0.85", "query.target_y_rotation * 0.1"]
				}
			}
		},
		"animation.human.leap": {
			"loop": true,
			"bones": {
				"root": {
					"rotation": [57.5, 0, 0],
					"position": [0, 10, 12]
				},
				"waist": {
					"rotation": [-7.5, 0, 0]
				},
				"head": {
					"rotation": [-27.5, 0, 0]
				},
				"leftArm": {
					"rotation": [-121.35696, -32.19063, -1.5831]
				},
				"plunger": {
					"rotation": [177.46148, -9.99038, 0.44067]
				},
				"rightArm": {
					"rotation": [-112.05157, 24.11509, 10.91959]
				},
				"plunger2": {
					"rotation": [169.91547, 7.38542, -1.30962]
				},
				"rightleg": {
					"rotation": [20, 0, 0]
				},
				"leftleg": {
					"rotation": [37.5, 0, 0]
				}
			}
		},
		"animation.human.attack1": {
			"animation_length": 1,
			"bones": {
				"waist": {
					"rotation": {
						"0.0": [0, 0, 0],
						"0.3333": {
							"pre": [-2.5, 10, 0],
							"post": [-2.5, 10, 0],
							"lerp_mode": "catmullrom"
						},
						"0.5417": {
							"post": [4.99885, -9.92544, -1.73415],
							"lerp_mode": "catmullrom"
						},
						"0.75": {
							"post": [5, -9.93, -1.73],
							"lerp_mode": "catmullrom"
						},
						"1.0": [0, 0, 0]
					}
				},
				"head": {
					"rotation": {
						"0.0": {
							"post": [0, 0, 0],
							"lerp_mode": "catmullrom"
						},
						"0.3333": {
							"post": [7.67995, -12.39135, -1.6575],
							"lerp_mode": "catmullrom"
						},
						"0.5": {
							"post": [12.56408, 7.43682, 0.98201],
							"lerp_mode": "catmullrom"
						},
						"0.75": {
							"post": [12.56, 7.44, 0.98],
							"lerp_mode": "catmullrom"
						},
						"1.0": {
							"post": [0, 0, 0],
							"lerp_mode": "catmullrom"
						}
					}
				},
				"rightArm": {
					"rotation": {
						"0.0": {
							"post": [0, 0, 0],
							"lerp_mode": "catmullrom"
						},
						"0.3333": {
							"post": [-61.67841, 13.27207, 7.05309],
							"lerp_mode": "catmullrom"
						},
						"0.5": {
							"post": [-62.41043, 4.43385, 2.31336],
							"lerp_mode": "catmullrom"
						},
						"0.75": {
							"post": [-62.41, 4.43, 2.31],
							"lerp_mode": "catmullrom"
						},
						"1.0": {
							"post": [0, 0, 0],
							"lerp_mode": "catmullrom"
						}
					},
					"position": {
						"0.0": {
							"post": [0, 0, 0],
							"lerp_mode": "catmullrom"
						},
						"0.3333": {
							"post": [0, 1, 4],
							"lerp_mode": "catmullrom"
						},
						"0.5": {
							"post": [0, -2, -4],
							"lerp_mode": "catmullrom"
						},
						"0.75": {
							"post": [0, -2, -4],
							"lerp_mode": "catmullrom"
						},
						"1.0": {
							"post": [0, 0, 0],
							"lerp_mode": "catmullrom"
						}
					}
				}
			}
		},
		"animation.human.attack2": {
			"animation_length": 1,
			"bones": {
				"waist": {
					"rotation": {
						"0.0": [0, 0, 0],
						"0.3333": {
							"pre": [-2.5, -10, 0],
							"post": [-2.5, -10, 0],
							"lerp_mode": "catmullrom"
						},
						"0.5417": {
							"post": [4.99885, 9.92544, 1.73415],
							"lerp_mode": "catmullrom"
						},
						"0.75": {
							"post": [5, 9.93, 1.73],
							"lerp_mode": "catmullrom"
						},
						"1.0": [0, 0, 0]
					}
				},
				"head": {
					"rotation": {
						"0.0": {
							"post": [0, 0, 0],
							"lerp_mode": "catmullrom"
						},
						"0.3333": {
							"post": [7.67995, 12.39135, 1.6575],
							"lerp_mode": "catmullrom"
						},
						"0.5": {
							"post": [12.56408, -7.43682, -0.98201],
							"lerp_mode": "catmullrom"
						},
						"0.75": {
							"post": [12.56, -7.44, -0.98],
							"lerp_mode": "catmullrom"
						},
						"1.0": {
							"post": [0, 0, 0],
							"lerp_mode": "catmullrom"
						}
					}
				},
				"leftArm": {
					"rotation": {
						"0.0": {
							"post": [0, 0, 0],
							"lerp_mode": "catmullrom"
						},
						"0.3333": {
							"post": [-61.67841, -13.27207, -7.05309],
							"lerp_mode": "catmullrom"
						},
						"0.5": {
							"post": [-62.41043, -4.43385, -2.31336],
							"lerp_mode": "catmullrom"
						},
						"0.75": {
							"post": [-62.41, -4.43, -2.31],
							"lerp_mode": "catmullrom"
						},
						"1.0": {
							"post": [0, 0, 0],
							"lerp_mode": "catmullrom"
						}
					},
					"position": {
						"0.0": {
							"post": [0, 0, 0],
							"lerp_mode": "catmullrom"
						},
						"0.3333": {
							"post": [0, 1, 4],
							"lerp_mode": "catmullrom"
						},
						"0.5": {
							"post": [0, -2, -4],
							"lerp_mode": "catmullrom"
						},
						"0.75": {
							"post": [0, -2, -4],
							"lerp_mode": "catmullrom"
						},
						"1.0": {
							"post": [0, 0, 0],
							"lerp_mode": "catmullrom"
						}
					}
				}
			}
		},
		"animation.camerawoman.shoot": {
			"loop": true,
			"animation_length": 0.5,
			"bones": {
				"waist": {
					"rotation": [12.5, 0, 0]
				},
				"body": {
					"rotation": [0, 0, 0]
				},
				"neck": {
					"rotation": [90, 0, 0]
				},
				"head": {
					"rotation": [-97.5, 0, 0],
					"position": [0, 2, -3]
				},
				"gun": {
					"rotation": {
						"0.0": [82.5, 0, 0],
						"0.125": [82.5, 0, 0],
						"0.25": [77.5, 0, 0],
						"0.5": [82.5, 0, 0]
					},
					"position": {
						"0.0": [0, 2, 0],
						"0.125": [0, 2, 0],
						"0.2083": [0, 2, 1],
						"0.5": {
							"pre": [0, 2, 0],
							"post": [0, 2, 0],
							"lerp_mode": "catmullrom"
						}
					}
				},
				"aggro": {
					"position": [0, 0, -1]
				}
			},
			"sound_effects": {
				"0.0": {
					"effect": "shoot"
				}
			}
		}
	}
}