{
	"format_version": "1.8.0",
	"animations": {
		"attack": {
			"animation_length": 13.25,
			"bones": {
				"base": {
					"rotation": {
						"1.4583": {
							"vector": [0, 0, 0]
						},
						"1.9583": {
							"vector": [7.5, 0, 0],
							"easing": "step"
						},
						"2.2083": {
							"vector": [0, 0, 0],
							"easing": "easeInQuad"
						},
						"2.6667": {
							"vector": [0, 0, 0]
						},
						"2.9167": {
							"vector": [7.5, 0, 0],
							"easing": "step"
						},
						"3.1667": {
							"vector": [0, 0, 0],
							"easing": "easeInQuad"
						},
						"3.4583": {
							"vector": [0, 0, 0]
						},
						"3.9583": {
							"vector": [4, 0, 0],
							"easing": "step"
						},
						"4.5417": {
							"vector": [4, 0, 0],
							"easing": "step"
						},
						"4.9167": {
							"vector": [0, 0, 0],
							"easing": "easeInQuad"
						}
					}
				},
				"pipe1": {
					"rotation": {
						"1.4583": {
							"vector": [0, 0, 0]
						},
						"1.9583": {
							"vector": [30, 0, 0],
							"easing": "step"
						},
						"2.2083": {
							"vector": [0, 0, 0],
							"easing": "step"
						},
						"2.6667": {
							"vector": [0, 0, 0],
							"easing": "step"
						},
						"2.9167": {
							"vector": [30, 0, 0],
							"easing": "step"
						},
						"3.1667": {
							"vector": [0, 0, 0],
							"easing": "step"
						},
						"3.4583": {
							"vector": [0, 0, 0],
							"easing": "step"
						},
						"3.9583": {
							"vector": [30, 0, 0],
							"easing": "step"
						},
						"4.5833": {
							"vector": [30, 0, 0],
							"easing": "step"
						},
						"4.7917": {
							"vector": [0, 0, 0],
							"easing": "step"
						},
						"8.6667": {
							"vector": [-2.5, 0, 0]
						},
						"9.1667": {
							"vector": [37.5, 0, 0],
							"easing": "easeInQuint"
						},
						"11.5833": {
							"vector": [38.16584, 9.88744, 7.68615],
							"easing": "step"
						},
						"12.375": {
							"vector": [-2.5, 0, 0],
							"easing": "step",
							"easingArgs": [10]
						}
					},
					"position": {
						"1.7083": {
							"vector": [0, 0, 0]
						},
						"1.9583": {
							"vector": [0, 2.3, -1],
							"easing": "easeInQuad"
						},
						"2.2083": {
							"vector": [0, 0, 0],
							"easing": "easeInQuad"
						},
						"2.6667": {
							"vector": [0, 0, 0],
							"easing": "easeInQuad"
						},
						"2.9167": {
							"vector": [0, 2.3, -1],
							"easing": "easeInQuad"
						},
						"3.1667": {
							"vector": [0, 0, 0],
							"easing": "easeInQuad"
						},
						"3.4583": {
							"vector": [0, 0, 0],
							"easing": "easeInQuad"
						},
						"3.9583": {
							"vector": [0, 2.3, -1],
							"easing": "easeInQuad"
						},
						"4.5833": {
							"vector": [0, 2.3, -1],
							"easing": "easeInQuad"
						},
						"4.7917": {
							"vector": [0, 0, 0],
							"easing": "easeInQuad"
						},
						"7.125": {
							"vector": [0, 0, 0]
						},
						"7.5": {
							"vector": [0, -1, -1]
						},
						"8.6667": {
							"vector": [0, -1, -1]
						},
						"9.1667": {
							"vector": [0, 2.5, -2],
							"easing": "easeInExpo"
						},
						"12.375": {
							"vector": [0, 0, 0],
							"easing": "step",
							"easingArgs": [10]
						}
					}
				},
				"pipe2": {
					"rotation": {
						"1.4583": {
							"vector": [0, 0, 0]
						},
						"1.9583": {
							"vector": [-37.5, 0, 0],
							"easing": "easeInSine"
						},
						"2.2083": {
							"vector": [0, 0, 0],
							"easing": "easeInSine"
						},
						"2.6667": {
							"vector": [0, 0, 0],
							"easing": "easeInSine"
						},
						"2.9167": {
							"vector": [-37.5, 0, 0],
							"easing": "easeInSine"
						},
						"3.1667": {
							"vector": [0, 0, 0],
							"easing": "easeInSine"
						},
						"3.4583": {
							"vector": [0, 0, 0],
							"easing": "easeInSine"
						},
						"3.9583": {
							"vector": [-37.5, 0, 0],
							"easing": "easeInSine"
						},
						"4.5417": {
							"vector": [-37.5, 0, 0],
							"easing": "easeInSine"
						},
						"4.875": {
							"vector": [0, 0, 0],
							"easing": "easeInSine"
						}
					}
				},
				"head": {
					"rotation": {
						"0.0": {
							"vector": [0, 0, 0]
						},
						"0.5": {
							"vector": [0, 0, 0]
						},
						"1.0": {
							"vector": [30, -180, 0],
							"easing": "easeInSine"
						},
						"1.4583": {
							"vector": [0, -360, 0],
							"easing": "linear"
						},
						"3.4583": {
							"vector": [-4.43459, -360, 0]
						},
						"4.4583": {
							"vector": [0, -720, 0],
							"easing": "easeInOutQuart"
						},
						"4.9583": {
							"vector": [0, -720, 0],
							"easing": "easeInOutQuart"
						},
						"5.4167": {
							"vector": [-17.5, -720, 17.5],
							"easing": "easeInQuart"
						},
						"6.0": {
							"vector": [-15, -720, 17.5],
							"easing": "step",
							"easingArgs": [3]
						},
						"6.4167": {
							"vector": [-0.21678, -733.89486, -25.9568],
							"easing": "easeInQuart"
						},
						"7.125": {
							"vector": [-1.40586, -733.8257, -20.99587],
							"easing": "step"
						},
						"7.5": {
							"vector": [-19.8423, -717.44132, 7.05239],
							"easing": "easeInCubic"
						},
						"7.9167": {
							"vector": [-20, -720, 0],
							"easing": "step"
						},
						"8.2917": {
							"vector": [-19.9299, -721.70818, -4.69986],
							"easing": "step"
						},
						"8.6667": {
							"vector": [-20, -720, 0],
							"easing": "step"
						},
						"9.1667": {
							"vector": [-45, -720, 0],
							"easing": "easeInExpo"
						},
						"12.375": {
							"vector": [0, -720, 0],
							"easing": "step",
							"easingArgs": [8]
						}
					}
				}
			}
		}
	}
}