{
	"format_version": "1.8.0",
	"animations": {
		"dying": {
			"loop": "hold_on_last_frame",
			"animation_length": 3,
			"bones": {
				"flush": {
					"position": {
						"0.0": {
							"vector": [0, 0, 0]
						},
						"0.25": {
							"vector": [0, -1, 0],
							"easing": "easeOutCirc"
						},
						"1.5": {
							"vector": [0, 0, 0]
						}
					}
				},
				"pipe1": {
					"rotation": {
						"0.0": {
							"vector": [0, -2.5, 0]
						},
						"3.0": {
							"vector": [0, 450, 0],
							"easing": "easeInOutQuart"
						}
					},
					"position": {
						"0.0": {
							"vector": [0, 0, 0]
						},
						"3.0": {
							"vector": [0, -4, 0],
							"easing": "easeInOutQuart"
						}
					}
				},
				"pipe2": {
					"position": {
						"0.0": {
							"vector": [0, 0, 0]
						},
						"3.0": {
							"vector": [0, -2, 0],
							"easing": "easeInOutCubic"
						}
					}
				},
				"head": {
					"scale": {
						"0.9167": {
							"vector": [1, 1, 1]
						},
						"1.6667": {
							"vector": [0.7, 0.8, 0.8],
							"easing": "easeInOutCubic"
						},
						"1.9167": {
							"vector": [0.5, 0.5, 0.5]
						}
					}
				},
				"root": {
					"rotation": {
						"0.0": {
							"vector": [0, 0, 0]
						},
						"0.5": {
							"vector": [0, 0, 0]
						},
						"0.6667": {
							"vector": [0, 0, 2]
						},
						"0.8333": {
							"vector": [0, 0, -2]
						},
						"1.125": {
							"vector": [0, 0, 2]
						},
						"1.7083": {
							"vector": [0, 0, -2]
						},
						"2.0417": {
							"vector": [0, 0, 0]
						}
					}
				}
			}
		},
		"dying2": {
			"loop": "hold_on_last_frame",
			"animation_length": 3,
			"bones": {
				"flush": {
					"position": {
						"0.0": {
							"vector": [0, 0, 0]
						},
						"0.25": {
							"vector": [0, -1, 0],
							"easing": "easeOutCirc"
						},
						"1.5": {
							"vector": [0, 0, 0]
						}
					}
				},
				"pipe1": {
					"rotation": {
						"0.0": {
							"vector": [0, -2.5, 0]
						},
						"3.0": {
							"vector": [0, 450, 0],
							"easing": "easeInOutQuart"
						}
					},
					"position": {
						"0.0": {
							"vector": [0, 0, 0]
						},
						"3.0": {
							"vector": [0, -4, 0],
							"easing": "easeInOutQuart"
						}
					}
				},
				"pipe2": {
					"position": {
						"0.0": {
							"vector": [0, 0, 0]
						},
						"3.0": {
							"vector": [0, -2, 0],
							"easing": "easeInOutCubic"
						}
					}
				},
				"head": {
					"scale": {
						"0.9167": {
							"vector": [1, 1, 1]
						},
						"1.6667": {
							"vector": [0.7, 0.8, 0.8],
							"easing": "easeInOutCubic"
						},
						"1.9167": {
							"vector": [0.5, 0.5, 0.5]
						}
					}
				},
				"root": {
					"rotation": {
						"0.0": {
							"vector": [0, 0, 0]
						},
						"0.5": {
							"vector": [0, 0, 0]
						},
						"0.6667": {
							"vector": [0, 0, 2]
						},
						"0.8333": {
							"vector": [0, 0, -2]
						},
						"1.125": {
							"vector": [0, 0, 2]
						},
						"1.7083": {
							"vector": [0, 0, -2]
						},
						"2.0417": {
							"vector": [0, 0, 0]
						}
					}
				}
			}
		}
	}
}