{
	"format_version": "1.8.0",
	"animations": {
		"flush": {
			"loop": "hold_on_last_frame",
			"animation_length": 3.08333,
			"bones": {
				"flush": {
					"position": {
						"0.0": {
							"vector": [0, 0, 0]
						},
						"0.2917": {
							"vector": [0, -1, 0],
							"easing": "easeOutCirc"
						},
						"1.75": {
							"vector": [0, 0, 0]
						}
					}
				},
				"lead": {
					"rotation": {
						"vector": ["o", 0, 0]
					},
					"position": {
						"vector": [0, 0, 0]
					}
				},
				"pi1": {
					"rotation": {
						"0.2083": {
							"vector": [0, -2.5, 0]
						},
						"3.0": {
							"vector": [0, 450, 0],
							"easing": "easeInOutQuart"
						}
					},
					"position": {
						"0.2083": {
							"vector": [0, 0, 0]
						},
						"3.0": {
							"vector": [0, -4, 0],
							"easing": "easeInOutQuart"
						}
					}
				},
				"pi2": {
					"position": {
						"0.2083": {
							"vector": [0, 0, 0]
						},
						"3.0": {
							"vector": [0, -2, 0],
							"easing": "easeInOutCubic"
						}
					}
				}
			}
		}
	}
}