{
	"format_version": "1.8.0",
	"animations": {
		"running": {
			"loop": true,
			"animation_length": 0.66667,
			"bones": {
				"pipe1": {
					"rotation": {
						"0.0": {
							"vector": [0, 0, 0]
						},
						"0.125": {
							"vector": [0, 0, 5],
							"easing": "easeInSine"
						},
						"0.25": {
							"vector": [0, 0, 0],
							"easing": "easeInSine"
						},
						"0.375": {
							"vector": [0, 0, -5],
							"easing": "easeInQuad"
						},
						"0.5": {
							"vector": [0, 0, 0],
							"easing": "easeInQuad"
						}
					}
				}
			}
		}
	}
}