{
	"format_version": "1.12.0",
	"minecraft:geometry": [
		{
			"description": {
				"identifier": "geometry.ic_skibidi_acid",
				"texture_width": 256,
				"texture_height": 256,
				"visible_bounds_width": 4,
				"visible_bounds_height": 4.5,
				"visible_bounds_offset": [0, 1.75, 0]
			},
			"bones": [
				{
					"name": "toilet",
					"pivot": [0, 0, 0],
					"cubes": [
						{"origin": [-5, 1.75, -5], "size": [10, 6, 10], "uv": [0, 72]},
						{"origin": [-7, 6, -7], "size": [14, 3, 14], "uv": [0, 37]},
						{"origin": [-9, 8, -7.5], "size": [9, 3, 15], "pivot": [0, 18, 0], "rotation": [0, 0, -77.5], "uv": [0, 54]},
						{"origin": [0, 8, -7.5], "size": [9, 3, 15], "pivot": [0, 18, 0], "rotation": [0, 0, 77.5], "uv": [0, 54], "mirror": true},
						{"origin": [-7.5, 8, -9], "size": [15, 3, 9], "pivot": [0, 18, 0], "rotation": [77.5, 0, 0], "uv": [58, 23]},
						{"origin": [-7.5, 8, 0], "size": [15, 3, 9], "pivot": [0, 18, 0], "rotation": [-77.5, 0, 0], "uv": [58, 11]},
						{"origin": [-8, 14.16026, -9.29852], "size": [16, 4, 2], "pivot": [0, 16.16026, -8.29852], "rotation": [-90, 0, 0], "uv": [68, 0]},
						{"origin": [-8, 14.16026, 7.29852], "size": [16, 4, 2], "pivot": [0, 16.16026, 8.29852], "rotation": [90, 0, 0], "uv": [68, 0]},
						{"origin": [7.27352, 14.16026, -8], "size": [2, 4, 16], "pivot": [8.29852, 16.16026, 0], "rotation": [0, 0, -90], "uv": [24, 73]},
						{"origin": [-9.27352, 14.16026, -8], "size": [2, 4, 16], "pivot": [-8.29852, 16.16026, 0], "rotation": [0, 0, 90], "uv": [24, 73]},
						{"origin": [-5, 17, 2], "size": [8, 8, 22], "pivot": [-1, 21, 13], "rotation": [90, 40, 180], "uv": [196, 226]}
					]
				},
				{
					"name": "lid1",
					"parent": "toilet",
					"pivot": [0, 18, 9],
					"cubes": [
						{"origin": [-8, 15.16026, -9.29852], "size": [16, 4, 1], "pivot": [0, 17.16026, -8.29852], "rotation": [-90, 0, 0], "uv": [97, 11]},
						{"origin": [-9.27352, 15.16026, -8], "size": [1, 4, 16], "pivot": [-8.29852, 17.16026, 0], "rotation": [0, 0, 90], "uv": [80, 57]},
						{"origin": [-8, 15.16026, 8.29852], "size": [16, 4, 1], "pivot": [0, 17.16026, 8.29852], "rotation": [90, 0, 0], "uv": [97, 11], "mirror": true},
						{"origin": [8.27352, 15.16026, -8], "size": [1, 4, 16], "pivot": [8.29852, 17.16026, 0], "rotation": [0, 0, -90], "uv": [80, 57]}
					]
				},
				{
					"name": "back",
					"parent": "toilet",
					"pivot": [0, 18, 11]
				},
				{
					"name": "lid2",
					"parent": "toilet",
					"pivot": [0, 17, 10]
				},
				{
					"name": "flush",
					"parent": "toilet",
					"pivot": [0, 36, 13]
				},
				{
					"name": "neck",
					"parent": "toilet",
					"pivot": [0, 9, 5.675],
					"rotation": [15, 0, 0],
					"cubes": [
						{"origin": [-2.5, 6.34478, 1.52888], "size": [5, 10, 5], "pivot": [0, 12.49954, 0.84149], "rotation": [25, 0, 0], "uv": [77, 89]}
					]
				},
				{
					"name": "neck2",
					"parent": "neck",
					"pivot": [0, 16.55658, 1.98278],
					"rotation": [-27.5, 0, 0],
					"cubes": [
						{"origin": [-2.575, 13.72074, -2.62002], "size": [5, 10, 5], "pivot": [0, 20.87551, -3.30741], "rotation": [25, 0, 0], "uv": [56, 89]}
					]
				},
				{
					"name": "head",
					"parent": "neck2",
					"pivot": [0, 25.55658, -2.01722],
					"cubes": [
						{"origin": [-5, 23.55658, -7.01722], "size": [10, 11, 10], "pivot": [0, 26.55658, -2.01722], "rotation": [10, 0, 0], "uv": [0, 111]}
					]
				},
				{
					"name": "eyes",
					"parent": "head",
					"pivot": [0, 28.67209, -6.87575],
					"rotation": [10, 0, 0],
					"cubes": [
						{
							"origin": [-3.5, 27.79709, -7.87575],
							"size": [2.25, 1.75, 2],
							"uv": {
								"north": {"uv": [2, 43], "uv_size": [2, 2]},
								"east": {"uv": [0, 43], "uv_size": [2, 2]},
								"south": {"uv": [6, 43], "uv_size": [2, 2]},
								"west": {"uv": [4, 43], "uv_size": [2, 2]},
								"up": {"uv": [2, 41], "uv_size": [2, 2]},
								"down": {"uv": [4, 43], "uv_size": [2, -2]}
							}
						},
						{
							"origin": [1.25, 27.79709, -7.87575],
							"size": [2.25, 1.75, 2],
							"uv": {
								"north": {"uv": [4, 43], "uv_size": [-2, 2]},
								"east": {"uv": [6, 43], "uv_size": [-2, 2]},
								"south": {"uv": [8, 43], "uv_size": [-2, 2]},
								"west": {"uv": [2, 43], "uv_size": [-2, 2]},
								"up": {"uv": [4, 41], "uv_size": [-2, 2]},
								"down": {"uv": [6, 43], "uv_size": [-2, -2]}
							}
						}
					]
				},
				{
					"name": "pupils",
					"parent": "eyes",
					"pivot": [0, 28.67209, -6.87575]
				},
				{
					"name": "1",
					"parent": "pupils",
					"pivot": [0, 28.67209, -6.87575]
				},
				{
					"name": "2",
					"parent": "pupils",
					"pivot": [0, 28.67209, -6.87575]
				},
				{
					"name": "mouth",
					"parent": "head",
					"pivot": [0, 25.58158, -1.99222],
					"cubes": [
						{
							"origin": [-5, 23.55658, -7.01722],
							"size": [10, 5, 5],
							"pivot": [0, 26.55658, -2.01722],
							"rotation": [10, 0, 0],
							"uv": {
								"north": {"uv": [47, 144], "uv_size": [10, 5]},
								"east": {"uv": [42, 144], "uv_size": [5, 5]},
								"south": {"uv": [62, 144], "uv_size": [10, 5]},
								"west": {"uv": [57, 144], "uv_size": [5, 5]},
								"up": {"uv": [47, 139], "uv_size": [10, 5]},
								"down": {"uv": [57, 144], "uv_size": [10, -5]}
							}
						}
					],
					"locators": {
						"fire_breath": {
							"offset": [-0.02822, 25.49215, -5.0836],
							"rotation": [9.65593, -0.07276, 1.77782]
						}
					}
				},
				{
					"name": "teeth",
					"parent": "head",
					"pivot": [0, 25.55658, -3.01722]
				},
				{
					"name": "upper",
					"parent": "teeth",
					"pivot": [0, 26.05658, -2.01722],
					"cubes": [
						{"origin": [-3, 25.86015, -6.2625], "size": [6, 2, 4], "pivot": [0, 26.86015, -4.2625], "rotation": [-170, 0, 0], "uv": [35, 56]}
					]
				},
				{
					"name": "lower",
					"parent": "teeth",
					"pivot": [0, 26.20658, -2.01722],
					"cubes": [
						{"origin": [-3, 23.89053, -5.9152], "size": [6, 2, 4], "pivot": [0, 24.89053, -3.9152], "rotation": [170, 0, 180], "uv": [35, 56]}
					]
				},
				{
					"name": "shield_front",
					"parent": "head",
					"pivot": [0.5, 6.5, -5.75],
					"rotation": [89.99999, -82.5, -89.99999],
					"cubes": [
						{"origin": [0.5, 28.5, -10.75], "size": [6, 1, 1], "uv": [151, 0], "mirror": true},
						{"origin": [0.5, 26.5, -11], "size": [6, 1, 1], "pivot": [3.5, 29, -10.25], "rotation": [0, 0, -37.5], "uv": [151, 0], "mirror": true},
						{"origin": [-0.4, 27.75, -10.75], "size": [1, 3, 11], "inflate": -0.1, "pivot": [5.5, 29.5, -5.25], "rotation": [0, 0, -12.5], "uv": [163, 46], "mirror": true},
						{"origin": [-1.4, 24.75, -5.75], "size": [1, 3, 5], "inflate": -0.1, "pivot": [5.5, 29.5, -5.25], "rotation": [0, -75, -12.5], "uv": [169, 52], "mirror": true},
						{"origin": [-1.4, 24.75, -9.75], "size": [1, 3, 5], "inflate": -0.1, "pivot": [5.5, 29.5, -5.25], "rotation": [0, 75, -12.5], "uv": [169, 52], "mirror": true},
						{"origin": [0.5, 26.5, -0.5], "size": [6, 1, 1], "pivot": [3.5, 29, -0.25], "rotation": [0, 0, -37.5], "uv": [151, 0], "mirror": true},
						{"origin": [0, 29.18795, -10.75], "size": [1, 5, 11], "pivot": [0.50389, 33.68795, -4.75], "rotation": [0, 0, 7.5], "uv": [163, 43], "mirror": true},
						{"origin": [0.5, 28.5, -0.75], "size": [6, 1, 1], "uv": [151, 0], "mirror": true}
					]
				},
				{
					"name": "shield_front2",
					"parent": "head",
					"pivot": [0, 34.43202, -6.37687],
					"rotation": [-90, -27.5, 90],
					"cubes": [
						{"origin": [-1.38027, 33.48384, -11.87687], "size": [6, 1, 1], "uv": [151, 0], "mirror": true},
						{"origin": [-2.28027, 32.73384, -11.87687], "size": [1, 3, 11], "inflate": -0.1, "pivot": [3.61973, 34.48384, -6.37687], "rotation": [0, 0, -12.5], "uv": [163, 46], "mirror": true},
						{"origin": [-1.88027, 34.17179, -11.87687], "size": [1, 4, 11], "pivot": [-1.37638, 38.67179, -5.87687], "rotation": [0, 0, 7.5], "uv": [163, 43], "mirror": true},
						{"origin": [-1.38027, 33.48384, -1.87687], "size": [6, 1, 1], "uv": [151, 0], "mirror": true}
					]
				},
				{
					"name": "acid_can",
					"parent": "toilet",
					"pivot": [8, 3, 0],
					"cubes": [
						{"origin": [4, 0, -12], "size": [8, 8, 22], "uv": [196, 226]}
					]
				},
				{
					"name": "acid_can2",
					"parent": "toilet",
					"pivot": [-8, 3, 0],
					"cubes": [
						{"origin": [-12, 0, -12], "size": [8, 8, 22], "uv": [196, 226], "mirror": true}
					]
				}
			]
		}
	]
}