{
    "scheme": "1.3",
    "name": "bb_female_torso",
    "texture": [ 64, 64 ],
    "skins": "",
    "materials": {},
    "providesObj": true,
    "limbs": {
        "female_torso_first_layer.001_char.Mesh.Torso.001": {
            "size": [ 4, 4, 4 ],
            "texture": [ 0, 0 ],
            "anchor": [ 0.5, 0.5, 0.5 ],
            "slot": "NONE",
            "origin": [ 0.0, 0.0, 0.0 ],
            "smooth": true
        },
        "female_torso_first_layer_char.Mesh.Torso": {
            "size": [ 4, 4, 4 ],
            "texture": [ 0, 0 ],
            "anchor": [ 0.5, 0.5, 0.5 ],
            "slot": "NONE",
            "origin": [ 0.0, 0.0, 0.0 ],
            "smooth": true
        }
    },
    "poses": {
        "standing": {
            "size": [ 0.6, 0.8, 0.6 ],
            "limbs": {}
        },
        "flying": {
            "size": [ 0.6, 0.8, 0.6 ],
            "limbs": {}
        },
        "sneaking": {
            "size": [ 0.6, 0.8, 0.6 ],
            "limbs": {}
        },
        "riding": {
            "size": [ 0.6, 0.8, 0.6 ],
            "limbs": {}
        },
        "sleeping": {
            "size": [ 0.6, 0.8, 0.6 ],
            "limbs": {}
        }
    }
}