{
	"format_version": "1.12.0",
	"minecraft:geometry": [
		{
			"description": {
				"identifier": "geometry.gojidraw_drill_man",
				"texture_width": 128,
				"texture_height": 128,
				"visible_bounds_width": 14,
				"visible_bounds_height": 8,
				"visible_bounds_offset": [0, 3, 0]
			},
			"bones": [
				{
					"name": "bb_main",
					"pivot": [0, 0, 0],
					"locators": {
						"locator": [0, 0, 0]
					}
				},
				{
					"name": "Root",
					"pivot": [0, -1, 0]
				},
				{
					"name": "Leg2",
					"parent": "Root",
					"pivot": [0, 26, 1],
					"rotation": [0, 0, -2.5],
					"cubes": [
						{"origin": [-0.5, 14, -2.5], "size": [6, 12, 7], "uv": [0, 41]}
					]
				},
				{
					"name": "bone3",
					"parent": "Leg2",
					"pivot": [2.5, 13.95137, -1.82279],
					"cubes": [
						{"origin": [0, 3, -2], "size": [5, 11, 5], "uv": [21, 55]},
						{"origin": [0.1, 3, 2], "size": [4.8, 7, 2], "pivot": [2.5, 3, 3], "rotation": [-7.5, 0, 0], "uv": [34, 84]},
						{"origin": [0.2, 8.94977, 2.98322], "size": [4.6, 5, 2], "pivot": [2.5, 10, 3.8748], "rotation": [12.5, 0, 0], "uv": [0, 85]}
					]
				},
				{
					"name": "Boot2",
					"parent": "bone3",
					"pivot": [2, 3, 3.1],
					"rotation": [0, 0, 2.5],
					"cubes": [
						{"origin": [0.29, -0.6, -5.1897], "size": [4.32, 1.8, 5.4], "pivot": [2, 1.2, -6.1897], "rotation": [17.5, 0, 0], "uv": [26, 18]},
						{"origin": [0.2, -0.6, -5.1897], "size": [4.5, 1.8, 6.75], "uv": [75, 65]},
						{"origin": [0.2, -0.6, 0.7403], "size": [4.5, 1.8, 3.69], "uv": [47, 46]},
						{"origin": [0.2, 1.2, -1.6897], "size": [4.5, 1.8, 6.3], "uv": [71, 58]}
					]
				},
				{
					"name": "Left_t",
					"parent": "Leg2",
					"pivot": [3, 27, 0],
					"cubes": [
						{"origin": [1, 3, -3], "size": [5, 24, 8], "pivot": [6, 27, 1], "rotation": [0, 0, -2.5], "uv": [0, 0]}
					]
				},
				{
					"name": "Leg3",
					"parent": "Root",
					"pivot": [0, 26, 1],
					"rotation": [0, 0, 2.5],
					"cubes": [
						{"origin": [-5.5, 14, -2.5], "size": [6, 12, 7], "uv": [0, 41], "mirror": true}
					]
				},
				{
					"name": "bone2",
					"parent": "Leg3",
					"pivot": [-2.5, 13.95137, -1.82279],
					"cubes": [
						{"origin": [-5, 3, -2], "size": [5, 11, 5], "uv": [21, 55], "mirror": true},
						{"origin": [-4.9, 3, 2], "size": [4.8, 7, 2], "pivot": [-2.5, 3, 3], "rotation": [-7.5, 0, 0], "uv": [34, 84], "mirror": true},
						{"origin": [-4.8, 8.94977, 2.98322], "size": [4.6, 5, 2], "pivot": [-2.5, 10, 3.8748], "rotation": [12.5, 0, 0], "uv": [0, 85], "mirror": true}
					]
				},
				{
					"name": "Boot3",
					"parent": "bone2",
					"pivot": [-2, 3, 3.1],
					"rotation": [0, 0, -2.5],
					"cubes": [
						{"origin": [-4.61, -0.6, -5.1897], "size": [4.32, 1.8, 5.4], "pivot": [-2, 1.2, -6.1897], "rotation": [17.5, 0, 0], "uv": [26, 18], "mirror": true},
						{"origin": [-4.7, -0.6, -5.1897], "size": [4.5, 1.8, 6.75], "uv": [75, 65], "mirror": true},
						{"origin": [-4.7, -0.6, 0.7403], "size": [4.5, 1.8, 3.69], "uv": [47, 46], "mirror": true},
						{"origin": [-4.7, 1.2, -1.6897], "size": [4.5, 1.8, 6.3], "uv": [71, 58], "mirror": true}
					]
				},
				{
					"name": "Right_t",
					"parent": "Leg3",
					"pivot": [-3, 27, 0],
					"cubes": [
						{"origin": [-6, 3, -3], "size": [5, 24, 8], "pivot": [-6, 27, 1], "rotation": [0, 0, 2.5], "uv": [0, 0], "mirror": true}
					]
				},
				{
					"name": "Body",
					"parent": "Root",
					"pivot": [0, 27, 0],
					"cubes": [
						{"origin": [-5, 26, -2], "size": [10, 12, 6], "uv": [26, 0]},
						{"origin": [2, 26, -1.9], "size": [3, 12, 5.8], "pivot": [5, 26, 0], "rotation": [0, 0, 5], "uv": [18, 71]},
						{"origin": [-5, 26, -1.9], "size": [3, 12, 5.8], "pivot": [-5, 26, 0], "rotation": [0, 0, -5], "uv": [70, 41]}
					]
				},
				{
					"name": "Cest",
					"parent": "Body",
					"pivot": [-1, 37, -1],
					"cubes": [
						{"origin": [-5.5, 36, -3], "size": [11, 9, 8], "uv": [18, 24]},
						{"origin": [5.5, 36, -3], "size": [1, 9, 8], "uv": [0, 60]},
						{"origin": [-6.5, 36, -3], "size": [1, 9, 8], "uv": [58, 0]}
					]
				},
				{
					"name": "Neck",
					"parent": "Cest",
					"pivot": [0, 45, 0],
					"cubes": [
						{"origin": [-2, 45, -1.5], "size": [4, 3, 4], "uv": [19, 41]}
					]
				},
				{
					"name": "Head",
					"parent": "Neck",
					"pivot": [0, 48, 1],
					"locators": {
						"locator2": [0, 47, 4]
					}
				},
				{
					"name": "D_1",
					"parent": "Head",
					"pivot": [-0.00326, 47.56392, -0.34157],
					"cubes": [
						{"origin": [-2.5, 47, -4], "size": [5, 5, 9], "uv": [47, 32]},
						{"origin": [-2, 47, 5], "size": [4, 4, 3], "uv": [81, 38]},
						{"origin": [-2, 41, 7], "size": [4, 6, 1], "uv": [46, 85]},
						{"origin": [-1.95, 41, 7], "size": [3.9, 7, 1], "pivot": [0, 41, 7], "rotation": [15, 0, 0], "uv": [0, 0]},
						{"origin": [-2.5, 49, -8], "size": [5, 2, 4], "uv": [79, 26]},
						{"origin": [-0.79, 45, -5.73], "size": [1.5, 3, 1.5], "pivot": [0, 44, -5], "rotation": [0, -45, 0], "uv": [26, 18]},
						{"origin": [-1, 40, -6], "size": [2, 5, 2], "pivot": [0, 44, -5], "rotation": [0, -45, 0], "uv": [0, 60]},
						{"origin": [-1.5, 45.005, -6.5], "size": [3, 0, 3], "pivot": [0, 44, -5], "rotation": [0, -45, 0], "uv": [15, 5]},
						{"origin": [-1.5, 48.5, -9], "size": [3, 3, 5], "pivot": [0, 50, -9], "rotation": [0, 0, 45], "uv": [34, 76]},
						{"origin": [-1.95, 44.7, 8], "size": [3.9, 3, 1], "pivot": [0, 41, 7], "rotation": [15, 0, 0], "uv": [9, 77]},
						{"origin": [-2.45, 49, -8], "size": [4.9, 2, 4.5], "pivot": [0, 49, -8], "rotation": [-26.9, 0, 0], "uv": [71, 80]},
						{"origin": [-2.45, 50, -8], "size": [4.9, 1, 4.2], "pivot": [0, 51, -8], "rotation": [13.7, 0, 0], "uv": [48, 27]},
						{"origin": [-1.95, 50, 4.7], "size": [3.9, 1, 3.3], "pivot": [0, 51, 8], "rotation": [-17.5, 0, 0], "uv": [84, 32]}
					]
				},
				{
					"name": "drill",
					"parent": "D_1",
					"pivot": [0, 48, 1],
					"cubes": [
						{"origin": [-1, 49, -10], "size": [2, 2, 2], "pivot": [0, 50, -9], "rotation": [0, 0, 45], "uv": [85, 56]},
						{"origin": [-0.5, 49.5, -17], "size": [1, 1, 7], "uv": [0, 77]},
						{"origin": [-0.6, 49.4, -12], "size": [1.2, 1.2, 2], "uv": [60, 0]}
					]
				},
				{
					"name": "D_3",
					"parent": "Head",
					"pivot": [-0.00326, 47.56392, -0.34157],
					"cubes": [
						{"origin": [-3, 47, -4], "size": [6, 5, 9], "uv": [26, 41]},
						{"origin": [-2, 47, 5], "size": [4, 6, 1], "uv": [10, 60]},
						{"origin": [-1, 44, 5], "size": [2, 8, 2], "uv": [41, 55]},
						{"origin": [-1, 52, 5], "size": [2, 1.5, 2], "pivot": [0, 52, 7], "rotation": [47.5, 0, 0], "uv": [48, 23]},
						{"origin": [-2, 47, -6], "size": [4, 1, 2], "uv": [58, 46]},
						{"origin": [-3, 52, -3], "size": [6, 1, 8], "uv": [48, 18]},
						{"origin": [-3, 52, -4.4], "size": [6, 1, 1.4], "pivot": [0, 53, -3], "rotation": [45, 0, 0], "uv": [83, 80]},
						{"origin": [-1.5, 48.5, -8], "size": [3, 3, 2], "pivot": [0, 50, -8], "rotation": [0, 0, 45], "uv": [85, 0]},
						{"origin": [-2, 48, -6.1], "size": [4, 4, 4], "pivot": [0, 50, -8], "rotation": [0, 0, 45], "uv": [75, 72]}
					]
				},
				{
					"name": "drill3",
					"parent": "D_3",
					"pivot": [0, 48, 2],
					"cubes": [
						{"origin": [-1, 49, -9], "size": [2, 2, 4], "pivot": [0, 50, -8], "rotation": [0, 0, 45], "uv": [52, 0]},
						{"origin": [-0.5, 49.5, -15], "size": [1, 1, 10], "uv": [59, 58]},
						{"origin": [-0.6, 49.4, -10], "size": [1.2, 1.2, 1], "uv": [0, 32]}
					]
				},
				{
					"name": "D_2",
					"parent": "Head",
					"pivot": [-0.00326, 47.56392, 1.65843],
					"cubes": [
						{"origin": [-2.5, 47, -2], "size": [5, 5, 6], "uv": [35, 65]},
						{"origin": [-3, 46.5, 3], "size": [6, 6, 2], "uv": [76, 8]},
						{"origin": [-3, 46, -4], "size": [6, 3, 5], "uv": [68, 0]},
						{"origin": [-2, 46, -5], "size": [4, 3, 1], "uv": [60, 27]},
						{"origin": [-3, 46, -6], "size": [1, 3, 2], "uv": [11, 32]},
						{"origin": [2, 46, -6], "size": [1, 3, 2], "uv": [11, 32], "mirror": true},
						{"origin": [-3, 46, -5.99], "size": [1, 4, 2], "pivot": [-2, 46, -5], "rotation": [0, 0, 15], "uv": [0, 41]},
						{"origin": [2, 46, -5.99], "size": [1, 4, 2], "pivot": [2, 46, -5], "rotation": [0, 0, -15], "uv": [0, 41], "mirror": true},
						{"origin": [-3, 49, -5.99], "size": [1, 3, 2], "pivot": [-3, 49, -5], "rotation": [0, 0, 10], "uv": [11, 32]},
						{"origin": [2, 49, -5.99], "size": [1, 3, 2], "pivot": [3, 49, -5], "rotation": [0, 0, -10], "uv": [11, 32], "mirror": true},
						{"origin": [-3, 49, -4], "size": [6, 3, 2], "uv": [39, 18]},
						{"origin": [-2.5, 49, -6], "size": [5, 3, 2], "uv": [18, 0]},
						{"origin": [-1.5, 48.5, -7], "size": [3, 3, 3], "pivot": [0, 50, -7], "rotation": [0, 0, 45], "uv": [83, 16]}
					]
				},
				{
					"name": "drill2",
					"parent": "D_2",
					"pivot": [0, 48, 3],
					"cubes": [
						{"origin": [-1, 49, -8], "size": [2, 2, 3], "pivot": [0, 50, -7], "rotation": [0, 0, 45], "uv": [64, 84]},
						{"origin": [-0.5, 49.5, -14], "size": [1, 1, 6], "uv": [44, 78]},
						{"origin": [-0.6, 49.4, -10], "size": [1.2, 1.2, 4], "uv": [83, 82]}
					]
				},
				{
					"name": "arm",
					"parent": "Cest",
					"pivot": [-7, 42, 1],
					"rotation": [0, 0, 2.5],
					"cubes": [
						{"origin": [-10, 32, -1], "size": [4, 10, 5], "pivot": [-8, 41, 1.5], "rotation": [0, 0, 2.5], "uv": [57, 69]},
						{"origin": [-12, 42, -1.2], "size": [5, 4, 5.3], "pivot": [-7, 45, 1.5], "rotation": [0, 0, -45], "uv": [68, 17]}
					]
				},
				{
					"name": "armbone",
					"parent": "arm",
					"pivot": [-8.78575, 31.82036, 1.48333],
					"cubes": [
						{"origin": [-10, 19, -1], "size": [4, 13, 5], "pivot": [-8, 41, 1.5], "rotation": [0, 0, 2.5], "uv": [51, 50]},
						{"origin": [-10, 20, -1.3], "size": [4.4, 9.9, 5.5], "pivot": [-8.8, 45.2, 1.65], "rotation": [0, 0, 2.5], "uv": [66, 27]},
						{"origin": [-10.94691, 16.02066, -1.1], "size": [3.9, 4, 5.2], "uv": [0, 32]}
					]
				},
				{
					"name": "arm2",
					"parent": "Cest",
					"pivot": [7, 42, 1],
					"rotation": [0, 0, -2.5],
					"cubes": [
						{"origin": [6, 32, -1], "size": [4, 10, 5], "pivot": [8, 41, 1.5], "rotation": [0, 0, -2.5], "uv": [57, 69], "mirror": true},
						{"origin": [7, 42, -1.2], "size": [5, 4, 5.3], "pivot": [7, 45, 1.5], "rotation": [0, 0, 45], "uv": [68, 17], "mirror": true}
					]
				},
				{
					"name": "armbone2",
					"parent": "arm2",
					"pivot": [8.78575, 31.82036, 1.48333],
					"cubes": [
						{"origin": [6, 19, -1], "size": [4, 13, 5], "pivot": [8, 41, 1.5], "rotation": [0, 0, -2.5], "uv": [51, 50], "mirror": true},
						{"origin": [5.6, 20, -1.3], "size": [4.4, 9.9, 5.5], "pivot": [8.8, 45.2, 1.65], "rotation": [0, 0, -2.5], "uv": [66, 27], "mirror": true},
						{"origin": [7.04691, 16.02066, -1.1], "size": [3.9, 4, 5.2], "uv": [0, 32], "mirror": true}
					]
				},
				{
					"name": "Tie",
					"parent": "Cest",
					"pivot": [0, 45, -3.1],
					"cubes": [
						{"origin": [-1.5, 30, -3.1], "size": [3, 15, 0], "uv": [58, 84]},
						{"origin": [-1.5, 29, -3.2], "size": [3, 3, 0], "pivot": [0, 30.5, -3.2], "rotation": [0, 0, -45], "uv": [64, 49]},
						{"origin": [1.5, 39, -3.2], "size": [1, 6, 0], "pivot": [1.5, 45, -3.1], "rotation": [0, 0, 10], "uv": [49, 55]},
						{"origin": [-2.5, 39, -3.2], "size": [1, 6, 0], "pivot": [-1.5, 45, -3.1], "rotation": [0, 0, -10], "uv": [49, 55], "mirror": true}
					]
				}
			]
		}
	]
}