{
	"format_version": "1.12.0",
	"minecraft:geometry": [
		{
			"description": {
				"identifier": "geometry.sbgoji_upgrade_titan_speaker_man3",
				"texture_width": 256,
				"texture_height": 256,
				"visible_bounds_width": 8,
				"visible_bounds_height": 8,
				"visible_bounds_offset": [0, 3, 0]
			},
			"bones": [
				{
					"name": "Rott",
					"pivot": [0, 57, 0]
				},
				{
					"name": "body",
					"parent": "Rott",
					"pivot": [0, 45, 3],
					"cubes": [
						{"origin": [-9, 51, -1], "size": [18, 15, 11], "uv": [0, 26]},
						{"origin": [-7, 45.98433, -3.06762], "size": [14, 11, 2], "pivot": [0, 51.48433, -2.06762], "rotation": [15, 0, 0], "uv": [146, 0]},
						{"origin": [-7, 56.98433, -3.06762], "size": [14, 3, 2], "pivot": [0, 51.48433, -2.06762], "rotation": [15, 0, 0], "uv": [139, 46]},
						{"origin": [6, 51, 1], "size": [3, 15, 11], "pivot": [9.5, 51.5, 4.5], "rotation": [0, 0, 10], "uv": [66, 121]},
						{"origin": [-9, 51, 1], "size": [3, 15, 11], "pivot": [-9.5, 51.5, 4.5], "rotation": [0, 0, -10], "uv": [66, 121], "mirror": true},
						{"origin": [-7.5, 46, 0], "size": [15, 10, 9], "inflate": 0.5, "uv": [96, 62]}
					]
				},
				{
					"name": "Jetpack",
					"parent": "body",
					"pivot": [0, 65.61551, 9.92191],
					"cubes": [
						{
							"origin": [-10.24, 57.38302, 9.94514],
							"size": [20.48, 19.03, 7.43],
							"inflate": 0.2,
							"uv": {
								"north": {"uv": [5, 169], "uv_size": [14, 13]},
								"east": {"uv": [0, 169], "uv_size": [5, 13]},
								"south": {"uv": [24, 169], "uv_size": [14, 13]},
								"west": {"uv": [19, 169], "uv_size": [5, 13]},
								"up": {"uv": [5, 164], "uv_size": [14, 5]},
								"down": {"uv": [19, 169], "uv_size": [14, -5]}
							}
						},
						{"origin": [-10.24, 61.38302, 11.94514], "size": [20.48, 19.03, 7.43], "inflate": 3.9, "uv": [51, 45]},
						{"origin": [13, 44, 12], "size": [9, 4, 8], "uv": [142, 129]},
						{"origin": [-22, 44, 12], "size": [9, 4, 8], "uv": [142, 129], "mirror": true},
						{"origin": [13, 65, 12], "size": [9, 4, 8], "uv": [139, 34]},
						{"origin": [-22, 65, 12], "size": [9, 4, 8], "uv": [139, 34], "mirror": true},
						{"origin": [13, 72, 12], "size": [9, 4, 8], "uv": [139, 34]},
						{"origin": [-22, 72, 12], "size": [9, 4, 8], "uv": [139, 34], "mirror": true},
						{"origin": [14, 43, 13], "size": [7, 36, 6], "uv": [70, 71]},
						{"origin": [-21, 43, 13], "size": [7, 36, 6], "uv": [70, 71], "mirror": true},
						{"origin": [13, 50, 12], "size": [9, 8, 8], "uv": [135, 53]},
						{"origin": [-22, 50, 12], "size": [9, 8, 8], "uv": [135, 53], "mirror": true},
						{"origin": [-8.79, 48.85802, 13.22014], "size": [17.58, 7.43, 5.43], "inflate": 3.2, "pivot": [0, 53.84802, 11.66014], "rotation": [-10, 0, 0], "uv": [110, 22]}
					],
					"locators": {
						"thrust2": {
							"offset": [17.5, 42.32302, 16.38514],
							"rotation": [180, 0, 0]
						},
						"thrust3": {
							"offset": [-17.5, 42.32302, 16.38514],
							"rotation": [180, 0, 0]
						}
					}
				},
				{
					"name": "body2",
					"parent": "body",
					"pivot": [0, 63, 6],
					"cubes": [
						{"origin": [-12, 60, -3], "size": [24, 13, 13], "uv": [0, 0]},
						{"origin": [-2, 66.5, -8], "size": [4, 4, 1], "pivot": [0, 66, 4], "rotation": [2.5, 0, 0], "uv": [0, 31]},
						{"origin": [-2, 65.5, -8], "size": [4, 1, 1], "pivot": [0, 66, 4], "rotation": [2.5, 0, 0], "uv": [47, 33]},
						{"origin": [-2, 70.5, -8], "size": [4, 1, 1], "pivot": [0, 66, 4], "rotation": [2.5, 0, 0], "uv": [47, 31]},
						{"origin": [-6, 70.50666, -8.2], "size": [4, 1, 1], "pivot": [-2, 73, 4], "rotation": [1.84373, 1.68868, -42.47283], "uv": [47, 31]},
						{"origin": [2, 70.50666, -8.2], "size": [4, 1, 1], "pivot": [2, 73, 4], "rotation": [1.84373, -1.68868, 42.47283], "uv": [47, 31], "mirror": true},
						{"origin": [2, 66.5, -8], "size": [1, 4, 1], "pivot": [0, 66, 4], "rotation": [2.5, 0, 0], "uv": [8, 0], "mirror": true},
						{"origin": [2, 64.9979, -8.01086], "size": [1, 1, 1], "pivot": [3, 66.6, -7], "rotation": [2.41492, -0.64686, 14.98637], "uv": [8, 3], "mirror": true},
						{"origin": [-3, 64.9979, -8.01086], "size": [1, 1, 1], "pivot": [-3, 66.6, -7], "rotation": [2.41492, 0.64686, -14.98637], "uv": [8, 3]},
						{"origin": [-3, 66.5, -8], "size": [1, 4, 1], "pivot": [0, 66, 4], "rotation": [2.5, 0, 0], "uv": [8, 0]},
						{"origin": [-5, 63.96838, -1.65333], "size": [10, 13, 8], "pivot": [0, 70.46838, 2.34667], "rotation": [5, 0, 0], "uv": [0, 117]},
						{"origin": [-10.7587, 59.60993, -6.04666], "size": [8, 12, 10], "pivot": [-7.7587, 65.60993, -1.04666], "rotation": [1.23648, 11.37094, -7.4919], "uv": [110, 0]},
						{"origin": [2.7587, 59.60993, -6.04666], "size": [8, 12, 10], "pivot": [7.7587, 65.60993, -1.04666], "rotation": [1.23648, -11.37094, 7.4919], "uv": [110, 0], "mirror": true},
						{"origin": [-0.79565, 71, -9.04], "size": [1.5913, 1, 9], "pivot": [0, 68, -5], "rotation": [0, 0, -22.5], "uv": [4, 246]},
						{"origin": [-0.79565, 71, -9.04], "size": [1.5913, 1, 9], "pivot": [0, 68, -5], "rotation": [0, 0, -67.5], "uv": [4, 246]},
						{"origin": [-0.79565, 71, -9.04], "size": [1.5913, 1, 9], "pivot": [0, 68, -5], "rotation": [0, 0, 67.5], "uv": [4, 246], "mirror": true},
						{"origin": [-0.79565, 71, -9.04], "size": [1.5913, 1, 9], "pivot": [0, 68, -5], "rotation": [0, 0, -112.5], "uv": [4, 246]},
						{"origin": [-0.79565, 71, -9.04], "size": [1.5913, 1, 9], "pivot": [0, 68, -5], "rotation": [0, 0, 112.5], "uv": [4, 246], "mirror": true},
						{"origin": [-0.79565, 71, -9.04], "size": [1.5913, 1, 9], "pivot": [0, 68, -5], "rotation": [0, 0, -157.5], "uv": [4, 246]},
						{"origin": [-0.79565, 71, -9.04], "size": [1.5913, 1, 9], "pivot": [0, 68, -5], "rotation": [0, 0, 157.5], "uv": [4, 246], "mirror": true},
						{"origin": [-0.79565, 71, -9.04], "size": [1.5913, 1, 9], "pivot": [0, 68, -5], "rotation": [0, 0, 22.5], "uv": [4, 246], "mirror": true},
						{"origin": [-0.79565, 71, -9], "size": [1.5913, 1, 8], "uv": [238, 247]},
						{"origin": [-0.79565, 71, -9], "size": [1.5913, 1, 8], "pivot": [0, 68, -5], "rotation": [0, 0, -45], "uv": [238, 247]},
						{"origin": [-0.79565, 71, -9], "size": [1.5913, 1, 8], "pivot": [0, 68, -5], "rotation": [0, 0, 45], "uv": [238, 247], "mirror": true},
						{"origin": [-0.79565, 71, -9], "size": [1.5913, 1, 8], "pivot": [0, 68, -5], "rotation": [0, 0, -90], "uv": [238, 247]},
						{"origin": [-0.79565, 71, -9], "size": [1.5913, 1, 8], "pivot": [0, 68, -5], "rotation": [0, 0, 90], "uv": [238, 247], "mirror": true},
						{"origin": [-0.79565, 71, -9], "size": [1.5913, 1, 8], "pivot": [0, 68, -5], "rotation": [0, 0, -135], "uv": [238, 247]},
						{"origin": [-0.79565, 71, -9], "size": [1.5913, 1, 8], "pivot": [0, 68, -5], "rotation": [0, 0, 135], "uv": [238, 247], "mirror": true},
						{"origin": [-0.79565, 71, -9], "size": [1.5913, 1, 8], "pivot": [0, 68, -5], "rotation": [0, 0, -180], "uv": [238, 247]}
					]
				},
				{
					"name": "Li_1",
					"parent": "body2",
					"pivot": [0, 68, -3],
					"cubes": [
						{"origin": [-0.59674, 71, -7], "size": [1.19347, 0, 8], "pivot": [0, 68, -4], "rotation": [0, 0, -22.5], "uv": [246, 177]},
						{"origin": [-0.59674, 71, -7], "size": [1.19347, 0, 8], "uv": [246, 177]},
						{"origin": [-0.59674, 71, -7], "size": [1.19347, 0, 8], "pivot": [0, 68, -4], "rotation": [0, 0, 22.5], "uv": [246, 177]},
						{"origin": [-0.59674, 71, -7], "size": [1.19347, 0, 8], "pivot": [0, 68, -4], "rotation": [0, 0, -45], "uv": [246, 177]},
						{"origin": [-0.59674, 71, -7], "size": [1.19347, 0, 8], "pivot": [0, 68, -4], "rotation": [0, 0, 45], "uv": [246, 177], "mirror": true},
						{"origin": [-0.59674, 71, -7], "size": [1.19347, 0, 8], "pivot": [0, 68, -4], "rotation": [0, 0, 67.5], "uv": [246, 177], "mirror": true},
						{"origin": [-0.59674, 71, -7], "size": [1.19347, 0, 8], "pivot": [0, 68, -4], "rotation": [0, 0, -67.5], "uv": [246, 177]},
						{"origin": [-0.59674, 71, -7], "size": [1.19347, 0, 8], "pivot": [0, 68, -4], "rotation": [0, 0, 90], "uv": [246, 177], "mirror": true},
						{"origin": [-0.59674, 71, -7], "size": [1.19347, 0, 8], "pivot": [0, 68, -4], "rotation": [0, 0, -90], "uv": [246, 177]},
						{"origin": [-0.59674, 71, -7], "size": [1.19347, 0, 8], "pivot": [0, 68, -4], "rotation": [0, 0, -112.5], "uv": [246, 177]},
						{"origin": [-0.59674, 71, -7], "size": [1.19347, 0, 8], "pivot": [0, 68, -4], "rotation": [0, 0, -135], "uv": [246, 177]},
						{"origin": [-0.59674, 71, -7], "size": [1.19347, 0, 8], "pivot": [0, 68, -4], "rotation": [0, 0, -157.5], "uv": [246, 177]},
						{"origin": [-0.59674, 71, -7], "size": [1.19347, 0, 8], "pivot": [0, 68, -4], "rotation": [0, 0, -180], "uv": [246, 177]},
						{"origin": [-0.59674, 71, -7], "size": [1.19347, 0, 8], "pivot": [0, 68, -4], "rotation": [0, 0, 157.5], "uv": [246, 177]},
						{"origin": [-0.59674, 71, -7], "size": [1.19347, 0, 8], "pivot": [0, 68, -4], "rotation": [0, 0, 135], "uv": [246, 177], "mirror": true},
						{"origin": [-0.59674, 71, -7], "size": [1.19347, 0, 8], "pivot": [0, 68, -4], "rotation": [0, 0, 112.5], "uv": [246, 177], "mirror": true}
					]
				},
				{
					"name": "Li_2",
					"parent": "Li_1",
					"pivot": [0, 70, 5],
					"cubes": [
						{"origin": [-1, 67, -7], "size": [2, 2, 8], "pivot": [0, 68, -3], "rotation": [0, 0, 45], "uv": [236, 101]}
					]
				},
				{
					"name": "head2",
					"parent": "body2",
					"pivot": [0, 79, 4]
				},
				{
					"name": "Rightarm",
					"parent": "body2",
					"pivot": [11, 71, 4],
					"rotation": [2.49762, 0.10902, -2.49763],
					"cubes": [
						{"origin": [15.08902, 71.68906, 3.08724], "size": [8, 11, 10], "pivot": [16.08902, 80.18906, 2.08724], "rotation": [-8.79525, 1.32192, 24.99948], "uv": [86, 111]},
						{"origin": [15.08902, 82.68906, 3.08724], "size": [8, 21, 10], "pivot": [16.08902, 80.18906, 2.08724], "rotation": [-8.79525, 1.32192, 24.99948], "uv": [74, 0]},
						{"origin": [31.11104, 88.55431, 4.94358], "size": [3.5, 11.2, 12.6], "pivot": [32.86104, 94.15431, 11.24358], "rotation": [-14.87739, -1.93597, 7.75279], "uv": [132, 69]},
						{"origin": [25.36104, 78.55912, 1.0613], "size": [3.5, 11.2, 12.6], "pivot": [29.11104, 80.15912, 7.3613], "rotation": [-14.51082, 3.84097, 29.51082], "uv": [132, 69]},
						{"origin": [21.18405, 69.70245, -0.55473], "size": [3.5, 11.2, 12.6], "pivot": [23.93405, 75.30245, 5.74527], "rotation": [-13.36965, 6.86379, 41.69458], "uv": [132, 69]},
						{"origin": [9.91098, 48.68906, -2.91276], "size": [9, 19, 10], "uv": [0, 58]},
						{"origin": [9.91098, 63.68906, -2.85], "size": [9, 6, 10], "pivot": [19, 70, 0], "rotation": [0, 0, 22.5], "uv": [0, 52]},
						{"origin": [9.91098, 67.68906, -2.91276], "size": [9, 2, 10], "uv": [0, 71]}
					]
				},
				{
					"name": "Infected2",
					"parent": "Rightarm",
					"pivot": [20.08902, 80.18906, 2.08724]
				},
				{
					"name": "bone",
					"parent": "Rightarm",
					"pivot": [16.10732, 48.66685, 0.92079],
					"rotation": [15, 0, 0],
					"cubes": [
						{"origin": [10.5, 21.68906, 0.08724], "size": [8, 28, 8], "pivot": [32.91098, 53.18906, 6.08724], "rotation": [-20, 0, 0], "uv": [38, 71]},
						{"origin": [10.5, 17.86188, -9.58497], "size": [7, 6, 7], "pivot": [16.5, 24.86188, -5.08497], "rotation": [-20, 0, 0], "uv": [57, 147]}
					]
				},
				{
					"name": "blaster",
					"parent": "bone",
					"pivot": [18.5, 55.5, 1],
					"cubes": [
						{"origin": [18.00079, 30.52194, -0.47375], "size": [3, 11, 1], "pivot": [25.06059, 49.87344, 0.72827], "rotation": [-19.98387, -0.78671, 0.36672], "uv": [0, 0]},
						{"origin": [18.00079, 30.52194, 0.52625], "size": [3, 11, 1], "pivot": [25.06059, 49.87344, 0.72827], "rotation": [-19.98387, -0.78671, 0.36672], "uv": [0, 0]},
						{"origin": [20.9747, 49.03314, -3.47375], "size": [7, 3, 7], "inflate": 0.1, "pivot": [25.06059, 49.87344, 0.72827], "rotation": [-19.38539, -5.01216, -11.41527], "uv": [150, 69]},
						{"origin": [20.55696, 50.0411, -3.47375], "size": [7, 15, 7], "pivot": [25.06059, 49.87344, 0.72827], "rotation": [-19.9986, 0.0681, 2.7161], "uv": [29, 135]},
						{"origin": [21.00079, 31.52194, -3.47375], "size": [7, 19, 7], "inflate": -0.2, "pivot": [25.06059, 49.87344, 0.72827], "rotation": [-19.98387, -0.78671, 0.36672], "uv": [122, 111]},
						{"origin": [21.00079, 31.27194, -3.47375], "size": [7, 4, 7], "inflate": 0.3, "pivot": [25.06059, 49.87344, 0.72827], "rotation": [-19.98387, -0.78671, 0.36672], "uv": [149, 13]},
						{"origin": [22.00079, 26.52194, -2.47375], "size": [5, 7, 5], "inflate": 0.5, "pivot": [25.06059, 49.87344, 0.72827], "rotation": [-19.98387, -0.78671, 0.36672], "uv": [22, 157]},
						{"origin": [21.00079, 41.27194, -3.47375], "size": [7, 6, 7], "inflate": 0.1, "pivot": [25.06059, 49.87344, 0.72827], "rotation": [-19.98387, -0.78671, 0.36672], "uv": [145, 145]}
					]
				},
				{
					"name": "power",
					"parent": "blaster",
					"pivot": [25, 35.75, -0.5],
					"cubes": [
						{"origin": [22.00079, 19.27194, -2.47375], "size": [5, 10, 5], "pivot": [25.06059, 49.87344, 0.72827], "rotation": [-19.98387, -0.78671, 0.36672], "uv": [118, 152]}
					],
					"locators": {
						"trail": {
							"offset": [24.5827, 20.95808, -10.68342],
							"rotation": [-19.98387, -0.78671, 0.36672]
						}
					}
				},
				{
					"name": "stem",
					"parent": "blaster",
					"pivot": [22, 54.5, -4.5],
					"rotation": [0, -60, 0],
					"cubes": [
						{"origin": [22.20614, 23.52194, -5.30455], "size": [1, 23, 3], "pivot": [28.05811, 49.87344, -4.53641], "rotation": [-9.77195, 0.64805, 17.40418], "uv": [38, 52]},
						{"origin": [29.62839, 18.59358, -5.80455], "size": [0, 5, 4], "pivot": [28.05811, 49.87344, -4.53641], "rotation": [-9.27938, 3.14429, 32.20434], "uv": [0, 22]},
						{"origin": [55.07907, 65.70885, -5.80455], "size": [0, 5, 4], "pivot": [28.05811, 49.87344, -4.53641], "rotation": [7.11465, 6.74708, 150.37951], "uv": [0, 22]}
					]
				},
				{
					"name": "stem2",
					"parent": "blaster",
					"pivot": [22, 54.5, 3.5],
					"rotation": [0, 60, 0],
					"cubes": [
						{"origin": [21.29465, 23.52194, 1.8308], "size": [1, 23, 3], "pivot": [25.93068, 49.87344, 4.76468], "rotation": [-9.91288, -2.33897, -17.03379], "uv": [38, 52]},
						{"origin": [28.67546, 18.90828, 1.3308], "size": [0, 5, 4], "pivot": [25.93068, 49.87344, 4.76468], "rotation": [-10.17825, 0.2921, -2.26267], "uv": [0, 22]},
						{"origin": [52.13016, 66.60533, 1.3308], "size": [0, 5, 4], "pivot": [25.93068, 49.87344, 4.76468], "rotation": [5.00037, 8.88135, 115.65192], "uv": [0, 22]}
					]
				},
				{
					"name": "stem3",
					"parent": "blaster",
					"pivot": [29.25, 54.5, -0.5],
					"rotation": [0, 180, 0],
					"cubes": [
						{"origin": [29.74921, 23.52194, -2.52625], "size": [1, 23, 3], "pivot": [33.43941, 49.87344, -1.72827], "rotation": [19.98387, -0.78671, -0.36672], "uv": [38, 52]},
						{"origin": [37.09779, 19.15308, -3.02625], "size": [0, 5, 4], "pivot": [33.43941, 49.87344, -1.72827], "rotation": [19.16124, -5.83747, 13.78576], "uv": [0, 22]},
						{"origin": [58.9999, 67.30267, -3.02625], "size": [0, 5, 4], "pivot": [33.43941, 49.87344, -1.72827], "rotation": [-14.38363, -14.04411, 134.05282], "uv": [0, 22]}
					]
				},
				{
					"name": "Leftarm",
					"parent": "body2",
					"pivot": [-11, 71, 4],
					"rotation": [2.49762, -0.10902, 2.49763],
					"cubes": [
						{"origin": [-18.91098, 48.68906, -2.91276], "size": [9, 19, 10], "uv": [0, 58], "mirror": true},
						{"origin": [-18.91098, 67.68906, -2.91276], "size": [9, 2, 10], "uv": [0, 71], "mirror": true},
						{"origin": [-18.91098, 63.68906, -2.85], "size": [9, 6, 10], "pivot": [-19, 70, 0], "rotation": [0, 0, -22.5], "uv": [0, 52], "mirror": true},
						{"origin": [-23.08902, 71.68906, 3.08724], "size": [8, 11, 10], "pivot": [-16.08902, 80.18906, 2.08724], "rotation": [-8.79525, -1.32192, -24.99948], "uv": [86, 111], "mirror": true},
						{"origin": [-23.08902, 82.68906, 3.08724], "size": [8, 21, 10], "pivot": [-16.08902, 80.18906, 2.08724], "rotation": [-8.79525, -1.32192, -24.99948], "uv": [74, 0], "mirror": true},
						{"origin": [-34.61104, 88.55431, 4.94358], "size": [3.5, 11.2, 12.6], "pivot": [-32.86104, 94.15431, 11.24358], "rotation": [-14.87739, 1.93597, -7.75279], "uv": [132, 69], "mirror": true},
						{"origin": [-28.86104, 78.55912, 1.0613], "size": [3.5, 11.2, 12.6], "pivot": [-29.11104, 80.15912, 7.3613], "rotation": [-14.51082, -3.84097, -29.51082], "uv": [132, 69], "mirror": true},
						{"origin": [-24.68405, 69.70245, -0.55473], "size": [3.5, 11.2, 12.6], "pivot": [-23.93405, 75.30245, 5.74527], "rotation": [-13.36965, -6.86379, -41.69458], "uv": [132, 69], "mirror": true}
					]
				},
				{
					"name": "bone4",
					"parent": "Leftarm",
					"pivot": [-16.10732, 48.66685, 0.92079],
					"rotation": [15, 0, 0],
					"cubes": [
						{"origin": [-17.5, 17.86188, -9.58497], "size": [7, 6, 7], "pivot": [-16.5, 24.86188, -5.08497], "rotation": [-20, 0, 0], "uv": [57, 147], "mirror": true},
						{"origin": [-18.5, 21.68906, 0.08724], "size": [8, 28, 8], "pivot": [-32.91098, 53.18906, 6.08724], "rotation": [-20, 0, 0], "uv": [38, 71], "mirror": true}
					]
				},
				{
					"name": "blaster2",
					"parent": "bone4",
					"pivot": [-18.5, 55.5, 1],
					"cubes": [
						{"origin": [-21.00079, 30.52194, -0.47375], "size": [3, 11, 1], "pivot": [-25.06059, 49.87344, 0.72827], "rotation": [-19.98387, 0.78671, -0.36672], "uv": [0, 0], "mirror": true},
						{"origin": [-21.00079, 30.52194, 0.52625], "size": [3, 11, 1], "pivot": [-25.06059, 49.87344, 0.72827], "rotation": [-19.98387, 0.78671, -0.36672], "uv": [0, 0], "mirror": true},
						{"origin": [-27.9747, 49.03314, -3.47375], "size": [7, 3, 7], "inflate": 0.1, "pivot": [-25.06059, 49.87344, 0.72827], "rotation": [-19.38539, 5.01216, 11.41527], "uv": [150, 69], "mirror": true},
						{"origin": [-27.55696, 50.0411, -3.47375], "size": [7, 15, 7], "pivot": [-25.06059, 49.87344, 0.72827], "rotation": [-19.9986, -0.0681, -2.7161], "uv": [29, 135], "mirror": true},
						{"origin": [-28.00079, 31.52194, -3.47375], "size": [7, 19, 7], "inflate": -0.2, "pivot": [-25.06059, 49.87344, 0.72827], "rotation": [-19.98387, 0.78671, -0.36672], "uv": [122, 111], "mirror": true},
						{"origin": [-28.00079, 31.27194, -3.47375], "size": [7, 4, 7], "inflate": 0.3, "pivot": [-25.06059, 49.87344, 0.72827], "rotation": [-19.98387, 0.78671, -0.36672], "uv": [149, 13], "mirror": true},
						{"origin": [-27.00079, 26.52194, -2.47375], "size": [5, 7, 5], "inflate": 0.5, "pivot": [-25.06059, 49.87344, 0.72827], "rotation": [-19.98387, 0.78671, -0.36672], "uv": [22, 157], "mirror": true},
						{"origin": [-28.00079, 41.27194, -3.47375], "size": [7, 6, 7], "inflate": 0.1, "pivot": [-25.06059, 49.87344, 0.72827], "rotation": [-19.98387, 0.78671, -0.36672], "uv": [145, 145], "mirror": true}
					]
				},
				{
					"name": "power2",
					"parent": "blaster2",
					"pivot": [-25, 35.75, -0.5],
					"cubes": [
						{"origin": [-27.00079, 19.27194, -2.47375], "size": [5, 10, 5], "pivot": [-25.06059, 49.87344, 0.72827], "rotation": [-19.98387, 0.78671, -0.36672], "uv": [118, 152], "mirror": true}
					],
					"locators": {
						"trail2": {
							"offset": [-24.5827, 20.95808, -10.68342],
							"rotation": [-19.98387, 0.78671, -0.36672]
						}
					}
				},
				{
					"name": "stem4",
					"parent": "blaster2",
					"pivot": [-22, 54.5, -4.5],
					"rotation": [0, 60, 0],
					"cubes": [
						{"origin": [-23.20614, 23.52194, -5.30455], "size": [1, 23, 3], "pivot": [-28.05811, 49.87344, -4.53641], "rotation": [-9.77195, -0.64805, -17.40418], "uv": [38, 52], "mirror": true},
						{"origin": [-29.62839, 18.59358, -5.80455], "size": [0, 5, 4], "pivot": [-28.05811, 49.87344, -4.53641], "rotation": [-9.27938, -3.14429, -32.20434], "uv": [0, 22], "mirror": true},
						{"origin": [-55.07907, 65.70885, -5.80455], "size": [0, 5, 4], "pivot": [-28.05811, 49.87344, -4.53641], "rotation": [7.11465, -6.74708, -150.37951], "uv": [0, 22], "mirror": true}
					]
				},
				{
					"name": "stem5",
					"parent": "blaster2",
					"pivot": [-22, 54.5, 3.5],
					"rotation": [0, -60, 0],
					"cubes": [
						{"origin": [-22.29465, 23.52194, 1.8308], "size": [1, 23, 3], "pivot": [-25.93068, 49.87344, 4.76468], "rotation": [-9.91288, 2.33897, 17.03379], "uv": [38, 52], "mirror": true},
						{"origin": [-28.67546, 18.90828, 1.3308], "size": [0, 5, 4], "pivot": [-25.93068, 49.87344, 4.76468], "rotation": [-10.17825, -0.2921, 2.26267], "uv": [0, 22], "mirror": true},
						{"origin": [-52.13016, 66.60533, 1.3308], "size": [0, 5, 4], "pivot": [-25.93068, 49.87344, 4.76468], "rotation": [5.00037, -8.88135, -115.65192], "uv": [0, 22], "mirror": true}
					]
				},
				{
					"name": "stem6",
					"parent": "blaster2",
					"pivot": [-29.25, 54.5, -0.5],
					"rotation": [0, -180, 0],
					"cubes": [
						{"origin": [-30.74921, 23.52194, -2.52625], "size": [1, 23, 3], "pivot": [-33.43941, 49.87344, -1.72827], "rotation": [19.98387, 0.78671, 0.36672], "uv": [38, 52], "mirror": true},
						{"origin": [-37.09779, 19.15308, -3.02625], "size": [0, 5, 4], "pivot": [-33.43941, 49.87344, -1.72827], "rotation": [19.16124, 5.83747, -13.78576], "uv": [0, 22], "mirror": true},
						{"origin": [-58.9999, 67.30267, -3.02625], "size": [0, 5, 4], "pivot": [-33.43941, 49.87344, -1.72827], "rotation": [-14.38363, 14.04411, -134.05282], "uv": [0, 22], "mirror": true}
					]
				},
				{
					"name": "Infected3",
					"parent": "Leftarm",
					"pivot": [-20.08902, 80.18906, 2.08724]
				},
				{
					"name": "head",
					"parent": "body2",
					"pivot": [0, 76, 1],
					"cubes": [
						{"origin": [-4.3, 74.28, -3.59], "size": [8.6, 17.2, 9.46], "uv": [105, 35]},
						{"origin": [-4.6, 86.36, -3.566], "size": [9.2, 3.88, 5.52], "inflate": -0.1, "pivot": [0, 81.3, -8.306], "rotation": [5, 0, 0], "uv": [66, 113]},
						{"origin": [-0.75852, 99.05838, 1.40562], "size": [9.2, 0, 5.52], "pivot": [2.84148, 99.05838, 3.16562], "rotation": [0, -2.5, 62.5], "uv": [42, 26], "mirror": true},
						{"origin": [-8.44148, 99.05838, 2.40562], "size": [9.2, 0, 5.52], "pivot": [-2.84148, 99.05838, 3.16562], "rotation": [0, 2.5, -62.5], "uv": [42, 26]},
						{"origin": [-5.3, 72.28, 1.41], "size": [10.6, 22.2, 8.46], "uv": [96, 81]},
						{"origin": [-4.3, 74.28, -4.59], "size": [8.6, 7.2, 9.46], "uv": [132, 92]},
						{"origin": [-8.6, 74.28, 0.99], "size": [17.2, 6.88, 7.74], "uv": [58, 31]},
						{"origin": [-10.73053, 80.28856, 3.99], "size": [6.2, 20.88, 5.74], "pivot": [-7, 82.8, 1.86], "rotation": [0, 0, -15], "uv": [0, 138]},
						{"origin": [4.53053, 80.28856, 3.99], "size": [6.2, 20.88, 5.74], "pivot": [7, 82.8, 1.86], "rotation": [0, 0, 15], "uv": [0, 138], "mirror": true},
						{"origin": [4.3, 74.28, -4.59], "size": [5.16, 7.74, 7.74], "uv": [150, 108], "mirror": true},
						{"origin": [-9.46, 74.28, -4.59], "size": [5.16, 7.74, 7.74], "uv": [150, 108]},
						{"origin": [13.12136, 88.85467, 0.66791], "size": [3.5, 11.2, 12.6], "pivot": [14.87136, 94.45467, 6.96791], "rotation": [0.12261, -1.93597, 7.75279], "uv": [132, 69]},
						{"origin": [-16.62136, 88.85467, 0.66791], "size": [3.5, 11.2, 12.6], "pivot": [-14.87136, 94.45467, 6.96791], "rotation": [0.12261, 1.93597, -7.75279], "uv": [132, 69], "mirror": true},
						{"origin": [10.78175, 78.30772, 0.84525], "size": [3.5, 11.2, 12.6], "pivot": [13.53175, 83.90772, 4.14525], "rotation": [0.01363, 0.64686, 17.41492], "uv": [132, 69]},
						{"origin": [-14.28175, 78.30772, 0.84525], "size": [3.5, 11.2, 12.6], "pivot": [-13.53175, 83.90772, 4.14525], "rotation": [0.01363, -0.64686, -17.41492], "uv": [132, 69], "mirror": true}
					]
				},
				{
					"name": "Infected",
					"parent": "head",
					"pivot": [0, 82, 0]
				},
				{
					"name": "s",
					"parent": "head",
					"pivot": [0, 81, -9]
				},
				{
					"name": "Leftleg",
					"parent": "Rott",
					"pivot": [-2, 47, 6],
					"rotation": [-20, 0, 0],
					"cubes": [
						{"origin": [-9.25, 23.73657, 1.90466], "size": [9.4, 21.7, 9.1], "pivot": [-12.2, 41.93657, 4.80466], "rotation": [17.48436, -0.75155, 2.38443], "uv": [0, 87]}
					]
				},
				{
					"name": "bone2",
					"parent": "Leftleg",
					"pivot": [-5.55, 24.05827, 8.05937],
					"cubes": [
						{"origin": [-9.1, 2.78657, 8.05466], "size": [7.1, 20, 8.1], "inflate": 0.5, "pivot": [-12.2, 23.63657, 4.80466], "rotation": [20, 0, 0], "uv": [36, 107]},
						{"origin": [-6.55, 5.43412, 6.51964], "size": [1, 15, 11], "pivot": [-5.05, 14.93412, 8.01964], "rotation": [25, 0, 0], "uv": [94, 132], "mirror": true},
						{"origin": [-8.6, 1.70295, 10.72023], "size": [6.1, 2, 4], "inflate": 0.5, "pivot": [-5.55, 3.70295, 19.77023], "rotation": [20, 0, 0], "uv": [125, 144]},
						{"origin": [-8.6, 1.70295, 15.72023], "size": [6.1, 4, 8], "inflate": 0.5, "pivot": [-5.55, 3.70295, 19.77023], "rotation": [20, 0, 0], "uv": [121, 140]},
						{"origin": [-8.5, 0, 11.4], "size": [6, 1, 5.2], "inflate": 0.5, "pivot": [-5.55, 1, 11.77023], "rotation": [32.5, 0, 0], "uv": [124, 143]}
					]
				},
				{
					"name": "Rightleg",
					"parent": "Rott",
					"pivot": [2, 47, 6],
					"rotation": [-20, 0, 0],
					"cubes": [
						{"origin": [-0.15, 23.73657, 1.90466], "size": [9.4, 21.7, 9.1], "pivot": [12.2, 41.93657, 4.80466], "rotation": [17.48436, 0.75155, -2.38443], "uv": [0, 87], "mirror": true}
					]
				},
				{
					"name": "bone3",
					"parent": "Rightleg",
					"pivot": [5.55, 24.05827, 8.05937],
					"cubes": [
						{"origin": [2, 2.78657, 8.05466], "size": [7.1, 20, 8.1], "inflate": 0.5, "pivot": [12.2, 23.63657, 4.80466], "rotation": [20, 0, 0], "uv": [36, 107], "mirror": true},
						{"origin": [2.5, 1.70295, 15.72023], "size": [6.1, 4, 8], "inflate": 0.5, "pivot": [5.55, 3.70295, 19.77023], "rotation": [20, 0, 0], "uv": [121, 140], "mirror": true},
						{"origin": [2.5, 1.70295, 10.72023], "size": [6.1, 2, 4], "inflate": 0.5, "pivot": [5.55, 3.70295, 19.77023], "rotation": [20, 0, 0], "uv": [125, 144], "mirror": true},
						{"origin": [2.5, 0, 11.4], "size": [6, 1, 5.2], "inflate": 0.5, "pivot": [5.55, 1, 11.77023], "rotation": [32.5, 0, 0], "uv": [124, 143], "mirror": true},
						{"origin": [5.55, 5.43412, 6.51964], "size": [1, 15, 11], "pivot": [5.05, 14.93412, 8.01964], "rotation": [25, 0, 0], "uv": [94, 132]}
					]
				}
			]
		}
	]
}