{
	"format_version": "1.12.0",
	"minecraft:geometry": [
		{
			"description": {
				"identifier": "geometry.gojidraw_big_camera_man_rocket",
				"texture_width": 256,
				"texture_height": 256,
				"visible_bounds_width": 14,
				"visible_bounds_height": 8,
				"visible_bounds_offset": [0, 3, 0]
			},
			"bones": [
				{
					"name": "bb_main",
					"pivot": [0, 0, 0],
					"locators": {
						"locator": [0, 0, 0]
					}
				},
				{
					"name": "Root",
					"pivot": [0, -2, 0]
				},
				{
					"name": "Leg2",
					"parent": "Root",
					"pivot": [1, 25, 1],
					"rotation": [0, -2.5, -2.5],
					"cubes": [
						{"origin": [-0.5, 13, -2.5], "size": [6, 14, 8], "uv": [16, 82]},
						{"origin": [5.5, 13, -2.5], "size": [1, 14, 8], "uv": [121, 40]}
					]
				},
				{
					"name": "bone3",
					"parent": "Leg2",
					"pivot": [3.5, 12.95137, -1.82279],
					"cubes": [
						{"origin": [0, 2, -2], "size": [5, 11, 6], "uv": [40, 123]},
						{"origin": [5, 2, -2], "size": [1, 11, 6], "uv": [16, 133]},
						{"origin": [0.1, 2, 3], "size": [5.8, 7, 2], "pivot": [3.5, 2, 3], "rotation": [-7.5, 0, 0], "uv": [0, 138]},
						{"origin": [0.2, 7.94977, 3.98322], "size": [5.6, 5, 2], "pivot": [3.5, 9, 3.8748], "rotation": [12.5, 0, 0], "uv": [101, 139]}
					]
				},
				{
					"name": "Boot2",
					"parent": "bone3",
					"pivot": [3, 3, 3.1],
					"rotation": [0, 0, 2.5],
					"cubes": [
						{"origin": [0.148, -0.96, -6.01867], "size": [5.752, 1.98, 5.94], "pivot": [3, 1.02, -7.11867], "rotation": [17.5, 0, 0], "uv": [100, 40]},
						{"origin": [0.05, -0.96, -6.01867], "size": [5.95, 1.98, 7.425], "uv": [97, 131]},
						{"origin": [0.05, -0.96, 1.50433], "size": [5.95, 1.98, 3.059], "uv": [91, 29]},
						{"origin": [0.05, 1.02, -2.16867], "size": [5.95, 1.98, 6.93], "uv": [137, 94]}
					]
				},
				{
					"name": "Left_t",
					"parent": "Leg2",
					"pivot": [4, 26, 0],
					"cubes": [
						{"origin": [0.5, 16, -3], "size": [7, 12, 9], "pivot": [7, 26, 1], "rotation": [0.12617, -0.15273, -4.99231], "uv": [68, 25]},
						{"origin": [1.5, 1.13608, -2.97469], "size": [7, 15, 9], "pivot": [9, 16.1, 1], "rotation": [0.52333, -0.53144, 0.02922], "uv": [25, 58]}
					]
				},
				{
					"name": "Leg3",
					"parent": "Root",
					"pivot": [-1, 25, 1],
					"rotation": [0, 2.5, 2.5],
					"cubes": [
						{"origin": [-5.5, 13, -2.5], "size": [6, 14, 8], "uv": [16, 82], "mirror": true},
						{"origin": [-6.5, 13, -2.5], "size": [1, 14, 8], "uv": [121, 40], "mirror": true}
					]
				},
				{
					"name": "bone2",
					"parent": "Leg3",
					"pivot": [-3.5, 12.95137, -1.82279],
					"cubes": [
						{"origin": [-5, 2, -2], "size": [5, 11, 6], "uv": [40, 123], "mirror": true},
						{"origin": [-6, 2, -2], "size": [1, 11, 6], "uv": [16, 133], "mirror": true},
						{"origin": [-5.9, 2, 3], "size": [5.8, 7, 2], "pivot": [-3.5, 2, 3], "rotation": [-7.5, 0, 0], "uv": [0, 138], "mirror": true},
						{"origin": [-5.8, 7.94977, 3.98322], "size": [5.6, 5, 2], "pivot": [-3.5, 9, 3.8748], "rotation": [12.5, 0, 0], "uv": [101, 139], "mirror": true}
					]
				},
				{
					"name": "Boot3",
					"parent": "bone2",
					"pivot": [-3, 3, 3.1],
					"rotation": [0, 0, -2.5],
					"cubes": [
						{"origin": [-5.9, -0.96, -6.01867], "size": [5.752, 1.98, 5.94], "pivot": [-3, 1.02, -7.11867], "rotation": [17.5, 0, 0], "uv": [100, 40], "mirror": true},
						{"origin": [-6, -0.96, -6.01867], "size": [5.95, 1.98, 7.425], "uv": [97, 131], "mirror": true},
						{"origin": [-6, -0.96, 1.50433], "size": [5.95, 1.98, 3.059], "uv": [91, 29], "mirror": true},
						{"origin": [-6, 1.02, -2.16867], "size": [5.95, 1.98, 6.93], "uv": [137, 94], "mirror": true}
					]
				},
				{
					"name": "Right_t",
					"parent": "Leg3",
					"pivot": [-4, 26, 0],
					"cubes": [
						{"origin": [-7.5, 16, -3], "size": [7, 12, 9], "pivot": [-7, 26, 1], "rotation": [0.12617, 0.15273, 4.99231], "uv": [68, 25], "mirror": true},
						{"origin": [-8.5, 1.13608, -2.97469], "size": [7, 15, 9], "pivot": [-9, 16.1, 1], "rotation": [0.52333, 0.53144, -0.02922], "uv": [25, 58], "mirror": true}
					]
				},
				{
					"name": "Body",
					"parent": "Root",
					"pivot": [0, 30, 0],
					"cubes": [
						{"origin": [-5, 24, -2], "size": [10, 17, 7], "uv": [0, 36]},
						{"origin": [-5, 26, 0], "size": [10, 15, 7], "pivot": [0, 38.5, 6.5], "rotation": [-7.46535, 0.03307, -0.72198], "uv": [34, 36]},
						{"origin": [-7.88297, 26.77659, -1.9], "size": [5, 14, 6.8], "pivot": [-8, 39, 0], "rotation": [0, 0, -10], "uv": [105, 59]},
						{"origin": [2.88297, 26.77659, -1.9], "size": [5, 14, 6.8], "pivot": [8, 39, 0], "rotation": [0, 0, 10], "uv": [0, 98]}
					]
				},
				{
					"name": "Cest",
					"parent": "Body",
					"pivot": [-1, 40, -1],
					"cubes": [
						{"origin": [-8.5, 39, -3], "size": [17, 10, 9], "pivot": [0, 44, 1.5], "rotation": [5, 0, 0], "uv": [0, 0]},
						{"origin": [-8, 37.8902, 0.58306], "size": [16, 11, 6], "pivot": [-0.5, 48, 0.03406], "rotation": [10, 0, 0], "uv": [0, 19]}
					]
				},
				{
					"name": "Neck",
					"parent": "Cest",
					"pivot": [0, 48, 0],
					"cubes": [
						{"origin": [-2, 48, -1.5], "size": [4, 3, 4], "uv": [16, 60]}
					]
				},
				{
					"name": "Head",
					"parent": "Neck",
					"pivot": [0, 50, -1],
					"cubes": [
						{"origin": [-3.5, 50, -5], "size": [7, 8, 10], "uv": [67, 0]},
						{"origin": [3.5, 52, -4], "size": [5, 4, 1], "uv": [95, 81]},
						{"origin": [3, 51.5, -3.9], "size": [6, 5, 1], "uv": [97, 59]},
						{"origin": [-1.5, 55, 3], "size": [3, 8, 12], "pivot": [0, 64, 6], "rotation": [-45, 0, 0], "uv": [45, 79]},
						{"origin": [-2, 55.5, 3.5], "size": [4, 7, 11], "pivot": [0, 64, 6], "rotation": [-45, 0, 0], "uv": [100, 22]},
						{"origin": [-3.5, 51.5, -9.2], "size": [7, 6, 2], "uv": [60, 139]},
						{"origin": [-4, 51, -12], "size": [8, 7, 3], "uv": [131, 84]},
						{"origin": [-2, 52.5, -11], "size": [4, 4, 12], "uv": [89, 6]},
						{"origin": [-4.5, 49, 4], "size": [9, 10, 5], "pivot": [0, 54.5, 5], "rotation": [-10, 0, 0], "uv": [103, 81]},
						{"origin": [5.5, 54.61039, 4.45322], "size": [2, 9, 3], "pivot": [6, 62.61039, 7.95322], "rotation": [-2.5, 0, 0], "uv": [68, 46]},
						{"origin": [5.4, 51.71429, 2.13179], "size": [2, 4, 3], "pivot": [7.5, 55, 5], "rotation": [-67.5, 0, 0], "uv": [67, 0]},
						{"origin": [3.5, 51.71429, 2.13179], "size": [2, 3, 3], "pivot": [7.5, 55, 5], "rotation": [-67.5, 0, 0], "uv": [56, 99]},
						{"origin": [-4, 49.5, -6], "size": [8, 2, 11], "uv": [78, 68]}
					],
					"locators": {
						"locator2": [0, 49, 9]
					}
				},
				{
					"name": "bone",
					"parent": "Head",
					"pivot": [0, 49, 1],
					"cubes": [
						{"origin": [-4.5, 55, -2], "size": [1, 5, 1], "uv": [0, 19]},
						{"origin": [-4.5, 60, -2], "size": [1, 1, 1.4], "pivot": [-4, 61, -2], "rotation": [-45, 0, 0], "uv": [5, 0]},
						{"origin": [-5.5, 50, -3], "size": [1, 5, 3], "uv": [86, 116]},
						{"origin": [-4.5, 50, -3], "size": [1, 5, 3], "uv": [16, 79]},
						{"origin": [3.5, 50, -3], "size": [1, 5, 3], "uv": [0, 0]},
						{"origin": [-4.5, 60, -6], "size": [1, 1, 4], "uv": [115, 40]}
					]
				},
				{
					"name": "arm",
					"parent": "Cest",
					"pivot": [-9, 45, 1],
					"rotation": [0, 0, 2.5],
					"cubes": [
						{"origin": [-14, 34, -2], "size": [6, 11, 6], "pivot": [-10, 44, 1.5], "rotation": [0, 0, 2.5], "uv": [115, 115]},
						{"origin": [-15, 45, -2.2], "size": [7, 5, 6.3], "pivot": [-9, 48, 1.5], "rotation": [0, 0, -45], "uv": [127, 62]}
					]
				},
				{
					"name": "armbone",
					"parent": "arm",
					"pivot": [-10.78575, 33.82036, 1.48333],
					"cubes": [
						{"origin": [-14, 21, -2.3], "size": [6.4, 10.9, 6.5], "pivot": [-10.8, 47.2, 1.65], "rotation": [0, 0, 2.5], "uv": [16, 117]},
						{"origin": [-14.94691, 12.02066, -2.1], "size": [5.9, 5, 6.2], "uv": [131, 31]},
						{"origin": [-14, 16, -2], "size": [6, 18, 6], "pivot": [-10, 43, 1.5], "rotation": [0, 0, 2.5], "uv": [97, 97], "mirror": true}
					]
				},
				{
					"name": "arm2",
					"parent": "Cest",
					"pivot": [9, 45, 1],
					"rotation": [0, 0, -2.5],
					"cubes": [
						{"origin": [8, 34, -2], "size": [6, 11, 6], "pivot": [10, 44, 1.5], "rotation": [0, 0, -2.5], "uv": [115, 115], "mirror": true},
						{"origin": [8, 45, -2.2], "size": [7, 5, 6.3], "pivot": [9, 48, 1.5], "rotation": [0, 0, 45], "uv": [127, 62], "mirror": true}
					]
				},
				{
					"name": "armbone2",
					"parent": "arm2",
					"pivot": [10.78575, 33.82036, 1.48333],
					"cubes": [
						{"origin": [7.6, 21, -2.3], "size": [6.4, 10.9, 6.5], "pivot": [10.8, 47.2, 1.65], "rotation": [0, 0, -2.5], "uv": [16, 117], "mirror": true},
						{"origin": [9.04691, 12.02066, -2.1], "size": [5.9, 5, 6.2], "uv": [131, 31], "mirror": true},
						{"origin": [8, 16, -2], "size": [6, 18, 6], "pivot": [10, 43, 1.5], "rotation": [0, 0, -2.5], "uv": [97, 97]}
					]
				},
				{
					"name": "Tie",
					"parent": "Cest",
					"pivot": [0, 48, -4.1],
					"cubes": [
						{"origin": [-1.25, 36, -4.1], "size": [2.75, 12.75, 0], "uv": [16, 67]},
						{"origin": [0.3, 37.25, -4.5], "size": [3, 3, 0], "pivot": [0, 37.125, -4.175], "rotation": [0, 0, -45], "uv": [0, 36]},
						{"origin": [-2.625, 43.5, -4.175], "size": [1.5, 5.25, 0], "pivot": [-1.125, 48, -4.1], "rotation": [0, 0, -10], "uv": [38, 19]},
						{"origin": [1.125, 43.5, -4.175], "size": [1.5, 5.25, 0], "pivot": [1.125, 48, -4.1], "rotation": [0, 0, 10], "uv": [4, 19]}
					]
				}
			]
		}
	]
}