{
	"format_version": "1.8.0",
	"animations": {
		"animation.tv_monitor.looking": {
			"loop": true,
			"bones": {
				"Head": {
					"rotation": {
						"vector": ["query.target_x_rotation * 0.65", "query.target_y_rotation * 0.65", "query.target_y_rotation * 0.15"]
					}
				},
				"Tv_head_2": {
					"rotation": {
						"vector": ["query.target_x_rotation * 0.65", "query.target_y_rotation * 0.65", "query.target_y_rotation * 0.15"]
					}
				}
			}
		},
		"animation.gojidraw_upgrade_astro_commander.calm": {
			"loop": true,
			"animation_length": 2,
			"bones": {
				"Head": {
					"rotation": {
						"0.0": {
							"vector": [0, 0, 0]
						},
						"0.0833": {
							"vector": [0, 0, -2.5]
						},
						"0.1667": {
							"vector": [0, 0, 0]
						},
						"0.25": {
							"vector": [-2.5, 0, 0]
						},
						"0.3333": {
							"vector": [2.5, 0, 0]
						},
						"0.4167": {
							"vector": [2.50238, -2.49762, -0.10912]
						},
						"0.5": {
							"vector": [0, 0, 0]
						},
						"0.5833": {
							"vector": [0, 0, -2.5]
						},
						"0.6667": {
							"vector": [0, 0, 0]
						},
						"0.75": {
							"vector": [-2.5, 0, 0]
						},
						"0.8333": {
							"vector": [2.5, 0, 0]
						},
						"0.9167": {
							"vector": [2.50238, -2.49762, -0.10912]
						},
						"1.0": {
							"vector": [0, 0, 0]
						},
						"1.0833": {
							"vector": [0, 0, -2.5]
						},
						"1.1667": {
							"vector": [0, 0, 0]
						},
						"1.25": {
							"vector": [-2.5, 0, 0]
						},
						"1.3333": {
							"vector": [2.5, 0, 0]
						},
						"1.4167": {
							"vector": [2.50238, -2.49762, -0.10912]
						},
						"1.5": {
							"vector": [0, 0, 0]
						},
						"1.5833": {
							"vector": [0, 0, -2.5]
						},
						"1.6667": {
							"vector": [0, 0, 0]
						},
						"1.75": {
							"vector": [-2.5, 0, 0]
						},
						"1.8333": {
							"vector": [2.5, 0, 0]
						},
						"1.9167": {
							"vector": [2.50238, -2.49762, -0.10912]
						},
						"2.0": {
							"vector": [0, 0, 0]
						}
					}
				},
				"Circle": {
					"rotation": {
						"0.0": {
							"vector": [0, 0, 0]
						},
						"2.0": {
							"vector": [0, 360, 0]
						}
					}
				},
				"Circle2": {
					"rotation": {
						"0.0": {
							"vector": [0, 0, 0]
						},
						"2.0": {
							"vector": [0, -482.5, 0]
						}
					}
				},
				"Circle3": {
					"rotation": {
						"0.0": {
							"vector": [0, 0, 0]
						},
						"2.0": {
							"vector": [0, -720, 0]
						}
					}
				},
				"Root": {
					"rotation": {
						"0.0": {
							"post": {
								"vector": [0, 0, 0]
							},
							"lerp_mode": "catmullrom"
						},
						"0.5417": {
							"post": {
								"vector": [0, 0, 2.5]
							},
							"lerp_mode": "catmullrom"
						},
						"1.0": {
							"post": {
								"vector": [0, 0, 0]
							},
							"lerp_mode": "catmullrom"
						},
						"1.5": {
							"post": {
								"vector": [0, 0, -2.5]
							},
							"lerp_mode": "catmullrom"
						},
						"2.0": {
							"post": {
								"vector": [0, 0, 0]
							},
							"lerp_mode": "catmullrom"
						}
					},
					"position": {
						"0.0": {
							"post": {
								"vector": [0, 16, 0]
							},
							"lerp_mode": "catmullrom"
						},
						"0.5417": {
							"post": {
								"vector": [1, 16, 0]
							},
							"lerp_mode": "catmullrom"
						},
						"1.0": {
							"post": {
								"vector": [2, 16, 0]
							},
							"lerp_mode": "catmullrom"
						},
						"1.5": {
							"post": {
								"vector": [1, 16, 0]
							},
							"lerp_mode": "catmullrom"
						},
						"2.0": {
							"post": {
								"vector": [0, 16, 0]
							},
							"lerp_mode": "catmullrom"
						}
					}
				},
				"Circle4": {
					"rotation": {
						"0.0": {
							"vector": [0, 0, 0]
						},
						"2.0": {
							"vector": [0, 360, 0]
						}
					}
				}
			}
		},
		"animation.gojidraw_upgrade_astro_commander.angry": {
			"loop": true,
			"animation_length": 4,
			"bones": {
				"Head": {
					"rotation": {
						"0.0": {
							"vector": [0, 0, 0]
						},
						"0.0833": {
							"vector": [0, 0, -2.5]
						},
						"0.1667": {
							"vector": [0, 0, 0]
						},
						"0.25": {
							"vector": [-2.5, 0, 0]
						},
						"0.3333": {
							"vector": [2.5, 0, 0]
						},
						"0.4167": {
							"vector": [2.50238, -2.49762, -0.10912]
						},
						"0.5": {
							"vector": [0, 0, 0]
						},
						"0.5833": {
							"vector": [0, 0, -2.5]
						},
						"0.6667": {
							"vector": [0, 0, 0]
						},
						"0.75": {
							"vector": [-2.5, 0, 0]
						},
						"0.8333": {
							"vector": [2.5, 0, 0]
						},
						"0.9167": {
							"vector": [2.50238, -2.49762, -0.10912]
						},
						"1.0": {
							"vector": [0, 0, 0]
						},
						"1.0833": {
							"vector": [0, 0, -2.5]
						},
						"1.1667": {
							"vector": [0, 0, 0]
						},
						"1.25": {
							"vector": [-2.5, 0, 0]
						},
						"1.3333": {
							"vector": [2.5, 0, 0]
						},
						"1.4167": {
							"vector": [2.50238, -2.49762, -0.10912]
						},
						"1.5": {
							"vector": [0, 0, 0]
						},
						"1.5833": {
							"vector": [0, 0, -2.5]
						},
						"1.6667": {
							"vector": [0, 0, 0]
						},
						"1.75": {
							"vector": [-2.5, 0, 0]
						},
						"1.8333": {
							"vector": [2.5, 0, 0]
						},
						"1.9167": {
							"vector": [2.50238, -2.49762, -0.10912]
						},
						"2.0": {
							"vector": [0, 0, 0]
						},
						"2.0833": {
							"vector": [0, 0, -2.5]
						},
						"2.1667": {
							"vector": [0, 0, 0]
						},
						"2.25": {
							"vector": [-2.5, 0, 0]
						},
						"2.3333": {
							"vector": [2.5, 0, 0]
						},
						"2.4167": {
							"vector": [2.50238, -2.49762, -0.10912]
						},
						"2.5": {
							"vector": [0, 0, 0]
						},
						"2.5833": {
							"vector": [0, 0, -2.5]
						},
						"2.6667": {
							"vector": [0, 0, 0]
						},
						"2.75": {
							"vector": [-2.5, 0, 0]
						},
						"2.8333": {
							"vector": [2.5, 0, 0]
						},
						"2.9167": {
							"vector": [2.50238, -2.49762, -0.10912]
						},
						"3.0": {
							"vector": [0, 0, 0]
						},
						"3.0833": {
							"vector": [0, 0, -2.5]
						},
						"3.1667": {
							"vector": [0, 0, 0]
						},
						"3.25": {
							"vector": [-2.5, 0, 0]
						},
						"3.3333": {
							"vector": [2.5, 0, 0]
						},
						"3.4167": {
							"vector": [2.50238, -2.49762, -0.10912]
						},
						"3.5": {
							"vector": [0, 0, 0]
						},
						"3.5833": {
							"vector": [0, 0, -2.5]
						},
						"3.6667": {
							"vector": [0, 0, 0]
						},
						"3.75": {
							"vector": [-2.5, 0, 0]
						},
						"3.8333": {
							"vector": [2.5, 0, 0]
						},
						"3.9167": {
							"vector": [2.50238, -2.49762, -0.10912]
						},
						"4.0": {
							"vector": [0, 0, 0]
						}
					}
				},
				"Circle": {
					"rotation": {
						"0.0": {
							"vector": [0, 0, 0]
						},
						"4.0": {
							"vector": [0, 2317.5, 0]
						}
					}
				},
				"Circle2": {
					"rotation": {
						"0.0": {
							"vector": [0, 0, 0]
						},
						"4.0": {
							"vector": [0, -482.5, 0]
						}
					}
				},
				"Circle3": {
					"rotation": {
						"0.0": {
							"vector": [0, 0, 0]
						},
						"4.0": {
							"vector": [0, -720, 0]
						}
					}
				},
				"Root": {
					"rotation": {
						"0.0": {
							"post": {
								"vector": [0, 0, 0]
							},
							"lerp_mode": "catmullrom"
						},
						"0.5417": {
							"post": {
								"vector": [0, 0, 2.5]
							},
							"lerp_mode": "catmullrom"
						},
						"1.5": {
							"post": {
								"vector": [0, 0, -2.5]
							},
							"lerp_mode": "catmullrom"
						},
						"2.0": {
							"post": {
								"vector": [0, 0, 0]
							},
							"lerp_mode": "catmullrom"
						},
						"2.5417": {
							"post": {
								"vector": [0, 0, 2.5]
							},
							"lerp_mode": "catmullrom"
						},
						"3.0": {
							"post": {
								"vector": [0, 0, 0]
							},
							"lerp_mode": "catmullrom"
						},
						"3.5": {
							"post": {
								"vector": [0, 0, -2.5]
							},
							"lerp_mode": "catmullrom"
						},
						"4.0": {
							"post": {
								"vector": [0, 0, 0]
							},
							"lerp_mode": "catmullrom"
						}
					},
					"position": {
						"0.0": {
							"post": {
								"vector": [0, 16, 0]
							},
							"lerp_mode": "catmullrom"
						},
						"0.5417": {
							"post": {
								"vector": [1, 16, 0]
							},
							"lerp_mode": "catmullrom"
						},
						"1.5": {
							"post": {
								"vector": [1, 16, 0]
							},
							"lerp_mode": "catmullrom"
						},
						"2.0": {
							"post": {
								"vector": [0, 16, 0]
							},
							"lerp_mode": "catmullrom"
						},
						"2.5417": {
							"post": {
								"vector": [1, 16, 0]
							},
							"lerp_mode": "catmullrom"
						},
						"3.0": {
							"post": {
								"vector": [2, 16, 0]
							},
							"lerp_mode": "catmullrom"
						},
						"3.5": {
							"post": {
								"vector": [1, 16, 0]
							},
							"lerp_mode": "catmullrom"
						},
						"4.0": {
							"post": {
								"vector": [0, 16, 0]
							},
							"lerp_mode": "catmullrom"
						}
					}
				},
				"Circle4": {
					"rotation": {
						"0.0": {
							"vector": [0, 0, 0]
						},
						"4.0": {
							"vector": [0, 360, 0]
						}
					}
				},
				"all_j": {
					"rotation": {
						"vector": [0, 0, 0]
					},
					"position": {
						"0.0": {
							"vector": [0, 0, 10]
						},
						"2.0": {
							"vector": [0, 0, 10]
						},
						"2.0417": {
							"vector": [0, 0, 0]
						}
					}
				},
				"j": {
					"rotation": {
						"0.0": {
							"vector": [0, 0, 0]
						},
						"2.0": {
							"vector": [0, 0, 0]
						},
						"2.0417": {
							"vector": [0, 0, 0]
						},
						"4.0": {
							"vector": [0, 0, 0]
						}
					}
				},
				"j2": {
					"position": {
						"0.0": {
							"vector": [0, 0, 8740]
						},
						"2.0": {"pre": {"vector": [0, 0, 8740]}, "post": {"vector": [0, 0, 8740]}},
						"2.0417": {"pre": {"vector": [0, 0, 8740]}, "post": {"vector": [0, 0, 0]}}
					},
					"scale": {
						"0.0": {
							"vector": [1, 1, 5000]
						},
						"2.0": {"pre": {"vector": [1, 1, 5000]}, "post": {"vector": [1, 1, 5000]}},
						"2.0417": {"pre": {"vector": [1, 1, 5000]}, "post": {"vector": [1, 1, 1]}}
					}
				}
			},
			"particle_effects": {
				"0.0": [
					{
						"effect": "astro_trail",
						"locator": "e"
					},
					{
						"effect": "astro_trail",
						"locator": "e2"
					},
					{
						"effect": "astro_trail",
						"locator": "e3"
					},
					{
						"effect": "astro_trail",
						"locator": "e4"
					},
					{
						"effect": "astro_trail",
						"locator": "e5"
					},
					{
						"effect": "astro_trail",
						"locator": "e6"
					},
					{
						"effect": "astro_trail",
						"locator": "e7"
					},
					{
						"effect": "astro_trail",
						"locator": "e8"
					}
				]
			}
		}
	},
	"geckolib_format_version": 2
}