{
	"format_version": "1.12.0",
	"minecraft:geometry": [
		{
			"description": {
				"identifier": "geometry.ic_skibidi_fg_lasers",
				"texture_width": 256,
				"texture_height": 256,
				"visible_bounds_width": 4,
				"visible_bounds_height": 4.5,
				"visible_bounds_offset": [0, 1.75, 0]
			},
			"bones": [
				{
					"name": "toilet",
					"pivot": [0, 0, 0],
					"cubes": [
						{"origin": [-5, 2, -5], "size": [10, 7, 10], "uv": [0, 72]},
						{"origin": [-6, 0, -6], "size": [12, 4, 12], "uv": [48, 57]},
						{"origin": [-7, 9, -7], "size": [14, 3, 14], "uv": [0, 37]},
						{"origin": [-9, 11, -7.5], "size": [9, 3, 15], "pivot": [0, 21, 0], "rotation": [0, 0, -77.5], "uv": [0, 54]},
						{"origin": [0, 11, -7.5], "size": [9, 3, 15], "pivot": [0, 21, 0], "rotation": [0, 0, 77.5], "uv": [0, 54], "mirror": true},
						{"origin": [-7.5, 11, -9], "size": [15, 3, 9], "pivot": [0, 21, 0], "rotation": [77.5, 0, 0], "uv": [58, 23]},
						{"origin": [-7.5, 11, 0], "size": [15, 3, 9], "pivot": [0, 21, 0], "rotation": [-77.5, 0, 0], "uv": [58, 11]},
						{"origin": [-8, 17.16026, -9.29852], "size": [16, 4, 2], "pivot": [0, 19.16026, -8.29852], "rotation": [-90, 0, 0], "uv": [68, 0]},
						{"origin": [-8, 17.16026, 7.29852], "size": [16, 4, 2], "pivot": [0, 19.16026, 8.29852], "rotation": [90, 0, 0], "uv": [68, 0]},
						{"origin": [7.27352, 17.16026, -8], "size": [2, 4, 16], "pivot": [8.29852, 19.16026, 0], "rotation": [0, 0, -90], "uv": [24, 73]},
						{"origin": [-9.27352, 17.16026, -8], "size": [2, 4, 16], "pivot": [-8.29852, 19.16026, 0], "rotation": [0, 0, 90], "uv": [24, 73]}
					]
				},
				{
					"name": "shield_front4",
					"parent": "toilet",
					"pivot": [0.5, 15, -7],
					"rotation": [89.99999, -82.5, -89.99999],
					"cubes": [
						{"origin": [-4.5, 14, -12], "size": [6, 1, 1], "uv": [165, 56], "mirror": true},
						{"origin": [-5.4, 11.25, -13.5], "size": [1, 5, 14], "inflate": -0.1, "pivot": [0.5, 15, -7], "rotation": [0, 0, -12.5], "uv": [174, 99], "mirror": true},
						{"origin": [-5, 14.68795, -13.5], "size": [1, 9, 14], "pivot": [-4.49611, 19.18795, -6.5], "rotation": [0, 0, 7.5], "uv": [174, 96], "mirror": true},
						{"origin": [-4.5, 14, -2], "size": [6, 1, 1], "uv": [165, 56], "mirror": true}
					]
				},
				{
					"name": "lid1",
					"parent": "toilet",
					"pivot": [0, 21, 9],
					"cubes": [
						{"origin": [-8, 18.16026, -9.29852], "size": [16, 4, 1], "pivot": [0, 20.16026, -8.29852], "rotation": [-90, 0, 0], "uv": [97, 11]},
						{"origin": [-9.27352, 18.16026, -8], "size": [1, 4, 16], "pivot": [-8.29852, 20.16026, 0], "rotation": [0, 0, 90], "uv": [80, 57]},
						{"origin": [-8, 18.16026, 8.29852], "size": [16, 4, 1], "pivot": [0, 20.16026, 8.29852], "rotation": [90, 0, 0], "uv": [97, 11], "mirror": true},
						{"origin": [8.27352, 18.16026, -8], "size": [1, 4, 16], "pivot": [8.29852, 20.16026, 0], "rotation": [0, 0, -90], "uv": [80, 57]}
					]
				},
				{
					"name": "back",
					"parent": "toilet",
					"pivot": [0, 21, 11],
					"cubes": [
						{"origin": [-11.5, 17, 10], "size": [23, 20, 6], "uv": [0, 11]},
						{"origin": [-15, 36, 9], "size": [30, 3, 8], "uv": [0, 0]},
						{"origin": [8.77514, 18.3438, 9.975], "size": [5, 20, 6], "pivot": [2.42514, 29.1438, 13], "rotation": [0, 0, 7.5], "uv": [32, 93], "mirror": true},
						{"origin": [-13.77514, 18.3438, 9.975], "size": [5, 20, 6], "pivot": [-2.42514, 29.1438, 13], "rotation": [0, 0, -7.5], "uv": [32, 93]}
					]
				},
				{
					"name": "rocket",
					"parent": "back",
					"pivot": [0, 27.61551, 19.92191],
					"cubes": [
						{"origin": [-15.5, 31, 18], "size": [1, 7, 2], "pivot": [-17.7, 28.875, 18], "rotation": [0, 90, 0], "uv": [0, 209]},
						{"origin": [-15.5, 22, 18], "size": [1, 7, 2], "pivot": [-17.7, 28.875, 18], "rotation": [0, 90, 0], "uv": [0, 209]},
						{"origin": [-19.4, 27, 17], "size": [4, 15, 4], "pivot": [-17.7, 28.875, 18], "rotation": [0, 90, 0], "uv": [0, 237]},
						{"origin": [-19.4, 19, 17], "size": [4, 15, 4], "inflate": -0.3, "pivot": [-17.7, 28.875, 18], "rotation": [0, 90, 0], "uv": [0, 237]},
						{"origin": [-19.4, 17, 17], "size": [4, 3, 4], "inflate": 0.3, "pivot": [-17.7, 28.875, 18], "rotation": [0, 90, 0], "uv": [53, 246]},
						{"origin": [-19.4, 13.75, 17], "size": [4, 3, 4], "pivot": [-17.7, 28.875, 18], "rotation": [0, 90, 0], "uv": [39, 249]},
						{"origin": [-19.4, 39, 17], "size": [4, 3, 4], "inflate": 0.4, "pivot": [-17.7, 28.875, 18], "rotation": [0, 90, 0], "uv": [20, 249]},
						{"origin": [14.5, 31, 18], "size": [1, 7, 2], "pivot": [17.7, 28.875, 18], "rotation": [0, -90, 0], "uv": [0, 209], "mirror": true},
						{"origin": [14.5, 22, 18], "size": [1, 7, 2], "pivot": [17.7, 28.875, 18], "rotation": [0, -90, 0], "uv": [0, 209], "mirror": true},
						{"origin": [15.4, 27, 17], "size": [4, 15, 4], "pivot": [17.7, 28.875, 18], "rotation": [0, -90, 0], "uv": [0, 237], "mirror": true},
						{"origin": [15.4, 19, 17], "size": [4, 15, 4], "inflate": -0.3, "pivot": [17.7, 28.875, 18], "rotation": [0, -90, 0], "uv": [0, 237], "mirror": true},
						{"origin": [15.4, 17, 17], "size": [4, 3, 4], "inflate": 0.3, "pivot": [17.7, 28.875, 18], "rotation": [0, -90, 0], "uv": [53, 246], "mirror": true},
						{"origin": [15.4, 13.75, 17], "size": [4, 3, 4], "pivot": [17.7, 28.875, 18], "rotation": [0, -90, 0], "uv": [39, 249], "mirror": true},
						{"origin": [15.4, 39, 17], "size": [4, 3, 4], "inflate": 0.4, "pivot": [17.7, 28.875, 18], "rotation": [0, -90, 0], "uv": [20, 249], "mirror": true}
					],
					"locators": {
						"thrust": {
							"offset": [-16.75, 16, 17.75],
							"rotation": [180, 0, 0]
						},
						"thrust2": {
							"offset": [16.75, 16, 17.75],
							"rotation": [180, 0, 0]
						}
					}
				},
				{
					"name": "lid2",
					"parent": "toilet",
					"pivot": [0, 20, 10],
					"cubes": [
						{"origin": [-8, 23, 7], "size": [16, 14, 2], "uv": [74, 35]},
						{"origin": [-7, 37, 7], "size": [14, 3, 2], "uv": [44, 73]},
						{"origin": [-6, 40, 7], "size": [12, 3, 2], "uv": [44, 82]},
						{"origin": [-7, 21, 7], "size": [14, 2, 2], "uv": [44, 78]}
					]
				},
				{
					"name": "flush",
					"parent": "toilet",
					"pivot": [0, 39, 13],
					"cubes": [
						{"origin": [-1, 38, 12], "size": [2, 2, 2], "uv": [0, 0]}
					]
				},
				{
					"name": "neck",
					"parent": "toilet",
					"pivot": [0, 12, 5.675],
					"rotation": [15, 0, 0],
					"cubes": [
						{"origin": [-2.5, 9.34478, 1.52888], "size": [5, 10, 5], "pivot": [0, 15.49954, 0.84149], "rotation": [25, 0, 0], "uv": [77, 89]}
					]
				},
				{
					"name": "neck2",
					"parent": "neck",
					"pivot": [0, 19.55658, 1.98278],
					"rotation": [-27.5, 0, 0],
					"cubes": [
						{"origin": [-2.575, 16.72074, -2.62002], "size": [5, 10, 5], "pivot": [0, 23.87551, -3.30741], "rotation": [25, 0, 0], "uv": [56, 89]}
					]
				},
				{
					"name": "head",
					"parent": "neck2",
					"pivot": [0, 28.55658, -2.01722],
					"cubes": [
						{"origin": [-5, 26.55658, -7.01722], "size": [10, 12, 10], "pivot": [0, 29.55658, -2.01722], "rotation": [10, 0, 0], "uv": [0, 111]}
					]
				},
				{
					"name": "eyes",
					"parent": "head",
					"pivot": [0, 31.67209, -6.87575],
					"rotation": [10, 0, 0],
					"cubes": [
						{
							"origin": [-3.5, 30.79709, -7.87575],
							"size": [2.25, 1.75, 2],
							"uv": {
								"north": {"uv": [2, 43], "uv_size": [2, 2]},
								"east": {"uv": [0, 43], "uv_size": [2, 2]},
								"south": {"uv": [6, 43], "uv_size": [2, 2]},
								"west": {"uv": [4, 43], "uv_size": [2, 2]},
								"up": {"uv": [2, 41], "uv_size": [2, 2]},
								"down": {"uv": [4, 43], "uv_size": [2, -2]}
							}
						},
						{
							"origin": [1.25, 30.79709, -7.87575],
							"size": [2.25, 1.75, 2],
							"uv": {
								"north": {"uv": [4, 43], "uv_size": [-2, 2]},
								"east": {"uv": [6, 43], "uv_size": [-2, 2]},
								"south": {"uv": [8, 43], "uv_size": [-2, 2]},
								"west": {"uv": [2, 43], "uv_size": [-2, 2]},
								"up": {"uv": [4, 41], "uv_size": [-2, 2]},
								"down": {"uv": [6, 43], "uv_size": [-2, -2]}
							}
						}
					]
				},
				{
					"name": "pupils",
					"parent": "eyes",
					"pivot": [0, 31.67209, -6.87575]
				},
				{
					"name": "1",
					"parent": "pupils",
					"pivot": [0, 31.67209, -6.87575],
					"cubes": [
						{"origin": [-2.85, 31.17209, -8.12575], "size": [1, 1, 1], "uv": [0, 46]}
					]
				},
				{
					"name": "2",
					"parent": "pupils",
					"pivot": [0, 31.67209, -6.87575],
					"cubes": [
						{"origin": [1.85, 31.17209, -8.12575], "size": [1, 1, 1], "uv": [0, 46], "mirror": true}
					]
				},
				{
					"name": "laser",
					"parent": "eyes",
					"pivot": [0, 31.67209, -5.87575],
					"cubes": [
						{
							"origin": [-3.5, 30.79709, -6.87575],
							"size": [2.25, 1.75, 2],
							"inflate": 0.3,
							"uv": {
								"north": {"uv": [250, 83], "uv_size": [2, 1]},
								"east": {"uv": [248, 83], "uv_size": [2, 1]},
								"south": {"uv": [254, 83], "uv_size": [2, 1]},
								"west": {"uv": [252, 83], "uv_size": [2, 1]},
								"up": {"uv": [250, 81], "uv_size": [2, 2]},
								"down": {"uv": [252, 83], "uv_size": [2, -2]}
							}
						},
						{
							"origin": [1.25, 30.79709, -6.87575],
							"size": [2.25, 1.75, 2],
							"inflate": 0.3,
							"uv": {
								"north": {"uv": [252, 83], "uv_size": [-2, 1]},
								"east": {"uv": [254, 83], "uv_size": [-2, 1]},
								"south": {"uv": [256, 83], "uv_size": [-2, 1]},
								"west": {"uv": [250, 83], "uv_size": [-2, 1]},
								"up": {"uv": [252, 81], "uv_size": [-2, 2]},
								"down": {"uv": [254, 83], "uv_size": [-2, -2]}
							}
						}
					]
				},
				{
					"name": "blast",
					"parent": "eyes",
					"pivot": [0, 31.67209, -6.87575],
					"cubes": [
						{
							"origin": [-2.95, 31.19709, -7.87575],
							"size": [1, 1, 2],
							"inflate": -0.3,
							"uv": {
								"north": {"uv": [250, 83], "uv_size": [2, 1]},
								"east": {"uv": [248, 83], "uv_size": [2, 1]},
								"south": {"uv": [254, 83], "uv_size": [2, 1]},
								"west": {"uv": [252, 83], "uv_size": [2, 1]},
								"up": {"uv": [250, 81], "uv_size": [2, 2]},
								"down": {"uv": [252, 83], "uv_size": [2, -2]}
							}
						},
						{
							"origin": [1.95, 31.19709, -7.87575],
							"size": [1, 1, 2],
							"inflate": -0.3,
							"uv": {
								"north": {"uv": [252, 83], "uv_size": [-2, 1]},
								"east": {"uv": [254, 83], "uv_size": [-2, 1]},
								"south": {"uv": [256, 83], "uv_size": [-2, 1]},
								"west": {"uv": [250, 83], "uv_size": [-2, 1]},
								"up": {"uv": [252, 81], "uv_size": [-2, 2]},
								"down": {"uv": [254, 83], "uv_size": [-2, -2]}
							}
						}
					]
				},
				{
					"name": "mouth",
					"parent": "head",
					"pivot": [0, 28.58158, -1.99222],
					"cubes": [
						{
							"origin": [-4.975, 27.48158, -6.99222],
							"size": [9.9, 3.1, 4],
							"pivot": [0, 29.58158, -1.99222],
							"rotation": [10, 0, 0],
							"uv": {
								"north": {"uv": [46, 135], "uv_size": [10, 3]},
								"east": {"uv": [42, 135], "uv_size": [4, 3]},
								"south": {"uv": [60, 135], "uv_size": [10, 3]},
								"west": {"uv": [56, 135], "uv_size": [4, 3]},
								"up": {"uv": [46, 131], "uv_size": [10, 4]},
								"down": {"uv": [56, 135], "uv_size": [10, -4]}
							}
						},
						{
							"origin": [-5, 26.55658, -7.01722],
							"size": [10, 5, 5],
							"pivot": [0, 29.55658, -2.01722],
							"rotation": [10, 0, 0],
							"uv": {
								"north": {"uv": [47, 144], "uv_size": [10, 5]},
								"east": {"uv": [42, 144], "uv_size": [5, 5]},
								"south": {"uv": [62, 144], "uv_size": [10, 5]},
								"west": {"uv": [57, 144], "uv_size": [5, 5]},
								"up": {"uv": [47, 139], "uv_size": [10, 5]},
								"down": {"uv": [57, 144], "uv_size": [10, -5]}
							}
						}
					]
				},
				{
					"name": "upper_mouth",
					"parent": "mouth",
					"pivot": [0, 28.58158, -1.99222],
					"cubes": [
						{
							"origin": [-4, 29.05658, -7.01722],
							"size": [8, 2, 0],
							"pivot": [0, 29.55658, -2.01722],
							"rotation": [10, 0, 0],
							"uv": {
								"north": {"uv": [0, 142], "uv_size": [8, 2]},
								"east": {"uv": [0, 142], "uv_size": [0, 2]},
								"south": {"uv": [8, 142], "uv_size": [8, 2]},
								"west": {"uv": [8, 142], "uv_size": [0, 2]},
								"up": {"uv": [0, 142], "uv_size": [8, 0]},
								"down": {"uv": [8, 142], "uv_size": [8, 0]}
							}
						}
					]
				},
				{
					"name": "lower_mouth2",
					"parent": "mouth",
					"pivot": [0, 28.58158, -1.99222],
					"cubes": [
						{
							"origin": [-4, 27.05658, -7.01722],
							"size": [8, 2, 0],
							"pivot": [0, 29.55658, -2.01722],
							"rotation": [10, 0, 0],
							"uv": {
								"north": {"uv": [0, 144], "uv_size": [8, -2]},
								"east": {"uv": [0, 142], "uv_size": [0, 2]},
								"south": {"uv": [8, 142], "uv_size": [8, 2]},
								"west": {"uv": [8, 142], "uv_size": [0, 2]},
								"up": {"uv": [0, 142], "uv_size": [8, 0]},
								"down": {"uv": [8, 142], "uv_size": [8, 0]}
							}
						}
					]
				},
				{
					"name": "teeth",
					"parent": "head",
					"pivot": [0, 28.55658, -3.01722]
				},
				{
					"name": "upper",
					"parent": "teeth",
					"pivot": [0, 29.05658, -2.01722],
					"cubes": [
						{"origin": [-3, 28.86015, -6.2625], "size": [6, 2, 4], "pivot": [0, 29.86015, -4.2625], "rotation": [-170, 0, 0], "uv": [35, 56]}
					]
				},
				{
					"name": "lower",
					"parent": "teeth",
					"pivot": [0, 29.20658, -2.01722],
					"cubes": [
						{"origin": [-3, 26.89053, -5.9152], "size": [6, 2, 4], "pivot": [0, 27.89053, -3.9152], "rotation": [170, 0, 180], "uv": [35, 56]}
					]
				},
				{
					"name": "glasses",
					"parent": "head",
					"pivot": [0, 31.55658, -8.01722],
					"cubes": [
						{"origin": [-5.5, 30.05658, -8.26722], "size": [11, 3, 6], "pivot": [0, 31.55658, -8.01722], "rotation": [10, 0, 0], "uv": [219, 148]}
					]
				},
				{
					"name": "laser_left",
					"parent": "toilet",
					"pivot": [6, 8, 10],
					"cubes": [
						{"origin": [9, 7, -12], "size": [2, 2, 15], "inflate": 0.1, "uv": [118, 25]},
						{"origin": [8.5, 6.5, 3], "size": [3, 3, 7], "uv": [129, 0]},
						{"origin": [9.5, 6.5, 6], "size": [3, 3, 7], "inflate": 0.2, "pivot": [10, 8, 8.5], "rotation": [0, -90, 0], "uv": [129, 0]},
						{"origin": [8.5, 6.5, 11], "size": [3, 3, 7], "pivot": [10, 8, 8.5], "rotation": [0, -90, 0], "uv": [129, 0]},
						{"origin": [8.5, 6.5, -16], "size": [3, 3, 5], "inflate": -0.5, "uv": [126, 46]},
						{"origin": [8.5, 6.5, -16], "size": [3, 3, 5], "inflate": -0.7, "uv": [124, 58]}
					]
				},
				{
					"name": "blast2",
					"parent": "laser_left",
					"pivot": [10.025, 7.99709, -14.87575],
					"cubes": [
						{
							"origin": [9.525, 7.49709, -14.87575],
							"size": [1, 1, 2],
							"inflate": -0.1,
							"uv": {
								"north": {"uv": [250, 83], "uv_size": [2, 1]},
								"east": {"uv": [248, 83], "uv_size": [2, 1]},
								"south": {"uv": [254, 83], "uv_size": [2, 1]},
								"west": {"uv": [252, 83], "uv_size": [2, 1]},
								"up": {"uv": [250, 81], "uv_size": [2, 2]},
								"down": {"uv": [252, 83], "uv_size": [2, -2]}
							}
						}
					]
				},
				{
					"name": "laser_right",
					"parent": "toilet",
					"pivot": [-6, 8, 10],
					"cubes": [
						{"origin": [-11, 7, -12], "size": [2, 2, 15], "inflate": 0.1, "uv": [118, 25], "mirror": true},
						{"origin": [-11.5, 6.5, 3], "size": [3, 3, 7], "uv": [129, 0], "mirror": true},
						{"origin": [-12.5, 6.5, 6], "size": [3, 3, 7], "inflate": 0.2, "pivot": [-10, 8, 8.5], "rotation": [0, 90, 0], "uv": [129, 0], "mirror": true},
						{"origin": [-11.5, 6.5, 11], "size": [3, 3, 7], "pivot": [-10, 8, 8.5], "rotation": [0, 90, 0], "uv": [129, 0], "mirror": true},
						{"origin": [-11.5, 6.5, -16], "size": [3, 3, 5], "inflate": -0.5, "uv": [126, 46], "mirror": true},
						{"origin": [-11.5, 6.5, -16], "size": [3, 3, 5], "inflate": -0.7, "uv": [124, 58], "mirror": true}
					]
				},
				{
					"name": "blast7",
					"parent": "laser_right",
					"pivot": [-10.025, 7.99709, -14.87575],
					"cubes": [
						{
							"origin": [-10.525, 7.49709, -14.87575],
							"size": [1, 1, 2],
							"inflate": -0.1,
							"uv": {
								"north": {"uv": [252, 83], "uv_size": [-2, 1]},
								"east": {"uv": [254, 83], "uv_size": [-2, 1]},
								"south": {"uv": [256, 83], "uv_size": [-2, 1]},
								"west": {"uv": [250, 83], "uv_size": [-2, 1]},
								"up": {"uv": [252, 81], "uv_size": [-2, 2]},
								"down": {"uv": [254, 83], "uv_size": [-2, -2]}
							}
						}
					]
				},
				{
					"name": "laser_left2",
					"parent": "toilet",
					"pivot": [10, 16, 12],
					"cubes": [
						{"origin": [13, 15, -10], "size": [2, 2, 15], "inflate": 0.1, "uv": [118, 25]},
						{"origin": [12.5, 14.5, 5], "size": [3, 3, 7], "uv": [129, 0]},
						{"origin": [13.5, 14.5, 8], "size": [3, 3, 7], "inflate": 0.2, "pivot": [14, 16, 10.5], "rotation": [0, -90, 0], "uv": [129, 0]},
						{"origin": [12.5, 14.5, 13], "size": [3, 3, 7], "pivot": [14, 16, 10.5], "rotation": [0, -90, 0], "uv": [129, 0]},
						{"origin": [12.5, 14.5, -14], "size": [3, 3, 5], "inflate": -0.5, "uv": [126, 46]},
						{"origin": [12.5, 14.5, -14], "size": [3, 3, 5], "inflate": -0.7, "uv": [124, 58]}
					]
				},
				{
					"name": "blast3",
					"parent": "laser_left2",
					"pivot": [14.025, 15.99709, -12.87575],
					"cubes": [
						{
							"origin": [13.525, 15.49709, -12.87575],
							"size": [1, 1, 2],
							"inflate": -0.1,
							"uv": {
								"north": {"uv": [250, 83], "uv_size": [2, 1]},
								"east": {"uv": [248, 83], "uv_size": [2, 1]},
								"south": {"uv": [254, 83], "uv_size": [2, 1]},
								"west": {"uv": [252, 83], "uv_size": [2, 1]},
								"up": {"uv": [250, 81], "uv_size": [2, 2]},
								"down": {"uv": [252, 83], "uv_size": [2, -2]}
							}
						}
					]
				},
				{
					"name": "laser_right2",
					"parent": "toilet",
					"pivot": [-10, 16, 12],
					"cubes": [
						{"origin": [-15, 15, -10], "size": [2, 2, 15], "inflate": 0.1, "uv": [118, 25], "mirror": true},
						{"origin": [-15.5, 14.5, 5], "size": [3, 3, 7], "uv": [129, 0], "mirror": true},
						{"origin": [-16.5, 14.5, 8], "size": [3, 3, 7], "inflate": 0.2, "pivot": [-14, 16, 10.5], "rotation": [0, 90, 0], "uv": [129, 0], "mirror": true},
						{"origin": [-15.5, 14.5, 13], "size": [3, 3, 7], "pivot": [-14, 16, 10.5], "rotation": [0, 90, 0], "uv": [129, 0], "mirror": true},
						{"origin": [-15.5, 14.5, -14], "size": [3, 3, 5], "inflate": -0.5, "uv": [126, 46], "mirror": true},
						{"origin": [-15.5, 14.5, -14], "size": [3, 3, 5], "inflate": -0.7, "uv": [124, 58], "mirror": true}
					]
				},
				{
					"name": "blast8",
					"parent": "laser_right2",
					"pivot": [-14.025, 15.99709, -12.87575],
					"cubes": [
						{
							"origin": [-14.525, 15.49709, -12.87575],
							"size": [1, 1, 2],
							"inflate": -0.1,
							"uv": {
								"north": {"uv": [252, 83], "uv_size": [-2, 1]},
								"east": {"uv": [254, 83], "uv_size": [-2, 1]},
								"south": {"uv": [256, 83], "uv_size": [-2, 1]},
								"west": {"uv": [250, 83], "uv_size": [-2, 1]},
								"up": {"uv": [252, 81], "uv_size": [-2, 2]},
								"down": {"uv": [254, 83], "uv_size": [-2, -2]}
							}
						}
					]
				},
				{
					"name": "laser_left3",
					"parent": "toilet",
					"pivot": [14, 25, 14],
					"cubes": [
						{"origin": [15, 24, -8], "size": [2, 2, 15], "inflate": 0.1, "uv": [118, 25]},
						{"origin": [14.5, 23.5, 7], "size": [3, 3, 7], "uv": [129, 0]},
						{"origin": [15.5, 23.5, 10], "size": [3, 3, 7], "inflate": 0.2, "pivot": [16, 25, 12.5], "rotation": [0, -90, 0], "uv": [129, 0]},
						{"origin": [14.5, 23.5, -12], "size": [3, 3, 5], "inflate": -0.5, "uv": [126, 46]},
						{"origin": [14.5, 23.5, -12], "size": [3, 3, 5], "inflate": -0.7, "uv": [124, 58]}
					]
				},
				{
					"name": "blast4",
					"parent": "laser_left3",
					"pivot": [16.025, 24.99709, -10.87575],
					"cubes": [
						{
							"origin": [15.525, 24.49709, -10.87575],
							"size": [1, 1, 2],
							"inflate": -0.1,
							"uv": {
								"north": {"uv": [250, 83], "uv_size": [2, 1]},
								"east": {"uv": [248, 83], "uv_size": [2, 1]},
								"south": {"uv": [254, 83], "uv_size": [2, 1]},
								"west": {"uv": [252, 83], "uv_size": [2, 1]},
								"up": {"uv": [250, 81], "uv_size": [2, 2]},
								"down": {"uv": [252, 83], "uv_size": [2, -2]}
							}
						}
					]
				},
				{
					"name": "laser_right3",
					"parent": "toilet",
					"pivot": [-14, 25, 14],
					"cubes": [
						{"origin": [-17, 24, -8], "size": [2, 2, 15], "inflate": 0.1, "uv": [118, 25], "mirror": true},
						{"origin": [-17.5, 23.5, 7], "size": [3, 3, 7], "uv": [129, 0], "mirror": true},
						{"origin": [-18.5, 23.5, 10], "size": [3, 3, 7], "inflate": 0.2, "pivot": [-16, 25, 12.5], "rotation": [0, 90, 0], "uv": [129, 0], "mirror": true},
						{"origin": [-17.5, 23.5, -12], "size": [3, 3, 5], "inflate": -0.5, "uv": [126, 46], "mirror": true},
						{"origin": [-17.5, 23.5, -12], "size": [3, 3, 5], "inflate": -0.7, "uv": [124, 58], "mirror": true}
					]
				},
				{
					"name": "blast9",
					"parent": "laser_right3",
					"pivot": [-16.025, 24.99709, -10.87575],
					"cubes": [
						{
							"origin": [-16.525, 24.49709, -10.87575],
							"size": [1, 1, 2],
							"inflate": -0.1,
							"uv": {
								"north": {"uv": [252, 83], "uv_size": [-2, 1]},
								"east": {"uv": [254, 83], "uv_size": [-2, 1]},
								"south": {"uv": [256, 83], "uv_size": [-2, 1]},
								"west": {"uv": [250, 83], "uv_size": [-2, 1]},
								"up": {"uv": [252, 81], "uv_size": [-2, 2]},
								"down": {"uv": [254, 83], "uv_size": [-2, -2]}
							}
						}
					]
				},
				{
					"name": "laser_left4",
					"parent": "toilet",
					"pivot": [13, 34, 14],
					"cubes": [
						{"origin": [14, 33, -8], "size": [2, 2, 15], "inflate": 0.1, "uv": [118, 25]},
						{"origin": [13.5, 32.5, 7], "size": [3, 3, 7], "uv": [129, 0]},
						{"origin": [14.5, 32.5, 10], "size": [3, 3, 7], "inflate": 0.2, "pivot": [15, 34, 12.5], "rotation": [0, -90, 0], "uv": [129, 0]},
						{"origin": [13.5, 32.5, -12], "size": [3, 3, 5], "inflate": -0.5, "uv": [126, 46]},
						{"origin": [13.5, 32.5, -12], "size": [3, 3, 5], "inflate": -0.7, "uv": [124, 58]}
					]
				},
				{
					"name": "blast5",
					"parent": "laser_left4",
					"pivot": [15.025, 33.99709, -10.87575],
					"cubes": [
						{
							"origin": [14.525, 33.49709, -10.87575],
							"size": [1, 1, 2],
							"inflate": -0.1,
							"uv": {
								"north": {"uv": [250, 83], "uv_size": [2, 1]},
								"east": {"uv": [248, 83], "uv_size": [2, 1]},
								"south": {"uv": [254, 83], "uv_size": [2, 1]},
								"west": {"uv": [252, 83], "uv_size": [2, 1]},
								"up": {"uv": [250, 81], "uv_size": [2, 2]},
								"down": {"uv": [252, 83], "uv_size": [2, -2]}
							}
						}
					]
				},
				{
					"name": "laser_right4",
					"parent": "toilet",
					"pivot": [-13, 34, 14],
					"cubes": [
						{"origin": [-16, 33, -8], "size": [2, 2, 15], "inflate": 0.1, "uv": [118, 25], "mirror": true},
						{"origin": [-16.5, 32.5, 7], "size": [3, 3, 7], "uv": [129, 0], "mirror": true},
						{"origin": [-17.5, 32.5, 10], "size": [3, 3, 7], "inflate": 0.2, "pivot": [-15, 34, 12.5], "rotation": [0, 90, 0], "uv": [129, 0], "mirror": true},
						{"origin": [-16.5, 32.5, -12], "size": [3, 3, 5], "inflate": -0.5, "uv": [126, 46], "mirror": true},
						{"origin": [-16.5, 32.5, -12], "size": [3, 3, 5], "inflate": -0.7, "uv": [124, 58], "mirror": true}
					]
				},
				{
					"name": "blast10",
					"parent": "laser_right4",
					"pivot": [-15.025, 33.99709, -10.87575],
					"cubes": [
						{
							"origin": [-15.525, 33.49709, -10.87575],
							"size": [1, 1, 2],
							"inflate": -0.1,
							"uv": {
								"north": {"uv": [252, 83], "uv_size": [-2, 1]},
								"east": {"uv": [254, 83], "uv_size": [-2, 1]},
								"south": {"uv": [256, 83], "uv_size": [-2, 1]},
								"west": {"uv": [250, 83], "uv_size": [-2, 1]},
								"up": {"uv": [252, 81], "uv_size": [-2, 2]},
								"down": {"uv": [254, 83], "uv_size": [-2, -2]}
							}
						}
					]
				},
				{
					"name": "laser_left5",
					"parent": "toilet",
					"pivot": [10, 39, 15],
					"rotation": [0, 0, -65],
					"cubes": [
						{"origin": [11, 38, -7], "size": [2, 2, 15], "inflate": 0.1, "uv": [118, 25]},
						{"origin": [10.5, 37.5, 8], "size": [3, 3, 7], "uv": [129, 0]},
						{"origin": [11.5, 37.5, 11], "size": [3, 3, 7], "inflate": 0.2, "pivot": [12, 39, 13.5], "rotation": [0, -90, 0], "uv": [129, 0]},
						{"origin": [13.5, 37.5, 16], "size": [3, 3, 7], "pivot": [12, 39, 13.5], "rotation": [0, -90, 0], "uv": [129, 0]},
						{"origin": [10.5, 37.5, -11], "size": [3, 3, 5], "inflate": -0.5, "uv": [126, 46]},
						{"origin": [10.5, 37.5, -11], "size": [3, 3, 5], "inflate": -0.7, "uv": [124, 58]}
					]
				},
				{
					"name": "blast6",
					"parent": "laser_left5",
					"pivot": [12.025, 38.99709, -9.87575],
					"cubes": [
						{
							"origin": [11.525, 38.49709, -9.87575],
							"size": [1, 1, 2],
							"inflate": -0.1,
							"uv": {
								"north": {"uv": [250, 83], "uv_size": [2, 1]},
								"east": {"uv": [248, 83], "uv_size": [2, 1]},
								"south": {"uv": [254, 83], "uv_size": [2, 1]},
								"west": {"uv": [252, 83], "uv_size": [2, 1]},
								"up": {"uv": [250, 81], "uv_size": [2, 2]},
								"down": {"uv": [252, 83], "uv_size": [2, -2]}
							}
						}
					]
				},
				{
					"name": "laser_right5",
					"parent": "toilet",
					"pivot": [-10, 39, 15],
					"rotation": [0, 0, 65],
					"cubes": [
						{"origin": [-13, 38, -7], "size": [2, 2, 15], "inflate": 0.1, "uv": [118, 25], "mirror": true},
						{"origin": [-13.5, 37.5, 8], "size": [3, 3, 7], "uv": [129, 0], "mirror": true},
						{"origin": [-14.5, 37.5, 11], "size": [3, 3, 7], "inflate": 0.2, "pivot": [-12, 39, 13.5], "rotation": [0, 90, 0], "uv": [129, 0], "mirror": true},
						{"origin": [-16.5, 37.5, 16], "size": [3, 3, 7], "pivot": [-12, 39, 13.5], "rotation": [0, 90, 0], "uv": [129, 0], "mirror": true},
						{"origin": [-13.5, 37.5, -11], "size": [3, 3, 5], "inflate": -0.5, "uv": [126, 46], "mirror": true},
						{"origin": [-13.5, 37.5, -11], "size": [3, 3, 5], "inflate": -0.7, "uv": [124, 58], "mirror": true}
					]
				},
				{
					"name": "blast11",
					"parent": "laser_right5",
					"pivot": [-12.025, 38.99709, -9.87575],
					"cubes": [
						{
							"origin": [-12.525, 38.49709, -9.87575],
							"size": [1, 1, 2],
							"inflate": -0.1,
							"uv": {
								"north": {"uv": [252, 83], "uv_size": [-2, 1]},
								"east": {"uv": [254, 83], "uv_size": [-2, 1]},
								"south": {"uv": [256, 83], "uv_size": [-2, 1]},
								"west": {"uv": [250, 83], "uv_size": [-2, 1]},
								"up": {"uv": [252, 81], "uv_size": [-2, 2]},
								"down": {"uv": [254, 83], "uv_size": [-2, -2]}
							}
						}
					]
				},
				{
					"name": "laser_top",
					"parent": "toilet",
					"pivot": [0, 39, 16],
					"rotation": [0, 0, 90],
					"cubes": [
						{"origin": [-7, 38, -7], "size": [2, 2, 15], "inflate": 0.1, "uv": [118, 25], "mirror": true},
						{"origin": [-7.5, 37.5, 8], "size": [3, 3, 7], "uv": [129, 0], "mirror": true},
						{"origin": [-8.5, 37.5, 11], "size": [3, 3, 7], "inflate": 0.2, "pivot": [-6, 39, 13.5], "rotation": [0, 90, 0], "uv": [129, 0], "mirror": true},
						{"origin": [-10.5, 37.5, 16], "size": [3, 3, 7], "pivot": [-6, 39, 13.5], "rotation": [0, 90, 0], "uv": [129, 0], "mirror": true},
						{"origin": [-7.5, 37.5, -11], "size": [3, 3, 5], "inflate": -0.5, "uv": [126, 46], "mirror": true},
						{"origin": [-7.5, 37.5, -11], "size": [3, 3, 5], "inflate": -0.7, "uv": [124, 58], "mirror": true}
					]
				},
				{
					"name": "blast12",
					"parent": "laser_top",
					"pivot": [-6.025, 38.99709, -9.87575],
					"cubes": [
						{
							"origin": [-6.525, 38.49709, -9.87575],
							"size": [1, 1, 2],
							"inflate": -0.1,
							"uv": {
								"north": {"uv": [252, 83], "uv_size": [-2, 1]},
								"east": {"uv": [254, 83], "uv_size": [-2, 1]},
								"south": {"uv": [256, 83], "uv_size": [-2, 1]},
								"west": {"uv": [250, 83], "uv_size": [-2, 1]},
								"up": {"uv": [252, 81], "uv_size": [-2, 2]},
								"down": {"uv": [254, 83], "uv_size": [-2, -2]}
							}
						}
					]
				}
			]
		}
	]
}