{
	"format_version": "1.12.0",
	"minecraft:geometry": [
		{
			"description": {
				"identifier": "geometry.unknown",
				"texture_width": 32,
				"texture_height": 32,
				"visible_bounds_width": 4,
				"visible_bounds_height": 3.5,
				"visible_bounds_offset": [0, 1.25, 0]
			},
			"bones": [
				{
					"name": "Helipad",
					"pivot": [0, 0, 0],
					"cubes": [
						{
							"origin": [0, 5, 6],
							"size": [1, 16, 1],
							"uv": {
								"north": {"uv": [0, 12], "uv_size": [1, 16]},
								"east": {"uv": [1, 12], "uv_size": [1, 16]},
								"south": {"uv": [2, 12], "uv_size": [1, 16]},
								"west": {"uv": [3, 12], "uv_size": [1, 16]},
								"up": {"uv": [16, 18], "uv_size": [1, 1]},
								"down": {"uv": [12, 20], "uv_size": [1, -1]}
							}
						}
					]
				},
				{
					"name": "Fan",
					"parent": "Helipad",
					"pivot": [0.56667, 21.29167, 6.5],
					"cubes": [
						{
							"origin": [4.5, 20.95, 4.45],
							"size": [9.4, 0.35, 4.1],
							"uv": {
								"north": {"uv": [4, 16], "uv_size": [9, 1]},
								"east": {"uv": [13, 17], "uv_size": [4, 1]},
								"south": {"uv": [13, 16], "uv_size": [9, 1]},
								"west": {"uv": [17, 13], "uv_size": [4, 1]},
								"up": {"uv": [0, 0], "uv_size": [9, 4]},
								"down": {"uv": [0, 8], "uv_size": [9, -4]}
							}
						},
						{
							"origin": [-12.5, 20.95, 4.45],
							"size": [9.4, 0.35, 4.1],
							"uv": {
								"north": {"uv": [4, 17], "uv_size": [9, 1]},
								"east": {"uv": [17, 14], "uv_size": [4, 1]},
								"south": {"uv": [17, 12], "uv_size": [9, 1]},
								"west": {"uv": [17, 15], "uv_size": [4, 1]},
								"up": {"uv": [0, 8], "uv_size": [9, 4]},
								"down": {"uv": [9, 4], "uv_size": [9, -4]}
							}
						},
						{
							"origin": [1.5, 20.75, 5.75],
							"size": [13, 0.75, 1.5],
							"uv": {
								"north": {"uv": [4, 12], "uv_size": [13, 1]},
								"east": {"uv": [10, 18], "uv_size": [2, 1]},
								"south": {"uv": [4, 13], "uv_size": [13, 1]},
								"west": {"uv": [12, 18], "uv_size": [2, 1]},
								"up": {"uv": [9, 4], "uv_size": [13, 2]},
								"down": {"uv": [9, 8], "uv_size": [13, -2]}
							}
						},
						{
							"origin": [-13.5, 20.75, 5.75],
							"size": [13, 0.75, 1.5],
							"uv": {
								"north": {"uv": [4, 14], "uv_size": [13, 1]},
								"east": {"uv": [14, 18], "uv_size": [2, 1]},
								"south": {"uv": [4, 15], "uv_size": [13, 1]},
								"west": {"uv": [10, 19], "uv_size": [2, 1]},
								"up": {"uv": [9, 8], "uv_size": [13, 2]},
								"down": {"uv": [9, 12], "uv_size": [13, -2]}
							}
						},
						{
							"origin": [0, 22, 6],
							"size": [1, 0.5, 1],
							"uv": {
								"north": {"uv": [13, 19], "uv_size": [1, 1]},
								"east": {"uv": [14, 19], "uv_size": [1, 1]},
								"south": {"uv": [15, 19], "uv_size": [1, 1]},
								"west": {"uv": [16, 19], "uv_size": [1, 1]},
								"up": {"uv": [17, 19], "uv_size": [1, 1]},
								"down": {"uv": [19, 18], "uv_size": [1, -1]}
							}
						},
						{
							"origin": [-0.5, 20, 5.5],
							"size": [2, 2, 2],
							"uv": {
								"north": {"uv": [17, 17], "uv_size": [2, 2]},
								"east": {"uv": [18, 0], "uv_size": [2, 2]},
								"south": {"uv": [18, 2], "uv_size": [2, 2]},
								"west": {"uv": [4, 18], "uv_size": [2, 2]},
								"up": {"uv": [6, 18], "uv_size": [2, 2]},
								"down": {"uv": [8, 20], "uv_size": [2, -2]}
							}
						}
					]
				}
			]
		}
	]
}