{
	"format_version": "1.8.0",
	"animations": {
		"idle": {
			"animation_length": 4.0833,
			"bones": {
				"Pipe2": {
					"rotation": {
						"0.0": {
							"post": [0, 0, 0],
							"lerp_mode": "catmullrom"
						},
						"0.5": {
							"post": [0, 0, 15],
							"lerp_mode": "catmullrom"
						},
						"1.0": {
							"post": [20, 0, 15],
							"lerp_mode": "catmullrom"
						},
						"1.5": {
							"post": [15, 0, -15],
							"lerp_mode": "catmullrom"
						},
						"2.0": {
							"post": [-10, 0, 0],
							"lerp_mode": "catmullrom"
						},
						"2.5": {
							"post": [0, 0, 15],
							"lerp_mode": "catmullrom"
						},
						"3.0": {
							"post": [20, 0, 15],
							"lerp_mode": "catmullrom"
						},
						"3.5": {
							"post": [15, 0, -15],
							"lerp_mode": "catmullrom"
						},
						"4.0": {
							"post": [-10, 0, 0],
							"lerp_mode": "catmullrom"
						}
					}
				}
			}
		},
		"attack": {
			"animation_length": 0.3333,
			"bones": {
				"Pipe2": {
					"rotation": {
						"0.0": {
							"post": [0, 0, 0],
							"lerp_mode": "catmullrom"
						},
						"0.25": {
							"post": [35, 0, 0],
							"lerp_mode": "catmullrom"
						}
					},
					"position": {
						"0.0": {
							"post": [0, 0, 0],
							"lerp_mode": "catmullrom"
						},
						"0.25": {
							"post": [0, 0, -1],
							"lerp_mode": "catmullrom"
						}
					},
					"scale": {
						"0.0": {
							"post": [1, 1, 1],
							"lerp_mode": "catmullrom"
						},
						"0.25": {
							"post": [1, 1.7, 1.2],
							"lerp_mode": "catmullrom"
						}
					}
				}
			}
		},
		"dying": {
			"loop": "hold_on_last_frame",
			"animation_length": 3,
			"bones": {
				"Flush": {
					"position": {
						"0.0": [0, 0, 0],
						"0.2917": [0, -1, 0],
						"1.75": [0, 0, 0]
					}
				},
				"Lead": {
					"rotation": {
						"0.0": {
							"post": [0, 0, 0],
							"lerp_mode": "catmullrom"
						},
						"0.0417": {
							"post": [0, 0, 0],
							"lerp_mode": "catmullrom"
						},
						"0.0833": {
							"post": [0, 0, 0],
							"lerp_mode": "catmullrom"
						},
						"0.125": {
							"post": [0, 0, 0],
							"lerp_mode": "catmullrom"
						},
						"0.1667": {
							"post": [0, 0, 0],
							"lerp_mode": "catmullrom"
						},
						"0.2083": {
							"post": [0, 0, 0],
							"lerp_mode": "catmullrom"
						},
						"0.25": {
							"post": [0, 0, 0],
							"lerp_mode": "catmullrom"
						},
						"0.2917": {
							"post": [0, 0, 0],
							"lerp_mode": "catmullrom"
						},
						"0.3333": {
							"post": [0, 0, 0],
							"lerp_mode": "catmullrom"
						},
						"0.375": {
							"post": [0, 0, 0],
							"lerp_mode": "catmullrom"
						},
						"0.4167": {
							"post": [0, 0, 0],
							"lerp_mode": "catmullrom"
						},
						"0.4583": {
							"post": [0, 0, 0],
							"lerp_mode": "catmullrom"
						},
						"0.5": {
							"post": [0, 0, 0],
							"lerp_mode": "catmullrom"
						},
						"0.5417": {
							"post": [0, 0, 0],
							"lerp_mode": "catmullrom"
						},
						"0.5833": {
							"post": [0, 0, 0],
							"lerp_mode": "catmullrom"
						},
						"0.625": {
							"post": [0, 0, 0],
							"lerp_mode": "catmullrom"
						},
						"0.6667": {
							"post": [0, 0, 0],
							"lerp_mode": "catmullrom"
						},
						"0.7083": {
							"post": [0, 0, 0],
							"lerp_mode": "catmullrom"
						},
						"0.8333": {
							"post": [25, 0, 0],
							"lerp_mode": "catmullrom"
						},
						"1.375": {
							"post": [90, 0, 0],
							"lerp_mode": "catmullrom"
						}
					}
				},
				"pi1": {
					"rotation": {
						"0.2083": [0, -2.5, 0],
						"3.0": [0, 450, 0]
					},
					"position": {
						"0.2083": [0, 0, 0],
						"3.0": [0, -4, 0]
					}
				},
				"pi2": {
					"position": {
						"0.2083": [0, 0, 0],
						"3.0": [0, -2, 0]
					}
				},
				"Pipe2": {
					"rotation": {
						"0.0": [0, 0, 0],
						"0.125": [0, -20, 0],
						"0.25": [0, -40, 0],
						"0.375": [0, -80, 0],
						"0.5": [0, -120, 0],
						"0.625": [0, -180, 0]
					},
					"position": {
						"0.0": [0, 0, 0],
						"1.0": [0, -3, 0]
					},
					"scale": {
						"0.0": [1, 1, 1],
						"1.0": [1, 0, 1]
					}
				}
			}
		},
		"idle_close": {
			"animation_length": 0.4167,
			"bones": {
				"Lead": {
					"rotation": [90, 0, 0]
				},
				"Pipe2": {
					"position": [0, -1, 0]
				},
				"Head": {
					"scale": [1, 0.7, 1]
				},
				"Pipe1": {
					"position": [0, -4, 0]
				}
			}
		},
		"lead_close": {
			"loop": "hold_on_last_frame",
			"animation_length": 1.5,
			"bones": {
				"Lead": {
					"rotation": {
						"0.25": [2.5, 0, 0],
						"1.1667": [90, 0, 0]
					}
				},
				"Pipe2": {
					"position": ["easeOutQuart", "easeOutQuart", "easeOutQuart"]
				},
				"Head": {
					"scale": {
						"0.0": [1, 1, 1],
						"1.3333": [1, 0.7, 1]
					}
				},
				"Pipe1": {
					"position": [0, -4, 0]
				}
			}
		},
		"lead_open": {
			"loop": "hold_on_last_frame",
			"animation_length": 1.5,
			"bones": {
				"Lead": {
					"rotation": {
						"0.5": [90, 0, 0],
						"1.5": [2.5, 0, 0]
					}
				},
				"Pipe2": {
					"position": {
						"0.75": [0, -2, 0],
						"1.4583": [0, 0, 0]
					}
				},
				"Base": {
					"scale": {
						"0.0": [1, 1, 1],
						"0.2917": [1.1, 0.9, 1],
						"0.5": [0.9, 1.1, 1],
						"0.7083": [1, 1, 1]
					}
				},
				"Head": {
					"scale": {
						"0.0": [1, 0.9, 1],
						"0.6667": [1, 1, 1]
					}
				},
				"Pipe1": {
					"position": {
						"0.75": [0, -5, 0],
						"1.4583": [0, 0, 0]
					}
				}
			}
		},
		"running_dynamic": {
			"loop": true,
			"animation_length": 0.6667,
			"bones": {
				"Root": {
					"rotation": {
						"0.0": [-5, 0, 0],
						"0.1667": [-2, 0, 0],
						"0.2917": [-5, 0, 0],
						"0.4167": [-5, 0, 0],
						"0.5417": [-2, 0, 0],
						"0.6667": [-5, 0, 0]
					}
				},
				"Pipe1": {
					"rotation": {
						"0.0": [0, 0, 0],
						"0.125": [0, 0, 5],
						"0.25": [0, 0, 0],
						"0.375": [0, 0, -5],
						"0.5": [0, 0, 0]
					}
				}
			}
		},
		"sprinting": {
			"loop": true,
			"animation_length": 1,
			"bones": {
				"Pipe1": {
					"rotation": {
						"0.0": {
							"post": [0, 0, 0],
							"lerp_mode": "catmullrom"
						},
						"0.1875": {
							"post": [0, 0, 5],
							"lerp_mode": "catmullrom"
						},
						"0.375": {
							"post": [0, 0, 0],
							"lerp_mode": "catmullrom"
						},
						"0.5625": {
							"post": [0, 0, -5],
							"lerp_mode": "catmullrom"
						},
						"0.75": {
							"post": [0, 0, 0],
							"lerp_mode": "catmullrom"
						}
					}
				}
			}
		},
		"running": {
			"loop": true,
			"animation_length": 2,
			"bones": {
				"Pipe1": {
					"rotation": {
						"0.0": {
							"post": [0, 0, 0],
							"lerp_mode": "catmullrom"
						},
						"0.5": {
							"post": [0, 0, 5],
							"lerp_mode": "catmullrom"
						},
						"1.0": {
							"post": [0, 0, 0],
							"lerp_mode": "catmullrom"
						},
						"1.5": {
							"post": [0, 0, -5],
							"lerp_mode": "catmullrom"
						},
						"2.0": {
							"post": [0, 0, 0],
							"lerp_mode": "catmullrom"
						}
					}
				}
			}
		},
		"attack_running": {
			"animation_length": 0.875,
			"bones": {
				"Pipe2": {
					"rotation": {
						"0.1667": {
							"pre": [0, 0, 0],
							"post": [0, 0, 0],
							"lerp_mode": "catmullrom"
						},
						"0.4167": {
							"post": [35, 0, 0],
							"lerp_mode": "catmullrom"
						}
					},
					"position": {
						"0.1667": {
							"pre": [0, 0, 0],
							"post": [0, 0, 0],
							"lerp_mode": "catmullrom"
						},
						"0.4167": {
							"post": [0, 0, -1],
							"lerp_mode": "catmullrom"
						}
					},
					"scale": {
						"0.1667": {
							"pre": [1, 1, 1],
							"post": [1, 1, 1],
							"lerp_mode": "catmullrom"
						},
						"0.4167": {
							"post": [1, 1.7, 1.2],
							"lerp_mode": "catmullrom"
						}
					}
				},
				"Pipe1": {
					"rotation": {
						"0.0": {
							"post": [0, 0, 0],
							"lerp_mode": "catmullrom"
						},
						"0.2083": {
							"post": [0, 0, 5],
							"lerp_mode": "catmullrom"
						},
						"0.375": {
							"post": [0, 0, 0],
							"lerp_mode": "catmullrom"
						},
						"0.5833": {
							"post": [0, 0, -5],
							"lerp_mode": "catmullrom"
						},
						"0.75": {
							"post": [0, 0, 0],
							"lerp_mode": "catmullrom"
						}
					}
				}
			}
		}
	}
}