{
    "format_version": "1.10.0",
    "particle_effect": {
        "description": {
            "identifier": "gamerstudios:alev-purple",
            "basic_render_parameters": {
                "material": "particles_blend",
                "texture": "b.a:particles/alev_white.png"
            }
        },
        "curves": {},
        "components": {
            "minecraft:emitter_initialization": {
                "creation_expression": "variable.size \u003d 0.03; variable.lifetime \u003d 2.2"
            },
            "minecraft:emitter_rate_steady": {
                "spawn_rate": 500.0,
                "max_particles": 1000.0
            },
            "minecraft:emitter_lifetime_expression": {
                "activation_expression": 1.0
            },
            "minecraft:emitter_shape_point": {
                "offset": [
                    0.0,
                    0.0,
                    0.0
                ]
            },
            "minecraft:particle_lifetime_expression": {
                "max_lifetime": 1.4
            },
            "minecraft:particle_initial_speed": 0.4,
            "minecraft:particle_motion_dynamic": {
                "linear_acceleration": [
                    0.0,
                    1.0,
                    0.0
                ],
                "linear_drag_coefficient": 0.1
            },
            "minecraft:particle_appearance_billboard": {
                "size": [
                    0.1,
                    0.1
                ],
                "facing_camera_mode": "rotate_xyz",
                "uv": {
                    "texture_width": 16,
                    "texture_height": 8,
                    "uv_size": [
                        8.0,
                        8.0
                    ],
                    "flipbook": {
                        "size_UV": [
                            8.0,
                            8.0
                        ],
                        "step_UV": [
                            2.0,
                            0.0
                        ],
                        "frames_per_second": 32.0,
                        "max_frame": 2.0,
                        "stretch_to_lifetime": true
                    }
                }
            },
            "minecraft:particle_appearance_tinting": {
                "color": {
                    "gradient": {
                        "0.0": "#F700FF",
                        "1.0": "#006100A5"
                    },
                    "interpolant": "v.particle_age / v.particle_lifetime"
                }
            },
            "minecraft:emitter_local_space": {
                "position": true,
                "rotation": true,
                "scale": true,
                "scale_billboard": true,
                "direction": true,
                "acceleration": true
            },
            "blockbuster:particle_collision_appearance": {
                "enabled": 0.0,
                "lit": false,
                "material": "particles_opaque",
                "size": [
                    0.0,
                    0.0
                ],
                "facing_camera_mode": "lookat_xyz",
                "uv": {
                    "texture_width": 128,
                    "texture_height": 128
                }
            },
            "blockbuster:particle_collision_tinting": {
                "enabled": 0.0
            },
            "blockbuster:particle_morph": {
                "enabled": false,
                "render_texture": false
            }
        }
    }
}