{
    "format_version": "1.10.0",
    "particle_effect": {
        "description": {
            "identifier": "astro_circle_trail.particle",
            "basic_render_parameters": {
                "material": "particles_add",
                "texture": "b.a:/particles/circle_trail.png"
            }
        },
        "curves": {},
        "components": {
            "minecraft:emitter_local_space": {
                "position": true,
                "scale": true,
                "scale_billboard": true,
                "direction": true,
                "acceleration": true
            },
            "minecraft:emitter_rate_steady": {
                "spawn_rate": 8.0,
                "max_particles": 100.0
            },
            "minecraft:emitter_lifetime_expression": {
                "activation_expression": 1.0
            },
            "minecraft:emitter_shape_sphere": {
                "offset": [
                    0.0,
                    0.5,
                    0.0
                ],
                "direction": [
                    "math.random(-1.5, 1.5)",
                    "math.random(-0.2, 0.2)",
                    "math.random(-1.0, 1.0)"
                ]
            },
            "minecraft:particle_lifetime_expression": {
                "max_lifetime": "math.random(0.5, 0.3)"
            },
            "minecraft:particle_initial_spin": {
                "rotation": "math.random(0.0, 0.0)",
                "rotation_rate": "math.random(-0.0)"
            },
            "minecraft:particle_initial_speed": 2.0,
            "minecraft:particle_motion_dynamic": {
                "linear_acceleration": [
                    0.0,
                    0.0,
                    0.0
                ],
                "linear_drag_coefficient": 20.0,
                "rotation_drag_coefficient": 1.0
            },
            "minecraft:particle_appearance_billboard": {
                "direction": {
                    "mode": "derive_from_velocity",
                    "min_speed_threshold": 1.0E-4
                },
                "size": [
                    6.0,
                    6.0
                ],
                "facing_camera_mode": "direction_y",
                "uv": {
                    "texture_width": 64,
                    "texture_height": 256,
                    "uv_size": [
                        64.0,
                        64.0
                    ],
                    "flipbook": {
                        "size_UV": [
                            64.0,
                            64.0
                        ],
                        "step_UV": [
                            0.0,
                            64.0
                        ],
                        "frames_per_second": 16.0,
                        "max_frame": 4.0
                    }
                }
            },
            "minecraft:particle_appearance_tinting": {
                "color": {
                    "gradient": {
                        "0.0": "#FF2407",
                        "0.23": "#FFB300",
                        "0.58": "#FF3454",
                        "0.92": "#9EFF0000"
                    },
                    "interpolant": "v.particle_random_1"
                }
            },
            "blockbuster:particle_collision_appearance": {
                "enabled": 0.0,
                "lit": false,
                "material": "particles_opaque",
                "size": [
                    0.0,
                    0.0
                ],
                "facing_camera_mode": "lookat_xyz",
                "uv": {
                    "texture_width": 128,
                    "texture_height": 128
                }
            },
            "blockbuster:particle_collision_tinting": {
                "enabled": 0.0
            },
            "blockbuster:particle_morph": {
                "enabled": false,
                "render_texture": false
            }
        }
    }
}