{
    "format_version": "1.10.0",
    "particle_effect": {
        "description": {
            "identifier": "gamerstudios:attack",
            "basic_render_parameters": {
                "material": "particles_blend",
                "texture": "b.a:particles/blood_2.png"
            }
        },
        "curves": {},
        "components": {
            "minecraft:emitter_initialization": {
                "creation_expression": "variable.size \u003d 0.03; variable.lifetime \u003d 2.2"
            },
            "minecraft:emitter_local_space": {
                "position": true,
                "rotation": true,
                "scale": true,
                "scale_billboard": true,
                "direction": true,
                "acceleration": true,
                "gravity": true
            },
            "minecraft:emitter_rate_steady": {
                "spawn_rate": 60.0,
                "max_particles": 1000.0
            },
            "minecraft:emitter_lifetime_expression": {
                "activation_expression": 1.0
            },
            "minecraft:emitter_shape_point": {
                "offset": [
                    0.0,
                    0.0,
                    0.0
                ]
            },
            "minecraft:particle_lifetime_expression": {
                "max_lifetime": 1.0
            },
            "minecraft:particle_initial_speed": 0.6,
            "minecraft:particle_motion_dynamic": {
                "linear_acceleration": [
                    0.0,
                    "10.0",
                    0.0
                ]
            },
            "minecraft:particle_appearance_billboard": {
                "size": [
                    0.06,
                    0.06
                ],
                "facing_camera_mode": "rotate_xyz",
                "uv": {
                    "texture_width": 31,
                    "texture_height": 7,
                    "uv_size": [
                        7.0,
                        7.0
                    ],
                    "flipbook": {
                        "base_UV": [
                            1.0,
                            0.0
                        ],
                        "size_UV": [
                            7.0,
                            7.0
                        ],
                        "step_UV": [
                            7.0,
                            0.0
                        ],
                        "frames_per_second": 16.0,
                        "max_frame": 4.0,
                        "stretch_to_lifetime": true
                    }
                }
            },
            "minecraft:particle_appearance_tinting": {
                "color": {
                    "gradient": {
                        "0.0": "#888888",
                        "1.0": "#00C6C6C6"
                    },
                    "interpolant": "v.particle_age / v.particle_lifetime"
                }
            },
            "blockbuster:particle_collision_appearance": {
                "enabled": 1.0,
                "lit": false,
                "material": "particles_blend",
                "size": [
                    0.0,
                    0.0
                ],
                "facing_camera_mode": "lookat_xyz",
                "uv": {
                    "texture_width": 128,
                    "texture_height": 128,
                    "flipbook": {}
                }
            },
            "blockbuster:particle_collision_tinting": {
                "enabled": 0.0,
                "color": {
                    "gradient": {
                        "0.0": "#FFFFFF",
                        "1.0": "#00BCBCBC"
                    }
                }
            },
            "blockbuster:particle_morph": {
                "enabled": false,
                "render_texture": false
            }
        }
    }
}