{
	"format_version": "1.10.0",
	"particle_effect": {
		"description": {
			"identifier": "gamerstudios:blue_fire",
			"basic_render_parameters": {
				"material": "particles_blend",
				"texture": "b.a:particles/fire_white.png"
			}
		},
		"components": {
			"minecraft:emitter_initialization": {
				"creation_expression": "variable.spread = 20.0; variable.brightness = 0.5;"
			},
			"minecraft:emitter_local_space": {
				"position": true,
				"rotation": true,
				"velocity": true
			},
			"minecraft:emitter_rate_steady": {
				"spawn_rate": 800,
				"max_particles": 1000
			},
			"minecraft:emitter_lifetime_expression": {
				"activation_expression": 1
			},
			"minecraft:emitter_shape_point": {},
			"minecraft:particle_lifetime_expression": {
				"max_lifetime": "math.random(1.2, 2.0)"
			},
			"minecraft:particle_initial_speed": 2,
			"minecraft:particle_motion_dynamic": {
				"linear_drag_coefficient": 0.1
			},
			"minecraft:particle_appearance_billboard": {
				"size": [0.3, 0.3],
				"facing_camera_mode": "rotate_xyz",
				"uv": {
					"texture_width": 16,
					"texture_height": 8,
					"flipbook": {
						"base_UV": [0, 0],
						"size_UV": [8, 8],
						"step_UV": [8, 0],
						"max_frame": 2,
						"stretch_to_lifetime": true
					}
				}
			},
			"minecraft:particle_appearance_tinting": {
				"color": {
					"interpolant": "v.particle_age / v.particle_lifetime",
					"gradient": {
						"0.0": "#FF00FFE5",
						"1.0": "#000087FF"
					}
				}
			}
		}
	}
}