{
    "format_version": "1.10.0",
    "particle_effect": {
        "description": {
            "identifier": "Bubbles",
            "basic_render_parameters": {
                "material": "particles_alpha",
                "texture": "textures/particle/particles"
            }
        },
        "curves": {
            "variable.size_curve": {
                "type": "catmull_rom",
                "nodes": [
                    0.0,
                    0.24,
                    0.1,
                    0.3,
                    0.1,
                    0.5,
                    0.0,
                    0.3,
                    0.0
                ],
                "input": "variable.particle_age",
                "horizontal_range": "variable.particle_lifetime"
            }
        },
        "components": {
            "minecraft:emitter_rate_steady": {
                "spawn_rate": 50.0,
                "max_particles": 100.0
            },
            "minecraft:emitter_lifetime_looping": {
                "active_time": 2.0
            },
            "minecraft:emitter_shape_sphere": {
                "offset": [
                    0.0,
                    0.0,
                    0.0
                ],
                "direction": [
                    "math.random(-1.0, 1.0)",
                    1.0,
                    "math.random(-1.0, 1.0)"
                ],
                "radius": 0.1
            },
            "minecraft:particle_lifetime_expression": {
                "max_lifetime": "math.random(1.0, 3.0)"
            },
            "minecraft:particle_expire_if_in_blocks": [
                "minecraft:stone"
            ],
            "minecraft:particle_initial_spin": {
                "rotation": "math.random(0.0, 360.0)"
            },
            "minecraft:particle_initial_speed": "math.random(1.0, 3.0)",
            "minecraft:particle_motion_dynamic": {
                "linear_acceleration": [
                    0.0,
                    -2.0,
                    0.0
                ],
                "linear_drag_coefficient": 2.0
            },
            "minecraft:particle_appearance_billboard": {
                "size": [
                    "variable.size_curve * 0.2",
                    "variable.size_curve * 0.2"
                ],
                "facing_camera_mode": "lookat_xyz",
                "uv": {
                    "texture_width": 128,
                    "texture_height": 128,
                    "uv": [
                        0.0,
                        16.0
                    ],
                    "uv_size": [
                        8.0,
                        8.0
                    ]
                }
            },
            "minecraft:particle_appearance_lighting": {},
            "minecraft:emitter_local_space": {
                "scale": true,
                "scale_billboard": true,
                "direction": true,
                "acceleration": true
            },
            "blockbuster:particle_collision_appearance": {
                "enabled": 0.0,
                "lit": false,
                "material": "particles_opaque",
                "size": [
                    0.0,
                    0.0
                ],
                "facing_camera_mode": "lookat_xyz",
                "uv": {
                    "texture_width": 128,
                    "texture_height": 128
                }
            },
            "blockbuster:particle_collision_tinting": {
                "enabled": 0.0
            },
            "blockbuster:particle_morph": {
                "enabled": false,
                "render_texture": false
            }
        }
    }
}