{
    "format_version": "1.10.0",
    "particle_effect": {
        "description": {
            "identifier": "gamerstudios:core-particle",
            "basic_render_parameters": {
                "material": "particles_alpha",
                "texture": "textures/particle/particles"
            }
        },
        "curves": {},
        "components": {
            "minecraft:emitter_local_space": {
                "position": true,
                "rotation": true
            },
            "minecraft:emitter_rate_steady": {
                "spawn_rate": 40.0,
                "max_particles": 40.0
            },
            "minecraft:emitter_lifetime_expression": {
                "activation_expression": 1.0
            },
            "minecraft:emitter_shape_sphere": {
                "offset": [
                    0.0,
                    0.0,
                    0.0
                ],
                "radius": 0.2
            },
            "minecraft:particle_lifetime_expression": {
                "max_lifetime": 1.0
            },
            "minecraft:particle_initial_speed": 0.0,
            "minecraft:particle_motion_dynamic": {
                "linear_acceleration": [
                    0.0,
                    0.0,
                    0.0
                ]
            },
            "minecraft:particle_appearance_billboard": {
                "size": [
                    0.2,
                    0.2
                ],
                "facing_camera_mode": "rotate_xyz",
                "uv": {
                    "texture_width": 128,
                    "texture_height": 128,
                    "uv": [
                        32.0,
                        16.0
                    ],
                    "uv_size": [
                        32.0,
                        32.0
                    ]
                }
            },
            "minecraft:particle_appearance_tinting": {
                "color": {
                    "gradient": {
                        "0.0": "#96FFFA",
                        "0.5": "#007AFF",
                        "1.0": "#0004FF"
                    },
                    "interpolant": "v.particle_age / v.particle_lifetime"
                }
            },
            "blockbuster:particle_collision_appearance": {
                "enabled": 0.0,
                "lit": false,
                "material": "particles_opaque",
                "size": [
                    0.0,
                    0.0
                ],
                "facing_camera_mode": "lookat_xyz",
                "uv": {
                    "texture_width": 128,
                    "texture_height": 128
                }
            },
            "blockbuster:particle_collision_tinting": {
                "enabled": 0.0
            },
            "blockbuster:particle_morph": {
                "enabled": false,
                "render_texture": false
            }
        }
    }
}