{
    "format_version": "1.10.0",
    "particle_effect": {
        "description": {
            "identifier": "snowstorm:fire",
            "basic_render_parameters": {
                "material": "particles_alpha",
                "texture": "minecraft:textures/blocks/fire_layer_1.png"
            }
        },
        "curves": {},
        "components": {
            "minecraft:emitter_rate_steady": {
                "spawn_rate": 20.0,
                "max_particles": 1000.0
            },
            "minecraft:emitter_lifetime_looping": {
                "active_time": 1.0
            },
            "minecraft:emitter_shape_disc": {
                "offset": [
                    0.0,
                    0.4,
                    0.0
                ],
                "radius": 1.2,
                "plane_normal": [
                    0.0,
                    1.0,
                    0.0
                ]
            },
            "minecraft:particle_lifetime_expression": {
                "max_lifetime": "math.random(1.0, 1.4)"
            },
            "minecraft:particle_initial_speed": 1.0,
            "minecraft:particle_motion_dynamic": {
                "linear_acceleration": [
                    "(variable.particle_random_1 - 0.5)",
                    1.2,
                    "(variable.particle_random_1 - 0.5)"
                ]
            },
            "minecraft:particle_appearance_billboard": {
                "size": [
                    0.4,
                    0.4
                ],
                "facing_camera_mode": "lookat_xyz",
                "uv": {
                    "texture_width": 16,
                    "texture_height": 512,
                    "uv_size": [
                        16.0,
                        16.0
                    ],
                    "flipbook": {
                        "size_UV": [
                            16.0,
                            16.0
                        ],
                        "step_UV": [
                            0.0,
                            16.0
                        ],
                        "max_frame": 32.0,
                        "stretch_to_lifetime": true
                    }
                }
            },
            "blockbuster:particle_collision_appearance": {
                "enabled": 0.0,
                "lit": false,
                "material": "particles_opaque",
                "size": [
                    0.0,
                    0.0
                ],
                "facing_camera_mode": "lookat_xyz",
                "uv": {
                    "texture_width": 128,
                    "texture_height": 128
                }
            },
            "blockbuster:particle_collision_tinting": {
                "enabled": 0.0
            },
            "blockbuster:particle_morph": {
                "enabled": false,
                "render_texture": false
            },
            "minecraft:emitter_local_space": {
                "scale": true,
                "scale_billboard": true,
                "direction": true,
                "acceleration": true
            }
        }
    }
}