{
    "format_version": "1.10.0",
    "particle_effect": {
        "description": {
            "identifier": "gamerstudios:electric-blue",
            "basic_render_parameters": {
                "material": "particles_blend",
                "texture": "b.a:particles/electric.png"
            }
        },
        "curves": {},
        "components": {
            "minecraft:emitter_initialization": {
                "creation_expression": "variable.size \u003d 0.1; variable.lifetime \u003d 3.0"
            },
            "minecraft:emitter_local_space": {
                "position": true,
                "rotation": true,
                "scale": true,
                "scale_billboard": true,
                "direction": true,
                "acceleration": true
            },
            "minecraft:emitter_rate_steady": {
                "spawn_rate": 45.0,
                "max_particles": 45.0
            },
            "minecraft:emitter_lifetime_expression": {
                "activation_expression": 1.0
            },
            "minecraft:emitter_shape_sphere": {
                "offset": [
                    0.0,
                    0.0,
                    0.0
                ],
                "surface_only": true,
                "radius": 1.0
            },
            "minecraft:particle_lifetime_expression": {
                "max_lifetime": "variable.particle_random_1 * variable.lifetime"
            },
            "minecraft:particle_initial_speed": 0.0,
            "minecraft:particle_motion_dynamic": {
                "linear_acceleration": [
                    0.0,
                    0.0,
                    0.0
                ]
            },
            "minecraft:particle_appearance_billboard": {
                "size": [
                    0.15,
                    0.15
                ],
                "facing_camera_mode": "rotate_xyz",
                "uv": {
                    "texture_width": 496,
                    "texture_height": 16,
                    "uv_size": [
                        16.0,
                        16.0
                    ],
                    "flipbook": {
                        "size_UV": [
                            16.0,
                            16.0
                        ],
                        "step_UV": [
                            16.0,
                            0.0
                        ],
                        "frames_per_second": 16.0,
                        "max_frame": 32.0,
                        "loop": true
                    }
                }
            },
            "minecraft:particle_appearance_tinting": {
                "color": {
                    "gradient": {
                        "0.0": "#49FFF6",
                        "1.0": "#00B2FF"
                    },
                    "interpolant": "v.particle_age / v.particle_lifetime"
                }
            },
            "blockbuster:particle_collision_appearance": {
                "enabled": 0.0,
                "lit": false,
                "material": "particles_opaque",
                "size": [
                    0.0,
                    0.0
                ],
                "facing_camera_mode": "lookat_xyz",
                "uv": {
                    "texture_width": 128,
                    "texture_height": 128
                }
            },
            "blockbuster:particle_collision_tinting": {
                "enabled": 0.0
            },
            "blockbuster:particle_morph": {
                "enabled": false,
                "render_texture": false
            }
        }
    }
}