{
    "format_version": "1.10.0",
    "particle_effect": {
        "description": {
            "identifier": "ic:electric_spark",
            "basic_render_parameters": {
                "material": "particles_opaque",
                "texture": "b.a:particles/ic_spark.png"
            }
        },
        "curves": {},
        "components": {
            "minecraft:particle_lifetime_expression": {
                "max_lifetime": 0.5
            },
            "minecraft:particle_initial_spin": {
                "rotation_rate": 10.0
            },
            "minecraft:particle_initial_speed": 1.0,
            "minecraft:particle_motion_dynamic": {
                "linear_acceleration": [
                    0.0,
                    0.0,
                    0.0
                ],
                "linear_drag_coefficient": 5.0,
                "rotation_acceleration": "math.random(-10.0, 10.0)",
                "rotation_drag_coefficient": 1.0
            },
            "minecraft:particle_appearance_billboard": {
                "size": [
                    0.15,
                    0.15
                ],
                "facing_camera_mode": "rotate_xyz",
                "uv": {
                    "texture_width": 16,
                    "texture_height": 96,
                    "uv_size": [
                        16.0,
                        16.0
                    ],
                    "flipbook": {
                        "size_UV": [
                            16.0,
                            16.0
                        ],
                        "step_UV": [
                            0.0,
                            16.0
                        ],
                        "max_frame": "6.0",
                        "stretch_to_lifetime": true
                    }
                }
            },
            "blockbuster:particle_collision_appearance": {
                "enabled": 0.0,
                "lit": false,
                "material": "particles_opaque",
                "size": [
                    0.0,
                    0.0
                ],
                "facing_camera_mode": "lookat_xyz",
                "uv": {
                    "texture_width": 128,
                    "texture_height": 128
                }
            },
            "blockbuster:particle_collision_tinting": {
                "enabled": 0.0
            },
            "blockbuster:particle_morph": {
                "enabled": false,
                "render_texture": false
            },
            "minecraft:emitter_rate_steady": {
                "max_particles": 100.0
            },
            "minecraft:emitter_shape_box": {
                "offset": [
                    0.0,
                    0.0,
                    0.0
                ],
                "half_dimensions": [
                    0.0,
                    0.0,
                    0.0
                ]
            },
            "minecraft:emitter_lifetime_looping": {
                "active_time": 1.0
            }
        }
    }
}