{
    "format_version": "1.10.0",
    "particle_effect": {
        "description": {
            "identifier": "ic:explosion",
            "basic_render_parameters": {
                "material": "particles_blend",
                "texture": "b.a:particles/ic_rocket_flame.png"
            }
        },
        "curves": {},
        "components": {
            "minecraft:emitter_rate_instant": {
                "num_particles": 25.0
            },
            "minecraft:emitter_lifetime_once": {
                "active_time": 1.0
            },
            "minecraft:emitter_shape_sphere": {
                "offset": [
                    0.0,
                    0.0,
                    0.0
                ],
                "radius": 2.5
            },
            "minecraft:particle_lifetime_expression": {
                "max_lifetime": "math.random(1.0, 1.2)"
            },
            "minecraft:particle_initial_speed": "math.random(3.0, 5.0)",
            "minecraft:particle_motion_dynamic": {
                "linear_acceleration": [
                    0.0,
                    -1.0,
                    0.0
                ],
                "linear_drag_coefficient": 2.0
            },
            "minecraft:particle_appearance_billboard": {
                "size": [
                    "2.0 - (variable.particle_age / 4.0)",
                    "2.0 - (variable.particle_age / 4.0)"
                ],
                "facing_camera_mode": "rotate_xyz",
                "uv": {
                    "texture_width": 16,
                    "texture_height": 96,
                    "uv_size": [
                        16.0,
                        16.0
                    ],
                    "flipbook": {
                        "size_UV": [
                            16.0,
                            16.0
                        ],
                        "step_UV": [
                            0.0,
                            16.0
                        ],
                        "frames_per_second": 6.0,
                        "max_frame": 6.0,
                        "stretch_to_lifetime": true
                    }
                }
            },
            "minecraft:particle_appearance_tinting": {
                "color": {
                    "gradient": {
                        "0.0": "#FFBB00",
                        "0.21": "#810000",
                        "0.49999997": "#000000",
                        "0.67": "#383838",
                        "0.99": "#000000"
                    },
                    "interpolant": "v.particle_age / v.particle_lifetime"
                }
            },
            "blockbuster:particle_collision_appearance": {
                "enabled": 0.0,
                "lit": false,
                "material": "particles_opaque",
                "size": [
                    0.0,
                    0.0
                ],
                "facing_camera_mode": "lookat_xyz",
                "uv": {
                    "texture_width": 128,
                    "texture_height": 128
                }
            },
            "blockbuster:particle_collision_tinting": {
                "enabled": 0.0
            },
            "blockbuster:particle_morph": {
                "enabled": false,
                "render_texture": false
            }
        }
    }
}