{
    "format_version": "1.10.0",
    "particle_effect": {
        "description": {
            "identifier": "ic:gun_spark_blue",
            "basic_render_parameters": {
                "material": "particles_opaque",
                "texture": "b.a:particles/ic_gun_spark_blue.png"
            }
        },
        "curves": {},
        "components": {
            "minecraft:emitter_rate_instant": {
                "num_particles": 7.0
            },
            "minecraft:emitter_lifetime_once": {
                "active_time": 0.3
            },
            "minecraft:emitter_shape_point": {
                "offset": [
                    0.0,
                    0.0,
                    0.0
                ]
            },
            "minecraft:particle_lifetime_expression": {
                "max_lifetime": "math.random(0.5, 0.9)"
            },
            "minecraft:particle_initial_spin": {
                "rotation_rate": "math.random(-20.0, 20.0)"
            },
            "minecraft:particle_initial_speed": 1.0,
            "minecraft:particle_motion_dynamic": {
                "linear_acceleration": [
                    0.0,
                    0.0,
                    0.0
                ],
                "linear_drag_coefficient": 2.0
            },
            "minecraft:particle_appearance_billboard": {
                "size": [
                    0.1,
                    0.1
                ],
                "facing_camera_mode": "rotate_xyz",
                "uv": {
                    "texture_width": 16,
                    "texture_height": 16,
                    "uv_size": [
                        16.0,
                        16.0
                    ]
                }
            },
            "minecraft:particle_appearance_tinting": {
                "color": {
                    "gradient": {
                        "0.0": "#00CCFF",
                        "0.45": "#2201D0"
                    },
                    "interpolant": "v.particle_age / v.particle_lifetime"
                }
            },
            "blockbuster:particle_collision_appearance": {
                "enabled": 0.0,
                "lit": false,
                "material": "particles_opaque",
                "size": [
                    0.0,
                    0.0
                ],
                "facing_camera_mode": "lookat_xyz",
                "uv": {
                    "texture_width": 128,
                    "texture_height": 128
                }
            },
            "blockbuster:particle_collision_tinting": {
                "enabled": 0.0
            },
            "blockbuster:particle_morph": {
                "enabled": false,
                "render_texture": false
            }
        }
    }
}