{
    "format_version": "1.10.0",
    "particle_effect": {
        "description": {
            "identifier": "Magic: Blue stream",
            "basic_render_parameters": {
                "material": "particles_alpha",
                "texture": "textures/particle/particles"
            }
        },
        "curves": {},
        "components": {
            "minecraft:emitter_initialization": {
                "creation_expression": "variable.spread \u003d 20.0; variable.brightness \u003d 0.5"
            },
            "minecraft:emitter_rate_steady": {
                "spawn_rate": 100.0,
                "max_particles": 500.0
            },
            "minecraft:emitter_shape_point": {
                "offset": [
                    0.0,
                    0.0,
                    0.0
                ],
                "direction": [
                    "math.random(-variable.spread, variable.spread)",
                    "math.random(-variable.spread, variable.spread)",
                    -50.0
                ]
            },
            "minecraft:particle_lifetime_expression": {
                "max_lifetime": "math.random(1.2, 2.0)"
            },
            "minecraft:particle_initial_speed": 1.0,
            "minecraft:particle_motion_dynamic": {
                "linear_acceleration": [
                    0.0,
                    0.0,
                    -4.0
                ]
            },
            "minecraft:particle_appearance_billboard": {
                "size": [
                    0.1,
                    0.1
                ],
                "facing_camera_mode": "rotate_xyz",
                "uv": {
                    "texture_width": 128,
                    "texture_height": 128,
                    "uv": [
                        32.0,
                        80.0
                    ],
                    "uv_size": [
                        8.0,
                        8.0
                    ]
                }
            },
            "minecraft:particle_appearance_tinting": {
                "color": [
                    0.0,
                    "math.clamp(3.5 * variable.brightness + variable.particle_random_1 / 8.0, 0.0, 1.0)",
                    "math.clamp(3.5 * variable.brightness + variable.particle_random_1 / 8.0, 0.0, 1.0)",
                    1.0
                ]
            }
        }
    }
}