{
    "format_version": "1.10.0",
    "particle_effect": {
        "description": {
            "identifier": "ic:rocket_trail_v2_purple",
            "basic_render_parameters": {
                "material": "particles_opaque",
                "texture": "b.a:particles/ic_rocket_flame_purple.png"
            }
        },
        "curves": {},
        "components": {
            "minecraft:emitter_rate_steady": {
                "spawn_rate": 20.0,
                "max_particles": 100.0
            },
            "minecraft:emitter_lifetime_once": {
                "active_time": 3.0
            },
            "minecraft:emitter_shape_point": {
                "offset": [
                    0.0,
                    0.0,
                    0.0
                ],
                "direction": [
                    "math.random(0.2, -0.2)",
                    "math.random(0.2, -0.2)",
                    "math.random(-1.0, -0.5)"
                ]
            },
            "minecraft:particle_lifetime_expression": {
                "max_lifetime": "math.random(1.0, 1.2)"
            },
            "minecraft:particle_initial_speed": "math.random(4.0, 3.5)",
            "minecraft:particle_motion_dynamic": {
                "linear_acceleration": [
                    0.0,
                    0.0,
                    -2.0
                ],
                "linear_drag_coefficient": 1.0
            },
            "minecraft:particle_appearance_billboard": {
                "size": [
                    "(0.5) - (variable.particle_age / 4.0)",
                    "(0.5) - (variable.particle_age / 4.0)"
                ],
                "facing_camera_mode": "rotate_xyz",
                "uv": {
                    "texture_width": 16,
                    "texture_height": 96,
                    "uv_size": [
                        16.0,
                        16.0
                    ],
                    "flipbook": {
                        "size_UV": [
                            16.0,
                            16.0
                        ],
                        "step_UV": [
                            0.0,
                            16.0
                        ],
                        "frames_per_second": 6.0,
                        "max_frame": 6.0,
                        "stretch_to_lifetime": true
                    }
                }
            },
            "minecraft:particle_appearance_tinting": {
                "color": {
                    "gradient": {
                        "0.0": "#873CFF",
                        "0.33": "#34005D",
                        "0.58": "#1A0027",
                        "0.82": "#00680000"
                    },
                    "interpolant": "v.particle_age / v.particle_lifetime"
                }
            },
            "blockbuster:particle_collision_appearance": {
                "enabled": 0.0,
                "lit": false,
                "material": "particles_opaque",
                "size": [
                    0.0,
                    0.0
                ],
                "facing_camera_mode": "lookat_xyz",
                "uv": {
                    "texture_width": 128,
                    "texture_height": 128
                }
            },
            "blockbuster:particle_collision_tinting": {
                "enabled": 0.0
            },
            "blockbuster:particle_morph": {
                "enabled": false,
                "render_texture": false
            }
        }
    }
}