{
    "format_version": "1.10.0",
    "particle_effect": {
        "description": {
            "identifier": "gamerstudios:spark",
            "basic_render_parameters": {
                "material": "particles_blend",
                "texture": "b.a:particles/spark.png"
            }
        },
        "curves": {},
        "components": {
            "minecraft:particle_lifetime_expression": {
                "max_lifetime": 4.0
            },
            "minecraft:particle_initial_speed": "3.0 + math.random(0.0, 1.5)",
            "minecraft:particle_appearance_billboard": {
                "size": [
                    0.03,
                    0.03
                ],
                "facing_camera_mode": "rotate_xyz",
                "uv": {
                    "texture_width": 8,
                    "texture_height": 8,
                    "uv_size": [
                        8.0,
                        8.0
                    ]
                }
            },
            "minecraft:particle_motion_collision": {
                "collision_drag": 4.0,
                "coefficient_of_restitution": 0.0
            },
            "minecraft:emitter_rate_steady": {
                "spawn_rate": "80.0",
                "max_particles": 5000.0
            },
            "minecraft:particle_appearance_tinting": {
                "color": {
                    "gradient": {
                        "0.0": "#FFFF00",
                        "0.42222223": "#FF3700",
                        "0.5277778": "#FFFF00"
                    },
                    "interpolant": "0.15"
                }
            },
            "minecraft:emitter_shape_sphere": {
                "offset": [
                    0.0,
                    0.0,
                    0.0
                ],
                "direction": [
                    "math.random(-1.5, 1.5)",
                    "6.5 + math.random(0.0, 5.0)",
                    "math.random(-1.5, 1.5)"
                ],
                "surface_only": true,
                "radius": 0.125
            },
            "minecraft:particle_motion_dynamic": {
                "linear_acceleration": [
                    0.0,
                    0.0,
                    0.0
                ]
            },
            "minecraft:emitter_local_space": {
                "position": true,
                "rotation": true,
                "scale": true,
                "scale_billboard": true,
                "direction": true,
                "acceleration": true,
                "gravity": true
            },
            "minecraft:emitter_lifetime_looping": {
                "active_time": 0.0
            },
            "minecraft:particle_appearance_lighting": {},
            "blockbuster:particle_collision_appearance": {
                "enabled": 0.0,
                "lit": false,
                "material": "particles_opaque",
                "size": [
                    0.0,
                    0.0
                ],
                "facing_camera_mode": "lookat_xyz",
                "uv": {
                    "texture_width": 128,
                    "texture_height": 128
                }
            },
            "blockbuster:particle_collision_tinting": {
                "enabled": 0.0
            },
            "blockbuster:particle_morph": {
                "enabled": false,
                "render_texture": false
            }
        }
    }
}