{
    "format_version": "1.10.0",
    "particle_effect": {
        "description": {
            "identifier": "ic:titan_speakerman_ray",
            "basic_render_parameters": {
                "material": "particles_opaque",
                "texture": "b.a:particles/ic_speaker_titan_ray_particle.png"
            }
        },
        "curves": {},
        "components": {
            "minecraft:emitter_local_space": {
                "position": true,
                "rotation": true
            },
            "minecraft:emitter_rate_steady": {
                "spawn_rate": 38.0,
                "max_particles": 100.0
            },
            "minecraft:emitter_lifetime_once": {
                "active_time": 1.0
            },
            "minecraft:emitter_shape_point": {
                "offset": [
                    0.0,
                    0.0,
                    0.0
                ],
                "direction": [
                    0.0,
                    0.0,
                    -1.0
                ]
            },
            "minecraft:particle_lifetime_expression": {
                "max_lifetime": 1.5
            },
            "minecraft:particle_initial_spin": {
                "rotation": "math.random(0.0, 180.0)",
                "rotation_rate": 5.0
            },
            "minecraft:particle_initial_speed": 8.0,
            "minecraft:particle_motion_dynamic": {
                "linear_acceleration": [
                    0.0,
                    0.0,
                    0.0
                ]
            },
            "minecraft:particle_appearance_billboard": {
                "size": [
                    2.0,
                    2.0
                ],
                "facing_camera_mode": "rotate_xyz",
                "uv": {
                    "texture_width": 16,
                    "texture_height": 48,
                    "uv": [
                        0.0,
                        32.0
                    ],
                    "uv_size": [
                        16.0,
                        16.0
                    ],
                    "flipbook": {
                        "base_UV": [
                            0.0,
                            32.0
                        ],
                        "size_UV": [
                            16.0,
                            16.0
                        ],
                        "step_UV": [
                            0.0,
                            -16.0
                        ],
                        "frames_per_second": 3.0,
                        "max_frame": 3.0
                    }
                }
            },
            "minecraft:particle_appearance_lighting": {},
            "minecraft:particle_appearance_tinting": {
                "color": {
                    "gradient": {
                        "0.0": "#FFFFFF",
                        "0.5": "#FF3F3F",
                        "1.0": "#FFFFFF"
                    },
                    "interpolant": "v.particle_age / v.particle_lifetime"
                }
            },
            "blockbuster:particle_collision_appearance": {
                "enabled": 0.0,
                "lit": false,
                "material": "particles_opaque",
                "size": [
                    0.0,
                    0.0
                ],
                "facing_camera_mode": "lookat_xyz",
                "uv": {
                    "texture_width": 128,
                    "texture_height": 128
                }
            },
            "blockbuster:particle_collision_tinting": {
                "enabled": 0.0
            },
            "blockbuster:particle_morph": {
                "enabled": false,
                "render_texture": false
            }
        }
    }
}