{
    "format_version": "1.10.0",
    "particle_effect": {
        "description": {
            "identifier": "titan_tv_trail_2.particle",
            "basic_render_parameters": {
                "material": "particles_add",
                "texture": "b.a:particles/circletrail2.png"
            }
        },
        "curves": {},
        "components": {
            "minecraft:emitter_local_space": {
                "position": true,
                "rotation": true,
                "scale": true,
                "scale_billboard": true,
                "direction": true,
                "acceleration": true
            },
            "minecraft:emitter_rate_steady": {
                "spawn_rate": 5.0,
                "max_particles": 10.0
            },
            "minecraft:emitter_lifetime_expression": {
                "activation_expression": 1.0
            },
            "minecraft:emitter_shape_sphere": {
                "offset": [
                    0.0,
                    0.0,
                    0.0
                ],
                "direction": "inwards",
                "surface_only": true,
                "radius": 0.5
            },
            "minecraft:particle_lifetime_expression": {
                "max_lifetime": "math.random(0.5, 1.0)"
            },
            "minecraft:particle_initial_spin": {
                "rotation": "math.random(0.0, -360.0)",
                "rotation_rate": "math.random(-2.0, 2.0)"
            },
            "minecraft:particle_initial_speed": 0.0,
            "minecraft:particle_appearance_billboard": {
                "size": [
                    "2.0 * variable.particle_random_1",
                    "2.0 * variable.particle_random_1"
                ],
                "facing_camera_mode": "rotate_xyz",
                "uv": {
                    "texture_width": 64,
                    "texture_height": 256,
                    "uv_size": [
                        64.0,
                        64.0
                    ],
                    "flipbook": {
                        "size_UV": [
                            64.0,
                            64.0
                        ],
                        "step_UV": [
                            0.0,
                            64.0
                        ],
                        "frames_per_second": 16.0,
                        "max_frame": 4.0,
                        "loop": true
                    }
                }
            },
            "minecraft:particle_appearance_tinting": {
                "color": {
                    "gradient": {
                        "0.0": "#FFFFFF",
                        "1.0": "#32FFFFFF"
                    },
                    "interpolant": "v.particle_age / v.particle_lifetime"
                }
            },
            "blockbuster:particle_collision_appearance": {
                "enabled": 0.0,
                "lit": false,
                "material": "particles_opaque",
                "texture": "b.a:particles/circletrail2.png",
                "size": [
                    0.0,
                    0.0
                ],
                "facing_camera_mode": "lookat_xyz",
                "uv": {
                    "texture_width": 64,
                    "texture_height": 256
                }
            },
            "blockbuster:particle_collision_tinting": {
                "enabled": 0.0
            },
            "blockbuster:particle_morph": {
                "enabled": false,
                "render_texture": false
            },
            "minecraft:particle_motion_dynamic": {
                "linear_acceleration": [
                    0.0,
                    0.0,
                    0.0
                ]
            }
        }
    }
}