{
    "format_version": "1.10.0",
    "particle_effect": {
        "description": {
            "identifier": "ic:titan_tvman_entrance2",
            "basic_render_parameters": {
                "material": "particles_blend",
                "texture": "b.a:particles/ic_tv_smoke.png"
            }
        },
        "curves": {},
        "components": {
            "minecraft:emitter_rate_steady": {
                "spawn_rate": 95.0,
                "max_particles": 95.0
            },
            "minecraft:emitter_lifetime_once": {
                "active_time": 4.5
            },
            "minecraft:emitter_shape_sphere": {
                "offset": [
                    0.0,
                    0.0,
                    0.0
                ],
                "radius": 2.5
            },
            "minecraft:particle_lifetime_expression": {
                "max_lifetime": 1.0
            },
            "minecraft:particle_initial_speed": 0.5,
            "minecraft:particle_motion_dynamic": {
                "linear_acceleration": [
                    0.0,
                    -1.0,
                    0.0
                ],
                "linear_drag_coefficient": 0.5
            },
            "minecraft:particle_appearance_billboard": {
                "size": [
                    "5.0 - (variable.particle_age / 2.0)",
                    "5.0 - (variable.particle_age / 2.0)"
                ],
                "facing_camera_mode": "rotate_xyz",
                "uv": {
                    "texture_width": 16,
                    "texture_height": 16,
                    "uv_size": [
                        16.0,
                        16.0
                    ]
                }
            },
            "minecraft:particle_appearance_tinting": {
                "color": {
                    "gradient": {
                        "0.0": "#E0383838",
                        "4.85": "#008A8A8A"
                    },
                    "interpolant": "v.particle_age / v.particle_lifetime"
                }
            },
            "blockbuster:particle_collision_appearance": {
                "enabled": 0.0,
                "lit": false,
                "material": "particles_opaque",
                "size": [
                    0.0,
                    0.0
                ],
                "facing_camera_mode": "lookat_xyz",
                "uv": {
                    "texture_width": 128,
                    "texture_height": 128
                }
            },
            "blockbuster:particle_collision_tinting": {
                "enabled": 0.0
            },
            "blockbuster:particle_morph": {
                "enabled": false,
                "render_texture": false
            }
        }
    }
}