{
    "format_version": "1.10.0",
    "particle_effect": {
        "description": {
            "identifier": "titantv-core.particle",
            "basic_render_parameters": {
                "material": "particles_opaque",
                "texture": "textures/particle/particles"
            }
        },
        "curves": {},
        "components": {
            "minecraft:emitter_initialization": {
                "creation_expression": "variable.size \u003d 0.05; variable.lifetime \u003d 3.0"
            },
            "minecraft:emitter_local_space": {
                "position": true,
                "rotation": true,
                "scale": true,
                "scale_billboard": true,
                "direction": true,
                "acceleration": true
            },
            "minecraft:emitter_rate_steady": {
                "spawn_rate": 600.0,
                "max_particles": 1500.0
            },
            "minecraft:emitter_lifetime_expression": {
                "activation_expression": 1.0
            },
            "minecraft:emitter_shape_point": {
                "offset": [
                    0.0,
                    0.0,
                    0.0
                ]
            },
            "minecraft:particle_lifetime_expression": {
                "max_lifetime": "variable.particle_random_1 * variable.lifetime"
            },
            "minecraft:particle_initial_spin": {
                "rotation_rate": "math.random(40.0, -0.0)"
            },
            "minecraft:particle_initial_speed": 3.0,
            "minecraft:particle_motion_dynamic": {
                "linear_acceleration": [
                    0.0,
                    0.0,
                    0.0
                ],
                "linear_drag_coefficient": 2.0
            },
            "minecraft:particle_appearance_billboard": {
                "size": [
                    "0.8 * variable.particle_random_1",
                    "0.8 * variable.particle_random_1"
                ],
                "facing_camera_mode": "rotate_xyz",
                "uv": {
                    "texture_width": 128,
                    "texture_height": 128,
                    "uv": [
                        32.0,
                        17.0
                    ],
                    "uv_size": [
                        32.0,
                        31.0
                    ]
                }
            },
            "minecraft:particle_appearance_tinting": {
                "color": {
                    "gradient": {
                        "0.15": "#FF00FF",
                        "0.26": "#73820075",
                        "0.32": "#7DFF0095",
                        "0.4": "#02AC3480"
                    },
                    "interpolant": "variable.particle_age / variable.particle_lifetime"
                }
            },
            "blockbuster:particle_collision_appearance": {
                "enabled": 0.0,
                "lit": false,
                "material": "particles_opaque",
                "size": [
                    0.0,
                    0.0
                ],
                "facing_camera_mode": "lookat_xyz",
                "uv": {
                    "texture_width": 128,
                    "texture_height": 128
                }
            },
            "blockbuster:particle_collision_tinting": {
                "enabled": 0.0
            },
            "blockbuster:particle_morph": {
                "enabled": false,
                "render_texture": false
            }
        }
    }
}