{
    "format_version": "1.10.0",
    "particle_effect": {
        "description": {
            "identifier": "gamerstudios:tvmantp",
            "basic_render_parameters": {
                "material": "particles_blend",
                "texture": "b.a:particles/tv\u0027s-tp.png"
            }
        },
        "curves": {
            "variable.rainbow": {
                "type": "catmull_rom",
                "nodes": [
                    1.0,
                    -0.06,
                    1.0,
                    1.18
                ],
                "input": "variable.particle_random_2",
                "horizontal_range": 1.0
            },
            "variable.psize": {
                "type": "catmull_rom",
                "nodes": [
                    0.0,
                    0.0,
                    1.0,
                    0.0,
                    0.0
                ],
                "input": "variable.particle_age",
                "horizontal_range": "variable.particle_lifetime"
            }
        },
        "components": {
            "minecraft:emitter_initialization": {
                "creation_expression": "variable.radius \u003d 2.5"
            },
            "minecraft:emitter_rate_steady": {
                "spawn_rate": 800.0,
                "max_particles": 800.0
            },
            "minecraft:emitter_lifetime_expression": {
                "activation_expression": 1.0
            },
            "minecraft:emitter_shape_sphere": {
                "offset": [
                    0.0,
                    0.0,
                    0.0
                ],
                "surface_only": true,
                "radius": 1.3
            },
            "minecraft:particle_lifetime_expression": {
                "max_lifetime": 1.0
            },
            "minecraft:particle_initial_speed": 0.6,
            "minecraft:particle_motion_dynamic": {
                "linear_acceleration": [
                    0.0,
                    8.0,
                    0.0
                ],
                "linear_drag_coefficient": 1.5
            },
            "minecraft:particle_appearance_billboard": {
                "size": [
                    "0.6 * variable.psize",
                    "0.6 * variable.psize"
                ],
                "facing_camera_mode": "rotate_xyz",
                "uv": {
                    "texture_width": 32,
                    "texture_height": 192,
                    "uv_size": [
                        32.0,
                        32.0
                    ],
                    "flipbook": {
                        "size_UV": [
                            32.0,
                            32.0
                        ],
                        "step_UV": [
                            0.0,
                            32.0
                        ],
                        "frames_per_second": 4.0,
                        "max_frame": 6.0
                    }
                }
            },
            "minecraft:particle_appearance_tinting": {
                "color": {
                    "gradient": {
                        "0.24444444": "#3E3E3E",
                        "1.0": "#000000"
                    },
                    "interpolant": "v.particle_age / v.particle_lifetime"
                }
            },
            "blockbuster:particle_collision_appearance": {
                "enabled": 0.0,
                "lit": false,
                "material": "particles_blend",
                "texture": "b.a:particles/special_smoke_texture.png",
                "size": [
                    0.0,
                    0.0
                ],
                "facing_camera_mode": "lookat_xyz",
                "uv": {
                    "texture_width": 16,
                    "texture_height": 128
                }
            },
            "blockbuster:particle_collision_tinting": {
                "enabled": 0.0
            },
            "blockbuster:particle_morph": {
                "enabled": false,
                "render_texture": false
            }
        }
    }
}