{
	"format_version": "1.12.0",
	"minecraft:geometry": [
		{
			"description": {
				"identifier": "geometry.gojidraw_astro_destructor",
				"texture_width": 512,
				"texture_height": 512,
				"visible_bounds_width": 14,
				"visible_bounds_height": 16,
				"visible_bounds_offset": [0, 7, 0]
			},
			"bones": [
				{
					"name": "Toilet",
					"pivot": [0, 31, -15],
					"cubes": [
						{"origin": [-6, 27.5, -20], "size": [12, 6, 6], "uv": [229, 107]},
						{"origin": [-6, 11.5, -20], "size": [12, 16, 6], "pivot": [0, 27, -20], "rotation": [20, 0, 0], "uv": [183, 214]},
						{"origin": [-6, 11.5, 14], "size": [12, 16, 6], "pivot": [0, 27, 20], "rotation": [-20, 0, 0], "uv": [183, 214]},
						{"origin": [-6, 27.5, 14], "size": [12, 6, 6], "uv": [229, 107]},
						{"origin": [9, 27.5, -10], "size": [7, 6, 20], "uv": [54, 175]},
						{"origin": [16, 30.5, -3], "size": [18, 3, 13], "uv": [180, 111]},
						{"origin": [-34, 30.5, -3], "size": [18, 3, 13], "uv": [180, 111], "mirror": true},
						{"origin": [-34, 30.4, -3], "size": [19, 3, 13], "pivot": [-34, 33, -3], "rotation": [0, 20, 0], "uv": [159, 95], "mirror": true},
						{"origin": [15, 30.4, -3], "size": [19, 3, 13], "pivot": [34, 33, -3], "rotation": [0, -20, 0], "uv": [159, 95]},
						{"origin": [-16, 27.5, -10], "size": [7, 6, 20], "uv": [54, 175], "mirror": true},
						{"origin": [-16, 11.5, -10], "size": [7, 16, 20], "pivot": [-16, 27.5, 8], "rotation": [0, 0, -20], "uv": [156, 162], "mirror": true},
						{"origin": [9, 11.5, -10], "size": [7, 16, 20], "pivot": [16, 27.5, 8], "rotation": [0, 0, 20], "uv": [156, 162]},
						{"origin": [6, 28, 14], "size": [14, 5, 6], "pivot": [6, 31, 20], "rotation": [0, 45, 0], "uv": [227, 143], "mirror": true},
						{"origin": [-20, 28, 14], "size": [14, 5, 6], "pivot": [-6, 31, 20], "rotation": [0, -45, 0], "uv": [227, 143]},
						{"origin": [6, 28, -20], "size": [14, 5, 6], "pivot": [6, 31, -20], "rotation": [0, -45, 0], "uv": [227, 143], "mirror": true},
						{"origin": [-20, 28, -20], "size": [14, 5, 6], "pivot": [-6, 31, -20], "rotation": [0, 45, 0], "uv": [227, 143]},
						{"origin": [-17, 12, -20], "size": [8, 16, 6], "pivot": [-6, 28, -20], "rotation": [17.5, 45, 0], "uv": [0, 35]},
						{"origin": [9, 12, -20], "size": [8, 16, 6], "pivot": [6, 28, -20], "rotation": [17.5, -45, 0], "uv": [0, 35], "mirror": true},
						{"origin": [-17, 12, 14], "size": [8, 16, 6], "pivot": [-6, 28, 20], "rotation": [-17.5, -45, 0], "uv": [0, 35]},
						{"origin": [9, 12, 14], "size": [8, 16, 6], "pivot": [6, 28, 20], "rotation": [-17.5, 45, 0], "uv": [0, 35], "mirror": true},
						{"origin": [-9, 25, -20], "size": [3, 3, 6], "pivot": [-6, 28, -20], "rotation": [17.5, 45, 0], "uv": [238, 0]},
						{"origin": [6, 25, -20], "size": [3, 3, 6], "pivot": [6, 28, -20], "rotation": [17.5, -45, 0], "uv": [238, 0], "mirror": true},
						{"origin": [-9, 25, 14], "size": [3, 3, 6], "pivot": [-6, 28, 20], "rotation": [-17.5, -45, 0], "uv": [238, 0]},
						{"origin": [6, 25, 14], "size": [3, 3, 6], "pivot": [6, 28, 20], "rotation": [-17.5, 45, 0], "uv": [238, 0], "mirror": true},
						{"origin": [-20, 25, -20], "size": [3, 3, 6], "pivot": [-6, 28, -20], "rotation": [17.5, 45, 0], "uv": [238, 0]},
						{"origin": [17, 25, -20], "size": [3, 3, 6], "pivot": [6, 28, -20], "rotation": [17.5, -45, 0], "uv": [238, 0], "mirror": true},
						{"origin": [-20, 25, 14], "size": [3, 3, 6], "pivot": [-6, 28, 20], "rotation": [-17.5, -45, 0], "uv": [238, 0]},
						{"origin": [17, 25, 14], "size": [3, 3, 6], "pivot": [6, 28, 20], "rotation": [-17.5, 45, 0], "uv": [238, 0], "mirror": true},
						{"origin": [-9, 20, -20], "size": [2, 5, 6], "pivot": [-6, 28, -20], "rotation": [17.5, 45, 0], "uv": [128, 236]},
						{"origin": [7, 20, -20], "size": [2, 5, 6], "pivot": [6, 28, -20], "rotation": [17.5, -45, 0], "uv": [128, 236], "mirror": true},
						{"origin": [-9, 20, 14], "size": [2, 5, 6], "pivot": [-6, 28, 20], "rotation": [-17.5, -45, 0], "uv": [128, 236]},
						{"origin": [7, 20, 14], "size": [2, 5, 6], "pivot": [6, 28, 20], "rotation": [-17.5, 45, 0], "uv": [128, 236], "mirror": true},
						{"origin": [-19, 20, -20], "size": [2, 5, 6], "pivot": [-6, 28, -20], "rotation": [17.5, 45, 0], "uv": [128, 236]},
						{"origin": [17, 20, -20], "size": [2, 5, 6], "pivot": [6, 28, -20], "rotation": [17.5, -45, 0], "uv": [128, 236], "mirror": true},
						{"origin": [-19, 20, 14], "size": [2, 5, 6], "pivot": [-6, 28, 20], "rotation": [-17.5, -45, 0], "uv": [128, 236]},
						{"origin": [17, 20, 14], "size": [2, 5, 6], "pivot": [6, 28, 20], "rotation": [-17.5, 45, 0], "uv": [128, 236], "mirror": true},
						{"origin": [-9, 18, -20], "size": [1, 2, 6], "pivot": [-6, 28, -20], "rotation": [17.5, 45, 0], "uv": [72, 124]},
						{"origin": [8, 18, -20], "size": [1, 2, 6], "pivot": [6, 28, -20], "rotation": [17.5, -45, 0], "uv": [72, 124], "mirror": true},
						{"origin": [8, 18, -20], "size": [1, 2, 6], "pivot": [6, 28, -20], "rotation": [17.5, -45, 0], "uv": [72, 124], "mirror": true},
						{"origin": [8, 18, 14], "size": [1, 2, 6], "pivot": [6, 28, 20], "rotation": [-17.5, 45, 0], "uv": [72, 124], "mirror": true},
						{"origin": [-9, 18, 14], "size": [1, 2, 6], "pivot": [-6, 28, 20], "rotation": [-17.5, -45, 0], "uv": [72, 124]},
						{"origin": [-18, 18, -20], "size": [1, 2, 6], "pivot": [-6, 28, -20], "rotation": [17.5, 45, 0], "uv": [72, 124]},
						{"origin": [17, 18, -20], "size": [1, 2, 6], "pivot": [6, 28, -20], "rotation": [17.5, -45, 0], "uv": [72, 124], "mirror": true},
						{"origin": [-18, 18, 14], "size": [1, 2, 6], "pivot": [-6, 28, 20], "rotation": [-17.5, -45, 0], "uv": [72, 124]},
						{"origin": [17, 18, 14], "size": [1, 2, 6], "pivot": [6, 28, 20], "rotation": [-17.5, 45, 0], "uv": [72, 124], "mirror": true},
						{"origin": [-6, 2, -13.5], "size": [12, 11, 27], "uv": [61, 71]},
						{"origin": [-1, 2, -10], "size": [11, 11, 20], "uv": [114, 151]},
						{"origin": [5, 2, -9], "size": [5, 11, 19], "pivot": [11, 11, -10], "rotation": [0, -42.5, 0], "uv": [89, 182]},
						{"origin": [-10, 2, -9], "size": [5, 11, 19], "pivot": [-11, 11, -10], "rotation": [0, 42.5, 0], "uv": [89, 182], "mirror": true},
						{"origin": [5, 2, -10], "size": [5, 11, 19], "pivot": [11, 11, 10], "rotation": [0, 42.5, 0], "uv": [89, 182]},
						{"origin": [-10, 2, -10], "size": [5, 11, 19], "pivot": [-11, 11, 10], "rotation": [0, -42.5, 0], "uv": [89, 182], "mirror": true},
						{"origin": [-10, 2, -10], "size": [11, 11, 20], "uv": [52, 144]},
						{"origin": [-11, 1, -16], "size": [22, 3, 32], "uv": [0, 0]},
						{"origin": [-6.5, -13, -16], "size": [13, 13, 10], "uv": [137, 198]},
						{"origin": [5, -8, -14], "size": [2, 10, 6], "pivot": [7, -5, -15], "rotation": [-2.60237, 0.58313, 26.99723], "uv": [0, 205], "mirror": true},
						{"origin": [-7, -8, -14], "size": [2, 10, 6], "pivot": [-7, -5, -15], "rotation": [-2.60237, -0.58313, -26.99723], "uv": [0, 205]},
						{"origin": [5, -8, -14], "size": [2, 10, 6], "pivot": [7, -5, -15], "rotation": [-2.60237, 0.58313, 26.99723], "uv": [0, 205], "mirror": true},
						{"origin": [20, 11, -17], "size": [18, 8, 8], "pivot": [16, 13, -19], "rotation": [0, -45, 0], "uv": [183, 198], "mirror": true},
						{"origin": [-38, 11, -17], "size": [18, 8, 8], "pivot": [-16, 13, -19], "rotation": [0, 45, 0], "uv": [183, 198]},
						{"origin": [30.14214, 10.9, -2.02944], "size": [18, 8.2, 8], "pivot": [30.14214, 26, -2.02944], "rotation": [0, -87.5, 0], "uv": [183, 198], "mirror": true},
						{"origin": [-48.14214, 10.9, -2.02944], "size": [18, 8.2, 8], "pivot": [-30.14214, 26, -2.02944], "rotation": [0, 87.5, 0], "uv": [183, 198]},
						{"origin": [30.84924, 11.9, -2.73654], "size": [19, 5.2, 11], "pivot": [30.84924, 23, -2.73654], "rotation": [0, -87.5, 0], "uv": [189, 0], "mirror": true},
						{"origin": [-49.84924, 11.9, -2.73654], "size": [19, 5.2, 11], "pivot": [-30.84924, 23, -2.73654], "rotation": [0, 87.5, 0], "uv": [189, 0]},
						{"origin": [33.84924, 11.9, 8.26346], "size": [12, 5.2, 11], "pivot": [30.84924, 23, -2.73654], "rotation": [0, -87.5, 0], "uv": [210, 91], "mirror": true},
						{"origin": [-45.84924, 12.9, 8.26346], "size": [12, 5.2, 11], "pivot": [-30.84924, 23, -2.73654], "rotation": [0, 87.5, 0], "uv": [210, 91]},
						{"origin": [16, 13, -18], "size": [22, 5, 11], "pivot": [16, 13, -19], "rotation": [0, -45, 0], "uv": [141, 46], "mirror": true},
						{"origin": [-38, 13, -18], "size": [22, 5, 11], "pivot": [-16, 13, -19], "rotation": [0, 45, 0], "uv": [141, 46]},
						{"origin": [14, 3, 12], "size": [16, 38, 10], "pivot": [21, 31, 28], "rotation": [0, 25, 0], "uv": [0, 124]},
						{"origin": [-30, 3, 12], "size": [16, 38, 10], "pivot": [-21, 31, 28], "rotation": [0, -25, 0], "uv": [0, 124], "mirror": true},
						{"origin": [21, 3, 26], "size": [25, 30, 2], "pivot": [21, 31, 28], "rotation": [0, 25, 0], "uv": [0, 173]},
						{"origin": [-46, 3, 26], "size": [25, 30, 2], "pivot": [-21, 31, 28], "rotation": [0, -25, 0], "uv": [0, 173], "mirror": true},
						{"origin": [-9, 30, -14], "size": [18, 2, 29], "uv": [0, 35]},
						{"origin": [-5, 32, -4], "size": [10, 3, 9], "uv": [118, 182]}
					]
				},
				{
					"name": "Jetpack_right",
					"parent": "Toilet",
					"pivot": [-10.65756, 10.02805, 5.5],
					"rotation": [90, 0, -90],
					"cubes": [
						{"origin": [-24, -2, 1.5], "size": [8, 6, 8], "uv": [98, 212], "mirror": true},
						{"origin": [-17, 9, 4.5], "size": [7, 3, 3], "uv": [0, 57], "mirror": true},
						{"origin": [-25, -10, 0.5], "size": [10, 8, 10], "uv": [210, 178], "mirror": true},
						{"origin": [-24, -19, 1.5], "size": [8, 9, 8], "uv": [211, 228], "mirror": true},
						{"origin": [-23.5, -22, 2], "size": [7, 7, 7], "uv": [174, 236], "mirror": true},
						{"origin": [-25, 18, 0.5], "size": [10, 6, 10], "uv": [36, 224], "mirror": true},
						{"origin": [-24, 8, 1.5], "size": [8, 10, 8], "uv": [0, 225], "mirror": true},
						{"origin": [-23, 4, 2.5], "size": [6, 4, 6], "uv": [29, 205], "mirror": true}
					],
					"locators": {
						"flame": {
							"offset": [-20, -20, 5.5],
							"rotation": [-175, 0, 0]
						}
					}
				},
				{
					"name": "Jetpack_left",
					"parent": "Toilet",
					"pivot": [10.65756, 10.02805, 5.5],
					"rotation": [90, 0, 90],
					"cubes": [
						{"origin": [16, -2, 1.5], "size": [8, 6, 8], "uv": [98, 212]},
						{"origin": [10, 9, 4.5], "size": [7, 3, 3], "uv": [0, 57]},
						{"origin": [15, -10, 0.5], "size": [10, 8, 10], "uv": [210, 178]},
						{"origin": [16, -19, 1.5], "size": [8, 9, 8], "uv": [211, 228]},
						{"origin": [16.5, -22, 2], "size": [7, 7, 7], "uv": [174, 236]},
						{"origin": [15, 18, 0.5], "size": [10, 6, 10], "uv": [36, 224]},
						{"origin": [16, 8, 1.5], "size": [8, 10, 8], "uv": [0, 225]},
						{"origin": [17, 4, 2.5], "size": [6, 4, 6], "uv": [29, 205]}
					],
					"locators": {
						"flame2": {
							"offset": [20, -20, 5.5],
							"rotation": [-175, 0, 0]
						}
					}
				},
				{
					"name": "Thecore",
					"parent": "Toilet",
					"pivot": [0, 23, -25],
					"cubes": [
						{"origin": [-10, 11, -23], "size": [20, 20, 4], "pivot": [0, 21, -21], "rotation": [0, 0, 45], "uv": [192, 67]},
						{"origin": [-7, 13, -27], "size": [14, 15, 0], "uv": [100, 236]},
						{"origin": [-20, 27, -22], "size": [14, 4, 4], "pivot": [-8, 29, -22], "rotation": [0, 10, 32.5], "uv": [115, 46]},
						{"origin": [-20, 11, -22], "size": [14, 4, 4], "pivot": [-8, 13, -22], "rotation": [0, 10, -32.5], "uv": [115, 46]},
						{"origin": [6, 11, -22], "size": [14, 4, 4], "pivot": [8, 13, -22], "rotation": [0, -10, 32.5], "uv": [115, 46], "mirror": true},
						{"origin": [-22, 28, -28], "size": [11, 2, 3], "pivot": [-8, 29, -28], "rotation": [0, 32.5, 32.5], "uv": [0, 27]},
						{"origin": [-22, 12, -28], "size": [11, 2, 3], "pivot": [-8, 13, -28], "rotation": [0, 32.5, -32.5], "uv": [0, 27]},
						{"origin": [11, 12, -28], "size": [11, 2, 3], "pivot": [8, 13, -28], "rotation": [0, -32.5, 32.5], "uv": [0, 27], "mirror": true},
						{"origin": [11, 28, -28], "size": [11, 2, 3], "pivot": [8, 29, -28], "rotation": [0, -32.5, -32.5], "uv": [0, 27], "mirror": true},
						{"origin": [6, 27, -22], "size": [14, 4, 4], "pivot": [8, 29, -22], "rotation": [0, -10, -32.5], "uv": [115, 46], "mirror": true}
					]
				},
				{
					"name": "C",
					"parent": "Thecore",
					"pivot": [0, 21, -25],
					"cubes": [
						{"origin": [-1.49184, 25.5, -27.5], "size": [2.98369, 3, 8], "uv": [114, 160]},
						{"origin": [-1.49184, 25.5, -27.5], "size": [2.98369, 3, 8], "pivot": [0, 21, -25], "rotation": [0, 0, -45], "uv": [114, 160]},
						{"origin": [-1.49184, 25.5, -27.5], "size": [2.98369, 3, 8], "pivot": [0, 21, -25], "rotation": [0, 0, 45], "uv": [114, 160], "mirror": true},
						{"origin": [-1.49184, 25.5, -27.5], "size": [2.98369, 3, 8], "pivot": [0, 21, -25], "rotation": [0, 0, -90], "uv": [114, 160]},
						{"origin": [-1.49184, 25.5, -27.5], "size": [2.98369, 3, 8], "pivot": [0, 21, -25], "rotation": [0, 0, -135], "uv": [114, 160]},
						{"origin": [-1.49184, 25.5, -27.5], "size": [2.98369, 3, 8], "pivot": [0, 21, -25], "rotation": [0, 0, -180], "uv": [114, 160]},
						{"origin": [-1.49184, 25.5, -27.5], "size": [2.98369, 3, 8], "pivot": [0, 21, -25], "rotation": [0, 0, 135], "uv": [114, 160], "mirror": true},
						{"origin": [-1.49184, 25.5, -27.5], "size": [2.98369, 3, 8], "pivot": [0, 21, -25], "rotation": [0, 0, 90], "uv": [114, 160], "mirror": true},
						{"origin": [-1.49184, 25.5, -27.4], "size": [2.98369, 3, 8], "pivot": [0, 21, -25], "rotation": [0, 0, -22.5], "uv": [114, 160]},
						{"origin": [-1.49184, 25.5, -27.4], "size": [2.98369, 3, 8], "pivot": [0, 21, -25], "rotation": [0, 0, 22.5], "uv": [114, 160], "mirror": true},
						{"origin": [-1.49184, 25.5, -27.4], "size": [2.98369, 3, 8], "pivot": [0, 21, -25], "rotation": [0, 0, -67.5], "uv": [114, 160]},
						{"origin": [-1.49184, 25.5, -27.4], "size": [2.98369, 3, 8], "pivot": [0, 21, -25], "rotation": [0, 0, -112.5], "uv": [114, 160]},
						{"origin": [-1.49184, 25.5, -27.4], "size": [2.98369, 3, 8], "pivot": [0, 21, -25], "rotation": [0, 0, 112.5], "uv": [114, 160], "mirror": true},
						{"origin": [-1.49184, 25.5, -27.4], "size": [2.98369, 3, 8], "pivot": [0, 21, -25], "rotation": [0, 0, -157.5], "uv": [114, 160]},
						{"origin": [-1.49184, 25.5, -27.4], "size": [2.98369, 3, 8], "pivot": [0, 21, -25], "rotation": [0, 0, 157.5], "uv": [114, 160], "mirror": true},
						{"origin": [-1.49184, 25.5, -27.4], "size": [2.98369, 3, 8], "pivot": [0, 21, -25], "rotation": [0, 0, 67.5], "uv": [114, 160], "mirror": true}
					]
				},
				{
					"name": "Gun2",
					"parent": "Toilet",
					"pivot": [23, 28, 5],
					"cubes": [
						{"origin": [18.5, 33, -6], "size": [11, 12, 23], "uv": [65, 109]},
						{"origin": [22, 28, -3], "size": [3, 5, 17], "uv": [75, 212]},
						{"origin": [18, 46, -8], "size": [12, 3, 26], "uv": [65, 35]},
						{"origin": [18.1, 46, 11.5], "size": [11.8, 3, 6.5], "pivot": [23, 49, 18], "rotation": [-17.5, 0, 0], "uv": [227, 196]},
						{"origin": [18, 49, -2], "size": [12, 2, 14], "uv": [40, 201]},
						{"origin": [18.1, 47, -8], "size": [11.8, 2, 6.5], "pivot": [23, 49, -8], "rotation": [17.5, 0, 0], "uv": [234, 154]},
						{"origin": [18, 42, -15], "size": [12, 4, 12], "uv": [206, 127]},
						{"origin": [18.1, 42, -15], "size": [11.8, 4, 8], "pivot": [23, 46, -15], "rotation": [22.5, 0, 0], "uv": [143, 228]},
						{"origin": [20.5, 35.5, -25], "size": [6, 6, 21], "pivot": [23.5, 38.5, -15.5], "rotation": [0, 0, 45], "uv": [173, 130]},
						{"origin": [20, 35, -26], "size": [7, 7, 21], "pivot": [23.5, 38.5, -15.5], "rotation": [0, 0, 45], "uv": [154, 0]},
						{"origin": [18.1, 42, -5], "size": [11.8, 2, 10], "pivot": [23, 46, -5], "rotation": [22.5, 0, 0], "uv": [210, 16]},
						{"origin": [18.1, 44, -5], "size": [11.8, 2, 6], "pivot": [23, 46, -5], "rotation": [22.5, 0, 0], "uv": [234, 154]}
					]
				},
				{
					"name": "Gun4",
					"parent": "Toilet",
					"pivot": [21, 14, 5],
					"rotation": [0, 0, 177.5],
					"cubes": [
						{"origin": [16.5, 19, -6], "size": [11, 12, 23], "uv": [65, 109]},
						{"origin": [20, 14, -3], "size": [3, 5, 17], "uv": [75, 212]},
						{"origin": [16, 32, -8], "size": [12, 3, 26], "uv": [65, 35]},
						{"origin": [16.1, 32, 11.5], "size": [11.8, 3, 6.5], "pivot": [21, 35, 18], "rotation": [-17.5, 0, 0], "uv": [227, 196]},
						{"origin": [16, 35, -2], "size": [12, 2, 14], "uv": [40, 201]},
						{"origin": [16.1, 33, -8], "size": [11.8, 2, 6.5], "pivot": [21, 35, -8], "rotation": [17.5, 0, 0], "uv": [234, 154]},
						{"origin": [16, 28, -15], "size": [12, 4, 12], "uv": [206, 127]},
						{"origin": [16.1, 28, -15], "size": [11.8, 4, 8], "pivot": [21, 32, -15], "rotation": [22.5, 0, 0], "uv": [143, 228]},
						{"origin": [18.5, 21.5, -25], "size": [6, 6, 21], "pivot": [21.5, 24.5, -15.5], "rotation": [0, 0, 45], "uv": [173, 130]},
						{"origin": [18, 21, -26], "size": [7, 7, 21], "pivot": [21.5, 24.5, -15.5], "rotation": [0, 0, 45], "uv": [154, 0]},
						{"origin": [16.1, 28, -5], "size": [11.8, 2, 10], "pivot": [21, 32, -5], "rotation": [22.5, 0, 0], "uv": [210, 16]},
						{"origin": [16.1, 30, -5], "size": [11.8, 2, 6], "pivot": [21, 32, -5], "rotation": [22.5, 0, 0], "uv": [234, 154]}
					]
				},
				{
					"name": "Gun5",
					"parent": "Toilet",
					"pivot": [-21, 14, 5],
					"rotation": [0, 0, -177.5],
					"cubes": [
						{"origin": [-27.5, 19, -6], "size": [11, 12, 23], "uv": [65, 109], "mirror": true},
						{"origin": [-23, 14, -3], "size": [3, 5, 17], "uv": [75, 212], "mirror": true},
						{"origin": [-28, 32, -8], "size": [12, 3, 26], "uv": [65, 35], "mirror": true},
						{"origin": [-27.9, 32, 11.5], "size": [11.8, 3, 6.5], "pivot": [-21, 35, 18], "rotation": [-17.5, 0, 0], "uv": [227, 196], "mirror": true},
						{"origin": [-28, 35, -2], "size": [12, 2, 14], "uv": [40, 201], "mirror": true},
						{"origin": [-27.9, 33, -8], "size": [11.8, 2, 6.5], "pivot": [-21, 35, -8], "rotation": [17.5, 0, 0], "uv": [234, 154], "mirror": true},
						{"origin": [-28, 28, -15], "size": [12, 4, 12], "uv": [206, 127], "mirror": true},
						{"origin": [-27.9, 28, -15], "size": [11.8, 4, 8], "pivot": [-21, 32, -15], "rotation": [22.5, 0, 0], "uv": [143, 228], "mirror": true},
						{"origin": [-24.5, 21.5, -25], "size": [6, 6, 21], "pivot": [-21.5, 24.5, -15.5], "rotation": [0, 0, -45], "uv": [173, 130], "mirror": true},
						{"origin": [-25, 21, -26], "size": [7, 7, 21], "pivot": [-21.5, 24.5, -15.5], "rotation": [0, 0, -45], "uv": [154, 0], "mirror": true},
						{"origin": [-27.9, 28, -5], "size": [11.8, 2, 10], "pivot": [-21, 32, -5], "rotation": [22.5, 0, 0], "uv": [210, 16], "mirror": true},
						{"origin": [-27.9, 30, -5], "size": [11.8, 2, 6], "pivot": [-21, 32, -5], "rotation": [22.5, 0, 0], "uv": [234, 154], "mirror": true}
					]
				},
				{
					"name": "Gun3",
					"parent": "Toilet",
					"pivot": [-23, 28, 5],
					"cubes": [
						{"origin": [-29.5, 33, -6], "size": [11, 12, 23], "uv": [65, 109], "mirror": true},
						{"origin": [-25, 28, -3], "size": [3, 5, 17], "uv": [75, 212], "mirror": true},
						{"origin": [-30, 46, -8], "size": [12, 3, 26], "uv": [65, 35], "mirror": true},
						{"origin": [-29.9, 46, 11.5], "size": [11.8, 3, 6.5], "pivot": [-23, 49, 18], "rotation": [-17.5, 0, 0], "uv": [227, 196], "mirror": true},
						{"origin": [-30, 49, -2], "size": [12, 2, 14], "uv": [40, 201], "mirror": true},
						{"origin": [-29.9, 47, -8], "size": [11.8, 2, 6.5], "pivot": [-23, 49, -8], "rotation": [17.5, 0, 0], "uv": [234, 154], "mirror": true},
						{"origin": [-30, 42, -15], "size": [12, 4, 12], "uv": [206, 127], "mirror": true},
						{"origin": [-29.9, 42, -15], "size": [11.8, 4, 8], "pivot": [-23, 46, -15], "rotation": [22.5, 0, 0], "uv": [143, 228], "mirror": true},
						{"origin": [-26.5, 35.5, -25], "size": [6, 6, 21], "pivot": [-23.5, 38.5, -15.5], "rotation": [0, 0, -45], "uv": [173, 130], "mirror": true},
						{"origin": [-27, 35, -26], "size": [7, 7, 21], "pivot": [-23.5, 38.5, -15.5], "rotation": [0, 0, -45], "uv": [154, 0], "mirror": true},
						{"origin": [-29.9, 42, -5], "size": [11.8, 2, 10], "pivot": [-23, 46, -5], "rotation": [22.5, 0, 0], "uv": [210, 16], "mirror": true},
						{"origin": [-29.9, 44, -5], "size": [11.8, 2, 6], "pivot": [-23, 46, -5], "rotation": [22.5, 0, 0], "uv": [234, 154], "mirror": true}
					]
				},
				{
					"name": "Arom",
					"parent": "Toilet",
					"pivot": [4, 9, -8],
					"cubes": [
						{"origin": [-16, 5.9, -19], "size": [32, 3.2, 12], "uv": [0, 109]},
						{"origin": [-47, 6, -19], "size": [31, 3, 12], "pivot": [-16, 11, -19], "rotation": [0, 45, 0], "uv": [115, 31]},
						{"origin": [16, 6, -19], "size": [31, 3, 12], "pivot": [16, 11, -19], "rotation": [0, -45, 0], "uv": [115, 31], "mirror": true}
					]
				},
				{
					"name": "Laser_right",
					"parent": "Toilet",
					"pivot": [36, 23, -15],
					"cubes": [
						{"origin": [34.4087, 28, -23], "size": [3.1826, 3, 24], "pivot": [36, 23, -15], "rotation": [0, 0, 135], "uv": [162, 68], "mirror": true},
						{"origin": [31, 14, -5], "size": [10, 18, 21], "uv": [118, 92]},
						{"origin": [31, 32, -24], "size": [7, 0, 19], "uv": [46, 35]},
						{"origin": [31, 14, -24], "size": [7, 0, 19], "uv": [46, 35]},
						{"origin": [27, 18, -5.1], "size": [18, 10, 21.2], "uv": [76, 0]},
						{"origin": [14, 20, 1.9], "size": [14, 7, 7], "pivot": [22, 23.5, 5.4], "rotation": [45, 0, 0], "uv": [219, 214]},
						{"origin": [27, 18, -24.1], "size": [0, 10, 19.2], "uv": [0, 79]},
						{"origin": [45, 22.5, -4.9], "size": [4, 5.5, 20.8], "pivot": [45, 28, 5.5], "rotation": [0, 0, 135], "uv": [187, 42]},
						{"origin": [27, 22.5, -23.9], "size": [0, 5.5, 18.8], "pivot": [27, 28, -15.5], "rotation": [0, 0, -135], "uv": [42, 106], "mirror": true},
						{"origin": [23, 22.5, -4.9], "size": [4, 5.5, 20.8], "pivot": [27, 28, 5.5], "rotation": [0, 0, -135], "uv": [187, 42], "mirror": true},
						{"origin": [23, 18, -4.9], "size": [4, 5.5, 20.8], "pivot": [27, 18, 5.5], "rotation": [0, 0, 135], "uv": [187, 42], "mirror": true},
						{"origin": [27, 18, -23.9], "size": [0, 5.5, 18.8], "pivot": [27, 18, 5.5], "rotation": [0, 0, 135], "uv": [88, 48], "mirror": true},
						{"origin": [45, 18, -4.9], "size": [4, 5.5, 20.8], "pivot": [45, 18, 5.5], "rotation": [0, 0, -135], "uv": [187, 42]}
					]
				},
				{
					"name": "hexadecagon3",
					"parent": "Laser_right",
					"pivot": [36, 23, -15]
				},
				{
					"name": "C_r",
					"parent": "Laser_right",
					"pivot": [35.98803, 23, -16.07143],
					"cubes": [
						{"origin": [34.4087, 28, -22.9], "size": [3.1826, 3, 24], "pivot": [36, 23, -15], "rotation": [0, 0, 67.5], "uv": [162, 68], "mirror": true},
						{"origin": [34.4087, 28, -23], "size": [3.1826, 3, 24], "pivot": [36, 23, -15], "rotation": [0, 0, 45], "uv": [162, 68], "mirror": true},
						{"origin": [34.4087, 28, -22.9], "size": [3.1826, 3, 24], "pivot": [36, 23, -15], "rotation": [0, 0, 22.5], "uv": [162, 68], "mirror": true},
						{"origin": [27.8174, 15, -22.8], "size": [16.1826, 16, 0], "uv": [0, 0]},
						{"origin": [35.4087, 27, -23.5], "size": [1.1826, 3, 2], "pivot": [36, 23, -15], "rotation": [0, 0, 45], "uv": [0, 35], "mirror": true},
						{"origin": [35.4087, 27, -23.5], "size": [1.1826, 3, 2], "uv": [0, 35], "mirror": true},
						{"origin": [35.4087, 27, -23.5], "size": [1.1826, 3, 2], "pivot": [36, 23, -15], "rotation": [0, 0, 135], "uv": [0, 35], "mirror": true},
						{"origin": [35.5913, 31, -32], "size": [0, 11, 16], "pivot": [36, 23, -15], "rotation": [0, 0, -135], "uv": [0, 0]},
						{"origin": [35.5913, 31, -32], "size": [0, 11, 16], "pivot": [36, 23, -15], "rotation": [0, 0, 137.5], "uv": [0, 0]},
						{"origin": [35.5913, 31, -32], "size": [0, 11, 16], "uv": [0, 0]},
						{"origin": [34.4087, 28, -22.9], "size": [3.1826, 3, 24], "pivot": [36, 23, -15], "rotation": [0, 0, -22.5], "uv": [162, 68]},
						{"origin": [34.4087, 28, -23], "size": [3.1826, 3, 24], "pivot": [36, 23, -15], "rotation": [0, 0, -45], "uv": [162, 68]},
						{"origin": [34.4087, 28, -22.9], "size": [3.1826, 3, 24], "pivot": [36, 23, -15], "rotation": [0, 0, -67.5], "uv": [162, 68]},
						{"origin": [34.4087, 28, -23], "size": [3.1826, 3, 24], "pivot": [36, 23, -15], "rotation": [0, 0, -90], "uv": [162, 68]},
						{"origin": [34.4087, 28, -22.9], "size": [3.1826, 3, 24], "pivot": [36, 23, -15], "rotation": [0, 0, -112.5], "uv": [162, 68]},
						{"origin": [34.4087, 28, -23], "size": [3.1826, 3, 24], "pivot": [36, 23, -15], "rotation": [0, 0, -135], "uv": [162, 68]},
						{"origin": [34.4087, 28, -22.9], "size": [3.1826, 3, 24], "pivot": [36, 23, -15], "rotation": [0, 0, -157.5], "uv": [162, 68]},
						{"origin": [34.4087, 28, -23], "size": [3.1826, 3, 24], "pivot": [36, 23, -15], "rotation": [0, 0, -180], "uv": [162, 68]},
						{"origin": [34.4087, 28, -22.9], "size": [3.1826, 3, 24], "pivot": [36, 23, -15], "rotation": [0, 0, 157.5], "uv": [162, 68], "mirror": true},
						{"origin": [34.4087, 28, -22.9], "size": [3.1826, 3, 24], "pivot": [36, 23, -15], "rotation": [0, 0, 112.5], "uv": [162, 68], "mirror": true},
						{"origin": [34.4087, 28, -23], "size": [3.1826, 3, 24], "pivot": [36, 23, -15], "rotation": [0, 0, 135], "uv": [162, 68], "mirror": true},
						{"origin": [35.4087, 27, -23.5], "size": [1.1826, 3, 2], "pivot": [36, 23, -15], "rotation": [0, 0, -135], "uv": [0, 35]},
						{"origin": [35.4087, 27, -23.5], "size": [1.1826, 3, 2], "pivot": [36, 23, -15], "rotation": [0, 0, -180], "uv": [0, 35], "mirror": true},
						{"origin": [35.4087, 27, -23.5], "size": [1.1826, 3, 2], "pivot": [36, 23, -15], "rotation": [0, 0, -90], "uv": [0, 35]},
						{"origin": [34.4087, 28, -23], "size": [3.1826, 3, 24], "pivot": [36, 23, -15], "rotation": [0, 0, 90], "uv": [162, 68], "mirror": true},
						{"origin": [35.4087, 27, -23.5], "size": [1.1826, 3, 2], "pivot": [36, 23, -15], "rotation": [0, 0, -45], "uv": [0, 35]},
						{"origin": [35.4087, 27, -23.5], "size": [1.1826, 3, 2], "pivot": [36, 23, -15], "rotation": [0, 0, 90], "uv": [0, 35], "mirror": true},
						{"origin": [34.4087, 28, -23], "size": [3.1826, 3, 24], "uv": [162, 68]}
					]
				},
				{
					"name": "L",
					"parent": "C_r",
					"pivot": [36, 23, -21],
					"cubes": [
						{"origin": [34, 21, -22], "size": [4, 4, 2], "uv": [79, 46]}
					]
				},
				{
					"name": "Laser_left",
					"parent": "Toilet",
					"pivot": [-36, 23, -15],
					"cubes": [
						{"origin": [-37.5913, 28, -23], "size": [3.1826, 3, 24], "pivot": [-36, 23, -15], "rotation": [0, 0, -135], "uv": [162, 68]},
						{"origin": [-41, 14, -5], "size": [10, 18, 21], "uv": [118, 92], "mirror": true},
						{"origin": [-38, 32, -24], "size": [7, 0, 19], "uv": [46, 35], "mirror": true},
						{"origin": [-38, 14, -24], "size": [7, 0, 19], "uv": [46, 35], "mirror": true},
						{"origin": [-45, 18, -5.1], "size": [18, 10, 21.2], "uv": [76, 0], "mirror": true},
						{"origin": [-28, 20, 1.9], "size": [14, 7, 7], "pivot": [-22, 23.5, 5.4], "rotation": [45, 0, 0], "uv": [219, 214], "mirror": true},
						{"origin": [-27, 18, -24.1], "size": [0, 10, 19.2], "uv": [0, 79], "mirror": true},
						{"origin": [-49, 22.5, -4.9], "size": [4, 5.5, 20.8], "pivot": [-45, 28, 5.5], "rotation": [0, 0, -135], "uv": [187, 42], "mirror": true},
						{"origin": [-27, 22.5, -23.9], "size": [0, 5.5, 18.8], "pivot": [-27, 28, -15.5], "rotation": [0, 0, 135], "uv": [42, 106]},
						{"origin": [-27, 22.5, -4.9], "size": [4, 5.5, 20.8], "pivot": [-27, 28, 5.5], "rotation": [0, 0, 135], "uv": [187, 42]},
						{"origin": [-27, 18, -4.9], "size": [4, 5.5, 20.8], "pivot": [-27, 18, 5.5], "rotation": [0, 0, -135], "uv": [187, 42]},
						{"origin": [-27, 18, -23.9], "size": [0, 5.5, 18.8], "pivot": [-27, 18, 5.5], "rotation": [0, 0, -135], "uv": [88, 48]},
						{"origin": [-49, 18, -4.9], "size": [4, 5.5, 20.8], "pivot": [-45, 18, 5.5], "rotation": [0, 0, 135], "uv": [187, 42], "mirror": true}
					]
				},
				{
					"name": "hexadecagon2",
					"parent": "Laser_left",
					"pivot": [-36, 23, -15]
				},
				{
					"name": "C_r2",
					"parent": "Laser_left",
					"pivot": [-35.98803, 23, -16.07143],
					"cubes": [
						{"origin": [-37.5913, 28, -22.9], "size": [3.1826, 3, 24], "pivot": [-36, 23, -15], "rotation": [0, 0, -67.5], "uv": [162, 68]},
						{"origin": [-37.5913, 28, -23], "size": [3.1826, 3, 24], "pivot": [-36, 23, -15], "rotation": [0, 0, -45], "uv": [162, 68]},
						{"origin": [-37.5913, 28, -22.9], "size": [3.1826, 3, 24], "pivot": [-36, 23, -15], "rotation": [0, 0, -22.5], "uv": [162, 68]},
						{"origin": [-44, 15, -22.8], "size": [16.1826, 16, 0], "uv": [0, 0], "mirror": true},
						{"origin": [-36.5913, 27, -23.5], "size": [1.1826, 3, 2], "pivot": [-36, 23, -15], "rotation": [0, 0, -45], "uv": [0, 35]},
						{"origin": [-36.5913, 27, -23.5], "size": [1.1826, 3, 2], "uv": [0, 35]},
						{"origin": [-36.5913, 27, -23.5], "size": [1.1826, 3, 2], "pivot": [-36, 23, -15], "rotation": [0, 0, -135], "uv": [0, 35]},
						{"origin": [-35.5913, 31, -32], "size": [0, 11, 16], "pivot": [-36, 23, -15], "rotation": [0, 0, 135], "uv": [0, 0], "mirror": true},
						{"origin": [-35.5913, 31, -32], "size": [0, 11, 16], "pivot": [-36, 23, -15], "rotation": [0, 0, -137.5], "uv": [0, 0], "mirror": true},
						{"origin": [-35.5913, 31, -32], "size": [0, 11, 16], "uv": [0, 0], "mirror": true},
						{"origin": [-37.5913, 28, -22.9], "size": [3.1826, 3, 24], "pivot": [-36, 23, -15], "rotation": [0, 0, 22.5], "uv": [162, 68], "mirror": true},
						{"origin": [-37.5913, 28, -23], "size": [3.1826, 3, 24], "pivot": [-36, 23, -15], "rotation": [0, 0, 45], "uv": [162, 68], "mirror": true},
						{"origin": [-37.5913, 28, -22.9], "size": [3.1826, 3, 24], "pivot": [-36, 23, -15], "rotation": [0, 0, 67.5], "uv": [162, 68], "mirror": true},
						{"origin": [-37.5913, 28, -23], "size": [3.1826, 3, 24], "pivot": [-36, 23, -15], "rotation": [0, 0, 90], "uv": [162, 68], "mirror": true},
						{"origin": [-37.5913, 28, -22.9], "size": [3.1826, 3, 24], "pivot": [-36, 23, -15], "rotation": [0, 0, 112.5], "uv": [162, 68], "mirror": true},
						{"origin": [-37.5913, 28, -23], "size": [3.1826, 3, 24], "pivot": [-36, 23, -15], "rotation": [0, 0, 135], "uv": [162, 68], "mirror": true},
						{"origin": [-37.5913, 28, -22.9], "size": [3.1826, 3, 24], "pivot": [-36, 23, -15], "rotation": [0, 0, 157.5], "uv": [162, 68], "mirror": true},
						{"origin": [-37.5913, 28, -23], "size": [3.1826, 3, 24], "pivot": [-36, 23, -15], "rotation": [0, 0, 180], "uv": [162, 68], "mirror": true},
						{"origin": [-37.5913, 28, -22.9], "size": [3.1826, 3, 24], "pivot": [-36, 23, -15], "rotation": [0, 0, -157.5], "uv": [162, 68]},
						{"origin": [-37.5913, 28, -22.9], "size": [3.1826, 3, 24], "pivot": [-36, 23, -15], "rotation": [0, 0, -112.5], "uv": [162, 68]},
						{"origin": [-37.5913, 28, -23], "size": [3.1826, 3, 24], "pivot": [-36, 23, -15], "rotation": [0, 0, -135], "uv": [162, 68]},
						{"origin": [-36.5913, 27, -23.5], "size": [1.1826, 3, 2], "pivot": [-36, 23, -15], "rotation": [0, 0, 135], "uv": [0, 35], "mirror": true},
						{"origin": [-36.5913, 27, -23.5], "size": [1.1826, 3, 2], "pivot": [-36, 23, -15], "rotation": [0, 0, 180], "uv": [0, 35]},
						{"origin": [-36.5913, 27, -23.5], "size": [1.1826, 3, 2], "pivot": [-36, 23, -15], "rotation": [0, 0, 90], "uv": [0, 35], "mirror": true},
						{"origin": [-37.5913, 28, -23], "size": [3.1826, 3, 24], "pivot": [-36, 23, -15], "rotation": [0, 0, -90], "uv": [162, 68]},
						{"origin": [-36.5913, 27, -23.5], "size": [1.1826, 3, 2], "pivot": [-36, 23, -15], "rotation": [0, 0, 45], "uv": [0, 35], "mirror": true},
						{"origin": [-36.5913, 27, -23.5], "size": [1.1826, 3, 2], "pivot": [-36, 23, -15], "rotation": [0, 0, -90], "uv": [0, 35]},
						{"origin": [-37.5913, 28, -23], "size": [3.1826, 3, 24], "uv": [162, 68], "mirror": true}
					]
				},
				{
					"name": "L2",
					"parent": "C_r2",
					"pivot": [-36, 23, -21],
					"cubes": [
						{"origin": [-38, 21, -22], "size": [4, 4, 2], "uv": [79, 46], "mirror": true}
					]
				},
				{
					"name": "Head",
					"parent": "Toilet",
					"pivot": [0, 35, -1],
					"cubes": [
						{"origin": [-2.5, 34, -14], "size": [5, 10, 4], "pivot": [-1, 44, -14], "rotation": [2.5, 0, 0], "uv": [88, 175]},
						{"origin": [-2, 35, -14.1], "size": [4, 8, 0], "pivot": [-1, 44, -14], "rotation": [2.5, 0, 0], "uv": [76, 0]},
						{"origin": [6, 35, -7.5], "size": [2, 9, 2], "uv": [0, 108]},
						{"origin": [-8, 35, -7.5], "size": [2, 9, 2], "uv": [0, 108], "mirror": true},
						{"origin": [7, 35, -8.5], "size": [2, 8, 3], "pivot": [8, 38, -6], "rotation": [0, 5, 0], "uv": [79, 35]},
						{"origin": [-9, 35, -8.5], "size": [2, 8, 3], "pivot": [-8, 38, -6], "rotation": [0, -5, 0], "uv": [79, 35], "mirror": true},
						{"origin": [-9, 35, -5.5], "size": [18, 13, 8], "uv": [190, 157]},
						{"origin": [-6, 35, -12.5], "size": [12, 0, 7], "uv": [58, 54]},
						{"origin": [-5, 44, -10.5], "size": [10, 4, 5], "uv": [235, 205]},
						{"origin": [-5, 48, -10.5], "size": [10, 1, 5], "uv": [235, 205]},
						{"origin": [-1, 41, -10.5], "size": [2, 4, 5], "pivot": [0, 45, -10.5], "rotation": [-32.5, 0, 0], "uv": [32, 225]},
						{"origin": [-11, 43, -10.5], "size": [6, 5, 5], "pivot": [-5, 45, -10.5], "rotation": [0, 65, 0], "uv": [38, 98]},
						{"origin": [-11, 48, -10.5], "size": [6, 1, 5], "pivot": [-5, 46, -10.5], "rotation": [0, 65, 0], "uv": [38, 98]},
						{"origin": [5, 48, -10.5], "size": [6, 1, 5], "pivot": [5, 46, -10.5], "rotation": [0, -65, 0], "uv": [38, 98], "mirror": true},
						{"origin": [5, 43, -10.5], "size": [6, 5, 5], "pivot": [5, 45, -10.5], "rotation": [0, -65, 0], "uv": [38, 98], "mirror": true},
						{"origin": [5.84524, 44, -8.78738], "size": [1, 2, 0], "pivot": [5.84524, 46, -8.68738], "rotation": [-60.34902, -31.3213, 73.51543], "uv": [0, 27], "mirror": true},
						{"origin": [-6.84524, 44, -8.78738], "size": [1, 2, 0], "pivot": [-5.84524, 46, -8.68738], "rotation": [-60.34902, 31.3213, -73.51543], "uv": [0, 27]},
						{"origin": [-8.5, 35, 2.5], "size": [17, 3, 4], "uv": [215, 54]},
						{"origin": [-7, 44, 2.5], "size": [14, 7, 7], "uv": [215, 40]},
						{"origin": [5.5, 47.4, 2], "size": [0, 0, 7.5], "pivot": [7, 51, 10], "rotation": [0, -17.5, 0], "uv": [0, 0]},
						{"origin": [-7, 43.9, 2], "size": [3, 7, 7.5], "pivot": [-7, 51, 10], "rotation": [0, 17.5, 0], "uv": [156, 151], "mirror": true},
						{"origin": [4, 43.9, 2], "size": [3, 7, 7.5], "pivot": [7, 51, 10], "rotation": [0, -17.5, 0], "uv": [156, 151]},
						{"origin": [-7.2, 35, 2.5], "size": [14.5, 9, 7], "pivot": [0, 44, 9.5], "rotation": [-22.5, 0, 0], "uv": [133, 0]},
						{"origin": [5.8, 35, 2.5], "size": [1.5, 9, 7], "pivot": [7, 44, 9.5], "rotation": [-22.99008, -11.53486, 4.8493], "uv": [54, 175]},
						{"origin": [-7.3, 35, 2.5], "size": [1.5, 9, 7], "pivot": [-7, 44, 9.5], "rotation": [-22.99008, 11.53486, -4.8493], "uv": [54, 175], "mirror": true},
						{"origin": [-1.5, 48, -0.5], "size": [3, 3, 10], "pivot": [0, 51, 9.5], "rotation": [-65, 0, 0], "uv": [22, 240]},
						{"origin": [-1.5, 48, -13.5], "size": [3, 3, 10], "pivot": [1, 51, -13.5], "rotation": [65, 0, 0], "uv": [22, 240]},
						{"origin": [-3, 48, -14.5], "size": [6, 3, 17], "uv": [0, 205]},
						{"origin": [-4, 51, -6.5], "size": [8, 6, 10], "uv": [94, 144]},
						{"origin": [-1.6, 51, -9.5], "size": [3.2, 9, 15], "uv": [115, 212]},
						{"origin": [-1.6, 60, -5.5], "size": [3.2, 2, 7], "uv": [236, 28]},
						{"origin": [-1.5, 58, 1], "size": [3, 2, 4.5], "pivot": [0, 60, 5.5], "rotation": [-25, 0, 0], "uv": [115, 54]},
						{"origin": [-1.5, 58, -9.5], "size": [3, 2, 4.5], "pivot": [-1, 60, -9.5], "rotation": [25, 0, 0], "uv": [112, 92]},
						{"origin": [0, 49, -5.5], "size": [4, 8, 8], "pivot": [4, 57, -1.5], "rotation": [0, 0, -40], "uv": [235, 237]},
						{"origin": [-4, 49, -5.5], "size": [4, 8, 8], "pivot": [-4, 57, -1.5], "rotation": [0, 0, 40], "uv": [235, 237], "mirror": true},
						{"origin": [-9.5, 48, -6.5], "size": [19, 3, 9], "uv": [189, 28]},
						{"origin": [-3, 48.1, -14.5], "size": [7, 3, 10.5], "pivot": [-3, 48, -14.5], "rotation": [0, -40, 0], "uv": [66, 234], "mirror": true},
						{"origin": [-4, 48.1, -14.5], "size": [7, 3, 10.5], "pivot": [3, 48, -14.5], "rotation": [0, 40, 0], "uv": [66, 234]},
						{"origin": [-4, 48.1, -12.5], "size": [7, 3, 7.5], "pivot": [3, 51, -12.5], "rotation": [26.81303, 19.09208, 57.09079], "uv": [236, 61]},
						{"origin": [-3, 48.1, -12.5], "size": [7, 3, 7.5], "pivot": [-3, 51, -12.5], "rotation": [26.81303, -19.09208, -57.09079], "uv": [236, 61], "mirror": true},
						{"origin": [-4, 48.1, 2], "size": [7, 3, 6.5], "pivot": [3, 51, 9.5], "rotation": [-26.81303, -19.09208, 57.09079], "uv": [66, 217]},
						{"origin": [-3, 48.1, 2], "size": [7, 3, 6.5], "pivot": [-3, 51, 9.5], "rotation": [-26.81303, 19.09208, -57.09079], "uv": [66, 217], "mirror": true},
						{"origin": [-1, 48.1, -6], "size": [4, 3, 2], "pivot": [3, 51, -13.5], "rotation": [24.25045, 22.32924, 49.856], "uv": [76, 109]},
						{"origin": [-3, 48.1, -6], "size": [4, 3, 2], "pivot": [-3, 51, -13.5], "rotation": [24.25045, -22.32924, -49.856], "uv": [76, 109], "mirror": true},
						{"origin": [0, 34.9, -13], "size": [2, 9, 8], "pivot": [2, 35, -14], "rotation": [0, 42, 0], "uv": [76, 0]},
						{"origin": [-2, 34.9, -13], "size": [2, 9, 8], "pivot": [-2, 35, -14], "rotation": [0, -42, 0], "uv": [76, 0], "mirror": true}
					]
				},
				{
					"name": "Right_eb",
					"parent": "Head",
					"pivot": [3, 47, -10.5],
					"cubes": [
						{"origin": [1, 46.3, -10.7], "size": [4, 2, 0], "pivot": [3, 47, -10.5], "rotation": [0, 0, -27.5], "uv": [17, 57]}
					]
				},
				{
					"name": "Left_eb",
					"parent": "Head",
					"pivot": [-3, 47, -10.5],
					"cubes": [
						{"origin": [-5, 46.3, -10.7], "size": [4, 2, 0], "pivot": [-3, 47, -10.5], "rotation": [0, 0, 27.5], "uv": [17, 57], "mirror": true}
					]
				},
				{
					"name": "Rad_eye",
					"parent": "Head",
					"pivot": [-3.51364, 45.8375, -10.6],
					"cubes": [
						{"origin": [-4, 45.25, -10.6], "size": [1, 1.2, 0], "pivot": [-3.65, 46, -10.6], "rotation": [0, 0, 5], "uv": [25, 27]}
					]
				},
				{
					"name": "Rad_eye2",
					"parent": "Head",
					"pivot": [3.51364, 45.8375, -10.6],
					"cubes": [
						{"origin": [3, 45.25, -10.6], "size": [1, 1.2, 0], "pivot": [3.65, 46, -10.6], "rotation": [0, 0, -5], "uv": [25, 27], "mirror": true}
					]
				},
				{
					"name": "Back",
					"parent": "Toilet",
					"pivot": [0, 31, 27],
					"cubes": [
						{"origin": [-21, 3, 26], "size": [42, 30, 2], "uv": [0, 66]},
						{"origin": [-12, 22, 13], "size": [24, 7, 13], "uv": [120, 131]},
						{"origin": [-12, 29, 13], "size": [24, 15, 13], "uv": [112, 64]},
						{"origin": [6, 44, 19], "size": [2, 20, 1], "uv": [60, 143]},
						{"origin": [-8, 44, 19], "size": [2, 20, 1], "uv": [60, 143], "mirror": true},
						{"origin": [6.05, 64, 19], "size": [1.9, 12, 1], "pivot": [7, 64, 19], "rotation": [-4, 0, 0], "uv": [8, 108]},
						{"origin": [6.05, 43, 18], "size": [1.9, 21, 2], "pivot": [7, 52, 18], "rotation": [-4, 0, 0], "uv": [110, 109]},
						{"origin": [-7.95, 43, 18], "size": [1.9, 21, 2], "pivot": [-7, 52, 18], "rotation": [-4, 0, 0], "uv": [110, 109], "mirror": true},
						{"origin": [-7.95, 64, 19], "size": [1.9, 12, 1], "pivot": [-7, 64, 19], "rotation": [-4, 0, 0], "uv": [8, 108], "mirror": true},
						{"origin": [6, 44, 20], "size": [2, 32, 2], "uv": [52, 129]},
						{"origin": [-8, 44, 20], "size": [2, 32, 2], "uv": [52, 129], "mirror": true},
						{"origin": [-12, 2, 13], "size": [24, 15, 13], "uv": [112, 64]}
					]
				}
			]
		}
	]
}