{
    "scheme": "1.3",
    "name": "vox/jep/cigs/cig_full_unt",
    "texture": [ 64, 32 ],
    "scale": [ 0.3, 0.25, 0.25 ],
    "providesObj": true,
    "providesMtl": true,
    "limbs": {
        "vox_1": {
            "size": [ 4, 4, 4 ],
            "texture": [ 0, 0 ],
            "anchor": [ 0.5, 0.5, 0.5 ],
            "origin": [ 0.0, 0.0, 0.0 ]
        }
    },
    "poses": {
        "standing": {
            "size": [ 1.0, 1.0, 1.0 ],
            "limbs": {
                "vox_1": {
                    "translate": [ -0.0, 1.0, -0.0 ],
                    "rotate": [ 0.0, 90.0, 0.0 ]
                }
            }
        },
        "flying": {
            "size": [ 1.0, 1.0, 1.0 ],
            "limbs": {
                "vox_1": {
                    "translate": [ -0.0, 1.0, -0.0 ]
                }
            }
        },
        "sneaking": {
            "size": [ 1.0, 1.0, 1.0 ],
            "limbs": {
                "vox_1": {
                    "translate": [ -0.0, 1.0, -0.0 ]
                }
            }
        },
        "riding": {
            "size": [ 1.0, 1.0, 1.0 ],
            "limbs": {
                "vox_1": {
                    "translate": [ -0.0, 1.0, -0.0 ]
                }
            }
        },
        "sleeping": {
            "size": [ 1.0, 1.0, 1.0 ],
            "limbs": {
                "vox_1": {
                    "translate": [ -0.0, 1.0, -0.0 ]
                }
            }
        }
    }
}