{
	"format_version": "1.12.0",
	"minecraft:geometry": [
		{
			"description": {
				"identifier": "geometry.ic_speaker_woffer",
				"texture_width": 256,
				"texture_height": 256,
				"visible_bounds_width": 8,
				"visible_bounds_height": 5.5,
				"visible_bounds_offset": [0, 2.25, 0]
			},
			"bones": [
				{
					"name": "root",
					"pivot": [0, 17, -6]
				},
				{
					"name": "left_leg",
					"parent": "root",
					"pivot": [4.5, 26.25, -10],
					"cubes": [
						{
							"origin": [4, 27, -10.25],
							"size": [34, 1, 1],
							"pivot": [7, 28, -10],
							"rotation": [-14.89149, 9.29798, -26.21777],
							"uv": {
								"north": {"uv": [1, 160], "uv_size": [34, 1]},
								"east": {"uv": [0, 160], "uv_size": [1, 1]},
								"south": {"uv": [36, 160], "uv_size": [34, 1]},
								"west": {"uv": [35, 160], "uv_size": [1, 1]},
								"up": {"uv": [1, 159], "uv_size": [34, 1]},
								"down": {"uv": [35, 160], "uv_size": [34, -1]}
							}
						},
						{
							"origin": [37.25, 26.5, -10.75],
							"size": [2, 2, 2],
							"pivot": [7, 28, -10],
							"rotation": [-14.89149, 9.29798, -26.21777],
							"uv": {
								"north": {"uv": [2, 174], "uv_size": [2, 2]},
								"east": {"uv": [0, 174], "uv_size": [2, 2]},
								"south": {"uv": [6, 174], "uv_size": [2, 2]},
								"west": {"uv": [4, 174], "uv_size": [2, 2]},
								"up": {"uv": [2, 172], "uv_size": [2, 2]},
								"down": {"uv": [4, 174], "uv_size": [2, -2]}
							}
						}
					]
				},
				{
					"name": "left_leg2",
					"parent": "left_leg",
					"pivot": [35, 41.25, -15],
					"cubes": [
						{
							"origin": [36, 41, -15.25],
							"size": [32, 1, 1],
							"pivot": [35, 41.5, -15],
							"rotation": [12.02501, 12.80911, 76.3547],
							"uv": {
								"north": {"uv": [1, 160], "uv_size": [32, 1]},
								"east": {"uv": [0, 160], "uv_size": [1, 1]},
								"south": {"uv": [34, 160], "uv_size": [32, 1]},
								"west": {"uv": [33, 160], "uv_size": [1, 1]},
								"up": {"uv": [1, 159], "uv_size": [32, 1]},
								"down": {"uv": [33, 160], "uv_size": [32, -1]}
							}
						},
						{
							"origin": [66, 40.5, -15.75],
							"size": [3, 2, 2],
							"pivot": [35, 41.5, -15],
							"rotation": [12.02501, 12.80911, 76.3547],
							"uv": {
								"north": {"uv": [2, 209], "uv_size": [3, 2]},
								"east": {"uv": [0, 209], "uv_size": [2, 2]},
								"south": {"uv": [7, 209], "uv_size": [3, 2]},
								"west": {"uv": [5, 209], "uv_size": [2, 2]},
								"up": {"uv": [2, 207], "uv_size": [3, 2]},
								"down": {"uv": [5, 209], "uv_size": [3, -2]}
							}
						},
						{
							"origin": [43.97925, 10.18851, -24.37009],
							"size": [4, 0, 2],
							"pivot": [43.47925, 10.93851, -22.17009],
							"rotation": [-45.47499, 12.80911, 76.3547],
							"uv": {
								"north": {"uv": [0, 190], "uv_size": [4, 0]},
								"east": {"uv": [-2, 190], "uv_size": [2, 0]},
								"south": {"uv": [6, 190], "uv_size": [4, 0]},
								"west": {"uv": [4, 190], "uv_size": [2, 0]},
								"up": {"uv": [0, 188], "uv_size": [4, 2]},
								"down": {"uv": [4, 190], "uv_size": [4, -2]}
							}
						},
						{
							"origin": [43.97925, 10.18851, -25.87009],
							"size": [4, 0, 2],
							"pivot": [43.47925, 10.93851, -22.17009],
							"rotation": [58.70619, 16.80293, 82.92275],
							"uv": {
								"north": {"uv": [0, 190], "uv_size": [4, 0]},
								"east": {"uv": [-2, 190], "uv_size": [2, 0]},
								"south": {"uv": [6, 190], "uv_size": [4, 0]},
								"west": {"uv": [4, 190], "uv_size": [2, 0]},
								"up": {"uv": [0, 188], "uv_size": [4, 2]},
								"down": {"uv": [4, 190], "uv_size": [4, -2]}
							}
						},
						{
							"origin": [43.97925, 11.93851, -25.12009],
							"size": [4, 0, 2],
							"pivot": [43.47925, 10.93851, -22.17009],
							"rotation": [-171.94183, 4.73622, 79.77868],
							"uv": {
								"north": {"uv": [0, 190], "uv_size": [4, 0]},
								"east": {"uv": [-2, 190], "uv_size": [2, 0]},
								"south": {"uv": [6, 190], "uv_size": [4, 0]},
								"west": {"uv": [4, 190], "uv_size": [2, 0]},
								"up": {"uv": [0, 188], "uv_size": [4, 2]},
								"down": {"uv": [4, 190], "uv_size": [4, -2]}
							}
						}
					]
				},
				{
					"name": "left_leg3",
					"parent": "left_leg2",
					"pivot": [42.74091, 9.3192, -22.40549],
					"cubes": [
						{
							"origin": [40.72981, 7.07012, -22.88205],
							"size": [10, 1, 1],
							"pivot": [43.22981, 7.82012, -22.63205],
							"rotation": [13.32207, 1.41777, 81.49371],
							"uv": {
								"north": {"uv": [235, 1], "uv_size": [10, 1]},
								"east": {"uv": [234, 1], "uv_size": [1, 1]},
								"south": {"uv": [246, 1], "uv_size": [10, 1]},
								"west": {"uv": [245, 1], "uv_size": [1, 1]},
								"up": {"uv": [235, 0], "uv_size": [10, 1]},
								"down": {"uv": [245, 1], "uv_size": [10, -1]}
							}
						}
					]
				},
				{
					"name": "hind_leg",
					"parent": "root",
					"pivot": [0.25, 28.25, 10.25],
					"rotation": [0, -90, 0],
					"cubes": [
						{
							"origin": [-0.5, 29, 10],
							"size": [34, 1, 1],
							"pivot": [2.5, 30, 10.25],
							"rotation": [0, 0, -27.5],
							"uv": {
								"north": {"uv": [1, 160], "uv_size": [34, 1]},
								"east": {"uv": [0, 160], "uv_size": [1, 1]},
								"south": {"uv": [36, 160], "uv_size": [34, 1]},
								"west": {"uv": [35, 160], "uv_size": [1, 1]},
								"up": {"uv": [1, 159], "uv_size": [34, 1]},
								"down": {"uv": [35, 160], "uv_size": [34, -1]}
							}
						},
						{
							"origin": [32.75, 28.5, 9.5],
							"size": [2, 2, 2],
							"pivot": [2.5, 30, 10.25],
							"rotation": [0, 0, -27.5],
							"uv": {
								"north": {"uv": [2, 174], "uv_size": [2, 2]},
								"east": {"uv": [0, 174], "uv_size": [2, 2]},
								"south": {"uv": [6, 174], "uv_size": [2, 2]},
								"west": {"uv": [4, 174], "uv_size": [2, 2]},
								"up": {"uv": [2, 172], "uv_size": [2, 2]},
								"down": {"uv": [4, 174], "uv_size": [2, -2]}
							}
						}
					]
				},
				{
					"name": "hind_leg2",
					"parent": "hind_leg",
					"pivot": [30.5, 44.25, 10.25],
					"cubes": [
						{
							"origin": [31.5, 44, 10],
							"size": [32, 1, 1],
							"pivot": [30.5, 44.5, 10.25],
							"rotation": [0, 0, 73.77007],
							"uv": {
								"north": {"uv": [1, 160], "uv_size": [32, 1]},
								"east": {"uv": [0, 160], "uv_size": [1, 1]},
								"south": {"uv": [34, 160], "uv_size": [32, 1]},
								"west": {"uv": [33, 160], "uv_size": [1, 1]},
								"up": {"uv": [1, 159], "uv_size": [32, 1]},
								"down": {"uv": [33, 160], "uv_size": [32, -1]}
							}
						},
						{
							"origin": [36.67607, 11.76844, 9.5076],
							"size": [3, 2, 2],
							"pivot": [39.43673, 12.67027, 10.56053],
							"rotation": [2.92701, 0.65044, 76.69972],
							"uv": {
								"north": {"uv": [2, 209], "uv_size": [3, 2]},
								"east": {"uv": [0, 209], "uv_size": [2, 2]},
								"south": {"uv": [7, 209], "uv_size": [3, 2]},
								"west": {"uv": [5, 209], "uv_size": [2, 2]},
								"up": {"uv": [2, 207], "uv_size": [3, 2]},
								"down": {"uv": [5, 209], "uv_size": [3, -2]}
							}
						},
						{
							"origin": [38.67607, 12.52129, 7.36905],
							"size": [4, 0, 2],
							"pivot": [39.43673, 12.67027, 10.56053],
							"rotation": [-42.69535, 4.33072, 73.31133],
							"uv": {
								"north": {"uv": [0, 190], "uv_size": [4, 0]},
								"east": {"uv": [-2, 190], "uv_size": [2, 0]},
								"south": {"uv": [6, 190], "uv_size": [4, 0]},
								"west": {"uv": [4, 190], "uv_size": [2, 0]},
								"up": {"uv": [0, 188], "uv_size": [4, 2]},
								"down": {"uv": [4, 190], "uv_size": [4, -2]}
							}
						},
						{
							"origin": [38.58226, 12.75816, 7.4905],
							"size": [4, 0, 2],
							"pivot": [39.43673, 12.67027, 10.56053],
							"rotation": [60.23879, 4.39364, 83.2063],
							"uv": {
								"north": {"uv": [0, 190], "uv_size": [4, 0]},
								"east": {"uv": [-2, 190], "uv_size": [2, 0]},
								"south": {"uv": [6, 190], "uv_size": [4, 0]},
								"west": {"uv": [4, 190], "uv_size": [2, 0]},
								"up": {"uv": [0, 188], "uv_size": [4, 2]},
								"down": {"uv": [4, 190], "uv_size": [4, -2]}
							}
						},
						{
							"origin": [38.58624, 12.61832, 7.55497],
							"size": [4, 0, 2],
							"pivot": [39.43673, 12.67027, 10.56053],
							"rotation": [-169.72136, -7.56587, 79.72353],
							"uv": {
								"north": {"uv": [0, 190], "uv_size": [4, 0]},
								"east": {"uv": [-2, 190], "uv_size": [2, 0]},
								"south": {"uv": [6, 190], "uv_size": [4, 0]},
								"west": {"uv": [4, 190], "uv_size": [2, 0]},
								"up": {"uv": [0, 188], "uv_size": [4, 2]},
								"down": {"uv": [4, 190], "uv_size": [4, -2]}
							}
						}
					]
				},
				{
					"name": "hind_leg3",
					"parent": "hind_leg2",
					"pivot": [39.49091, 12.3192, 10.44451],
					"cubes": [
						{
							"origin": [37.47981, 10.07012, 9.96795],
							"size": [10, 1, 1],
							"pivot": [39.97981, 10.82012, 10.21795],
							"rotation": [0, 0, 81.49371],
							"uv": {
								"north": {"uv": [235, 1], "uv_size": [10, 1]},
								"east": {"uv": [234, 1], "uv_size": [1, 1]},
								"south": {"uv": [246, 1], "uv_size": [10, 1]},
								"west": {"uv": [245, 1], "uv_size": [1, 1]},
								"up": {"uv": [235, 0], "uv_size": [10, 1]},
								"down": {"uv": [245, 1], "uv_size": [10, -1]}
							}
						}
					]
				},
				{
					"name": "right_leg",
					"parent": "root",
					"pivot": [-4.5, 26.25, -10],
					"cubes": [
						{
							"origin": [-38, 27, -10.25],
							"size": [34, 1, 1],
							"pivot": [-7, 28, -10],
							"rotation": [-14.89149, -9.29798, 26.21777],
							"uv": {
								"north": {"uv": [35, 160], "uv_size": [-34, 1]},
								"east": {"uv": [36, 160], "uv_size": [-1, 1]},
								"south": {"uv": [70, 160], "uv_size": [-34, 1]},
								"west": {"uv": [1, 160], "uv_size": [-1, 1]},
								"up": {"uv": [35, 159], "uv_size": [-34, 1]},
								"down": {"uv": [69, 160], "uv_size": [-34, -1]}
							}
						},
						{
							"origin": [-39.25, 26.5, -10.75],
							"size": [2, 2, 2],
							"pivot": [-7, 28, -10],
							"rotation": [-14.89149, -9.29798, 26.21777],
							"uv": {
								"north": {"uv": [4, 174], "uv_size": [-2, 2]},
								"east": {"uv": [6, 174], "uv_size": [-2, 2]},
								"south": {"uv": [8, 174], "uv_size": [-2, 2]},
								"west": {"uv": [2, 174], "uv_size": [-2, 2]},
								"up": {"uv": [4, 172], "uv_size": [-2, 2]},
								"down": {"uv": [6, 174], "uv_size": [-2, -2]}
							}
						}
					]
				},
				{
					"name": "right_leg2",
					"parent": "right_leg",
					"pivot": [-35, 41.25, -15],
					"cubes": [
						{
							"origin": [-68, 41, -15.25],
							"size": [32, 1, 1],
							"pivot": [-35, 41.5, -15],
							"rotation": [12.02501, -12.80911, -76.3547],
							"uv": {
								"north": {"uv": [33, 160], "uv_size": [-32, 1]},
								"east": {"uv": [34, 160], "uv_size": [-1, 1]},
								"south": {"uv": [66, 160], "uv_size": [-32, 1]},
								"west": {"uv": [1, 160], "uv_size": [-1, 1]},
								"up": {"uv": [33, 159], "uv_size": [-32, 1]},
								"down": {"uv": [65, 160], "uv_size": [-32, -1]}
							}
						},
						{
							"origin": [-69, 40.5, -15.75],
							"size": [3, 2, 2],
							"pivot": [-35, 41.5, -15],
							"rotation": [12.02501, -12.80911, -76.3547],
							"uv": {
								"north": {"uv": [5, 209], "uv_size": [-3, 2]},
								"east": {"uv": [7, 209], "uv_size": [-2, 2]},
								"south": {"uv": [10, 209], "uv_size": [-3, 2]},
								"west": {"uv": [2, 209], "uv_size": [-2, 2]},
								"up": {"uv": [5, 207], "uv_size": [-3, 2]},
								"down": {"uv": [8, 209], "uv_size": [-3, -2]}
							}
						},
						{
							"origin": [-47.97925, 10.18851, -24.37009],
							"size": [4, 0, 2],
							"pivot": [-43.47925, 10.93851, -22.17009],
							"rotation": [-45.47499, -12.80911, -76.3547],
							"uv": {
								"north": {"uv": [4, 190], "uv_size": [-4, 0]},
								"east": {"uv": [6, 190], "uv_size": [-2, 0]},
								"south": {"uv": [10, 190], "uv_size": [-4, 0]},
								"west": {"uv": [0, 190], "uv_size": [-2, 0]},
								"up": {"uv": [4, 188], "uv_size": [-4, 2]},
								"down": {"uv": [8, 190], "uv_size": [-4, -2]}
							}
						},
						{
							"origin": [-47.97925, 10.18851, -25.87009],
							"size": [4, 0, 2],
							"pivot": [-43.47925, 10.93851, -22.17009],
							"rotation": [58.70619, -16.80293, -82.92275],
							"uv": {
								"north": {"uv": [4, 190], "uv_size": [-4, 0]},
								"east": {"uv": [6, 190], "uv_size": [-2, 0]},
								"south": {"uv": [10, 190], "uv_size": [-4, 0]},
								"west": {"uv": [0, 190], "uv_size": [-2, 0]},
								"up": {"uv": [4, 188], "uv_size": [-4, 2]},
								"down": {"uv": [8, 190], "uv_size": [-4, -2]}
							}
						},
						{
							"origin": [-47.97925, 11.93851, -25.12009],
							"size": [4, 0, 2],
							"pivot": [-43.47925, 10.93851, -22.17009],
							"rotation": [-171.94183, -4.73622, -79.77868],
							"uv": {
								"north": {"uv": [4, 190], "uv_size": [-4, 0]},
								"east": {"uv": [6, 190], "uv_size": [-2, 0]},
								"south": {"uv": [10, 190], "uv_size": [-4, 0]},
								"west": {"uv": [0, 190], "uv_size": [-2, 0]},
								"up": {"uv": [4, 188], "uv_size": [-4, 2]},
								"down": {"uv": [8, 190], "uv_size": [-4, -2]}
							}
						}
					]
				},
				{
					"name": "right_leg3",
					"parent": "right_leg2",
					"pivot": [-42.74091, 9.3192, -22.40549],
					"cubes": [
						{
							"origin": [-50.72981, 7.07012, -22.88205],
							"size": [10, 1, 1],
							"pivot": [-43.22981, 7.82012, -22.63205],
							"rotation": [13.32207, -1.41777, -81.49371],
							"uv": {
								"north": {"uv": [245, 1], "uv_size": [-10, 1]},
								"east": {"uv": [246, 1], "uv_size": [-1, 1]},
								"south": {"uv": [256, 1], "uv_size": [-10, 1]},
								"west": {"uv": [235, 1], "uv_size": [-1, 1]},
								"up": {"uv": [245, 0], "uv_size": [-10, 1]},
								"down": {"uv": [255, 1], "uv_size": [-10, -1]}
							}
						}
					]
				},
				{
					"name": "body",
					"parent": "root",
					"pivot": [0, 23, -6],
					"cubes": [
						{"origin": [-16, 12, -35], "size": [32, 48, 24], "uv": [8, 8]},
						{"origin": [-16, 12, -35], "size": [32, 48, 24], "inflate": 0.25, "uv": [144, 124]},
						{"origin": [-14, 23, -13], "size": [28, 18, 27], "pivot": [-1, 39, 5], "rotation": [-10, 0, 0], "uv": [133, 73]}
					]
				},
				{
					"name": "sound_wave",
					"parent": "body",
					"pivot": [0, 29, -33],
					"cubes": [
						{"origin": [-14.5, 14.5, -33], "size": [29, 29, 0], "uv": [193, 19]}
					]
				}
			]
		}
	]
}