{
	"format_version": "1.8.0",
	"animations": {
		"animation.skibidi.target": {
			"loop": true,
			"animation_length": 1.0417,
			"anim_time_update": "query.anim_time + query.delta_time * 1.0",
			"bones": {
				"mouth": {
					"scale": {
						"0.0": {
							"post": [1, 1, 1],
							"lerp_mode": "catmullrom"
						},
						"0.1667": {
							"post": [1.2, 1, 1],
							"lerp_mode": "catmullrom"
						},
						"0.2917": {
							"post": [1.2, 1, 1],
							"lerp_mode": "catmullrom"
						},
						"0.375": {
							"post": [1.2, 1.2, 1],
							"lerp_mode": "catmullrom"
						},
						"0.5": {
							"post": [1.2, 1.2, 1],
							"lerp_mode": "catmullrom"
						},
						"0.5833": {
							"post": [1, 1, 1],
							"lerp_mode": "catmullrom"
						},
						"0.6667": {
							"post": [1.2, 1.2, 1],
							"lerp_mode": "catmullrom"
						},
						"0.75": {
							"post": [1.2, 1, 1],
							"lerp_mode": "catmullrom"
						},
						"0.8333": {
							"post": [1.2, 1.2, 1],
							"lerp_mode": "catmullrom"
						},
						"0.9583": {
							"post": [1.2, 1.2, 1],
							"lerp_mode": "catmullrom"
						},
						"1.0417": {
							"post": [1, 1, 1],
							"lerp_mode": "catmullrom"
						}
					}
				},
				"upper_mouth": {
					"scale": 0
				},
				"upper": {
					"rotation": {
						"0.0": {
							"post": [0, 0, 0],
							"lerp_mode": "catmullrom"
						},
						"0.1667": {
							"post": [0, 0, 0],
							"lerp_mode": "catmullrom"
						},
						"0.2917": {
							"post": [0, 0, 0],
							"lerp_mode": "catmullrom"
						},
						"0.375": {
							"post": [-10, 0, 0],
							"lerp_mode": "catmullrom"
						},
						"0.5": {
							"post": [-10, 0, 0],
							"lerp_mode": "catmullrom"
						},
						"0.5833": {
							"post": [0, 0, 0],
							"lerp_mode": "catmullrom"
						},
						"0.6667": {
							"post": [-10, 0, 0],
							"lerp_mode": "catmullrom"
						},
						"0.75": {
							"post": [-10, 0, 0],
							"lerp_mode": "catmullrom"
						},
						"0.8333": {
							"post": [0, 0, 0],
							"lerp_mode": "catmullrom"
						},
						"0.9167": {
							"post": [-10, 0, 0],
							"lerp_mode": "catmullrom"
						},
						"1.0417": {
							"post": [0, 0, 0],
							"lerp_mode": "catmullrom"
						}
					}
				},
				"lower": {
					"rotation": {
						"0.0": {
							"post": [0, 0, 0],
							"lerp_mode": "catmullrom"
						},
						"0.1667": {
							"post": [0, 0, 0],
							"lerp_mode": "catmullrom"
						},
						"0.2917": {
							"post": [0, 0, 0],
							"lerp_mode": "catmullrom"
						},
						"0.375": {
							"post": [10, 0, 0],
							"lerp_mode": "catmullrom"
						},
						"0.5": {
							"post": [10, 0, 0],
							"lerp_mode": "catmullrom"
						},
						"0.5833": {
							"post": [0, 0, 0],
							"lerp_mode": "catmullrom"
						},
						"0.6667": {
							"post": [10, 0, 0],
							"lerp_mode": "catmullrom"
						},
						"0.75": {
							"post": [10, 0, 0],
							"lerp_mode": "catmullrom"
						},
						"0.8333": {
							"post": [0, 0, 0],
							"lerp_mode": "catmullrom"
						},
						"0.9167": {
							"post": [10, 0, 0],
							"lerp_mode": "catmullrom"
						},
						"1.0417": {
							"post": [0, 0, 0],
							"lerp_mode": "catmullrom"
						}
					}
				}
			},
			"sound_effects": {
				"0.0": {
					"effect": "chase"
				}
			}
		},
		"animation.skibidi.look_at_target": {
			"loop": true,
			"bones": {
				"head": {
					"rotation": ["query.target_x_rotation * 0.8", "query.target_y_rotation * 0.8", "query.target_y_rotation * 0.15"]
				},
				"neck2": {
					"rotation": ["query.target_x_rotation * 0.2", "query.target_y_rotation * 0.2", 0]
				}
			}
		},
		"animation.ic_skibidi_jetpack.move4": {
			"loop": true,
			"animation_length": 4,
			"bones": {
				"toilet": {
					"rotation": {
						"0.0": {
							"post": [7.5, 0, 0],
							"lerp_mode": "catmullrom"
						},
						"1.125": {
							"post": [2.5, 0, 0],
							"lerp_mode": "catmullrom"
						},
						"2.0833": {
							"post": [5, 0, 0],
							"lerp_mode": "catmullrom"
						},
						"3.1667": {
							"post": [2.5, 0, 0],
							"lerp_mode": "catmullrom"
						},
						"4.0": {
							"post": [7.5, 0, 0],
							"lerp_mode": "catmullrom"
						}
					},
					"position": {
						"0.0": {
							"post": [0, 3, 1],
							"lerp_mode": "catmullrom"
						},
						"2.0": {
							"post": [0, -2, 1],
							"lerp_mode": "catmullrom"
						},
						"4.0": {
							"post": [0, 3, 1],
							"lerp_mode": "catmullrom"
						}
					}
				},
				"rocket": {
					"rotation": {
						"0.0": {
							"post": [20, 0, 0],
							"lerp_mode": "catmullrom"
						},
						"1.125": {
							"post": [17.5, 0, 0],
							"lerp_mode": "catmullrom"
						},
						"2.125": {
							"post": [22.5, 0, 0],
							"lerp_mode": "catmullrom"
						},
						"3.2083": {
							"post": [15, 0, 0],
							"lerp_mode": "catmullrom"
						},
						"4.0": {
							"post": [20, 0, 0],
							"lerp_mode": "catmullrom"
						}
					}
				}
			},
			"particle_effects": {
				"0.0": {
					"effect": "rocket_flame",
					"locator": "thrust"
				},
				"0.0417": {
					"effect": "rocket_flame",
					"locator": "thrust2"
				}
			}
		},
		"animation.ic_skibidi_geeky.shine": {
			"loop": true,
			"bones": {
				"mouth": {
					"scale": [1.1, 1.1, 1]
				},
				"upper_mouth": {
					"position": [0, 1, 0]
				},
				"flash_left": {
					"rotation": [0, 0, -25]
				},
				"flash_right": {
					"rotation": [0, 0, 20]
				},
				"glow_left": {
					"position": [-0.5, 1.25, 0],
					"scale": 4
				},
				"glow_right": {
					"position": [0.5, 1.25, 0],
					"scale": 4
				}
			}
		},
		"animation.ic_skibidi_geeky.reload": {
			"animation_length": 1,
			"bones": {
				"main2": {
					"rotation": {
						"0.0": {
							"post": [0, 0, 0],
							"lerp_mode": "catmullrom"
						},
						"0.25": {
							"post": [0, -50, 0],
							"lerp_mode": "catmullrom"
						},
						"0.5": {
							"post": [0, -205, 0],
							"lerp_mode": "catmullrom"
						},
						"0.75": {
							"post": [0, -332.5, 0],
							"lerp_mode": "catmullrom"
						},
						"1.0": {
							"post": [0, -360, 0],
							"lerp_mode": "catmullrom"
						}
					}
				},
				"main3": {
					"rotation": {
						"0.0": {
							"post": [0, 0, 0],
							"lerp_mode": "catmullrom"
						},
						"0.25": {
							"post": [0, 50, 0],
							"lerp_mode": "catmullrom"
						},
						"0.5": {
							"post": [0, 205, 0],
							"lerp_mode": "catmullrom"
						},
						"0.75": {
							"post": [0, 332.5, 0],
							"lerp_mode": "catmullrom"
						},
						"1.0": {
							"post": [0, 360, 0],
							"lerp_mode": "catmullrom"
						}
					}
				},
				"gun3": {
					"rotation": [0, 0, 0]
				}
			}
		}
	}
}