{
	"format_version": "1.12.0",
	"minecraft:geometry": [
		{
			"description": {
				"identifier": "geometry.ic_skibidi_buzzsaw_mutant",
				"texture_width": 256,
				"texture_height": 256,
				"visible_bounds_width": 4,
				"visible_bounds_height": 5.5,
				"visible_bounds_offset": [0, 2.25, 0]
			},
			"bones": [
				{
					"name": "root",
					"pivot": [0, 0, 0]
				},
				{
					"name": "waist",
					"parent": "root",
					"pivot": [0, 20, 0],
					"cubes": [
						{"origin": [-5, 20, -3], "size": [10, 9, 6], "uv": [160, 194]},
						{"origin": [-5, 20, -3], "size": [10, 9, 6], "inflate": 0.8, "uv": [128, 194]}
					]
				},
				{
					"name": "body",
					"parent": "waist",
					"pivot": [0, 28, 0],
					"cubes": [
						{"origin": [-7, 29, -4], "size": [14, 11, 8], "uv": [128, 175]},
						{"origin": [-7, 29, -4], "size": [14, 11, 8], "inflate": 0.2, "uv": [128, 156]}
					]
				},
				{
					"name": "left_arm",
					"parent": "body",
					"pivot": [6, 41, 0],
					"rotation": [0, 0, -10],
					"cubes": [
						{"origin": [6, 28, -2.5], "size": [5, 14, 5], "uv": [128, 209]}
					]
				},
				{
					"name": "left_arm2",
					"parent": "left_arm",
					"pivot": [8.5, 29, 0],
					"rotation": [0, 0, 7.5],
					"cubes": [
						{"origin": [6, 14, -2.5], "size": [5, 14, 5], "uv": [172, 175]},
						{"origin": [6, 14, -2.5], "size": [5, 14, 5], "inflate": 0.2, "uv": [172, 156]}
					]
				},
				{
					"name": "right_arm",
					"parent": "body",
					"pivot": [-6, 41, 0],
					"rotation": [0, 0, 10],
					"cubes": [
						{"origin": [-11, 28, -2.5], "size": [5, 14, 5], "uv": [128, 209], "mirror": true}
					]
				},
				{
					"name": "right_arm2",
					"parent": "right_arm",
					"pivot": [-8.5, 29, 0],
					"rotation": [0, 0, -7.5],
					"cubes": [
						{"origin": [-11, 14, -2.5], "size": [5, 14, 5], "uv": [194, 175], "mirror": true},
						{"origin": [-11, 14, -2.5], "size": [5, 14, 5], "inflate": 0.2, "uv": [172, 156], "mirror": true}
					]
				},
				{
					"name": "right_arm3",
					"parent": "right_arm2",
					"pivot": [-8.15318, 22.77881, 0.3508],
					"rotation": [145.73442, -15.54649, -8.27143],
					"cubes": [
						{
							"origin": [-8.73112, 3.94164, 1.75562],
							"size": [2.1, 10.5, 2.8],
							"pivot": [-7.85612, 18.29164, 3.15562],
							"rotation": [-145.46655, -7.65103, -15.57204],
							"uv": {
								"north": {"uv": [246, 59], "uv_size": [3, 15]},
								"east": {"uv": [242, 59], "uv_size": [4, 15]},
								"south": {"uv": [253, 59], "uv_size": [3, 15]},
								"west": {"uv": [249, 59], "uv_size": [4, 15]},
								"up": {"uv": [246, 55], "uv_size": [3, 4]},
								"down": {"uv": [249, 59], "uv_size": [3, -4]}
							}
						},
						{
							"origin": [-8.79112, -1.36836, 1.69562],
							"size": [2.22, 5.72, 2.92],
							"inflate": -0.2,
							"pivot": [-7.85612, 18.29164, 3.15562],
							"rotation": [-145.46655, -7.65103, -15.57204],
							"uv": {
								"north": {"uv": [225, 94], "uv_size": [3, 8]},
								"east": {"uv": [221, 94], "uv_size": [4, 8]},
								"south": {"uv": [232, 94], "uv_size": [3, 8]},
								"west": {"uv": [228, 94], "uv_size": [4, 8]},
								"up": {"uv": [225, 90], "uv_size": [3, 4]},
								"down": {"uv": [228, 94], "uv_size": [3, -4]}
							}
						},
						{
							"origin": [-8.67112, 4.70164, 1.81562],
							"size": [1.98, 1.98, 2.68],
							"inflate": 0.2,
							"pivot": [-7.85612, 18.29164, 3.15562],
							"rotation": [-145.46655, -7.65103, -15.57204],
							"uv": {
								"north": {"uv": [222, 58], "uv_size": [3, 3]},
								"east": {"uv": [218, 58], "uv_size": [4, 3]},
								"south": {"uv": [229, 58], "uv_size": [3, 3]},
								"west": {"uv": [225, 58], "uv_size": [4, 3]},
								"up": {"uv": [222, 54], "uv_size": [3, 4]},
								"down": {"uv": [225, 58], "uv_size": [3, -4]}
							}
						},
						{
							"origin": [-13.00462, 32.60936, -8.89987],
							"size": [2.22, 2.22, 2.92],
							"inflate": -0.2,
							"pivot": [-10.49462, 33.71936, -7.43987],
							"rotation": [170.73839, -34.18317, 79.6627],
							"uv": {
								"north": {"uv": [222, 58], "uv_size": [3, 3]},
								"east": {"uv": [218, 58], "uv_size": [4, 3]},
								"south": {"uv": [229, 58], "uv_size": [3, 3]},
								"west": {"uv": [225, 58], "uv_size": [4, 3]},
								"up": {"uv": [222, 54], "uv_size": [3, 4]},
								"down": {"uv": [225, 58], "uv_size": [3, -4]}
							}
						},
						{
							"origin": [-12.24462, 31.96936, -7.78987],
							"size": [0.7, 2.8, 0.7],
							"pivot": [-10.49462, 33.71936, -7.43987],
							"rotation": [170.73839, -34.18317, 79.6627],
							"uv": {
								"north": {"uv": [202, 55], "uv_size": [1, 4]},
								"east": {"uv": [201, 55], "uv_size": [1, 4]},
								"south": {"uv": [204, 55], "uv_size": [1, 4]},
								"west": {"uv": [203, 55], "uv_size": [1, 4]},
								"up": {"uv": [202, 54], "uv_size": [1, 1]},
								"down": {"uv": [203, 55], "uv_size": [1, -1]}
							}
						},
						{
							"origin": [-7.68112, 3.24164, -2.44438],
							"size": [0, 2.8, 11.2],
							"pivot": [-7.85612, 18.29164, 3.15562],
							"rotation": [-145.46655, -7.65103, -15.57204],
							"uv": {
								"north": {"uv": [221, 74], "uv_size": [0, 4]},
								"east": {"uv": [205, 74], "uv_size": [16, 4]},
								"south": {"uv": [237, 74], "uv_size": [0, 4]},
								"west": {"uv": [221, 74], "uv_size": [16, 4]},
								"up": {"uv": [221, 58], "uv_size": [0, 16]},
								"down": {"uv": [221, 74], "uv_size": [0, -16]}
							}
						}
					]
				},
				{
					"name": "saw3",
					"parent": "right_arm3",
					"pivot": [-9.95612, 35.09164, -8.11438],
					"rotation": [-58.16465, -5.6108, -14.96307],
					"cubes": [
						{
							"origin": [-9.53612, 30.47164, -12.73438],
							"size": [0, 9.24, 9.24],
							"uv": {
								"north": {"uv": [173, 104], "uv_size": [0, 11]},
								"east": {"uv": [162, 104], "uv_size": [11, 11]},
								"south": {"uv": [184, 104], "uv_size": [0, 11]},
								"west": {"uv": [173, 104], "uv_size": [11, 11]},
								"up": {"uv": [173, 93], "uv_size": [0, 11]},
								"down": {"uv": [173, 104], "uv_size": [0, -11]}
							}
						}
					]
				},
				{
					"name": "toilet",
					"parent": "body",
					"pivot": [0, 38, 0],
					"cubes": [
						{
							"origin": [-7, 33, -7],
							"size": [14, 3, 14],
							"uv": {
								"north": {"uv": [14, 51], "uv_size": [14, 3]},
								"east": {"uv": [0, 51], "uv_size": [14, 3]},
								"south": {"uv": [42, 51], "uv_size": [14, 3]},
								"west": {"uv": [28, 51], "uv_size": [14, 3]},
								"up": {"uv": [14, 37], "uv_size": [14, 14]},
								"down": {"uv": [28, 51], "uv_size": [14, -14]}
							}
						},
						{"origin": [-7.5, 31, 2], "size": [15, 9, 17], "inflate": 0.1, "uv": [192, 0]},
						{"origin": [-7.5, 39, 9], "size": [15, 6, 10], "uv": [199, 7]},
						{
							"origin": [-9, 35, -7.5],
							"size": [9, 3, 15],
							"pivot": [0, 45, 0],
							"rotation": [0, 0, -77.5],
							"uv": {
								"north": {"uv": [15, 69], "uv_size": [9, 3]},
								"east": {"uv": [0, 69], "uv_size": [15, 3]},
								"south": {"uv": [39, 69], "uv_size": [9, 3]},
								"west": {"uv": [24, 69], "uv_size": [15, 3]},
								"up": {"uv": [15, 54], "uv_size": [9, 15]},
								"down": {"uv": [24, 69], "uv_size": [9, -15]}
							}
						},
						{
							"origin": [0, 35, -7.5],
							"size": [9, 3, 15],
							"pivot": [0, 45, 0],
							"rotation": [0, 0, 77.5],
							"uv": {
								"north": {"uv": [24, 69], "uv_size": [-9, 3]},
								"east": {"uv": [39, 69], "uv_size": [-15, 3]},
								"south": {"uv": [48, 69], "uv_size": [-9, 3]},
								"west": {"uv": [15, 69], "uv_size": [-15, 3]},
								"up": {"uv": [24, 54], "uv_size": [-9, 15]},
								"down": {"uv": [33, 69], "uv_size": [-9, -15]}
							}
						},
						{
							"origin": [-7.5, 35, -9],
							"size": [15, 3, 9],
							"pivot": [0, 45, 0],
							"rotation": [77.5, 0, 0],
							"uv": {
								"north": {"uv": [67, 32], "uv_size": [15, 3]},
								"east": {"uv": [58, 32], "uv_size": [9, 3]},
								"south": {"uv": [91, 32], "uv_size": [15, 3]},
								"west": {"uv": [82, 32], "uv_size": [9, 3]},
								"up": {"uv": [67, 23], "uv_size": [15, 9]},
								"down": {"uv": [82, 32], "uv_size": [15, -9]}
							}
						},
						{
							"origin": [-7.5, 35, 0],
							"size": [15, 3, 9],
							"pivot": [0, 45, 0],
							"rotation": [-77.5, 0, 0],
							"uv": {
								"north": {"uv": [67, 20], "uv_size": [15, 3]},
								"east": {"uv": [58, 20], "uv_size": [9, 3]},
								"south": {"uv": [91, 20], "uv_size": [15, 3]},
								"west": {"uv": [82, 20], "uv_size": [9, 3]},
								"up": {"uv": [67, 11], "uv_size": [15, 9]},
								"down": {"uv": [82, 20], "uv_size": [15, -9]}
							}
						},
						{
							"origin": [-8, 41.16026, -9.29852],
							"size": [16, 4, 2],
							"pivot": [0, 43.16026, -8.29852],
							"rotation": [-90, 0, 0],
							"uv": {
								"north": {"uv": [70, 2], "uv_size": [16, 4]},
								"east": {"uv": [68, 2], "uv_size": [2, 4]},
								"south": {"uv": [88, 2], "uv_size": [16, 4]},
								"west": {"uv": [86, 2], "uv_size": [2, 4]},
								"up": {"uv": [70, 0], "uv_size": [16, 2]},
								"down": {"uv": [86, 2], "uv_size": [16, -2]}
							}
						},
						{
							"origin": [-8, 41.16026, 7.29852],
							"size": [16, 4, 2],
							"pivot": [0, 43.16026, 8.29852],
							"rotation": [90, 0, 0],
							"uv": {
								"north": {"uv": [70, 2], "uv_size": [16, 4]},
								"east": {"uv": [68, 2], "uv_size": [2, 4]},
								"south": {"uv": [88, 2], "uv_size": [16, 4]},
								"west": {"uv": [86, 2], "uv_size": [2, 4]},
								"up": {"uv": [70, 0], "uv_size": [16, 2]},
								"down": {"uv": [86, 2], "uv_size": [16, -2]}
							}
						},
						{
							"origin": [7.27352, 41.16026, -8],
							"size": [2, 4, 16],
							"pivot": [8.29852, 43.16026, 0],
							"rotation": [0, 0, -90],
							"uv": {
								"north": {"uv": [40, 89], "uv_size": [2, 4]},
								"east": {"uv": [24, 89], "uv_size": [16, 4]},
								"south": {"uv": [58, 89], "uv_size": [2, 4]},
								"west": {"uv": [42, 89], "uv_size": [16, 4]},
								"up": {"uv": [40, 73], "uv_size": [2, 16]},
								"down": {"uv": [42, 89], "uv_size": [2, -16]}
							}
						},
						{
							"origin": [-9.27352, 41.16026, -8],
							"size": [2, 4, 16],
							"pivot": [-8.29852, 43.16026, 0],
							"rotation": [0, 0, 90],
							"uv": {
								"north": {"uv": [40, 89], "uv_size": [2, 4]},
								"east": {"uv": [24, 89], "uv_size": [16, 4]},
								"south": {"uv": [58, 89], "uv_size": [2, 4]},
								"west": {"uv": [42, 89], "uv_size": [16, 4]},
								"up": {"uv": [40, 73], "uv_size": [2, 16]},
								"down": {"uv": [42, 89], "uv_size": [2, -16]}
							}
						}
					]
				},
				{
					"name": "lid1",
					"parent": "toilet",
					"pivot": [0, 45, 9],
					"cubes": [
						{
							"origin": [-8, 42.16026, -9.29852],
							"size": [16, 4, 1],
							"pivot": [0, 44.16026, -8.29852],
							"rotation": [-90, 0, 0],
							"uv": {
								"north": {"uv": [98, 12], "uv_size": [16, 4]},
								"east": {"uv": [97, 12], "uv_size": [1, 4]},
								"south": {"uv": [115, 12], "uv_size": [16, 4]},
								"west": {"uv": [114, 12], "uv_size": [1, 4]},
								"up": {"uv": [98, 11], "uv_size": [16, 1]},
								"down": {"uv": [114, 12], "uv_size": [16, -1]}
							}
						},
						{
							"origin": [-9.27352, 42.16026, -8],
							"size": [1, 4, 16],
							"pivot": [-8.29852, 44.16026, 0],
							"rotation": [0, 0, 90],
							"uv": {
								"north": {"uv": [96, 73], "uv_size": [1, 4]},
								"east": {"uv": [80, 73], "uv_size": [16, 4]},
								"south": {"uv": [113, 73], "uv_size": [1, 4]},
								"west": {"uv": [97, 73], "uv_size": [16, 4]},
								"up": {"uv": [96, 57], "uv_size": [1, 16]},
								"down": {"uv": [97, 73], "uv_size": [1, -16]}
							}
						},
						{
							"origin": [-8, 42.16026, 8.29852],
							"size": [16, 4, 1],
							"pivot": [0, 44.16026, 8.29852],
							"rotation": [90, 0, 0],
							"uv": {
								"north": {"uv": [114, 12], "uv_size": [-16, 4]},
								"east": {"uv": [115, 12], "uv_size": [-1, 4]},
								"south": {"uv": [131, 12], "uv_size": [-16, 4]},
								"west": {"uv": [98, 12], "uv_size": [-1, 4]},
								"up": {"uv": [114, 11], "uv_size": [-16, 1]},
								"down": {"uv": [130, 12], "uv_size": [-16, -1]}
							}
						},
						{
							"origin": [8.27352, 42.16026, -8],
							"size": [1, 4, 16],
							"pivot": [8.29852, 44.16026, 0],
							"rotation": [0, 0, -90],
							"uv": {
								"north": {"uv": [96, 73], "uv_size": [1, 4]},
								"east": {"uv": [80, 73], "uv_size": [16, 4]},
								"south": {"uv": [113, 73], "uv_size": [1, 4]},
								"west": {"uv": [97, 73], "uv_size": [16, 4]},
								"up": {"uv": [96, 57], "uv_size": [1, 16]},
								"down": {"uv": [97, 73], "uv_size": [1, -16]}
							}
						}
					]
				},
				{
					"name": "back",
					"parent": "toilet",
					"pivot": [0, 45, 11],
					"cubes": [
						{
							"origin": [-2.5, 41, 10],
							"size": [5, 20, 5],
							"inflate": -0.5,
							"uv": {
								"north": {"uv": [6, 17], "uv_size": [5, 20]},
								"east": {"uv": [1, 17], "uv_size": [5, 20]},
								"south": {"uv": [16, 17], "uv_size": [5, 20]},
								"west": {"uv": [11, 17], "uv_size": [5, 20]},
								"up": {"uv": [6, 12], "uv_size": [5, 5]},
								"down": {"uv": [11, 17], "uv_size": [5, -5]}
							}
						},
						{
							"origin": [-2.5, 49, 10],
							"size": [5, 20, 5],
							"inflate": -0.7,
							"uv": {
								"north": {"uv": [6, 17], "uv_size": [5, 20]},
								"east": {"uv": [1, 17], "uv_size": [5, 20]},
								"south": {"uv": [16, 17], "uv_size": [5, 20]},
								"west": {"uv": [11, 17], "uv_size": [5, 20]},
								"up": {"uv": [6, 12], "uv_size": [5, 5]},
								"down": {"uv": [11, 17], "uv_size": [5, -5]}
							}
						}
					]
				},
				{
					"name": "flush",
					"parent": "toilet",
					"pivot": [0, 70, 13],
					"cubes": [
						{
							"origin": [-1, 67, 11.5],
							"size": [2, 2, 2],
							"uv": {
								"north": {"uv": [2, 2], "uv_size": [2, 2]},
								"east": {"uv": [0, 2], "uv_size": [2, 2]},
								"south": {"uv": [6, 2], "uv_size": [2, 2]},
								"west": {"uv": [4, 2], "uv_size": [2, 2]},
								"up": {"uv": [2, 0], "uv_size": [2, 2]},
								"down": {"uv": [4, 2], "uv_size": [2, -2]}
							}
						},
						{
							"origin": [2, 65, 11.5],
							"size": [2, 2, 2],
							"uv": {
								"north": {"uv": [2, 2], "uv_size": [2, 2]},
								"east": {"uv": [0, 2], "uv_size": [2, 2]},
								"south": {"uv": [6, 2], "uv_size": [2, 2]},
								"west": {"uv": [4, 2], "uv_size": [2, 2]},
								"up": {"uv": [2, 0], "uv_size": [2, 2]},
								"down": {"uv": [4, 2], "uv_size": [2, -2]}
							}
						},
						{
							"origin": [4, 64, 10.5],
							"size": [3, 4, 4],
							"uv": {
								"north": {"uv": [136, 4], "uv_size": [3, 4]},
								"east": {"uv": [132, 4], "uv_size": [4, 4]},
								"south": {"uv": [143, 4], "uv_size": [3, 4]},
								"west": {"uv": [139, 4], "uv_size": [4, 4]},
								"up": {"uv": [136, 0], "uv_size": [3, 4]},
								"down": {"uv": [139, 4], "uv_size": [3, -4]}
							}
						}
					]
				},
				{
					"name": "neck",
					"parent": "toilet",
					"pivot": [0, 36, 5.675],
					"rotation": [15, 0, 0],
					"cubes": [
						{
							"origin": [-2.5, 33.34478, 1.52888],
							"size": [5, 10, 5],
							"pivot": [0, 39.49954, 0.84149],
							"rotation": [25, 0, 0],
							"uv": {
								"north": {"uv": [82, 94], "uv_size": [5, 10]},
								"east": {"uv": [77, 94], "uv_size": [5, 10]},
								"south": {"uv": [92, 94], "uv_size": [5, 10]},
								"west": {"uv": [87, 94], "uv_size": [5, 10]},
								"up": {"uv": [82, 89], "uv_size": [5, 5]},
								"down": {"uv": [87, 94], "uv_size": [5, -5]}
							}
						}
					]
				},
				{
					"name": "neck2",
					"parent": "neck",
					"pivot": [0, 43.55658, 1.98278],
					"rotation": [-27.5, 0, 0],
					"cubes": [
						{
							"origin": [-2.575, 40.72074, -2.62002],
							"size": [5, 10, 5],
							"pivot": [0, 47.87551, -3.30741],
							"rotation": [25, 0, 0],
							"uv": {
								"north": {"uv": [61, 94], "uv_size": [5, 10]},
								"east": {"uv": [56, 94], "uv_size": [5, 10]},
								"south": {"uv": [71, 94], "uv_size": [5, 10]},
								"west": {"uv": [66, 94], "uv_size": [5, 10]},
								"up": {"uv": [61, 89], "uv_size": [5, 5]},
								"down": {"uv": [66, 94], "uv_size": [5, -5]}
							}
						}
					]
				},
				{
					"name": "head",
					"parent": "neck2",
					"pivot": [0, 52.55658, -2.01722],
					"cubes": [
						{
							"origin": [-5, 50.55658, -7.01722],
							"size": [10, 11, 10],
							"pivot": [0, 53.55658, -2.01722],
							"rotation": [10, 0, 0],
							"uv": {
								"north": {"uv": [10, 121], "uv_size": [10, 11]},
								"east": {"uv": [0, 121], "uv_size": [10, 11]},
								"south": {"uv": [30, 121], "uv_size": [10, 11]},
								"west": {"uv": [20, 121], "uv_size": [10, 11]},
								"up": {"uv": [10, 111], "uv_size": [10, 10]},
								"down": {"uv": [20, 121], "uv_size": [10, -10]}
							}
						}
					]
				},
				{
					"name": "eyes",
					"parent": "head",
					"pivot": [0, 55.67209, -6.87575],
					"rotation": [10, 0, 0],
					"cubes": [
						{
							"origin": [-3.5, 55.04709, -7.87575],
							"size": [2.25, 2, 2],
							"uv": {
								"north": {"uv": [2, 43], "uv_size": [2, 2]},
								"east": {"uv": [0, 43], "uv_size": [2, 2]},
								"south": {"uv": [6, 43], "uv_size": [2, 2]},
								"west": {"uv": [4, 43], "uv_size": [2, 2]},
								"up": {"uv": [2, 41], "uv_size": [2, 2]},
								"down": {"uv": [4, 43], "uv_size": [2, -2]}
							}
						},
						{
							"origin": [1.25, 55.04709, -7.87575],
							"size": [2.25, 2, 2],
							"uv": {
								"north": {"uv": [4, 43], "uv_size": [-2, 2]},
								"east": {"uv": [6, 43], "uv_size": [-2, 2]},
								"south": {"uv": [8, 43], "uv_size": [-2, 2]},
								"west": {"uv": [2, 43], "uv_size": [-2, 2]},
								"up": {"uv": [4, 41], "uv_size": [-2, 2]},
								"down": {"uv": [6, 43], "uv_size": [-2, -2]}
							}
						}
					]
				},
				{
					"name": "pupils",
					"parent": "eyes",
					"pivot": [0, 55.42209, -6.87575]
				},
				{
					"name": "1",
					"parent": "pupils",
					"pivot": [0, 55.42209, -6.87575],
					"cubes": [
						{
							"origin": [-2.85, 55.42161, -8.14756],
							"size": [1, 1, 1],
							"inflate": -0.1,
							"uv": {
								"north": {"uv": [1, 47], "uv_size": [1, 1]},
								"east": {"uv": [0, 47], "uv_size": [1, 1]},
								"south": {"uv": [3, 47], "uv_size": [1, 1]},
								"west": {"uv": [2, 47], "uv_size": [1, 1]},
								"up": {"uv": [1, 46], "uv_size": [1, 1]},
								"down": {"uv": [2, 47], "uv_size": [1, -1]}
							}
						}
					]
				},
				{
					"name": "2",
					"parent": "pupils",
					"pivot": [0, 55.42209, -6.87575],
					"cubes": [
						{
							"origin": [1.85, 55.42161, -8.14756],
							"size": [1, 1, 1],
							"inflate": -0.1,
							"uv": {
								"north": {"uv": [2, 47], "uv_size": [-1, 1]},
								"east": {"uv": [3, 47], "uv_size": [-1, 1]},
								"south": {"uv": [4, 47], "uv_size": [-1, 1]},
								"west": {"uv": [1, 47], "uv_size": [-1, 1]},
								"up": {"uv": [2, 46], "uv_size": [-1, 1]},
								"down": {"uv": [3, 47], "uv_size": [-1, -1]}
							}
						}
					]
				},
				{
					"name": "mouth",
					"parent": "head",
					"pivot": [0, 52.58158, -1.99222],
					"cubes": [
						{
							"origin": [-4.975, 51.48158, -6.99222],
							"size": [9.9, 3.1, 4],
							"pivot": [0, 53.58158, -1.99222],
							"rotation": [10, 0, 0],
							"uv": {
								"north": {"uv": [46, 135], "uv_size": [10, 3]},
								"east": {"uv": [42, 135], "uv_size": [4, 3]},
								"south": {"uv": [60, 135], "uv_size": [10, 3]},
								"west": {"uv": [56, 135], "uv_size": [4, 3]},
								"up": {"uv": [46, 131], "uv_size": [10, 4]},
								"down": {"uv": [56, 135], "uv_size": [10, -4]}
							}
						},
						{
							"origin": [-5, 50.55658, -7.01722],
							"size": [10, 5, 5],
							"pivot": [0, 53.55658, -2.01722],
							"rotation": [10, 0, 0],
							"uv": {
								"north": {"uv": [47, 144], "uv_size": [10, 5]},
								"east": {"uv": [42, 144], "uv_size": [5, 5]},
								"south": {"uv": [62, 144], "uv_size": [10, 5]},
								"west": {"uv": [57, 144], "uv_size": [5, 5]},
								"up": {"uv": [47, 139], "uv_size": [10, 5]},
								"down": {"uv": [57, 144], "uv_size": [10, -5]}
							}
						}
					]
				},
				{
					"name": "upper_mouth",
					"parent": "mouth",
					"pivot": [0, 52.58158, -1.99222],
					"cubes": [
						{
							"origin": [-4, 53.05658, -7.01722],
							"size": [8, 2, 0],
							"pivot": [0, 53.55658, -2.01722],
							"rotation": [10, 0, 0],
							"uv": {
								"north": {"uv": [0, 142], "uv_size": [8, 2]},
								"east": {"uv": [0, 142], "uv_size": [0, 2]},
								"south": {"uv": [8, 142], "uv_size": [8, 2]},
								"west": {"uv": [8, 142], "uv_size": [0, 2]},
								"up": {"uv": [0, 142], "uv_size": [8, 0]},
								"down": {"uv": [8, 142], "uv_size": [8, 0]}
							}
						}
					]
				},
				{
					"name": "lower_mouth2",
					"parent": "mouth",
					"pivot": [0, 52.58158, -1.99222],
					"cubes": [
						{
							"origin": [-4, 51.05658, -7.01722],
							"size": [8, 2, 0],
							"pivot": [0, 53.55658, -2.01722],
							"rotation": [10, 0, 0],
							"uv": {
								"north": {"uv": [0, 144], "uv_size": [8, -2]},
								"east": {"uv": [0, 142], "uv_size": [0, 2]},
								"south": {"uv": [8, 142], "uv_size": [8, 2]},
								"west": {"uv": [8, 142], "uv_size": [0, 2]},
								"up": {"uv": [0, 142], "uv_size": [8, 0]},
								"down": {"uv": [8, 142], "uv_size": [8, 0]}
							}
						}
					]
				},
				{
					"name": "teeth",
					"parent": "head",
					"pivot": [0, 52.55658, -3.01722]
				},
				{
					"name": "upper",
					"parent": "teeth",
					"pivot": [0, 53.05658, -2.01722],
					"cubes": [
						{
							"origin": [-3, 52.86015, -6.2625],
							"size": [6, 2, 4],
							"pivot": [0, 53.86015, -4.2625],
							"rotation": [-170, 0, 0],
							"uv": {
								"north": {"uv": [39, 60], "uv_size": [6, 2]},
								"east": {"uv": [35, 60], "uv_size": [4, 2]},
								"south": {"uv": [49, 60], "uv_size": [6, 2]},
								"west": {"uv": [45, 60], "uv_size": [4, 2]},
								"up": {"uv": [39, 56], "uv_size": [6, 4]},
								"down": {"uv": [45, 60], "uv_size": [6, -4]}
							}
						}
					]
				},
				{
					"name": "lower",
					"parent": "teeth",
					"pivot": [0, 53.20658, -2.01722],
					"cubes": [
						{
							"origin": [-3, 50.89053, -5.9152],
							"size": [6, 2, 4],
							"pivot": [0, 51.89053, -3.9152],
							"rotation": [170, 0, 180],
							"uv": {
								"north": {"uv": [39, 60], "uv_size": [6, 2]},
								"east": {"uv": [35, 60], "uv_size": [4, 2]},
								"south": {"uv": [49, 60], "uv_size": [6, 2]},
								"west": {"uv": [45, 60], "uv_size": [4, 2]},
								"up": {"uv": [39, 56], "uv_size": [6, 4]},
								"down": {"uv": [45, 60], "uv_size": [6, -4]}
							}
						}
					]
				},
				{
					"name": "headphones",
					"parent": "head",
					"pivot": [0, 21.55658, -2.01722],
					"cubes": [
						{"origin": [5, 52.55658, -7.01722], "size": [2, 5, 5], "pivot": [0, 52.55658, -3.01722], "rotation": [-35, 0, 0], "uv": [126, 80]},
						{"origin": [-7, 52.55658, -7.01722], "size": [2, 5, 5], "pivot": [0, 52.55658, -3.01722], "rotation": [-35, 0, 0], "uv": [126, 80], "mirror": true},
						{"origin": [-6, 56.55658, -3.51722], "size": [12, 6, 2], "pivot": [0, 52.55658, -3.01722], "rotation": [10, 0, 0], "uv": [125, 107]}
					]
				},
				{
					"name": "rocket",
					"parent": "toilet",
					"pivot": [0, 32.61551, 10.92191],
					"cubes": [
						{"origin": [-9, 36, 10], "size": [1, 7, 2], "inflate": 0.3, "uv": [0, 209]},
						{"origin": [-12.9, 32, 9], "size": [4, 15, 4], "inflate": 0.3, "uv": [0, 237]},
						{"origin": [-12.9, 27, 9], "size": [4, 15, 4], "uv": [0, 237]},
						{"origin": [-12.9, 25, 9], "size": [4, 3, 4], "inflate": 0.6, "uv": [53, 246]},
						{"origin": [-12.9, 21.75, 9], "size": [4, 3, 4], "inflate": 0.3, "uv": [39, 249]},
						{"origin": [-12.9, 46, 9], "size": [4, 3, 4], "inflate": 0.7, "uv": [20, 249]},
						{"origin": [8.9, 32, 9], "size": [4, 15, 4], "inflate": 0.3, "uv": [0, 237], "mirror": true},
						{"origin": [8.9, 46, 9], "size": [4, 3, 4], "inflate": 0.7, "uv": [20, 249], "mirror": true},
						{"origin": [8.9, 21.75, 9], "size": [4, 3, 4], "inflate": 0.3, "uv": [39, 249], "mirror": true},
						{"origin": [8.9, 25, 9], "size": [4, 3, 4], "inflate": 0.6, "uv": [53, 246], "mirror": true},
						{"origin": [8.9, 27, 9], "size": [4, 15, 4], "uv": [0, 237], "mirror": true},
						{"origin": [8, 37, 10], "size": [1, 7, 2], "inflate": 0.3, "uv": [0, 209], "mirror": true}
					],
					"locators": {
						"thrust": {
							"offset": [-11, 24, 11],
							"rotation": [180, 0, 0]
						},
						"thrust2": {
							"offset": [11, 24, 11],
							"rotation": [180, 0, 0]
						}
					}
				},
				{
					"name": "left_leg",
					"parent": "root",
					"pivot": [4, 20, -0.5],
					"cubes": [
						{"origin": [1, 11, -2.5], "size": [5, 10, 5], "uv": [188, 204]},
						{"origin": [0.25, 11, -2.5], "size": [6, 10, 5], "inflate": 0.2, "uv": [166, 209]}
					]
				},
				{
					"name": "left_leg2",
					"parent": "left_leg",
					"pivot": [3.5, 11, -0.5],
					"cubes": [
						{"origin": [1, 0, -2.5], "size": [5, 11, 5], "uv": [148, 209]}
					]
				},
				{
					"name": "right_leg",
					"parent": "root",
					"pivot": [-4, 20, -0.5],
					"cubes": [
						{"origin": [-6, 11, -2.5], "size": [5, 10, 5], "uv": [188, 204], "mirror": true},
						{"origin": [-6.25, 11, -2.5], "size": [6, 10, 5], "inflate": 0.2, "uv": [166, 209], "mirror": true}
					]
				},
				{
					"name": "right_leg2",
					"parent": "right_leg",
					"pivot": [-3.5, 11, -0.5],
					"cubes": [
						{"origin": [-6, 0, -2.5], "size": [5, 11, 5], "uv": [148, 209], "mirror": true}
					]
				}
			]
		}
	]
}