{
	"format_version": "1.12.0",
	"minecraft:geometry": [
		{
			"description": {
				"identifier": "geometry.unknown",
				"texture_width": 48,
				"texture_height": 48,
				"visible_bounds_width": 3,
				"visible_bounds_height": 3.5,
				"visible_bounds_offset": [0, 1.25, 0]
			},
			"bones": [
				{
					"name": "root",
					"pivot": [0, 0, 0]
				},
				{
					"name": "base",
					"parent": "root",
					"pivot": [0, 0, 0]
				},
				{
					"name": "static",
					"parent": "base",
					"pivot": [0, 0, 0],
					"cubes": [
						{"origin": [-5, 0, -4], "size": [10, 1, 7], "pivot": [0, 0, 0], "rotation": [0, -90, 0], "uv": [0, 8]},
						{"origin": [-5, 4, -3], "size": [10, 1, 5], "pivot": [0, 0, 0], "rotation": [0, -90, 0], "uv": [2, 2]},
						{"origin": [-5, 5, 2], "size": [9, 1, 1], "pivot": [0, 0, 0], "rotation": [0, -90, 0], "uv": [27, 2]},
						{"origin": [-5, 5, -4], "size": [9, 1, 1], "pivot": [0, 0, 0], "rotation": [0, -90, 0], "uv": [27, 0]},
						{"origin": [4, 5, -4], "size": [2, 8, 7], "pivot": [0, 0, 0], "rotation": [0, -90, 0], "uv": [19, 17]},
						{"origin": [-4, 1, -3], "size": [8, 3, 5], "pivot": [0, 0, 0], "rotation": [0, -90, 0], "uv": [0, 16]},
						{"origin": [-6, 5, -3], "size": [2, 1, 5], "pivot": [0, 0, 0], "rotation": [0, -90, 0], "uv": [27, 8]}
					]
				},
				{
					"name": "flush",
					"parent": "base",
					"pivot": [-3, 11.5, 4.5],
					"cubes": [
						{"origin": [4.5, 13, -1], "size": [1, 1, 1], "pivot": [0, 0, 0], "rotation": [0, -90, 0], "uv": [0, 0]}
					]
				},
				{
					"name": "pipe1",
					"parent": "base",
					"pivot": [0.5, 4, 0.5]
				},
				{
					"name": "pipe2",
					"parent": "pipe1",
					"pivot": [0.5, 6, 0.5],
					"cubes": [
						{"origin": [-1.5, 5, -0.5], "size": [2, 5, 2], "pivot": [0, 7, 1], "rotation": [0, -90, 0], "uv": [-1, 42]}
					]
				},
				{
					"name": "head",
					"parent": "pipe2",
					"pivot": [0.5, 6.5, 0.5],
					"cubes": [
						{"origin": [-1.5, 9.5, -1.5], "size": [4, 4, 4], "uv": [16, 40]}
					]
				},
				{
					"name": "lead",
					"parent": "base",
					"pivot": [0.5, 6, 3.5],
					"cubes": [
						{"origin": [-1, 6, 1], "size": [1, 8, 5], "pivot": [0, 6, 4], "rotation": [89.99999, -90, -89.99999], "uv": [0, 24]}
					]
				}
			]
		}
	]
}