{
	"format_version": "1.12.0",
	"minecraft:geometry": [
		{
			"description": {
				"identifier": "geometry.ic_st_small_claw",
				"texture_width": 256,
				"texture_height": 256,
				"visible_bounds_width": 6,
				"visible_bounds_height": 5.5,
				"visible_bounds_offset": [0, 2.25, 0]
			},
			"bones": [
				{
					"name": "root",
					"pivot": [0, 0, 0]
				},
				{
					"name": "toilet",
					"parent": "root",
					"pivot": [0, 14, 0],
					"cubes": [
						{"origin": [-5, 16, -5], "size": [10, 7, 10], "uv": [0, 72]},
						{"origin": [-6, 14, -6], "size": [12, 4, 12], "uv": [48, 57]},
						{"origin": [-7, 23, -7], "size": [14, 3, 14], "uv": [0, 37]},
						{"origin": [-9, 25, -7.5], "size": [9, 3, 15], "pivot": [0, 35, 0], "rotation": [0, 0, -77.5], "uv": [0, 54]},
						{"origin": [0, 25, -7.5], "size": [9, 3, 15], "pivot": [0, 35, 0], "rotation": [0, 0, 77.5], "uv": [0, 54], "mirror": true},
						{"origin": [-7.5, 25, -9], "size": [15, 3, 9], "pivot": [0, 35, 0], "rotation": [77.5, 0, 0], "uv": [58, 23]},
						{"origin": [-7.5, 25, 0], "size": [15, 3, 9], "pivot": [0, 35, 0], "rotation": [-77.5, 0, 0], "uv": [58, 11]},
						{"origin": [-4.5, 21, 2], "size": [9, 4, 8], "pivot": [0, 35, 0], "rotation": [-77.5, 0, 0], "uv": [124, 62]},
						{"origin": [-8, 31.16026, -9.29852], "size": [16, 4, 2], "pivot": [0, 33.16026, -8.29852], "rotation": [-90, 0, 0], "uv": [68, 0]},
						{"origin": [-8, 31.16026, 7.29852], "size": [16, 4, 2], "pivot": [0, 33.16026, 8.29852], "rotation": [90, 0, 0], "uv": [68, 0]},
						{"origin": [7.27352, 31.16026, -8], "size": [2, 4, 16], "pivot": [8.29852, 33.16026, 0], "rotation": [0, 0, -90], "uv": [24, 73]},
						{"origin": [-9.27352, 31.16026, -8], "size": [2, 4, 16], "pivot": [-8.29852, 33.16026, 0], "rotation": [0, 0, 90], "uv": [24, 73]}
					]
				},
				{
					"name": "lid1",
					"parent": "toilet",
					"pivot": [0, 35, 9],
					"cubes": [
						{"origin": [-8, 32.16026, -9.29852], "size": [16, 4, 1], "pivot": [0, 34.16026, -8.29852], "rotation": [-90, 0, 0], "uv": [97, 11]},
						{"origin": [-9.27352, 32.16026, -8], "size": [1, 4, 16], "pivot": [-8.29852, 34.16026, 0], "rotation": [0, 0, 90], "uv": [80, 57]},
						{"origin": [-8, 32.16026, 8.29852], "size": [16, 4, 1], "pivot": [0, 34.16026, 8.29852], "rotation": [90, 0, 0], "uv": [97, 11], "mirror": true},
						{"origin": [8.27352, 32.16026, -8], "size": [1, 4, 16], "pivot": [8.29852, 34.16026, 0], "rotation": [0, 0, -90], "uv": [80, 57]}
					]
				},
				{
					"name": "back",
					"parent": "toilet",
					"pivot": [0, 35, 11],
					"cubes": [
						{"origin": [-11.5, 31, 10], "size": [23, 20, 6], "uv": [0, 11]},
						{"origin": [-15, 50, 9], "size": [30, 3, 8], "uv": [0, 0]},
						{"origin": [8.77514, 32.3438, 9.975], "size": [5, 20, 6], "pivot": [2.42514, 43.1438, 13], "rotation": [0, 0, 7.5], "uv": [32, 93], "mirror": true},
						{"origin": [-13.77514, 32.3438, 9.975], "size": [5, 20, 6], "pivot": [-2.42514, 43.1438, 13], "rotation": [0, 0, -7.5], "uv": [32, 93]}
					]
				},
				{
					"name": "rocket",
					"parent": "back",
					"pivot": [0, 26.61551, 12.92191],
					"cubes": [
						{"origin": [14.15, 39, 11], "size": [4, 15, 4], "pivot": [15, 40.875, 13], "rotation": [0, 0, 7.5], "uv": [0, 237], "mirror": true},
						{"origin": [14.15, 53, 11], "size": [4, 3, 4], "inflate": 0.4, "pivot": [15, 40.875, 13], "rotation": [0, 0, 7.5], "uv": [20, 249], "mirror": true},
						{"origin": [14.15, 25.75, 11], "size": [4, 3, 4], "pivot": [15, 40.875, 13], "rotation": [0, 0, 7.5], "uv": [39, 249], "mirror": true},
						{"origin": [14.15, 29, 11], "size": [4, 3, 4], "inflate": 0.3, "pivot": [15, 40.875, 13], "rotation": [0, 0, 7.5], "uv": [53, 246], "mirror": true},
						{"origin": [14.15, 31, 11], "size": [4, 15, 4], "inflate": -0.3, "pivot": [15, 40.875, 13], "rotation": [0, 0, 7.5], "uv": [0, 237], "mirror": true},
						{"origin": [13.25, 35, 12], "size": [1, 7, 2], "pivot": [15, 40.875, 13], "rotation": [0, 0, 7.5], "uv": [0, 209], "mirror": true},
						{"origin": [13.25, 44, 12], "size": [1, 7, 2], "pivot": [15, 40.875, 13], "rotation": [0, 0, 7.5], "uv": [0, 209], "mirror": true},
						{"origin": [-18.15, 39, 11], "size": [4, 15, 4], "pivot": [-15, 40.875, 13], "rotation": [0, 0, -7.5], "uv": [0, 237]},
						{"origin": [-18.15, 53, 11], "size": [4, 3, 4], "inflate": 0.4, "pivot": [-15, 40.875, 13], "rotation": [0, 0, -7.5], "uv": [20, 249]},
						{"origin": [-18.15, 25.75, 11], "size": [4, 3, 4], "pivot": [-15, 40.875, 13], "rotation": [0, 0, -7.5], "uv": [39, 249]},
						{"origin": [-18.15, 29, 11], "size": [4, 3, 4], "inflate": 0.3, "pivot": [-15, 40.875, 13], "rotation": [0, 0, -7.5], "uv": [53, 246]},
						{"origin": [-14.25, 44, 12], "size": [1, 7, 2], "pivot": [-15, 40.875, 13], "rotation": [0, 0, -7.5], "uv": [0, 209]},
						{"origin": [-14.25, 35, 12], "size": [1, 7, 2], "pivot": [-15, 40.875, 13], "rotation": [0, 0, -7.5], "uv": [0, 209]},
						{"origin": [-18.15, 31, 11], "size": [4, 15, 4], "inflate": -0.3, "pivot": [-15, 40.875, 13], "rotation": [0, 0, -7.5], "uv": [0, 237]}
					],
					"locators": {
						"thrust2": {
							"offset": [14.13658, 27.26961, 13],
							"rotation": [180, 0, 7.5]
						},
						"thrust": {
							"offset": [-14.13658, 27.26961, 13],
							"rotation": [180, 0, -7.5]
						}
					}
				},
				{
					"name": "lid2",
					"parent": "toilet",
					"pivot": [0, 34, 10],
					"cubes": [
						{"origin": [-8, 37, 7], "size": [16, 14, 2], "uv": [74, 35]},
						{"origin": [-7, 51, 7], "size": [14, 3, 2], "uv": [44, 73]},
						{"origin": [-6, 54, 7], "size": [12, 3, 2], "uv": [44, 82]},
						{"origin": [-7, 35, 7], "size": [14, 2, 2], "uv": [44, 78]}
					]
				},
				{
					"name": "flush",
					"parent": "toilet",
					"pivot": [0, 53, 13],
					"cubes": [
						{"origin": [-1, 52, 12], "size": [2, 2, 2], "uv": [0, 0]}
					]
				},
				{
					"name": "neck",
					"parent": "toilet",
					"pivot": [0, 26, 5.675],
					"rotation": [15, 0, 0],
					"cubes": [
						{"origin": [-2.5, 23.34478, 1.52888], "size": [5, 10, 5], "pivot": [0, 29.49954, 0.84149], "rotation": [25, 0, 0], "uv": [77, 89]}
					]
				},
				{
					"name": "neck2",
					"parent": "neck",
					"pivot": [0, 33.55658, 1.98278],
					"rotation": [-27.5, 0, 0],
					"cubes": [
						{"origin": [-2.575, 30.72074, -2.62002], "size": [5, 10, 5], "pivot": [0, 37.87551, -3.30741], "rotation": [25, 0, 0], "uv": [56, 89]}
					]
				},
				{
					"name": "head",
					"parent": "neck2",
					"pivot": [0, 42.55658, -2.01722],
					"cubes": [
						{"origin": [-5, 40.55658, -7.01722], "size": [10, 11, 10], "pivot": [0, 43.55658, -2.01722], "rotation": [10, 0, 0], "uv": [0, 111]}
					]
				},
				{
					"name": "eyes",
					"parent": "head",
					"pivot": [0, 45.67209, -6.87575],
					"rotation": [10, 0, 0],
					"cubes": [
						{
							"origin": [-3.5, 44.79709, -7.87575],
							"size": [2.25, 1.75, 2],
							"uv": {
								"north": {"uv": [2, 43], "uv_size": [2, 2]},
								"east": {"uv": [0, 43], "uv_size": [2, 2]},
								"south": {"uv": [6, 43], "uv_size": [2, 2]},
								"west": {"uv": [4, 43], "uv_size": [2, 2]},
								"up": {"uv": [2, 41], "uv_size": [2, 2]},
								"down": {"uv": [4, 43], "uv_size": [2, -2]}
							}
						},
						{
							"origin": [1.25, 44.79709, -7.87575],
							"size": [2.25, 1.75, 2],
							"uv": {
								"north": {"uv": [4, 43], "uv_size": [-2, 2]},
								"east": {"uv": [6, 43], "uv_size": [-2, 2]},
								"south": {"uv": [8, 43], "uv_size": [-2, 2]},
								"west": {"uv": [2, 43], "uv_size": [-2, 2]},
								"up": {"uv": [4, 41], "uv_size": [-2, 2]},
								"down": {"uv": [6, 43], "uv_size": [-2, -2]}
							}
						}
					]
				},
				{
					"name": "pupils",
					"parent": "eyes",
					"pivot": [0, 45.67209, -6.87575]
				},
				{
					"name": "1",
					"parent": "pupils",
					"pivot": [0, 45.67209, -6.87575],
					"cubes": [
						{"origin": [-2.85, 45.17209, -8.12575], "size": [1, 1, 1], "uv": [0, 46]}
					]
				},
				{
					"name": "2",
					"parent": "pupils",
					"pivot": [0, 45.67209, -6.87575],
					"cubes": [
						{"origin": [1.85, 45.17209, -8.12575], "size": [1, 1, 1], "uv": [0, 46], "mirror": true}
					]
				},
				{
					"name": "mouth",
					"parent": "head",
					"pivot": [0, 42.58158, -1.99222],
					"cubes": [
						{
							"origin": [-4.975, 41.48158, -6.99222],
							"size": [9.9, 3.1, 4],
							"pivot": [0, 43.58158, -1.99222],
							"rotation": [10, 0, 0],
							"uv": {
								"north": {"uv": [46, 135], "uv_size": [10, 3]},
								"east": {"uv": [42, 135], "uv_size": [4, 3]},
								"south": {"uv": [60, 135], "uv_size": [10, 3]},
								"west": {"uv": [56, 135], "uv_size": [4, 3]},
								"up": {"uv": [46, 131], "uv_size": [10, 4]},
								"down": {"uv": [56, 135], "uv_size": [10, -4]}
							}
						},
						{
							"origin": [-5, 40.55658, -7.01722],
							"size": [10, 5, 5],
							"pivot": [0, 43.55658, -2.01722],
							"rotation": [10, 0, 0],
							"uv": {
								"north": {"uv": [47, 144], "uv_size": [10, 5]},
								"east": {"uv": [42, 144], "uv_size": [5, 5]},
								"south": {"uv": [62, 144], "uv_size": [10, 5]},
								"west": {"uv": [57, 144], "uv_size": [5, 5]},
								"up": {"uv": [47, 139], "uv_size": [10, 5]},
								"down": {"uv": [57, 144], "uv_size": [10, -5]}
							}
						}
					]
				},
				{
					"name": "upper_mouth",
					"parent": "mouth",
					"pivot": [0, 42.58158, -1.99222],
					"cubes": [
						{
							"origin": [-4, 43.05658, -7.01722],
							"size": [8, 2, 0],
							"pivot": [0, 43.55658, -2.01722],
							"rotation": [10, 0, 0],
							"uv": {
								"north": {"uv": [0, 142], "uv_size": [8, 2]},
								"east": {"uv": [0, 142], "uv_size": [0, 2]},
								"south": {"uv": [8, 142], "uv_size": [8, 2]},
								"west": {"uv": [8, 142], "uv_size": [0, 2]},
								"up": {"uv": [0, 142], "uv_size": [8, 0]},
								"down": {"uv": [8, 142], "uv_size": [8, 0]}
							}
						}
					]
				},
				{
					"name": "lower_mouth2",
					"parent": "mouth",
					"pivot": [0, 42.58158, -1.99222],
					"cubes": [
						{
							"origin": [-4, 41.05658, -7.01722],
							"size": [8, 2, 0],
							"pivot": [0, 43.55658, -2.01722],
							"rotation": [10, 0, 0],
							"uv": {
								"north": {"uv": [0, 144], "uv_size": [8, -2]},
								"east": {"uv": [0, 142], "uv_size": [0, 2]},
								"south": {"uv": [8, 142], "uv_size": [8, 2]},
								"west": {"uv": [8, 142], "uv_size": [0, 2]},
								"up": {"uv": [0, 142], "uv_size": [8, 0]},
								"down": {"uv": [8, 142], "uv_size": [8, 0]}
							}
						}
					]
				},
				{
					"name": "teeth",
					"parent": "head",
					"pivot": [0, 42.55658, -3.01722]
				},
				{
					"name": "upper",
					"parent": "teeth",
					"pivot": [0, 43.05658, -2.01722],
					"cubes": [
						{"origin": [-3, 42.86015, -6.2625], "size": [6, 2, 4], "pivot": [0, 43.86015, -4.2625], "rotation": [-170, 0, 0], "uv": [35, 56]}
					]
				},
				{
					"name": "lower",
					"parent": "teeth",
					"pivot": [0, 43.20658, -2.01722],
					"cubes": [
						{"origin": [-3, 40.89053, -5.9152], "size": [6, 2, 4], "pivot": [0, 41.89053, -3.9152], "rotation": [170, 0, 180], "uv": [35, 56]}
					]
				},
				{
					"name": "left_claw",
					"parent": "toilet",
					"pivot": [8, 35, -3],
					"rotation": [-90, 7.5, 0],
					"cubes": [
						{"origin": [7.79028, 36.19973, -4], "size": [20, 1, 2], "pivot": [1.79028, 36.19973, -3], "rotation": [2.34502, 0.48417, 14.86027], "uv": [105, 82]},
						{"origin": [17.79028, 36.94973, -3], "size": [5, 3, 0], "pivot": [1.79028, 36.19973, -3], "rotation": [2.34502, 0.48417, 14.86027], "uv": [108, 89]},
						{"origin": [12.15531, 31.32758, -3.002], "size": [5, 3, 0], "pivot": [8.65531, 32.82758, -3.002], "rotation": [2.3942, -0.03471, 27.34963], "uv": [108, 93]},
						{"origin": [25.85569, 25.04364, -3.12535], "size": [5, 3, 0], "pivot": [28.35569, 26.29364, -3.12535], "rotation": [1.5129, -1.85616, 77.32585], "uv": [108, 93]},
						{"origin": [10.79028, 35.19973, -4], "size": [20, 1, 2], "pivot": [1.79028, 36.19973, -3], "rotation": [2.50431, 0.75326, 14.88148], "uv": [105, 82]},
						{"origin": [15.79028, 35.69973, -5], "size": [3, 1, 2], "pivot": [1.79028, 36.19973, -3], "rotation": [2.50431, 0.75326, 14.88148], "uv": [105, 82]},
						{"origin": [30.29028, 33.19973, -4], "size": [1, 2, 2], "pivot": [1.79028, 36.19973, -3], "rotation": [2.50431, 0.75326, 14.88148], "uv": [160, 83]}
					]
				},
				{
					"name": "left_claw2",
					"parent": "left_claw",
					"pivot": [31.79028, 24.94973, -3],
					"rotation": [0, -20, 0],
					"cubes": [
						{"origin": [29.79028, 24.94973, -4.75], "size": [3, 2, 3], "pivot": [31.79028, 25.94973, -3], "rotation": [0, 0, 25], "uv": [126, 87]},
						{"origin": [31.99739, 24.44973, -3.75], "size": [1, 3, 1], "inflate": -0.1, "pivot": [32.49739, 25.94973, -3.25], "rotation": [0, 0, 65], "uv": [150, 105]},
						{"origin": [29.99739, 27.19973, -3.75], "size": [4, 1, 1], "inflate": 0.1, "pivot": [32.49739, 25.94973, -3.25], "rotation": [0, 0, 72.5], "uv": [142, 89]},
						{"origin": [28.49739, 27.19973, -3.25], "size": [8, 2, 0], "pivot": [32.49739, 25.94973, -3.25], "rotation": [0, 0, 72.5], "uv": [144, 96]},
						{"origin": [31.29028, 25.44973, -5.75], "size": [1, 1, 3], "pivot": [31.79028, 25.94973, -3], "rotation": [0, 0, 45], "uv": [126, 87]},
						{"origin": [31.04028, 4.99973, -4.25], "size": [2, 18, 0], "uv": [119, 143]},
						{"origin": [30.79028, 21.19973, -3.75], "size": [1, 4, 1], "uv": [117, 101]},
						{"origin": [30.24028, 20.19973, -4.35], "size": [2, 2, 2], "uv": [84, 83]},
						{"origin": [31.04028, 4.99973, -2.45], "size": [2, 18, 0], "uv": [119, 143]}
					]
				},
				{
					"name": "right_claw",
					"parent": "toilet",
					"pivot": [-8, 35, -3],
					"rotation": [-90, -7.5, 0],
					"cubes": [
						{"origin": [-27.79028, 36.19973, -4], "size": [20, 1, 2], "pivot": [-1.79028, 36.19973, -3], "rotation": [2.34502, -0.48417, -14.86027], "uv": [105, 82], "mirror": true},
						{"origin": [-22.79028, 36.94973, -3], "size": [5, 3, 0], "pivot": [-1.79028, 36.19973, -3], "rotation": [2.34502, -0.48417, -14.86027], "uv": [108, 89], "mirror": true},
						{"origin": [-17.15531, 31.32758, -3.002], "size": [5, 3, 0], "pivot": [-8.65531, 32.82758, -3.002], "rotation": [2.3942, 0.03471, -27.34963], "uv": [108, 93], "mirror": true},
						{"origin": [-30.85569, 25.04364, -3.12535], "size": [5, 3, 0], "pivot": [-28.35569, 26.29364, -3.12535], "rotation": [1.5129, 1.85616, -77.32585], "uv": [108, 93], "mirror": true},
						{"origin": [-30.79028, 35.19973, -4], "size": [20, 1, 2], "pivot": [-1.79028, 36.19973, -3], "rotation": [2.50431, -0.75326, -14.88148], "uv": [105, 82], "mirror": true},
						{"origin": [-18.79028, 35.69973, -5], "size": [3, 1, 2], "pivot": [-1.79028, 36.19973, -3], "rotation": [2.50431, -0.75326, -14.88148], "uv": [105, 82], "mirror": true},
						{"origin": [-31.29028, 33.19973, -4], "size": [1, 2, 2], "pivot": [-1.79028, 36.19973, -3], "rotation": [2.50431, -0.75326, -14.88148], "uv": [160, 83], "mirror": true}
					]
				},
				{
					"name": "right_claw2",
					"parent": "right_claw",
					"pivot": [-31.79028, 24.94973, -3],
					"rotation": [0, 20, 0],
					"cubes": [
						{"origin": [-32.79028, 24.94973, -4.75], "size": [3, 2, 3], "pivot": [-31.79028, 25.94973, -3], "rotation": [0, 0, -25], "uv": [126, 87], "mirror": true},
						{"origin": [-32.99739, 24.44973, -3.75], "size": [1, 3, 1], "inflate": -0.1, "pivot": [-32.49739, 25.94973, -3.25], "rotation": [0, 0, -65], "uv": [150, 105], "mirror": true},
						{"origin": [-33.99739, 27.19973, -3.75], "size": [4, 1, 1], "inflate": 0.1, "pivot": [-32.49739, 25.94973, -3.25], "rotation": [0, 0, -72.5], "uv": [142, 89], "mirror": true},
						{"origin": [-36.49739, 27.19973, -3.25], "size": [8, 2, 0], "pivot": [-32.49739, 25.94973, -3.25], "rotation": [0, 0, -72.5], "uv": [144, 96], "mirror": true},
						{"origin": [-32.29028, 25.44973, -5.75], "size": [1, 1, 3], "pivot": [-31.79028, 25.94973, -3], "rotation": [0, 0, -45], "uv": [126, 87], "mirror": true},
						{"origin": [-33.04028, 4.99973, -4.25], "size": [2, 18, 0], "uv": [119, 143], "mirror": true},
						{"origin": [-31.79028, 21.19973, -3.75], "size": [1, 4, 1], "uv": [117, 101], "mirror": true},
						{"origin": [-32.24028, 20.19973, -4.35], "size": [2, 2, 2], "uv": [84, 83], "mirror": true},
						{"origin": [-33.04028, 4.99973, -2.45], "size": [2, 18, 0], "uv": [119, 143], "mirror": true}
					]
				},
				{
					"name": "left_front_leg",
					"parent": "root",
					"pivot": [8, 32, -4],
					"rotation": [0, 20, 0],
					"cubes": [
						{"origin": [18.6175, 33.75, -3.83072], "size": [5, 3, 0], "pivot": [2.6175, 33, -3.83072], "rotation": [2.36389, 0.38145, 17.35823], "uv": [108, 89]},
						{"origin": [11.98253, 28.12785, -3.83272], "size": [5, 3, 0], "pivot": [9.48253, 29.62785, -3.83272], "rotation": [2.3942, -0.03471, 27.34963], "uv": [108, 93]},
						{"origin": [26.68291, 21.84391, -3.95607], "size": [5, 3, 0], "pivot": [29.18291, 23.09391, -3.95607], "rotation": [1.5129, -1.85616, 77.32585], "uv": [108, 93]},
						{"origin": [10.6175, 32, -4.83072], "size": [20, 1, 2], "pivot": [2.6175, 33, -3.83072], "rotation": [2.53476, 0.64334, 17.37925], "uv": [105, 82]},
						{"origin": [7.6175, 33, -4.83072], "size": [20, 1, 2], "pivot": [2.6175, 33, -3.83072], "rotation": [2.53476, 0.64334, 17.37925], "uv": [105, 82]},
						{"origin": [31.1175, 30, -4.83072], "size": [1, 2, 2], "pivot": [2.6175, 33, -3.83072], "rotation": [2.50431, 0.75326, 14.88148], "uv": [160, 83]}
					]
				},
				{
					"name": "left_front_leg2",
					"parent": "left_front_leg",
					"pivot": [29.6175, 21.75, -3.83072],
					"rotation": [0, -20, 0],
					"cubes": [
						{"origin": [27.6175, 21.75, -5.58072], "size": [3, 2, 3], "pivot": [29.6175, 22.75, -3.83072], "rotation": [0, 0, 25], "uv": [126, 87]},
						{"origin": [29.82461, 21.25, -4.58072], "size": [1, 3, 1], "inflate": -0.1, "pivot": [30.32461, 22.75, -4.08072], "rotation": [0, 0, 65], "uv": [150, 105]},
						{"origin": [27.82461, 24, -4.58072], "size": [4, 1, 1], "inflate": 0.1, "pivot": [30.32461, 22.75, -4.08072], "rotation": [0, 0, 72.5], "uv": [142, 89]},
						{"origin": [26.32461, 24, -4.08072], "size": [8, 2, 0], "pivot": [30.32461, 22.75, -4.08072], "rotation": [0, 0, 72.5], "uv": [144, 96]},
						{"origin": [29.1175, 22.25, -6.58072], "size": [1, 1, 3], "pivot": [29.6175, 22.75, -3.83072], "rotation": [0, 0, 45], "uv": [126, 87]},
						{"origin": [28.6175, 9, -4.58072], "size": [1, 13, 1], "uv": [117, 101]},
						{"origin": [28.8675, 0, -4.08072], "size": [2, 22, 0], "uv": [125, 102]}
					]
				},
				{
					"name": "left_back_leg",
					"parent": "root",
					"pivot": [8, 32, 4],
					"rotation": [0, -20, 0],
					"cubes": [
						{"origin": [18.6175, 33.75, 3.83072], "size": [5, 3, 0], "pivot": [2.6175, 33, 3.83072], "rotation": [-2.36389, -0.38145, 17.35823], "uv": [108, 89]},
						{"origin": [11.98253, 28.12785, 3.83272], "size": [5, 3, 0], "pivot": [9.48253, 29.62785, 3.83272], "rotation": [-2.3942, 0.03471, 27.34963], "uv": [108, 93]},
						{"origin": [26.68291, 21.84391, 3.95607], "size": [5, 3, 0], "pivot": [29.18291, 23.09391, 3.95607], "rotation": [-1.5129, 1.85616, 77.32585], "uv": [108, 93]},
						{"origin": [10.6175, 32, 2.83072], "size": [20, 1, 2], "pivot": [2.6175, 33, 3.83072], "rotation": [-2.53476, -0.64334, 17.37925], "uv": [105, 82]},
						{"origin": [7.6175, 33, 2.83072], "size": [20, 1, 2], "pivot": [2.6175, 33, 3.83072], "rotation": [-2.53476, -0.64334, 17.37925], "uv": [105, 82]},
						{"origin": [31.1175, 30, 2.83072], "size": [1, 2, 2], "pivot": [2.6175, 33, 3.83072], "rotation": [-2.50431, -0.75326, 14.88148], "uv": [160, 83]}
					]
				},
				{
					"name": "left_back_leg2",
					"parent": "left_back_leg",
					"pivot": [29.6175, 21.75, 3.83072],
					"rotation": [0, 20, 0],
					"cubes": [
						{"origin": [27.6175, 21.75, 2.58072], "size": [3, 2, 3], "pivot": [29.6175, 22.75, 3.83072], "rotation": [0, 0, 25], "uv": [126, 87]},
						{"origin": [29.82461, 21.25, 3.58072], "size": [1, 3, 1], "inflate": -0.1, "pivot": [30.32461, 22.75, 4.08072], "rotation": [0, 0, 65], "uv": [150, 105]},
						{"origin": [27.82461, 24, 3.58072], "size": [4, 1, 1], "inflate": 0.1, "pivot": [30.32461, 22.75, 4.08072], "rotation": [0, 0, 72.5], "uv": [142, 89]},
						{"origin": [26.32461, 24, 4.08072], "size": [8, 2, 0], "pivot": [30.32461, 22.75, 4.08072], "rotation": [0, 0, 72.5], "uv": [144, 96]},
						{"origin": [29.1175, 22.25, 3.58072], "size": [1, 1, 3], "pivot": [29.6175, 22.75, 3.83072], "rotation": [0, 0, 45], "uv": [126, 87]},
						{"origin": [28.6175, 9, 3.58072], "size": [1, 13, 1], "uv": [117, 101]},
						{"origin": [28.8675, 0, 4.08072], "size": [2, 22, 0], "uv": [125, 102]}
					]
				},
				{
					"name": "right_front_leg",
					"parent": "root",
					"pivot": [-8, 32, -4],
					"rotation": [0, -20, 0],
					"cubes": [
						{"origin": [-23.6175, 33.75, -3.83072], "size": [5, 3, 0], "pivot": [-2.6175, 33, -3.83072], "rotation": [2.36389, -0.38145, -17.35823], "uv": [108, 89], "mirror": true},
						{"origin": [-16.98253, 28.12785, -3.83272], "size": [5, 3, 0], "pivot": [-9.48253, 29.62785, -3.83272], "rotation": [2.3942, 0.03471, -27.34963], "uv": [108, 93], "mirror": true},
						{"origin": [-31.68291, 21.84391, -3.95607], "size": [5, 3, 0], "pivot": [-29.18291, 23.09391, -3.95607], "rotation": [1.5129, 1.85616, -77.32585], "uv": [108, 93], "mirror": true},
						{"origin": [-30.6175, 32, -4.83072], "size": [20, 1, 2], "pivot": [-2.6175, 33, -3.83072], "rotation": [2.53476, -0.64334, -17.37925], "uv": [105, 82], "mirror": true},
						{"origin": [-27.6175, 33, -4.83072], "size": [20, 1, 2], "pivot": [-2.6175, 33, -3.83072], "rotation": [2.53476, -0.64334, -17.37925], "uv": [105, 82], "mirror": true},
						{"origin": [-32.1175, 30, -4.83072], "size": [1, 2, 2], "pivot": [-2.6175, 33, -3.83072], "rotation": [2.50431, -0.75326, -14.88148], "uv": [160, 83], "mirror": true}
					]
				},
				{
					"name": "right_front_leg2",
					"parent": "right_front_leg",
					"pivot": [-29.6175, 21.75, -3.83072],
					"rotation": [0, 20, 0],
					"cubes": [
						{"origin": [-30.6175, 21.75, -5.58072], "size": [3, 2, 3], "pivot": [-29.6175, 22.75, -3.83072], "rotation": [0, 0, -25], "uv": [126, 87], "mirror": true},
						{"origin": [-30.82461, 21.25, -4.58072], "size": [1, 3, 1], "inflate": -0.1, "pivot": [-30.32461, 22.75, -4.08072], "rotation": [0, 0, -65], "uv": [150, 105], "mirror": true},
						{"origin": [-31.82461, 24, -4.58072], "size": [4, 1, 1], "inflate": 0.1, "pivot": [-30.32461, 22.75, -4.08072], "rotation": [0, 0, -72.5], "uv": [142, 89], "mirror": true},
						{"origin": [-34.32461, 24, -4.08072], "size": [8, 2, 0], "pivot": [-30.32461, 22.75, -4.08072], "rotation": [0, 0, -72.5], "uv": [144, 96], "mirror": true},
						{"origin": [-30.1175, 22.25, -6.58072], "size": [1, 1, 3], "pivot": [-29.6175, 22.75, -3.83072], "rotation": [0, 0, -45], "uv": [126, 87], "mirror": true},
						{"origin": [-29.6175, 9, -4.58072], "size": [1, 13, 1], "uv": [117, 101], "mirror": true},
						{"origin": [-30.8675, 0, -4.08072], "size": [2, 22, 0], "uv": [125, 102], "mirror": true}
					]
				},
				{
					"name": "right_back_leg",
					"parent": "root",
					"pivot": [-8, 32, 4],
					"rotation": [0, 20, 0],
					"cubes": [
						{"origin": [-23.6175, 33.75, 3.83072], "size": [5, 3, 0], "pivot": [-2.6175, 33, 3.83072], "rotation": [-2.36389, 0.38145, -17.35823], "uv": [108, 89], "mirror": true},
						{"origin": [-16.98253, 28.12785, 3.83272], "size": [5, 3, 0], "pivot": [-9.48253, 29.62785, 3.83272], "rotation": [-2.3942, -0.03471, -27.34963], "uv": [108, 93], "mirror": true},
						{"origin": [-31.68291, 21.84391, 3.95607], "size": [5, 3, 0], "pivot": [-29.18291, 23.09391, 3.95607], "rotation": [-1.5129, -1.85616, -77.32585], "uv": [108, 93], "mirror": true},
						{"origin": [-30.6175, 32, 2.83072], "size": [20, 1, 2], "pivot": [-2.6175, 33, 3.83072], "rotation": [-2.53476, 0.64334, -17.37925], "uv": [105, 82], "mirror": true},
						{"origin": [-27.6175, 33, 2.83072], "size": [20, 1, 2], "pivot": [-2.6175, 33, 3.83072], "rotation": [-2.53476, 0.64334, -17.37925], "uv": [105, 82], "mirror": true},
						{"origin": [-32.1175, 30, 2.83072], "size": [1, 2, 2], "pivot": [-2.6175, 33, 3.83072], "rotation": [-2.50431, 0.75326, -14.88148], "uv": [160, 83], "mirror": true}
					]
				},
				{
					"name": "right_back_leg2",
					"parent": "right_back_leg",
					"pivot": [-29.6175, 21.75, 3.83072],
					"rotation": [0, -20, 0],
					"cubes": [
						{"origin": [-30.6175, 21.75, 2.58072], "size": [3, 2, 3], "pivot": [-29.6175, 22.75, 3.83072], "rotation": [0, 0, -25], "uv": [126, 87], "mirror": true},
						{"origin": [-30.82461, 21.25, 3.58072], "size": [1, 3, 1], "inflate": -0.1, "pivot": [-30.32461, 22.75, 4.08072], "rotation": [0, 0, -65], "uv": [150, 105], "mirror": true},
						{"origin": [-31.82461, 24, 3.58072], "size": [4, 1, 1], "inflate": 0.1, "pivot": [-30.32461, 22.75, 4.08072], "rotation": [0, 0, -72.5], "uv": [142, 89], "mirror": true},
						{"origin": [-34.32461, 24, 4.08072], "size": [8, 2, 0], "pivot": [-30.32461, 22.75, 4.08072], "rotation": [0, 0, -72.5], "uv": [144, 96], "mirror": true},
						{"origin": [-30.1175, 22.25, 3.58072], "size": [1, 1, 3], "pivot": [-29.6175, 22.75, 3.83072], "rotation": [0, 0, -45], "uv": [126, 87], "mirror": true},
						{"origin": [-29.6175, 9, 3.58072], "size": [1, 13, 1], "uv": [117, 101], "mirror": true},
						{"origin": [-30.8675, 0, 4.08072], "size": [2, 22, 0], "uv": [125, 102], "mirror": true}
					]
				}
			]
		}
	]
}