{
	"format_version": "1.8.0",
	"animations": {
		"animation.skibidi.target": {
			"loop": true,
			"animation_length": 1.0417,
			"anim_time_update": "query.anim_time + query.delta_time * 1.0",
			"bones": {
				"mouth": {
					"scale": {
						"0.0": {
							"post": [1, 1, 1],
							"lerp_mode": "catmullrom"
						},
						"0.1667": {
							"post": [1.2, 1, 1],
							"lerp_mode": "catmullrom"
						},
						"0.2917": {
							"post": [1.2, 1, 1],
							"lerp_mode": "catmullrom"
						},
						"0.375": {
							"post": [1.2, 1.2, 1],
							"lerp_mode": "catmullrom"
						},
						"0.5": {
							"post": [1.2, 1.2, 1],
							"lerp_mode": "catmullrom"
						},
						"0.5833": {
							"post": [1, 1, 1],
							"lerp_mode": "catmullrom"
						},
						"0.6667": {
							"post": [1.2, 1.2, 1],
							"lerp_mode": "catmullrom"
						},
						"0.75": {
							"post": [1.2, 1, 1],
							"lerp_mode": "catmullrom"
						},
						"0.8333": {
							"post": [1.2, 1.2, 1],
							"lerp_mode": "catmullrom"
						},
						"0.9583": {
							"post": [1.2, 1.2, 1],
							"lerp_mode": "catmullrom"
						},
						"1.0417": {
							"post": [1, 1, 1],
							"lerp_mode": "catmullrom"
						}
					}
				},
				"upper_mouth": {
					"scale": 0
				},
				"upper": {
					"rotation": {
						"0.0": {
							"post": [0, 0, 0],
							"lerp_mode": "catmullrom"
						},
						"0.1667": {
							"post": [0, 0, 0],
							"lerp_mode": "catmullrom"
						},
						"0.2917": {
							"post": [0, 0, 0],
							"lerp_mode": "catmullrom"
						},
						"0.375": {
							"post": [-10, 0, 0],
							"lerp_mode": "catmullrom"
						},
						"0.5": {
							"post": [-10, 0, 0],
							"lerp_mode": "catmullrom"
						},
						"0.5833": {
							"post": [0, 0, 0],
							"lerp_mode": "catmullrom"
						},
						"0.6667": {
							"post": [-10, 0, 0],
							"lerp_mode": "catmullrom"
						},
						"0.75": {
							"post": [-10, 0, 0],
							"lerp_mode": "catmullrom"
						},
						"0.8333": {
							"post": [0, 0, 0],
							"lerp_mode": "catmullrom"
						},
						"0.9167": {
							"post": [-10, 0, 0],
							"lerp_mode": "catmullrom"
						},
						"1.0417": {
							"post": [0, 0, 0],
							"lerp_mode": "catmullrom"
						}
					}
				},
				"lower": {
					"rotation": {
						"0.0": {
							"post": [0, 0, 0],
							"lerp_mode": "catmullrom"
						},
						"0.1667": {
							"post": [0, 0, 0],
							"lerp_mode": "catmullrom"
						},
						"0.2917": {
							"post": [0, 0, 0],
							"lerp_mode": "catmullrom"
						},
						"0.375": {
							"post": [10, 0, 0],
							"lerp_mode": "catmullrom"
						},
						"0.5": {
							"post": [10, 0, 0],
							"lerp_mode": "catmullrom"
						},
						"0.5833": {
							"post": [0, 0, 0],
							"lerp_mode": "catmullrom"
						},
						"0.6667": {
							"post": [10, 0, 0],
							"lerp_mode": "catmullrom"
						},
						"0.75": {
							"post": [10, 0, 0],
							"lerp_mode": "catmullrom"
						},
						"0.8333": {
							"post": [0, 0, 0],
							"lerp_mode": "catmullrom"
						},
						"0.9167": {
							"post": [10, 0, 0],
							"lerp_mode": "catmullrom"
						},
						"1.0417": {
							"post": [0, 0, 0],
							"lerp_mode": "catmullrom"
						}
					}
				}
			},
			"sound_effects": {
				"0.0": {
					"effect": "chase"
				}
			}
		},
		"animation.skibidi.idle": {
			"loop": true,
			"animation_length": 0.5,
			"bones": {
				"neck2": {
					"position": {
						"0.0": [-0.25, 0, 0],
						"0.0833": [0.25, 0, 0],
						"0.1667": [-0.25, 0, 0],
						"0.25": [0.25, 0, 0],
						"0.3333": [-0.25, 0, 0],
						"0.4167": [0.25, 0, 0],
						"0.5": [-0.25, 0, 0]
					}
				}
			}
		},
		"animation.spider_skibidi.look_at_target": {
			"loop": true,
			"bones": {
				"head": {
					"rotation": ["query.target_x_rotation * 0.7", "query.target_y_rotation * 0.7", "query.target_y_rotation * 0.05"]
				},
				"neck2": {
					"rotation": ["query.target_x_rotation * 0.2", "query.target_y_rotation * 0.2", 0]
				},
				"toilet": {
					"rotation": ["query.target_x_rotation * 0.15", "query.target_y_rotation * 0.15", "query.target_y_rotation * 0.05"]
				}
			}
		},
		"animation.ic_skibidi_claw.idle": {
			"loop": true,
			"animation_length": 4,
			"bones": {
				"toilet": {
					"rotation": {
						"0.0": {
							"post": [-2.5, 0, 0],
							"lerp_mode": "catmullrom"
						},
						"2.0": {
							"post": [0, 0, 0],
							"lerp_mode": "catmullrom"
						},
						"4.0": {
							"post": [-2.5, 0, 0],
							"lerp_mode": "catmullrom"
						}
					},
					"position": {
						"0.0": {
							"post": [0, 0, 0],
							"lerp_mode": "catmullrom"
						},
						"2.0": {
							"post": [0, -0.5, 0],
							"lerp_mode": "catmullrom"
						},
						"4.0": {
							"post": [0, 0, 0],
							"lerp_mode": "catmullrom"
						}
					}
				},
				"left_claw": {
					"rotation": {
						"0.0": {
							"post": [30.3389, 15.545, 2.48402],
							"lerp_mode": "catmullrom"
						},
						"2.0833": {
							"post": [15.00929, 5.60904, -1.20507],
							"lerp_mode": "catmullrom"
						},
						"4.0": {
							"post": [30.3389, 15.545, 2.48402],
							"lerp_mode": "catmullrom"
						}
					}
				},
				"right_claw": {
					"rotation": {
						"0.0": {
							"post": [28.87006, -11.02836, -6.05045],
							"lerp_mode": "catmullrom"
						},
						"1.9167": {
							"post": [15.00929, -5.60904, 1.20507],
							"lerp_mode": "catmullrom"
						},
						"4.0": {
							"post": [28.87006, -11.02836, -6.05045],
							"lerp_mode": "catmullrom"
						}
					}
				},
				"left_claw2": {
					"rotation": {
						"0.0": [0, 40, 0],
						"4.0": [0, 40, 0]
					}
				},
				"right_claw2": {
					"rotation": {
						"0.0": [0, -40, 0],
						"4.0": [0, -40, 0]
					}
				}
			}
		},
		"animation.ic_skibidi_claw.walk2": {
			"loop": true,
			"animation_length": 2,
			"anim_time_update": "query.anim_time + query.delta_time * (query.ground_speed /2)",
			"bones": {
				"toilet": {
					"rotation": {
						"0.0": {
							"post": [2.5, 0, -2.5],
							"lerp_mode": "catmullrom"
						},
						"0.5": {
							"post": [-2.5, 0, 0],
							"lerp_mode": "catmullrom"
						},
						"1.0": {
							"post": [2.5, 0, 2.5],
							"lerp_mode": "catmullrom"
						},
						"1.5": {
							"post": [-2.5, 0, 0],
							"lerp_mode": "catmullrom"
						},
						"2.0": {
							"post": [2.5, 0, -2.5],
							"lerp_mode": "catmullrom"
						}
					},
					"position": {
						"0.0": {
							"post": [-1.31, -0.11, 0],
							"lerp_mode": "catmullrom"
						},
						"0.2083": {
							"post": [-1.5, -0.5, 0],
							"lerp_mode": "catmullrom"
						},
						"0.7083": {
							"post": [0, 0.5, 0],
							"lerp_mode": "catmullrom"
						},
						"1.0": {
							"post": [0, -0.5, 0],
							"lerp_mode": "catmullrom"
						},
						"1.2083": {
							"post": [0.5, -0.5, 0],
							"lerp_mode": "catmullrom"
						},
						"1.7083": {
							"post": [0, 0.5, 0],
							"lerp_mode": "catmullrom"
						},
						"2.0": {
							"post": [-1.31, -0.11, 0],
							"lerp_mode": "catmullrom"
						}
					}
				},
				"left_claw": {
					"rotation": [0, -12.5, 0]
				},
				"right_claw": {
					"rotation": [0, 7.5, 0]
				},
				"left_front_leg": {
					"rotation": {
						"0.0": {
							"post": [-10.11, -1.51, -9.45],
							"lerp_mode": "catmullrom"
						},
						"0.25": [-10, 17.5, 0],
						"0.75": [-7.71622, -22.73648, 1.45498],
						"1.25": {
							"pre": [-2.37841, -40.45238, 0.82222],
							"post": [-2.37841, -40.45238, 0.82222],
							"lerp_mode": "catmullrom"
						},
						"1.75": {
							"post": [-9.34507, -22.72861, -16.71608],
							"lerp_mode": "catmullrom"
						},
						"2.0": {
							"post": [-10.11, -1.51, -9.45],
							"lerp_mode": "catmullrom"
						}
					}
				},
				"left_front_leg2": {
					"rotation": {
						"0.0": {
							"post": [-1.49, 13.43, 8.55],
							"lerp_mode": "catmullrom"
						},
						"0.25": [1.52735, 15.0281, -2.11625],
						"0.75": [9.45269, 3.66602, -14.68],
						"1.25": {
							"pre": [6.9871, -0.53078, 0.50484],
							"post": [6.9871, -0.53078, 0.50484],
							"lerp_mode": "catmullrom"
						},
						"1.75": {
							"post": [-3.22336, 10.45142, 17.13683],
							"lerp_mode": "catmullrom"
						},
						"2.0": {
							"post": [-1.49, 13.43, 8.55],
							"lerp_mode": "catmullrom"
						}
					}
				},
				"right_front_leg": {
					"rotation": {
						"0.0": [-4.9, 34.11, -1.23],
						"0.25": {
							"pre": [-2.37841, 40.45238, -0.82222],
							"post": [-2.37841, 40.45238, -0.82222],
							"lerp_mode": "catmullrom"
						},
						"0.75": {
							"post": [-9.34507, 22.72861, 16.71608],
							"lerp_mode": "catmullrom"
						},
						"1.25": [-10, -17.5, 0],
						"1.75": [-7.71622, 22.73648, -1.45498],
						"2.0": [-4.9, 34.11, -1.23]
					}
				},
				"right_front_leg2": {
					"rotation": {
						"0.0": [8.72, -0.86, 7.87],
						"0.25": {
							"pre": [6.9871, 0.53078, -0.50484],
							"post": [6.9871, 0.53078, -0.50484],
							"lerp_mode": "catmullrom"
						},
						"0.75": {
							"post": [-3.22336, -10.45142, -17.13683],
							"lerp_mode": "catmullrom"
						},
						"1.25": [1.52735, -15.0281, 2.11625],
						"1.75": [9.45269, -3.66602, 14.68],
						"2.0": [8.72, -0.86, 7.87]
					}
				},
				"left_back_leg": {
					"rotation": {
						"0.0": {
							"post": [-2.37841, -40.45238, 0.82222],
							"lerp_mode": "catmullrom"
						},
						"0.5": {
							"post": [-9.34507, -22.72861, -16.71608],
							"lerp_mode": "catmullrom"
						},
						"1.0": [-10, 17.5, 0],
						"1.5": [-7.71622, -22.73648, 1.45498],
						"2.0": {
							"pre": [-2.37841, -40.45238, 0.82222],
							"post": [-2.37841, -40.45238, 0.82222],
							"lerp_mode": "catmullrom"
						}
					}
				},
				"left_back_leg2": {
					"rotation": {
						"0.0": {
							"post": [6.9871, -0.53078, 0.50484],
							"lerp_mode": "catmullrom"
						},
						"0.5": {
							"post": [-3.22336, 10.45142, 17.13683],
							"lerp_mode": "catmullrom"
						},
						"1.0": [1.52735, 15.0281, -2.11625],
						"1.5": [9.45269, 3.66602, -14.68],
						"2.0": {
							"pre": [6.9871, -0.53078, 0.50484],
							"post": [6.9871, -0.53078, 0.50484],
							"lerp_mode": "catmullrom"
						}
					}
				},
				"right_back_leg": {
					"rotation": {
						"0.0": [-10, -17.5, 0],
						"0.5": [-7.71622, 22.73648, -1.45498],
						"1.0": {
							"pre": [-2.37841, 40.45238, -0.82222],
							"post": [-2.37841, 40.45238, -0.82222],
							"lerp_mode": "catmullrom"
						},
						"1.5": {
							"post": [-9.34507, 22.72861, 16.71608],
							"lerp_mode": "catmullrom"
						},
						"2.0": {
							"post": [-10, -17.5, 0],
							"lerp_mode": "catmullrom"
						}
					}
				},
				"right_back_leg2": {
					"rotation": {
						"0.0": [1.52735, -15.0281, 2.11625],
						"0.5": [9.45269, -3.66602, 14.68],
						"1.0": {
							"pre": [6.9871, 0.53078, -0.50484],
							"post": [6.9871, 0.53078, -0.50484],
							"lerp_mode": "catmullrom"
						},
						"1.5": {
							"post": [-3.22336, -10.45142, -17.13683],
							"lerp_mode": "catmullrom"
						},
						"2.0": {
							"post": [1.52735, -15.0281, 2.11625],
							"lerp_mode": "catmullrom"
						}
					}
				}
			}
		},
		"animation.ic_skibidi_claw.attack1": {
			"animation_length": 1,
			"bones": {
				"left_claw": {
					"rotation": {
						"0.0": [0, 0, 0],
						"0.125": [0, -25, 0],
						"0.375": {
							"pre": [0, -35, 0],
							"post": [0, -35, 0],
							"lerp_mode": "catmullrom"
						},
						"0.5417": [5, 32.5, 0],
						"0.625": [5, 32.5, 0],
						"0.8333": {
							"pre": [5, 32.5, 0],
							"post": [5, 32.5, 0],
							"lerp_mode": "catmullrom"
						},
						"1.0": {
							"post": [0, 0, 0],
							"lerp_mode": "catmullrom"
						}
					}
				},
				"left_claw2": {
					"rotation": {
						"0.0": [0, 0, 0],
						"0.125": [0, 0, 35],
						"0.375": {
							"pre": [0, 0, 35],
							"post": [0, 0, 35],
							"lerp_mode": "catmullrom"
						},
						"0.5417": [0, 0, -10],
						"0.625": [0, 0, -10],
						"0.8333": {
							"pre": [0, 0, -10],
							"post": [0, 0, -10],
							"lerp_mode": "catmullrom"
						},
						"1.0": {
							"post": [0, 0, 0],
							"lerp_mode": "catmullrom"
						}
					}
				}
			}
		},
		"animation.ic_skibidi_claw.attack2": {
			"animation_length": 1,
			"bones": {
				"right_claw": {
					"rotation": {
						"0.0": [0, 0, 0],
						"0.125": [0, 25, 0],
						"0.375": {
							"pre": [0, 35, 0],
							"post": [0, 35, 0],
							"lerp_mode": "catmullrom"
						},
						"0.5417": [5, -32.5, 0],
						"0.625": [5, -32.5, 0],
						"0.8333": {
							"pre": [5, -32.5, 0],
							"post": [5, -32.5, 0],
							"lerp_mode": "catmullrom"
						},
						"1.0": {
							"post": [0, 0, 0],
							"lerp_mode": "catmullrom"
						}
					}
				},
				"right_claw2": {
					"rotation": {
						"0.0": [0, 0, 0],
						"0.125": [0, 0, -35],
						"0.375": {
							"pre": [0, 0, -35],
							"post": [0, 0, -35],
							"lerp_mode": "catmullrom"
						},
						"0.5417": [0, 0, 10],
						"0.625": [0, 0, 10],
						"0.8333": {
							"pre": [0, 0, 10],
							"post": [0, 0, 10],
							"lerp_mode": "catmullrom"
						},
						"1.0": {
							"post": [0, 0, 0],
							"lerp_mode": "catmullrom"
						}
					}
				}
			}
		},
		"animation.ic_skibidi_jetpack.move5": {
			"loop": true,
			"animation_length": 4,
			"bones": {
				"rocket": {
					"rotation": {
						"0.0": {
							"post": [20, 0, 0],
							"lerp_mode": "catmullrom"
						},
						"1.125": {
							"post": [17.5, 0, 0],
							"lerp_mode": "catmullrom"
						},
						"2.125": {
							"post": [22.5, 0, 0],
							"lerp_mode": "catmullrom"
						},
						"3.2083": {
							"post": [15, 0, 0],
							"lerp_mode": "catmullrom"
						},
						"4.0": {
							"post": [20, 0, 0],
							"lerp_mode": "catmullrom"
						}
					}
				},
				"root": {
					"rotation": {
						"0.0": {
							"post": [7.5, 0, 0],
							"lerp_mode": "catmullrom"
						},
						"1.125": {
							"post": [2.5, 0, 0],
							"lerp_mode": "catmullrom"
						},
						"2.0833": {
							"post": [5, 0, 0],
							"lerp_mode": "catmullrom"
						},
						"3.1667": {
							"post": [2.5, 0, 0],
							"lerp_mode": "catmullrom"
						},
						"4.0": {
							"post": [7.5, 0, 0],
							"lerp_mode": "catmullrom"
						}
					},
					"position": {
						"0.0": {
							"post": [0, 3, 1],
							"lerp_mode": "catmullrom"
						},
						"2.0": {
							"post": [0, -2, 1],
							"lerp_mode": "catmullrom"
						},
						"4.0": {
							"post": [0, 3, 1],
							"lerp_mode": "catmullrom"
						}
					}
				},
				"left_front_leg": {
					"rotation": {
						"0.0": {
							"post": [0, 0, 7.5],
							"lerp_mode": "catmullrom"
						},
						"1.9167": {
							"post": [0, 0, 15],
							"lerp_mode": "catmullrom"
						},
						"4.0": {
							"post": [0, 0, 7.5],
							"lerp_mode": "catmullrom"
						}
					}
				},
				"left_front_leg2": {
					"rotation": [0, 0, 12.5]
				},
				"right_front_leg": {
					"rotation": {
						"0.0": {
							"post": [0, 0, -12.5],
							"lerp_mode": "catmullrom"
						},
						"2.25": {
							"post": [5.123, -1.93857, -25.9936],
							"lerp_mode": "catmullrom"
						},
						"4.0": {
							"post": [0, 0, -12.5],
							"lerp_mode": "catmullrom"
						}
					}
				},
				"right_front_leg2": {
					"rotation": [0, 0, -5]
				},
				"left_back_leg": {
					"rotation": {
						"0.0": [0, 0, 15],
						"2.0833": {
							"pre": [0, 0, 27.5],
							"post": [0, 0, 27.5],
							"lerp_mode": "catmullrom"
						},
						"4.0": [0, 0, 15]
					}
				},
				"left_back_leg2": {
					"rotation": [0, 0, 7.5]
				},
				"right_back_leg": {
					"rotation": {
						"0.0": [0, 0, -12.5],
						"1.75": {
							"pre": [0, 0, -22.5],
							"post": [0, 0, -22.5],
							"lerp_mode": "catmullrom"
						},
						"4.0": [0, 0, -12.5]
					}
				},
				"right_back_leg2": {
					"rotation": [0, 0, -15]
				}
			},
			"particle_effects": {
				"0.0": {
					"effect": "rocket_flame",
					"locator": "thrust"
				},
				"0.0417": {
					"effect": "rocket_flame",
					"locator": "thrust2"
				}
			}
		}
	}
}