{
	"format_version": "1.12.0",
	"minecraft:geometry": [
		{
			"description": {
				"identifier": "geometry.ic_speakerman_dark",
				"texture_width": 128,
				"texture_height": 128,
				"visible_bounds_width": 4,
				"visible_bounds_height": 5,
				"visible_bounds_offset": [0, 2.5, 0]
			},
			"bones": [
				{
					"name": "root",
					"pivot": [0, 0, 0]
				},
				{
					"name": "waist",
					"parent": "root",
					"pivot": [0, 12, 0]
				},
				{
					"name": "body",
					"parent": "waist",
					"pivot": [0, 24, 0],
					"cubes": [
						{"origin": [-4, 12, -2], "size": [8, 12, 4], "uv": [0, 32]}
					]
				},
				{
					"name": "neck",
					"parent": "body",
					"pivot": [0, 23, 0],
					"cubes": [
						{"origin": [-1.05, 21, -1.25], "size": [2, 4, 2], "uv": [0, 0]}
					]
				},
				{
					"name": "head",
					"parent": "neck",
					"pivot": [-0.05, 23.5, -0.1],
					"cubes": [
						{"origin": [-4.55, 24.5, -3.6], "size": [9, 6, 6], "uv": [5, 4]},
						{"origin": [-4.55, 24.5, -1.6], "size": [9, 5, 6], "inflate": -0.5, "uv": [5, 4]},
						{"origin": [-5.7, 25, -3.05], "size": [1, 5, 5], "inflate": 0.1, "uv": [115, 14], "mirror": true},
						{"origin": [-5.45, 30.5, -3.05], "size": [6, 1, 5], "pivot": [-2.45, 30, -0.55], "rotation": [0, 0, -15], "uv": [96, 31], "mirror": true},
						{"origin": [-0.55, 30.5, -3.05], "size": [6, 1, 5], "pivot": [2.45, 30, -0.55], "rotation": [0, 0, 15], "uv": [96, 31]},
						{"origin": [4.7, 25, -3.05], "size": [1, 5, 5], "inflate": 0.1, "uv": [115, 14]},
						{"origin": [-1.5, 26, -3.725], "size": [3, 3, 0], "uv": [0, 69]},
						{
							"origin": [-1.75, 25.75, -3.675],
							"size": [3.5, 3.5, 0],
							"uv": {
								"north": {"uv": [0, 73], "uv_size": [3, 3]},
								"east": {"uv": [0, 73], "uv_size": [0, 3]},
								"south": {"uv": [3, 73], "uv_size": [3, 3]},
								"west": {"uv": [3, 73], "uv_size": [0, 3]},
								"up": {"uv": [0, 73], "uv_size": [3, 0]},
								"down": {"uv": [3, 73], "uv_size": [3, 0]}
							}
						}
					]
				},
				{
					"name": "leftArm",
					"parent": "body",
					"pivot": [5, 21.5, 0],
					"cubes": [
						{"origin": [4, 11.5, -2], "size": [3, 12, 4], "uv": [56, 0]}
					]
				},
				{
					"name": "leftSleeve",
					"parent": "leftArm",
					"pivot": [5, 21.5, 0],
					"cubes": [
						{"origin": [4, 11, -2], "size": [3, 12, 4], "inflate": 0.25, "uv": [72, 0]}
					]
				},
				{
					"name": "knife2",
					"parent": "leftArm",
					"pivot": [6, 13, 0],
					"cubes": [
						{"origin": [5, 12, 0], "size": [1, 2, 3], "uv": [120, 31], "mirror": true},
						{"origin": [5.5, 12, 3], "size": [0, 2, 6], "uv": [116, 32], "mirror": true}
					]
				},
				{
					"name": "rightArm",
					"parent": "body",
					"pivot": [-5, 21.5, 0],
					"cubes": [
						{"origin": [-7, 11.5, -2], "size": [3, 12, 4], "uv": [32, 50]}
					]
				},
				{
					"name": "rightSleeve",
					"parent": "rightArm",
					"pivot": [-5, 21.5, 0],
					"cubes": [
						{"origin": [-7, 11, -2], "size": [3, 12, 4], "inflate": 0.25, "uv": [48, 50]}
					]
				},
				{
					"name": "knife",
					"parent": "rightArm",
					"pivot": [-6, 13, 0],
					"cubes": [
						{"origin": [-6, 12, 0], "size": [1, 2, 3], "uv": [120, 31]},
						{"origin": [-5.5, 12, 3], "size": [0, 2, 6], "uv": [116, 32]}
					]
				},
				{
					"name": "jacket",
					"parent": "body",
					"pivot": [0, 24, 0],
					"cubes": [
						{"origin": [-4, 11, -2], "size": [8, 13, 4], "inflate": 0.1, "uv": [28, 28]}
					]
				},
				{
					"name": "jetpack",
					"parent": "jacket",
					"pivot": [0, 19, 3],
					"cubes": [
						{"origin": [-2.5, 18, 3.5], "size": [5, 5, 2], "uv": [20, 112]},
						{"origin": [-2.5, 18, 4.5], "size": [5, 5, 2], "inflate": -0.3, "uv": [20, 112]},
						{"origin": [3, 17, 3.25], "size": [3, 8, 3], "inflate": -0.6, "uv": [0, 111]},
						{"origin": [3, 16, 3.25], "size": [3, 3, 3], "inflate": -0.5, "uv": [0, 104]},
						{"origin": [3, 16.5, 3.25], "size": [3, 2, 3], "inflate": -0.4, "uv": [13, 105]},
						{"origin": [3, 14, 3.25], "size": [3, 3, 3], "inflate": -0.4, "uv": [12, 119]},
						{"origin": [3, 23.5, 3.25], "size": [3, 2, 3], "inflate": -0.4, "uv": [0, 123]},
						{"origin": [-6, 17, 3.25], "size": [3, 8, 3], "inflate": -0.6, "uv": [0, 111], "mirror": true},
						{"origin": [-6, 16.5, 3.25], "size": [3, 2, 3], "inflate": -0.4, "uv": [13, 105], "mirror": true},
						{"origin": [-6, 16, 3.25], "size": [3, 3, 3], "inflate": -0.5, "uv": [0, 104], "mirror": true},
						{"origin": [-6, 14, 3.25], "size": [3, 3, 3], "inflate": -0.4, "uv": [12, 119], "mirror": true},
						{"origin": [-6, 23.5, 3.25], "size": [3, 2, 3], "inflate": -0.4, "uv": [0, 123], "mirror": true},
						{"origin": [-3.5, 14.5, 3], "size": [7, 9, 1], "uv": [0, 93]},
						{"origin": [-3.5, 14.5, 2], "size": [7, 9, 1], "inflate": 0.2, "uv": [0, 93]},
						{"origin": [-2, 14.5, 3.75], "size": [4, 4, 1], "pivot": [0, 19, 3.5], "rotation": [-7.5, 0, 0], "uv": [0, 66]},
						{"origin": [-2, 15, 4.75], "size": [4, 4, 1], "pivot": [0, 19, 3.5], "rotation": [-7.5, 0, 0], "uv": [24, 123]}
					],
					"locators": {
						"thrust": {
							"offset": [4.5, 14.75, 4.75],
							"rotation": [180, 0, 0]
						},
						"thrust2": {
							"offset": [-4.5, 14.75, 4.75],
							"rotation": [180, 0, 0]
						}
					}
				},
				{
					"name": "cape",
					"parent": "body",
					"pivot": [0, 24, -3]
				},
				{
					"name": "rightleg",
					"parent": "root",
					"pivot": [-1.9, 12, 0],
					"cubes": [
						{"origin": [-3.9, 0, -2], "size": [4, 12, 4], "uv": [16, 48]}
					]
				},
				{
					"name": "rightPants",
					"parent": "rightleg",
					"pivot": [-1.9, 12, 0],
					"cubes": [
						{"origin": [-3.9, 0, -2], "size": [4, 12, 4], "inflate": 0.25, "uv": [0, 48]}
					]
				},
				{
					"name": "leftleg",
					"parent": "root",
					"pivot": [1.9, 12, 0],
					"cubes": [
						{"origin": [-0.1, 0, -2], "size": [4, 12, 4], "uv": [44, 12]}
					]
				},
				{
					"name": "leftPants",
					"parent": "leftleg",
					"pivot": [1.9, 12, 0],
					"cubes": [
						{"origin": [-0.1, 0, -2], "size": [4, 12, 4], "inflate": 0.25, "uv": [32, 0]}
					]
				}
			]
		}
	]
}