{
	"format_version": "1.8.0",
	"animations": {
		"running": {
			"loop": true,
			"animation_length": 0.83333,
			"bones": {
				"Body": {
					"rotation": {
						"0.0": {
							"post": [5, 0, 0],
							"lerp_mode": "catmullrom"
						}
					},
					"position": {
						"0.0": {
							"post": [0, -1.025, 0],
							"lerp_mode": "catmullrom"
						},
						"0.2083": {
							"post": [0, -0.22, 0],
							"lerp_mode": "catmullrom"
						},
						"0.4167": {
							"post": [0, -1.025, 0],
							"lerp_mode": "catmullrom"
						},
						"0.625": {
							"post": [0, -0.22, 0],
							"lerp_mode": "catmullrom"
						},
						"0.8333": {
							"post": [0, -1.025, 0],
							"lerp_mode": "catmullrom"
						}
					}
				},
				"BodyUpper": {
					"rotation": {
						"0.0": {
							"post": [0, 0, 0],
							"lerp_mode": "catmullrom"
						}
					},
					"position": {
						"0.0": {
							"post": [0, -0.1, 0],
							"lerp_mode": "catmullrom"
						}
					}
				},
				"Head": {
					"rotation": {
						"0.0": {
							"post": ["-5.019+query.head_pitch", "-4.9809+query.head_yaw", 0.43688],
							"lerp_mode": "catmullrom"
						},
						"0.4167": {
							"post": ["-5.019+query.head_pitch", "4.9809+query.head_yaw", 0.43688],
							"lerp_mode": "catmullrom"
						},
						"0.8333": {
							"post": ["-5.019+query.head_pitch", "-4.9809+query.head_yaw", 0.43688],
							"lerp_mode": "catmullrom"
						}
					}
				},
				"LeftArm": {
					"rotation": {
						"0.0": {
							"post": [-16.35993, 16.25767, -9.5372],
							"lerp_mode": "catmullrom"
						},
						"0.4167": {
							"post": [27.6038, 7.0403, -1.3298],
							"lerp_mode": "catmullrom"
						},
						"0.8333": {
							"post": [-16.35993, 16.25767, -9.5372],
							"lerp_mode": "catmullrom"
						}
					},
					"position": {
						"0.0": {
							"post": [0, -0.5, 0],
							"lerp_mode": "catmullrom"
						}
					}
				},
				"LeftFist": {
					"rotation": {
						"0.0": {
							"post": [-20, 0, 0],
							"lerp_mode": "catmullrom"
						},
						"0.125": {
							"post": [-23.93, 0, 0],
							"lerp_mode": "catmullrom"
						},
						"0.4167": {
							"post": [-7.5, 0, 0],
							"lerp_mode": "catmullrom"
						},
						"0.8333": {
							"post": [-20, 0, 0],
							"lerp_mode": "catmullrom"
						}
					}
				},
				"RightArm": {
					"rotation": {
						"0.0": {
							"post": [27.60376, -7.04026, 1.32975],
							"lerp_mode": "catmullrom"
						},
						"0.4167": {
							"post": [-16.3599, -16.2577, 9.5372],
							"lerp_mode": "catmullrom"
						},
						"0.8333": {
							"post": [27.60376, -7.04026, 1.32975],
							"lerp_mode": "catmullrom"
						}
					},
					"position": {
						"0.0": {
							"post": [0, -0.5, 0],
							"lerp_mode": "catmullrom"
						}
					}
				},
				"RightFist": {
					"rotation": {
						"0.0": {
							"post": [-7.5, 0, 0],
							"lerp_mode": "catmullrom"
						},
						"0.4167": {
							"post": [-20, 0, 0],
							"lerp_mode": "catmullrom"
						},
						"0.5417": {
							"post": [-23.93, 0, 0],
							"lerp_mode": "catmullrom"
						},
						"0.8333": {
							"post": [-7.5, 0, 0],
							"lerp_mode": "catmullrom"
						}
					}
				},
				"LeftLeg": {
					"rotation": {
						"0.0": {
							"post": [9.99067, -0.43399, -2.53793],
							"lerp_mode": "catmullrom"
						},
						"0.4167": {
							"post": [-30.00002, 0, -0.37459],
							"lerp_mode": "catmullrom"
						},
						"0.75": {
							"post": [9.99067, -0.43399, -2.53793],
							"lerp_mode": "catmullrom"
						}
					}
				},
				"LeftLegDown": {
					"rotation": {
						"0.0": {
							"post": [20, 0, 0],
							"lerp_mode": "catmullrom"
						},
						"0.2083": {
							"post": [52.5, 0, 0],
							"lerp_mode": "catmullrom"
						},
						"0.4167": {
							"post": [17.5, 0, 0],
							"lerp_mode": "catmullrom"
						},
						"0.625": {
							"post": [2.5, 0, 0],
							"lerp_mode": "catmullrom"
						},
						"0.8333": {
							"post": [20, 0, 0],
							"lerp_mode": "catmullrom"
						}
					}
				},
				"RightLeg": {
					"rotation": {
						"0.0": {
							"post": [-29.9055, -2.49762, 0.66713],
							"lerp_mode": "catmullrom"
						},
						"0.4167": {
							"post": [9.9907, 1.2497, 2.83459],
							"lerp_mode": "catmullrom"
						},
						"0.75": {
							"post": [-29.9055, -2.49762, 0.66713],
							"lerp_mode": "catmullrom"
						}
					}
				},
				"RightLegDown": {
					"rotation": {
						"0.0": {
							"post": [17.5, 0, 0],
							"lerp_mode": "catmullrom"
						},
						"0.2083": {
							"post": [2.5, 0, 0],
							"lerp_mode": "catmullrom"
						},
						"0.4167": {
							"post": [20, 0, 0],
							"lerp_mode": "catmullrom"
						},
						"0.625": {
							"post": [52.5, 0, 0],
							"lerp_mode": "catmullrom"
						},
						"0.8333": {
							"post": [17.5, 0, 0],
							"lerp_mode": "catmullrom"
						}
					}
				},
				"Torso": {
					"rotation": {
						"0.0": {
							"post": [0, 5, 0],
							"lerp_mode": "catmullrom"
						},
						"0.4167": {
							"post": [0, -5, 0],
							"lerp_mode": "catmullrom"
						},
						"0.8333": {
							"post": [0, 5, 0],
							"lerp_mode": "catmullrom"
						}
					}
				},
				"Anchor": {
					"position": {
						"0.0": {
							"post": [0, 0.1, 0],
							"lerp_mode": "catmullrom"
						}
					}
				},
				"Breasts": {
					"rotation": {
						"0.0": {
							"post": [0, 2.5, 0],
							"lerp_mode": "catmullrom"
						},
						"0.25": {
							"post": [7.5, 0, 0],
							"lerp_mode": "catmullrom"
						},
						"0.375": {
							"post": [-4.25, 0, 0],
							"lerp_mode": "catmullrom"
						},
						"0.4583": {
							"post": [0, 0, 0],
							"lerp_mode": "catmullrom"
						},
						"0.625": {
							"post": [7.5, 0, 0],
							"lerp_mode": "catmullrom"
						},
						"0.75": {
							"post": [-4.25, 0, 0],
							"lerp_mode": "catmullrom"
						},
						"0.8333": {
							"post": [0, 2.5, 0],
							"lerp_mode": "catmullrom"
						}
					},
					"position": {
						"0.0": {
							"post": [0, 0, 0],
							"lerp_mode": "catmullrom"
						},
						"0.25": {
							"post": [0, -0.55, 0.475],
							"lerp_mode": "catmullrom"
						},
						"0.375": {
							"post": [0, 0.445, 0.035],
							"lerp_mode": "catmullrom"
						},
						"0.4583": {
							"post": [0, 0, 0],
							"lerp_mode": "catmullrom"
						},
						"0.625": {
							"post": [0, -0.55, 0.475],
							"lerp_mode": "catmullrom"
						},
						"0.75": {
							"post": [0, 0.445, 0.035],
							"lerp_mode": "catmullrom"
						},
						"0.8333": {
							"post": [0, 0, 0],
							"lerp_mode": "catmullrom"
						}
					}
				}
			}
		},
		"sprinting": {
			"loop": true,
			"animation_length": 0.625,
			"bones": {
				"Anchor": {
					"rotation": {
						"0.0": {
							"post": [25, 0, 0],
							"lerp_mode": "catmullrom"
						},
						"0.625": {
							"post": [25, 0, 0],
							"lerp_mode": "catmullrom"
						}
					},
					"position": {
						"0.0": {
							"post": [0, 0.675, 5],
							"lerp_mode": "catmullrom"
						},
						"0.1667": {
							"post": [0, 1.475, 5],
							"lerp_mode": "catmullrom"
						},
						"0.2917": {
							"post": [0, 0.675, 5],
							"lerp_mode": "catmullrom"
						},
						"0.4583": {
							"post": [0, 1.475, 5],
							"lerp_mode": "catmullrom"
						},
						"0.625": {
							"post": [0, 0.675, 5],
							"lerp_mode": "catmullrom"
						}
					}
				},
				"BodyUpper": {
					"rotation": {
						"0.0": {
							"post": [7.5, 0, 0],
							"lerp_mode": "catmullrom"
						},
						"0.625": {
							"post": [7.5, 0, 0],
							"lerp_mode": "catmullrom"
						}
					},
					"position": {
						"0.0": {
							"post": [0, -0.275, 0],
							"lerp_mode": "catmullrom"
						},
						"0.625": {
							"post": [0, -0.275, 0],
							"lerp_mode": "catmullrom"
						}
					}
				},
				"Head": {
					"rotation": {
						"0.0": {
							"post": ["-10.8053+query.head_pitch", "-22.1399+query.head_yaw", 4.11405],
							"lerp_mode": "catmullrom"
						},
						"0.2917": {
							"post": ["-12.7475+query.head_pitch", "21.1186+query.head_yaw", -1.15164],
							"lerp_mode": "catmullrom"
						},
						"0.625": {
							"post": ["-10.8053+query.head_pitch", "-22.1399+query.head_yaw", 4.11405],
							"lerp_mode": "catmullrom"
						}
					}
				},
				"LeftArm": {
					"rotation": {
						"0.0": {
							"post": [-78.41006, 20.71501, -18.50097],
							"lerp_mode": "catmullrom"
						},
						"0.2917": {
							"post": [64.81767, 11.29, 0.5981],
							"lerp_mode": "catmullrom"
						},
						"0.4583": {
							"post": [-8.85855, 14.97949, -16.66196],
							"lerp_mode": "catmullrom"
						},
						"0.625": {
							"post": [-78.41006, 20.71501, -18.50097],
							"lerp_mode": "catmullrom"
						}
					},
					"position": {
						"0.0": {
							"post": [0, 0.25, -2],
							"lerp_mode": "catmullrom"
						},
						"0.2917": {
							"post": [0, -0.25, 0],
							"lerp_mode": "catmullrom"
						},
						"0.625": {
							"post": [0, 0.25, -2],
							"lerp_mode": "catmullrom"
						}
					}
				},
				"LeftFist": {
					"rotation": {
						"0.0": {
							"post": [-37.5, 0, 0],
							"lerp_mode": "catmullrom"
						},
						"0.1667": {
							"post": [-17.5, 0, 0],
							"lerp_mode": "catmullrom"
						},
						"0.2917": {
							"post": [-42.5, 0, 0],
							"lerp_mode": "catmullrom"
						},
						"0.4583": {
							"post": [-18.5, 0, 0],
							"lerp_mode": "catmullrom"
						},
						"0.625": {
							"post": [-37.5, 0, 0],
							"lerp_mode": "catmullrom"
						}
					}
				},
				"RightArm": {
					"rotation": {
						"0.0": {
							"post": [64.81767, -11.29002, -0.59811],
							"lerp_mode": "catmullrom"
						},
						"0.1667": {
							"post": [3.79959, -12.93321, 17.38472],
							"lerp_mode": "catmullrom"
						},
						"0.2917": {
							"post": [-53.86357, -13.36155, 20.04548],
							"lerp_mode": "catmullrom"
						},
						"0.625": {
							"post": [64.81767, -11.29002, -0.59811],
							"lerp_mode": "catmullrom"
						}
					},
					"position": {
						"0.0": {
							"post": [0, 0.25, 0],
							"lerp_mode": "catmullrom"
						},
						"0.2917": {
							"post": [0, -0.25, -2],
							"lerp_mode": "catmullrom"
						},
						"0.625": {
							"post": [0, 0.25, 0],
							"lerp_mode": "catmullrom"
						}
					}
				},
				"RightFist": {
					"rotation": {
						"0.0": {
							"post": [-42.5, 0, 0],
							"lerp_mode": "catmullrom"
						},
						"0.1667": {
							"post": [-22.5, 0, 0],
							"lerp_mode": "catmullrom"
						},
						"0.2917": {
							"post": [-52.5, 0, 0],
							"lerp_mode": "catmullrom"
						},
						"0.4583": {
							"post": [-17.5, 0, 0],
							"lerp_mode": "catmullrom"
						},
						"0.625": {
							"post": [-42.5, 0, 0],
							"lerp_mode": "catmullrom"
						}
					}
				},
				"LeftLeg": {
					"rotation": {
						"0.0": {
							"post": [2.5, 0, -2.5],
							"lerp_mode": "catmullrom"
						},
						"0.1667": {
							"post": [-26.16345, 2.20919, 1.98659],
							"lerp_mode": "catmullrom"
						},
						"0.2917": {
							"post": [-55, 0, -2.5],
							"lerp_mode": "catmullrom"
						},
						"0.4583": {
							"post": [-31.90191, 2.64718, 1.74326],
							"lerp_mode": "catmullrom"
						},
						"0.625": {
							"post": [2.5, 0, -2.5],
							"lerp_mode": "catmullrom"
						}
					},
					"position": {
						"0.0": {
							"post": [0, 0, 0],
							"lerp_mode": "catmullrom"
						},
						"0.1667": {
							"post": [0, 0.89, -0.61],
							"lerp_mode": "catmullrom"
						},
						"0.2917": {
							"post": [0, -0.225, -1.225],
							"lerp_mode": "catmullrom"
						},
						"0.625": {
							"post": [0, 0, 0],
							"lerp_mode": "catmullrom"
						}
					}
				},
				"LeftLegDown": {
					"rotation": {
						"0.0": {
							"post": [45, 0, 0],
							"lerp_mode": "catmullrom"
						},
						"0.1667": {
							"post": [68.5, 0, 0],
							"lerp_mode": "catmullrom"
						},
						"0.2917": {
							"post": [7.5, 0, 0],
							"lerp_mode": "catmullrom"
						},
						"0.3333": {
							"post": [1.2, 0, 0],
							"lerp_mode": "catmullrom"
						},
						"0.375": {
							"post": [2.13, 0, 0],
							"lerp_mode": "catmullrom"
						},
						"0.4583": {
							"post": [7.5, 0, 0],
							"lerp_mode": "catmullrom"
						},
						"0.625": {
							"post": [45, 0, 0],
							"lerp_mode": "catmullrom"
						}
					}
				},
				"RightLeg": {
					"rotation": {
						"0.0": {
							"post": [-55, 0, 2.5],
							"lerp_mode": "catmullrom"
						},
						"0.1667": {
							"post": [-26.22836, -1.10544, 0.25754],
							"lerp_mode": "catmullrom"
						},
						"0.2917": {
							"post": [2.5, 0, 2.5],
							"lerp_mode": "catmullrom"
						},
						"0.4583": {
							"post": [-26.22836, -1.10544, 0.25754],
							"lerp_mode": "catmullrom"
						},
						"0.625": {
							"post": [-55, 0, 2.5],
							"lerp_mode": "catmullrom"
						}
					},
					"position": {
						"0.0": {
							"post": [0, -0.225, -1.225],
							"lerp_mode": "catmullrom"
						},
						"0.2083": {
							"post": [0, 0, 0],
							"lerp_mode": "catmullrom"
						},
						"0.2917": {
							"post": [0, 0, 0],
							"lerp_mode": "catmullrom"
						},
						"0.4583": {
							"post": [0, 0.89, -0.61],
							"lerp_mode": "catmullrom"
						},
						"0.625": {
							"post": [0, -0.225, -1.225],
							"lerp_mode": "catmullrom"
						}
					}
				},
				"RightLegDown": {
					"rotation": {
						"0.0": {
							"post": [0, 0, 0],
							"lerp_mode": "catmullrom"
						},
						"0.1667": {
							"post": [7.5, 0, 0],
							"lerp_mode": "catmullrom"
						},
						"0.2917": {
							"post": [45, 0, 0],
							"lerp_mode": "catmullrom"
						},
						"0.4583": {
							"post": [68.5, 0, 0],
							"lerp_mode": "catmullrom"
						},
						"0.625": {
							"post": [0, 0, 0],
							"lerp_mode": "catmullrom"
						}
					}
				},
				"Torso": {
					"rotation": {
						"0.0": {
							"post": [-7.97532, 19.82169, -2.71994],
							"lerp_mode": "catmullrom"
						},
						"0.2917": {
							"post": [-7.54261, -19.8217, 0.65581],
							"lerp_mode": "catmullrom"
						},
						"0.625": {
							"post": [-7.97532, 19.82169, -2.71994],
							"lerp_mode": "catmullrom"
						}
					}
				},
				"Breasts": {
					"rotation": {
						"0.0": {
							"post": [-23.91894, -2.03153, -4.56964],
							"lerp_mode": "catmullrom"
						},
						"0.1667": {
							"post": [-6, 0, 0],
							"lerp_mode": "catmullrom"
						},
						"0.3333": {
							"post": [-23.81761, 3.04325, 6.85805],
							"lerp_mode": "catmullrom"
						},
						"0.5": {
							"post": [-6, 0, 0],
							"lerp_mode": "catmullrom"
						},
						"0.625": {
							"post": [-23.91894, -2.03153, -4.56964],
							"lerp_mode": "catmullrom"
						}
					},
					"position": {
						"0.0": {
							"post": [0, 1.175, -0.825],
							"lerp_mode": "catmullrom"
						},
						"0.1667": {
							"post": [0, -0.37, 0.02],
							"lerp_mode": "catmullrom"
						},
						"0.3333": {
							"post": [0, 1.4, -0.825],
							"lerp_mode": "catmullrom"
						},
						"0.5": {
							"post": [0, -0.37, 0.02],
							"lerp_mode": "catmullrom"
						},
						"0.625": {
							"post": [0, 1.175, -0.825],
							"lerp_mode": "catmullrom"
						}
					}
				}
			}
		},
		"idle": {
			"loop": true,
			"animation_length": 3.5,
			"bones": {
				"Body": {
					"position": {
						"0.0": {
							"post": [0, -0.025, 0],
							"lerp_mode": "catmullrom"
						},
						"3.5": {
							"post": [0, -0.025, 0],
							"lerp_mode": "catmullrom"
						}
					}
				},
				"Head": {
					"rotation": {
						"0.0": {
							"post": ["query.head_pitch", "query.head_yaw", 0],
							"lerp_mode": "catmullrom"
						},
						"2.0417": {
							"post": ["-2.5+query.head_pitch", "0+query.head_yaw", 0],
							"lerp_mode": "catmullrom"
						},
						"3.5": {
							"post": ["query.head_pitch", "query.head_yaw", 0],
							"lerp_mode": "catmullrom"
						}
					}
				},
				"LeftArm": {
					"rotation": {
						"0.0": {
							"post": [-1.01586, 11.45565, -8.1019],
							"lerp_mode": "catmullrom"
						},
						"1.7917": {
							"post": [1.98888, 11.37987, -5.55259],
							"lerp_mode": "catmullrom"
						},
						"3.5": {
							"post": [-1.01586, 11.45565, -8.1019],
							"lerp_mode": "catmullrom"
						}
					},
					"position": {
						"0.0": {
							"post": [0, -0.5, 0],
							"lerp_mode": "catmullrom"
						},
						"1.7917": {
							"post": [0, -0.5, 0],
							"lerp_mode": "catmullrom"
						},
						"3.5": {
							"post": [0, -0.5, 0],
							"lerp_mode": "catmullrom"
						}
					}
				},
				"LeftFist": {
					"rotation": {
						"0.0": {
							"post": [-7.5, 0, 0],
							"lerp_mode": "catmullrom"
						},
						"3.5": {
							"post": [-7.5, 0, 0],
							"lerp_mode": "catmullrom"
						}
					}
				},
				"RightArm": {
					"rotation": {
						"0.0": {
							"post": [-0.92544, -10.45959, 8.08471],
							"lerp_mode": "catmullrom"
						},
						"1.7917": {
							"post": [2.03416, -10.38086, 5.54404],
							"lerp_mode": "catmullrom"
						},
						"3.5": {
							"post": [-0.92544, -10.45959, 8.08471],
							"lerp_mode": "catmullrom"
						}
					},
					"position": {
						"0.0": {
							"post": [0, -0.5, 0],
							"lerp_mode": "catmullrom"
						},
						"1.7917": {
							"post": [0, -0.5, 0],
							"lerp_mode": "catmullrom"
						},
						"3.5": {
							"post": [0, -0.5, 0],
							"lerp_mode": "catmullrom"
						}
					}
				},
				"RightFist": {
					"rotation": {
						"0.0": {
							"post": [-7.5, 0, 0],
							"lerp_mode": "catmullrom"
						},
						"3.5": {
							"post": [-7.5, 0, 0],
							"lerp_mode": "catmullrom"
						}
					}
				},
				"LeftLeg": {
					"rotation": {
						"0.0": {
							"post": [0, 0, -5],
							"lerp_mode": "catmullrom"
						},
						"3.5": {
							"post": [0, 0, -5],
							"lerp_mode": "catmullrom"
						}
					}
				},
				"LeftLegDown": {
					"rotation": {
						"0.0": {
							"post": [5, 0, 0],
							"lerp_mode": "catmullrom"
						},
						"3.5": {
							"post": [5, 0, 0],
							"lerp_mode": "catmullrom"
						}
					}
				},
				"RightLeg": {
					"rotation": {
						"0.0": {
							"post": [-5, 0, 5],
							"lerp_mode": "catmullrom"
						},
						"3.5": {
							"post": [-5, 0, 5],
							"lerp_mode": "catmullrom"
						}
					}
				},
				"RightLegDown": {
					"rotation": {
						"0.0": {
							"post": [5, 0, 0],
							"lerp_mode": "catmullrom"
						},
						"3.5": {
							"post": [5, 0, 0],
							"lerp_mode": "catmullrom"
						}
					}
				},
				"BodyUpper": {
					"rotation": {
						"0.0": {
							"post": [0, 0, 0],
							"lerp_mode": "catmullrom"
						},
						"1.75": {
							"post": [-1.75, 0, 0],
							"lerp_mode": "catmullrom"
						},
						"3.5": {
							"post": [0, 0, 0],
							"lerp_mode": "catmullrom"
						}
					},
					"position": {
						"0.0": {
							"post": [0, 0, 0],
							"lerp_mode": "catmullrom"
						},
						"1.75": {
							"post": [0, -0.1, 0],
							"lerp_mode": "catmullrom"
						},
						"3.5": {
							"post": [0, 0, 0],
							"lerp_mode": "catmullrom"
						}
					}
				},
				"Anchor": {
					"position": [0, -0.15, 0]
				}
			}
		},
		"swimming_idle": {
			"loop": true,
			"animation_length": 2,
			"bones": {
				"Body": {
					"position": {
						"0.0": {
							"post": [0, -0.025, 0],
							"lerp_mode": "catmullrom"
						},
						"3.5": {
							"post": [0, -0.025, 0],
							"lerp_mode": "catmullrom"
						}
					}
				},
				"Head": {
					"rotation": {
						"0.0": {
							"post": ["-12.5+query.head_pitch", "0+query.head_yaw", 0],
							"lerp_mode": "catmullrom"
						},
						"1.0": {
							"post": ["-12.5+query.head_pitch", "0+query.head_yaw", 0],
							"lerp_mode": "catmullrom"
						},
						"2.0": {
							"post": ["-12.5+query.head_pitch", "0+query.head_yaw", 0],
							"lerp_mode": "catmullrom"
						}
					}
				},
				"LeftArm": {
					"rotation": {
						"0.0": {
							"post": [-71.11169, -6.74027, -97.46457],
							"lerp_mode": "catmullrom"
						},
						"0.5417": {
							"post": [-55.86067, -2.6067, -94.64144],
							"lerp_mode": "catmullrom"
						},
						"1.0": {
							"post": [-46.11169, -6.74027, -97.46457],
							"lerp_mode": "catmullrom"
						},
						"1.5": {
							"post": [-57.57452, -11.22983, -100.33972],
							"lerp_mode": "catmullrom"
						},
						"2.0": {
							"post": [-71.11169, -6.74027, -97.46457],
							"lerp_mode": "catmullrom"
						}
					},
					"position": {
						"0.0": {
							"post": [0, -0.5, 0],
							"lerp_mode": "catmullrom"
						},
						"2.0": {
							"post": [0, -0.5, 0],
							"lerp_mode": "catmullrom"
						}
					}
				},
				"LeftFist": {
					"rotation": {
						"0.0": {
							"post": [-32.5, 0, 0],
							"lerp_mode": "catmullrom"
						},
						"1.125": {
							"post": [-7.5, 0, 0],
							"lerp_mode": "catmullrom"
						},
						"2.0": {
							"post": [-32.5, 0, 0],
							"lerp_mode": "catmullrom"
						}
					}
				},
				"RightArm": {
					"rotation": {
						"0.0": {
							"post": [-72.16698, 9.73224, 95.76172],
							"lerp_mode": "catmullrom"
						},
						"0.5": {
							"post": [-58.41819, 14.13787, 98.50045],
							"lerp_mode": "catmullrom"
						},
						"1.0": {
							"post": [-47.16698, 9.73224, 95.76172],
							"lerp_mode": "catmullrom"
						},
						"1.5": {
							"post": [-58.30537, 7.60729, 94.42937],
							"lerp_mode": "catmullrom"
						},
						"2.0": {
							"post": [-72.16698, 9.73224, 95.76172],
							"lerp_mode": "catmullrom"
						}
					},
					"position": {
						"0.0": {
							"post": [0, -0.5, 0],
							"lerp_mode": "catmullrom"
						},
						"2.0": {
							"post": [0, -0.5, 0],
							"lerp_mode": "catmullrom"
						}
					}
				},
				"RightFist": {
					"rotation": {
						"0.0": {
							"post": [-32.5, 0, 0],
							"lerp_mode": "catmullrom"
						},
						"1.125": {
							"post": [-7.5, 0, 0],
							"lerp_mode": "catmullrom"
						},
						"2.0": {
							"post": [-32.5, 0, 0],
							"lerp_mode": "catmullrom"
						}
					}
				},
				"LeftLeg": {
					"rotation": {
						"0.0": {
							"post": [9.04715, -4.94912, -18.13956],
							"lerp_mode": "catmullrom"
						},
						"1.0": {
							"post": [34.04715, -4.94912, -18.13956],
							"lerp_mode": "catmullrom"
						},
						"2.0": {
							"post": [9.04715, -4.94912, -18.13956],
							"lerp_mode": "catmullrom"
						}
					}
				},
				"LeftLegDown": {
					"rotation": {
						"0.0": {
							"post": [5, 0, 0],
							"lerp_mode": "catmullrom"
						},
						"0.5": {
							"post": [11.88, 0, 0],
							"lerp_mode": "catmullrom"
						},
						"1.0": {
							"post": [35, 0, 0],
							"lerp_mode": "catmullrom"
						},
						"2.0": {
							"post": [5, 0, 0],
							"lerp_mode": "catmullrom"
						}
					}
				},
				"RightLeg": {
					"rotation": {
						"0.0": {
							"post": [27.87889, 1.91134, 27.42287],
							"lerp_mode": "catmullrom"
						},
						"1.0": {
							"post": [10.04618, 3.24294, 20.03438],
							"lerp_mode": "catmullrom"
						},
						"2.0": {
							"post": [27.87889, 1.91134, 27.42287],
							"lerp_mode": "catmullrom"
						}
					}
				},
				"RightLegDown": {
					"rotation": {
						"0.0": {
							"post": [30, 0, 0],
							"lerp_mode": "catmullrom"
						},
						"1.0": {
							"post": [4.09, 0, 0],
							"lerp_mode": "catmullrom"
						},
						"1.5": {
							"post": [4.49, 0, 0],
							"lerp_mode": "catmullrom"
						},
						"2.0": {
							"post": [30, 0, 0],
							"lerp_mode": "catmullrom"
						},
						"2.6667": {
							"post": [5, 0, 0],
							"lerp_mode": "catmullrom"
						}
					}
				},
				"BodyUpper": {
					"rotation": {
						"0.0": {
							"post": [-12.5, 0, 0],
							"lerp_mode": "catmullrom"
						},
						"2.0": {
							"post": [-12.5, 0, 0],
							"lerp_mode": "catmullrom"
						}
					},
					"position": {
						"0.0": {
							"post": [0, -0.475, -0.05],
							"lerp_mode": "catmullrom"
						},
						"2.0": {
							"post": [0, -0.475, -0.05],
							"lerp_mode": "catmullrom"
						}
					}
				},
				"Anchor": {
					"rotation": {
						"0.0": {
							"post": [47.5, 0, 0],
							"lerp_mode": "catmullrom"
						},
						"2.0": {
							"post": [47.5, 0, 0],
							"lerp_mode": "catmullrom"
						}
					},
					"position": {
						"0.0": {
							"post": [0, 0, 9],
							"lerp_mode": "catmullrom"
						},
						"2.0": {
							"post": [0, 0, 9],
							"lerp_mode": "catmullrom"
						}
					}
				},
				"Torso": {
					"rotation": {
						"0.0": {
							"post": [-7.56397, 7.43547, -0.98448],
							"lerp_mode": "catmullrom"
						},
						"1.0": {
							"post": [-7.56397, -7.43547, 0.98448],
							"lerp_mode": "catmullrom"
						},
						"2.0": {
							"post": [-7.56397, 7.43547, -0.98448],
							"lerp_mode": "catmullrom"
						}
					}
				}
			}
		},
		"swimming": {
			"loop": true,
			"animation_length": 1,
			"bones": {
				"Body": {
					"position": {
						"0.0": {
							"post": [0, -0.025, 0],
							"lerp_mode": "catmullrom"
						},
						"1.0": {
							"post": [0, -0.025, 0],
							"lerp_mode": "catmullrom"
						}
					}
				},
				"Head": {
					"rotation": {
						"0.0": {
							"post": ["-12.5+query.head_pitch", "0+query.head_yaw", 0],
							"lerp_mode": "catmullrom"
						},
						"0.5": {
							"post": ["-12.5+query.head_pitch", "0+query.head_yaw", 0],
							"lerp_mode": "catmullrom"
						},
						"1.0": {
							"post": ["-12.5+query.head_pitch", "0+query.head_yaw", 0],
							"lerp_mode": "catmullrom"
						}
					}
				},
				"LeftArm": {
					"rotation": {
						"0.0": {
							"post": [-58.23044, -43.68517, -122.00065],
							"lerp_mode": "catmullrom"
						},
						"0.2917": {
							"post": [-55.86067, -2.6067, -94.64144],
							"lerp_mode": "catmullrom"
						},
						"0.5": {
							"post": [-64.59373, -20.38836, -103.88452],
							"lerp_mode": "catmullrom"
						},
						"0.75": {
							"post": [-54.26774, -25.76586, -110.65354],
							"lerp_mode": "catmullrom"
						},
						"1.0": {
							"post": [-58.23044, -43.68517, -122.00065],
							"lerp_mode": "catmullrom"
						}
					},
					"position": {
						"0.0": {
							"post": [-1, 1.5, -2],
							"lerp_mode": "catmullrom"
						},
						"0.5": {
							"post": [-0.5, -0.5, 1],
							"lerp_mode": "catmullrom"
						},
						"1.0": {
							"post": [-1, 1.5, -2],
							"lerp_mode": "catmullrom"
						}
					}
				},
				"LeftFist": {
					"rotation": {
						"0.0": {
							"post": [-32.5, 0, 0],
							"lerp_mode": "catmullrom"
						},
						"0.5": {
							"post": [-28.67, 0, 0],
							"lerp_mode": "catmullrom"
						},
						"0.75": {
							"post": [-5.55157, 0.83377, 2.00132],
							"lerp_mode": "catmullrom"
						},
						"1.0": {
							"post": [-32.5, 0, 0],
							"lerp_mode": "catmullrom"
						}
					}
				},
				"RightArm": {
					"rotation": {
						"0.0": {
							"post": [-72.16698, 9.73224, 95.76172],
							"lerp_mode": "catmullrom"
						},
						"0.25": {
							"post": [-50.67697, 36.7342, 116.06295],
							"lerp_mode": "catmullrom"
						},
						"0.5": {
							"post": [-78.13432, 49.21103, 103.46822],
							"lerp_mode": "catmullrom"
						},
						"0.75": {
							"post": [-58.30537, 7.60729, 94.42937],
							"lerp_mode": "catmullrom"
						},
						"1.0": {
							"post": [-72.16698, 9.73224, 95.76172],
							"lerp_mode": "catmullrom"
						}
					},
					"position": {
						"0.0": {
							"post": [0, -0.5, 2],
							"lerp_mode": "catmullrom"
						},
						"0.5": {
							"post": [1, 1.5, -3],
							"lerp_mode": "catmullrom"
						},
						"1.0": {
							"post": [0, -0.5, 2],
							"lerp_mode": "catmullrom"
						}
					}
				},
				"RightFist": {
					"rotation": {
						"0.0": {
							"post": [-32.5, 0, 0],
							"lerp_mode": "catmullrom"
						},
						"0.2917": {
							"post": [-7.44, 0, 0],
							"lerp_mode": "catmullrom"
						},
						"0.5": {
							"post": [-38.67, 0, 0],
							"lerp_mode": "catmullrom"
						},
						"1.0": {
							"post": [-32.5, 0, 0],
							"lerp_mode": "catmullrom"
						}
					}
				},
				"LeftLeg": {
					"rotation": {
						"0.0": {
							"post": [7.46933, -7.11598, -3.21285],
							"lerp_mode": "catmullrom"
						},
						"0.5": {
							"post": [32.03147, -13.16155, -5.41662],
							"lerp_mode": "catmullrom"
						},
						"1.0": {
							"post": [7.46933, -7.11598, -3.21285],
							"lerp_mode": "catmullrom"
						}
					}
				},
				"LeftLegDown": {
					"rotation": {
						"0.0": {
							"post": [5, 0, 0],
							"lerp_mode": "catmullrom"
						},
						"0.25": {
							"post": [11.88, 0, 0],
							"lerp_mode": "catmullrom"
						},
						"0.5": {
							"post": [35, 0, 0],
							"lerp_mode": "catmullrom"
						},
						"1.0": {
							"post": [5, 0, 0],
							"lerp_mode": "catmullrom"
						}
					}
				},
				"RightLeg": {
					"rotation": {
						"0.0": {
							"post": [26.62023, 8.81092, 14.03677],
							"lerp_mode": "catmullrom"
						},
						"0.5": {
							"post": [8.87946, 5.72298, 5.19398],
							"lerp_mode": "catmullrom"
						},
						"1.0": {
							"post": [26.62023, 8.81092, 14.03677],
							"lerp_mode": "catmullrom"
						}
					}
				},
				"RightLegDown": {
					"rotation": {
						"0.0": {
							"post": [30, 0, 0],
							"lerp_mode": "catmullrom"
						},
						"0.5": {
							"post": [4.09, 0, 0],
							"lerp_mode": "catmullrom"
						},
						"0.75": {
							"post": [4.49, 0, 0],
							"lerp_mode": "catmullrom"
						},
						"1.0": {
							"post": [30, 0, 0],
							"lerp_mode": "catmullrom"
						}
					}
				},
				"BodyUpper": {
					"rotation": {
						"0.0": {
							"post": [-12.5, 0, 0],
							"lerp_mode": "catmullrom"
						},
						"1.0": {
							"post": [-12.5, 0, 0],
							"lerp_mode": "catmullrom"
						}
					},
					"position": {
						"0.0": {
							"post": [0, -0.475, -0.05],
							"lerp_mode": "catmullrom"
						},
						"1.0": {
							"post": [0, -0.475, -0.05],
							"lerp_mode": "catmullrom"
						}
					}
				},
				"Anchor": {
					"rotation": {
						"0.0": {
							"post": [72.5, 0, 0],
							"lerp_mode": "catmullrom"
						},
						"1.0": {
							"post": [72.5, 0, 0],
							"lerp_mode": "catmullrom"
						}
					},
					"position": {
						"0.0": {
							"post": [0, 4, 13],
							"lerp_mode": "catmullrom"
						},
						"1.0": {
							"post": [0, 4, 13],
							"lerp_mode": "catmullrom"
						}
					}
				},
				"Torso": {
					"rotation": {
						"0.0": {
							"post": [-7.56397, 7.43547, -0.98448],
							"lerp_mode": "catmullrom"
						},
						"0.5": {
							"post": [-7.56397, -7.43547, 0.98448],
							"lerp_mode": "catmullrom"
						},
						"1.0": {
							"post": [-7.56397, 7.43547, -0.98448],
							"lerp_mode": "catmullrom"
						}
					}
				}
			}
		},
		"riding_idle": {
			"loop": true,
			"animation_length": 3.5,
			"bones": {
				"Body": {
					"position": {
						"0.0": {
							"post": [0, -0.025, 0],
							"lerp_mode": "catmullrom"
						},
						"3.5": {
							"post": [0, -0.025, 0],
							"lerp_mode": "catmullrom"
						}
					}
				},
				"Head": {
					"rotation": {
						"0.0": {
							"post": ["query.head_pitch", "query.head_yaw", 0],
							"lerp_mode": "catmullrom"
						},
						"2.0417": {
							"post": ["-2.5+query.head_pitch", "0+query.head_yaw", 0],
							"lerp_mode": "catmullrom"
						},
						"3.5": {
							"post": ["query.head_pitch", "query.head_yaw", 0],
							"lerp_mode": "catmullrom"
						}
					}
				},
				"LeftArm": {
					"rotation": {
						"0.0": {
							"post": [-31.01586, 11.45565, -8.1019],
							"lerp_mode": "catmullrom"
						},
						"1.7917": {
							"post": [-31.01586, 11.45565, -8.1019],
							"lerp_mode": "catmullrom"
						},
						"3.5": {
							"post": [-31.01586, 11.45565, -8.1019],
							"lerp_mode": "catmullrom"
						}
					},
					"position": {
						"0.0": {
							"post": [0, -0.5, 0],
							"lerp_mode": "catmullrom"
						},
						"1.7917": {
							"post": [0, -0.5, 0],
							"lerp_mode": "catmullrom"
						},
						"3.5": {
							"post": [0, -0.5, 0],
							"lerp_mode": "catmullrom"
						}
					}
				},
				"LeftFist": {
					"rotation": {
						"0.0": {
							"post": [-7.5, 0, 0],
							"lerp_mode": "catmullrom"
						},
						"3.5": {
							"post": [-7.5, 0, 0],
							"lerp_mode": "catmullrom"
						}
					}
				},
				"RightArm": {
					"rotation": {
						"0.0": {
							"post": [-30.92544, -10.45959, 8.08471],
							"lerp_mode": "catmullrom"
						},
						"1.7917": {
							"post": [-30.92544, -10.45959, 8.08471],
							"lerp_mode": "catmullrom"
						},
						"3.5": {
							"post": [-30.92544, -10.45959, 8.08471],
							"lerp_mode": "catmullrom"
						}
					},
					"position": {
						"0.0": {
							"post": [0, -0.5, 0],
							"lerp_mode": "catmullrom"
						},
						"1.7917": {
							"post": [0, -0.5, 0],
							"lerp_mode": "catmullrom"
						},
						"3.5": {
							"post": [0, -0.5, 0],
							"lerp_mode": "catmullrom"
						}
					}
				},
				"RightFist": {
					"rotation": {
						"0.0": {
							"post": [-7.5, 0, 0],
							"lerp_mode": "catmullrom"
						},
						"3.5": {
							"post": [-7.5, 0, 0],
							"lerp_mode": "catmullrom"
						}
					}
				},
				"LeftLeg": {
					"rotation": {
						"0.0": {
							"post": [-69.37242, -19.6835, -8.61644],
							"lerp_mode": "catmullrom"
						},
						"3.5": {
							"post": [-69.37242, -19.6835, -8.61644],
							"lerp_mode": "catmullrom"
						}
					},
					"position": {
						"0.0": {
							"post": [0, 0, -0.7],
							"lerp_mode": "catmullrom"
						},
						"3.5": {
							"post": [0, 0, -0.7],
							"lerp_mode": "catmullrom"
						}
					}
				},
				"LeftLegDown": {
					"rotation": {
						"0.0": {
							"post": [65, 0, 0],
							"lerp_mode": "catmullrom"
						},
						"3.5": {
							"post": [65, 0, 0],
							"lerp_mode": "catmullrom"
						}
					}
				},
				"RightLeg": {
					"rotation": {
						"0.0": {
							"post": [-69.37242, 19.6835, 8.61644],
							"lerp_mode": "catmullrom"
						},
						"3.5": {
							"post": [-69.37242, 19.6835, 8.61644],
							"lerp_mode": "catmullrom"
						}
					},
					"position": {
						"0.0": {
							"post": [0, 0, -0.7],
							"lerp_mode": "catmullrom"
						},
						"3.5": {
							"post": [0, 0, -0.7],
							"lerp_mode": "catmullrom"
						}
					}
				},
				"RightLegDown": {
					"rotation": {
						"0.0": {
							"post": [65, 0, 0],
							"lerp_mode": "catmullrom"
						},
						"3.5": {
							"post": [65, 0, 0],
							"lerp_mode": "catmullrom"
						}
					}
				},
				"BodyUpper": {
					"rotation": {
						"0.0": {
							"post": [0, 0, 0],
							"lerp_mode": "catmullrom"
						},
						"1.75": {
							"post": [-1.75, 0, 0],
							"lerp_mode": "catmullrom"
						},
						"3.5": {
							"post": [0, 0, 0],
							"lerp_mode": "catmullrom"
						}
					},
					"position": {
						"0.0": {
							"post": [0, 0, 0],
							"lerp_mode": "catmullrom"
						},
						"1.75": {
							"post": [0, -0.1, 0],
							"lerp_mode": "catmullrom"
						},
						"3.5": {
							"post": [0, 0, 0],
							"lerp_mode": "catmullrom"
						}
					}
				},
				"Anchor": {
					"position": {
						"0.0": {
							"post": [0, -2, 0],
							"lerp_mode": "catmullrom"
						},
						"3.5": {
							"post": [0, -2, 0],
							"lerp_mode": "catmullrom"
						}
					}
				}
			}
		},
		"flying_idle": {
			"loop": true,
			"animation_length": 3.54167,
			"bones": {
				"Body": {
					"position": {
						"0.0": {
							"post": [0, -0.025, 0],
							"lerp_mode": "catmullrom"
						},
						"3.5": {
							"post": [0, -0.025, 0],
							"lerp_mode": "catmullrom"
						}
					}
				},
				"Head": {
					"rotation": {
						"0.0": {
							"post": ["query.head_pitch", "query.head_yaw", 0],
							"lerp_mode": "catmullrom"
						},
						"2.0417": {
							"post": ["-2.5+query.head_pitch", "0+query.head_yaw", 0],
							"lerp_mode": "catmullrom"
						},
						"3.5": {
							"post": ["query.head_pitch", "query.head_yaw", 0],
							"lerp_mode": "catmullrom"
						}
					}
				},
				"LeftArm": {
					"rotation": {
						"0.0": {
							"post": [-3.50095, 10.96099, -20.83601],
							"lerp_mode": "catmullrom"
						},
						"0.875": {
							"post": [-3.01426, 11.10308, -18.29305],
							"lerp_mode": "catmullrom"
						},
						"1.7917": {
							"post": [-3.50095, 10.96099, -20.83601],
							"lerp_mode": "catmullrom"
						},
						"2.625": {
							"post": [-3.01426, 11.10308, -18.29305],
							"lerp_mode": "catmullrom"
						},
						"3.5": {
							"post": [-3.50095, 10.96099, -20.83601],
							"lerp_mode": "catmullrom"
						}
					},
					"position": {
						"0.0": {
							"post": [0, -0.5, 0],
							"lerp_mode": "catmullrom"
						},
						"1.7917": {
							"post": [0, -0.5, 0],
							"lerp_mode": "catmullrom"
						},
						"3.5": {
							"post": [0, -0.5, 0],
							"lerp_mode": "catmullrom"
						}
					}
				},
				"LeftFist": {
					"rotation": {
						"0.0": {
							"post": [-7.5, 0, 0],
							"lerp_mode": "catmullrom"
						},
						"3.5": {
							"post": [-7.5, 0, 0],
							"lerp_mode": "catmullrom"
						}
					}
				},
				"RightArm": {
					"rotation": {
						"0.0": {
							"post": [-3.18994, -10.00889, 20.77941],
							"lerp_mode": "catmullrom"
						},
						"0.9583": {
							"post": [-2.74633, -10.13837, 18.24366],
							"lerp_mode": "catmullrom"
						},
						"1.7917": {
							"post": [-3.18994, -10.00889, 20.77941],
							"lerp_mode": "catmullrom"
						},
						"2.625": {
							"post": [-2.74633, -10.13837, 18.24366],
							"lerp_mode": "catmullrom"
						},
						"3.5": {
							"post": [-3.18994, -10.00889, 20.77941],
							"lerp_mode": "catmullrom"
						}
					},
					"position": {
						"0.0": {
							"post": [0, -0.5, 0],
							"lerp_mode": "catmullrom"
						},
						"1.7917": {
							"post": [0, -0.5, 0],
							"lerp_mode": "catmullrom"
						},
						"3.5": {
							"post": [0, -0.5, 0],
							"lerp_mode": "catmullrom"
						}
					}
				},
				"RightFist": {
					"rotation": {
						"0.0": {
							"post": [-7.5, 0, 0],
							"lerp_mode": "catmullrom"
						},
						"3.5": {
							"post": [-7.5, 0, 0],
							"lerp_mode": "catmullrom"
						}
					}
				},
				"LeftLeg": {
					"rotation": {
						"0.0": {
							"post": [17.5, 0, -5],
							"lerp_mode": "catmullrom"
						},
						"1.6667": {
							"post": [10, 0, -5],
							"lerp_mode": "catmullrom"
						},
						"3.5": {
							"post": [17.5, 0, -5],
							"lerp_mode": "catmullrom"
						}
					}
				},
				"LeftLegDown": {
					"rotation": {
						"0.0": {
							"post": [22.5, 0, 0],
							"lerp_mode": "catmullrom"
						},
						"1.75": {
							"post": [15, 0, 0],
							"lerp_mode": "catmullrom"
						},
						"2.25": {
							"post": [14.59, 0, 0],
							"lerp_mode": "catmullrom"
						},
						"3.5": {
							"post": [22.5, 0, 0],
							"lerp_mode": "catmullrom"
						}
					}
				},
				"RightLeg": {
					"rotation": {
						"0.0": {
							"post": [-17.5, 0, 5],
							"lerp_mode": "catmullrom"
						},
						"1.7917": {
							"post": [-17.5, 0, 5],
							"lerp_mode": "catmullrom"
						},
						"3.5": {
							"post": [-17.5, 0, 5],
							"lerp_mode": "catmullrom"
						}
					}
				},
				"RightLegDown": {
					"rotation": {
						"0.0": {
							"post": [37.5, 0, 0],
							"lerp_mode": "catmullrom"
						},
						"1.4583": {
							"post": [22.08, 0, 0],
							"lerp_mode": "catmullrom"
						},
						"1.75": {
							"post": [25, 0, 0],
							"lerp_mode": "catmullrom"
						},
						"3.5": {
							"post": [37.5, 0, 0],
							"lerp_mode": "catmullrom"
						}
					}
				},
				"BodyUpper": {
					"rotation": {
						"0.0": {
							"post": [0, 0, 0],
							"lerp_mode": "catmullrom"
						},
						"1.75": {
							"post": [-1.75, 0, 0],
							"lerp_mode": "catmullrom"
						},
						"3.5": {
							"post": [0, 0, 0],
							"lerp_mode": "catmullrom"
						}
					},
					"position": {
						"0.0": {
							"post": [0, 0, 0],
							"lerp_mode": "catmullrom"
						},
						"1.75": {
							"post": [0, -0.1, 0],
							"lerp_mode": "catmullrom"
						},
						"3.5": {
							"post": [0, 0, 0],
							"lerp_mode": "catmullrom"
						}
					}
				},
				"Anchor": {
					"position": {
						"0.0": {
							"post": [0, 0, 0],
							"lerp_mode": "catmullrom"
						},
						"1.1667": {
							"post": [0, 1, 0],
							"lerp_mode": "catmullrom"
						},
						"3.25": {
							"post": [0, 0, 0],
							"lerp_mode": "catmullrom"
						}
					}
				},
				"Breasts": {
					"rotation": {
						"0.0": {
							"post": [0, 0, 0],
							"lerp_mode": "catmullrom"
						},
						"1.1667": {
							"post": [5, 0, 0],
							"lerp_mode": "catmullrom"
						},
						"2.1667": {
							"post": [-7.46, 0, 0],
							"lerp_mode": "catmullrom"
						},
						"3.5": {
							"post": [0, 0, 0],
							"lerp_mode": "catmullrom"
						}
					},
					"position": {
						"0.0": {
							"post": [0, 0, 0],
							"lerp_mode": "catmullrom"
						},
						"1.1667": {
							"post": [0, -0.075, 0.3],
							"lerp_mode": "catmullrom"
						},
						"2.1667": {
							"post": [0, 0.65, -0.25],
							"lerp_mode": "catmullrom"
						},
						"3.5": {
							"post": [0, 0, 0],
							"lerp_mode": "catmullrom"
						}
					}
				}
			}
		},
		"flying": {
			"loop": true,
			"animation_length": 1,
			"bones": {
				"Body": {
					"position": {
						"0.0": {
							"post": [0, -0.025, 0],
							"lerp_mode": "catmullrom"
						},
						"1.0": {
							"post": [0, -0.025, 0],
							"lerp_mode": "catmullrom"
						}
					}
				},
				"Head": {
					"rotation": {
						"0.0": {
							"post": ["query.head_pitch", "query.head_yaw", 0],
							"lerp_mode": "catmullrom"
						},
						"1.0": {
							"post": ["query.head_pitch", "query.head_yaw", 0],
							"lerp_mode": "catmullrom"
						}
					}
				},
				"LeftArm": {
					"rotation": {
						"0.0": {
							"post": [26.49905, 10.96099, -20.83601],
							"lerp_mode": "catmullrom"
						},
						"0.5": {
							"post": [28.49905, 10.96099, -20.83601],
							"lerp_mode": "catmullrom"
						},
						"1.0": {
							"post": [26.49905, 10.96099, -20.83601],
							"lerp_mode": "catmullrom"
						},
						"1.5": {
							"post": [33.99905, 10.96099, -20.83601],
							"lerp_mode": "catmullrom"
						}
					},
					"position": {
						"0.0": {
							"post": [0, -0.5, 0],
							"lerp_mode": "catmullrom"
						},
						"1.0": {
							"post": [0, -0.5, 0],
							"lerp_mode": "catmullrom"
						}
					}
				},
				"LeftFist": {
					"rotation": {
						"0.0": {
							"post": [-7.5, 0, 0],
							"lerp_mode": "catmullrom"
						},
						"0.5": {
							"post": [-12.5, 0, 0],
							"lerp_mode": "catmullrom"
						},
						"1.0": {
							"post": [-7.5, 0, 0],
							"lerp_mode": "catmullrom"
						}
					}
				},
				"RightArm": {
					"rotation": {
						"0.0": {
							"post": [21.81006, -10.00889, 20.77941],
							"lerp_mode": "catmullrom"
						},
						"0.5": {
							"post": [28.56006, -10.00889, 20.77941],
							"lerp_mode": "catmullrom"
						},
						"1.0": {
							"post": [21.81006, -10.00889, 20.77941],
							"lerp_mode": "catmullrom"
						}
					},
					"position": {
						"0.0": {
							"post": [0, -0.5, 0],
							"lerp_mode": "catmullrom"
						},
						"1.0": {
							"post": [0, -0.5, 0],
							"lerp_mode": "catmullrom"
						}
					}
				},
				"RightFist": {
					"rotation": {
						"0.0": {
							"post": [-7.5, 0, 0],
							"lerp_mode": "catmullrom"
						},
						"0.5417": {
							"post": [-17.5, 0, 0],
							"lerp_mode": "catmullrom"
						},
						"1.0": {
							"post": [-7.5, 0, 0],
							"lerp_mode": "catmullrom"
						}
					}
				},
				"LeftLeg": {
					"rotation": {
						"0.0": {
							"post": [17.5, 0, -5],
							"lerp_mode": "catmullrom"
						},
						"0.5": {
							"post": [7.5, 0, -5],
							"lerp_mode": "catmullrom"
						},
						"1.0": {
							"post": [17.5, 0, -5],
							"lerp_mode": "catmullrom"
						}
					}
				},
				"LeftLegDown": {
					"rotation": {
						"0.0": {
							"post": [22.5, 0, 0],
							"lerp_mode": "catmullrom"
						},
						"0.7083": {
							"post": [12.5, 0, 0],
							"lerp_mode": "catmullrom"
						},
						"1.0": {
							"post": [22.5, 0, 0],
							"lerp_mode": "catmullrom"
						}
					}
				},
				"RightLeg": {
					"rotation": {
						"0.0": {
							"post": [-17.5, 0, 5],
							"lerp_mode": "catmullrom"
						},
						"0.5": {
							"post": [-10, 0, 5],
							"lerp_mode": "catmullrom"
						},
						"1.0": {
							"post": [-17.5, 0, 5],
							"lerp_mode": "catmullrom"
						}
					}
				},
				"RightLegDown": {
					"rotation": {
						"0.0": {
							"post": [37.5, 0, 0],
							"lerp_mode": "catmullrom"
						},
						"0.2083": {
							"post": [27.5, 0, 0],
							"lerp_mode": "catmullrom"
						},
						"1.0": {
							"post": [37.5, 0, 0],
							"lerp_mode": "catmullrom"
						}
					}
				},
				"BodyUpper": {
					"rotation": {
						"0.0": {
							"post": [0, 0, 0],
							"lerp_mode": "catmullrom"
						},
						"0.5": {
							"post": [2.5, 0, 0],
							"lerp_mode": "catmullrom"
						},
						"1.0": {
							"post": [0, 0, 0],
							"lerp_mode": "catmullrom"
						}
					},
					"position": {
						"0.0": {
							"post": [0, 0, 0],
							"lerp_mode": "catmullrom"
						},
						"0.5": {
							"post": [0, -0.175, 0],
							"lerp_mode": "catmullrom"
						},
						"1.0": {
							"post": [0, 0, 0],
							"lerp_mode": "catmullrom"
						}
					}
				},
				"Anchor": {
					"rotation": {
						"0.0": [25, 0, 0],
						"1.0": [25, 0, 0]
					},
					"position": {
						"0.0": {
							"post": [0, 0, 6],
							"lerp_mode": "catmullrom"
						},
						"1.0": {
							"post": [0, 0, 6],
							"lerp_mode": "catmullrom"
						}
					}
				},
				"Breasts": {
					"rotation": {
						"0.0": {
							"post": [8.75, 0, 0],
							"lerp_mode": "catmullrom"
						}
					},
					"position": {
						"0.0": {
							"post": [0, -0.55, 0.55],
							"lerp_mode": "catmullrom"
						}
					}
				}
			}
		},
		"crouching_idle": {
			"loop": true,
			"animation_length": 3.5,
			"bones": {
				"Body": {
					"position": {
						"0.0": {
							"post": [0, -0.025, 0],
							"lerp_mode": "catmullrom"
						},
						"1.75": {
							"post": [0, -0.025, 0],
							"lerp_mode": "catmullrom"
						},
						"3.5": {
							"post": [0, -0.025, 0],
							"lerp_mode": "catmullrom"
						}
					}
				},
				"Head": {
					"rotation": {
						"0.0": {
							"post": ["-20+query.head_pitch", "0+query.head_yaw", 0],
							"lerp_mode": "catmullrom"
						},
						"1.75": {
							"post": ["-20+query.head_pitch", "0+query.head_yaw", 0],
							"lerp_mode": "catmullrom"
						},
						"3.5": {
							"post": ["-20+query.head_pitch", "0+query.head_yaw", 0],
							"lerp_mode": "catmullrom"
						}
					}
				},
				"LeftArm": {
					"rotation": {
						"0.0": {
							"post": [-30.30253, 13.22555, -21.67611],
							"lerp_mode": "catmullrom"
						},
						"1.75": {
							"post": [-29.76879, 14.47706, -19.44704],
							"lerp_mode": "catmullrom"
						},
						"3.5": {
							"post": [-30.30253, 13.22555, -21.67611],
							"lerp_mode": "catmullrom"
						}
					},
					"position": {
						"0.0": {
							"post": [0, -1, 0],
							"lerp_mode": "catmullrom"
						},
						"1.75": {
							"post": [0, -1, 0],
							"lerp_mode": "catmullrom"
						},
						"3.5": {
							"post": [0, -1, 0],
							"lerp_mode": "catmullrom"
						}
					}
				},
				"LeftFist": {
					"rotation": {
						"0.0": {
							"post": [-32.5, 0, 0],
							"lerp_mode": "catmullrom"
						},
						"1.75": {
							"post": [-30, 0, 0],
							"lerp_mode": "catmullrom"
						},
						"3.5": {
							"post": [-32.5, 0, 0],
							"lerp_mode": "catmullrom"
						}
					}
				},
				"RightArm": {
					"rotation": {
						"0.0": {
							"post": [-42.06548, -31.51568, 42.0313],
							"lerp_mode": "catmullrom"
						},
						"1.75": {
							"post": [-44.56548, -31.51568, 42.0313],
							"lerp_mode": "catmullrom"
						},
						"3.5": {
							"post": [-42.06548, -31.51568, 42.0313],
							"lerp_mode": "catmullrom"
						}
					},
					"position": {
						"0.0": {
							"post": [0, -1, 0],
							"lerp_mode": "catmullrom"
						},
						"1.75": {
							"post": [0, -1, 0],
							"lerp_mode": "catmullrom"
						},
						"3.5": {
							"post": [0, -1, 0],
							"lerp_mode": "catmullrom"
						}
					}
				},
				"RightFist": {
					"rotation": {
						"0.0": {
							"post": [-47.5, 0, 0],
							"lerp_mode": "catmullrom"
						},
						"1.75": {
							"post": [-45, 0, 0],
							"lerp_mode": "catmullrom"
						},
						"3.5": {
							"post": [-47.5, 0, 0],
							"lerp_mode": "catmullrom"
						}
					}
				},
				"LeftLeg": {
					"rotation": {
						"0.0": {
							"post": [10, 0, -5],
							"lerp_mode": "catmullrom"
						},
						"1.75": {
							"post": [10, 0, -5],
							"lerp_mode": "catmullrom"
						},
						"3.5": {
							"post": [10, 0, -5],
							"lerp_mode": "catmullrom"
						}
					},
					"position": {
						"0.0": {
							"post": [0, 0, 0],
							"lerp_mode": "catmullrom"
						},
						"1.75": {
							"post": [0, 0, 0],
							"lerp_mode": "catmullrom"
						},
						"3.5": {
							"post": [0, 0, 0],
							"lerp_mode": "catmullrom"
						}
					}
				},
				"LeftLegDown": {
					"rotation": {
						"0.0": {
							"post": [60, 0, 0],
							"lerp_mode": "catmullrom"
						},
						"1.75": {
							"post": [60, 0, 0],
							"lerp_mode": "catmullrom"
						},
						"3.5": {
							"post": [60, 0, 0],
							"lerp_mode": "catmullrom"
						}
					}
				},
				"RightLeg": {
					"rotation": {
						"0.0": {
							"post": [-60, 0, 5],
							"lerp_mode": "catmullrom"
						},
						"1.75": {
							"post": [-60, 0, 5],
							"lerp_mode": "catmullrom"
						},
						"3.5": {
							"post": [-60, 0, 5],
							"lerp_mode": "catmullrom"
						}
					},
					"position": {
						"0.0": {
							"post": [0, 0.525, -2.175],
							"lerp_mode": "catmullrom"
						},
						"1.75": {
							"post": [0, 0.525, -2.175],
							"lerp_mode": "catmullrom"
						},
						"3.5": {
							"post": [0, 0.525, -2.175],
							"lerp_mode": "catmullrom"
						}
					}
				},
				"RightLegDown": {
					"rotation": {
						"0.0": {
							"post": [62.5, 0, 0],
							"lerp_mode": "catmullrom"
						},
						"1.75": {
							"post": [62.5, 0, 0],
							"lerp_mode": "catmullrom"
						},
						"3.5": {
							"post": [62.5, 0, 0],
							"lerp_mode": "catmullrom"
						}
					}
				},
				"BodyUpper": {
					"rotation": {
						"0.0": {
							"post": [5, 0, 0],
							"lerp_mode": "catmullrom"
						},
						"1.75": {
							"post": [3.25, 0, 0],
							"lerp_mode": "catmullrom"
						},
						"3.5": {
							"post": [5, 0, 0],
							"lerp_mode": "catmullrom"
						}
					},
					"position": {
						"0.0": {
							"post": [0, -0.2, 0],
							"lerp_mode": "catmullrom"
						},
						"1.75": {
							"post": [0, -0.2, 0],
							"lerp_mode": "catmullrom"
						},
						"3.5": {
							"post": [0, -0.2, 0],
							"lerp_mode": "catmullrom"
						}
					}
				},
				"Anchor": {
					"position": {
						"0.0": {
							"post": [0, -5, 0],
							"lerp_mode": "catmullrom"
						},
						"1.75": {
							"post": [0, -5, 0],
							"lerp_mode": "catmullrom"
						},
						"3.5": {
							"post": [0, -5, 0],
							"lerp_mode": "catmullrom"
						}
					}
				},
				"Torso": {
					"rotation": {
						"0.0": {
							"post": [20, 0, 0],
							"lerp_mode": "catmullrom"
						},
						"1.75": {
							"post": [20, 0, 0],
							"lerp_mode": "catmullrom"
						},
						"3.5": {
							"post": [20, 0, 0],
							"lerp_mode": "catmullrom"
						}
					},
					"position": {
						"0.0": {
							"post": [0, 0, 0],
							"lerp_mode": "catmullrom"
						},
						"1.75": {
							"post": [0, 0, 0],
							"lerp_mode": "catmullrom"
						},
						"3.5": {
							"post": [0, 0, 0],
							"lerp_mode": "catmullrom"
						}
					}
				}
			}
		},
		"crouching": {
			"loop": true,
			"animation_length": 2,
			"bones": {
				"Body": {
					"position": {
						"0.0": {
							"post": [0, -0.025, 0],
							"lerp_mode": "catmullrom"
						},
						"1.0": {
							"post": [0, -0.025, 0],
							"lerp_mode": "catmullrom"
						},
						"2.0": {
							"post": [0, -0.025, 0],
							"lerp_mode": "catmullrom"
						}
					}
				},
				"Head": {
					"rotation": {
						"0.0": {
							"post": ["-20+query.head_pitch", "0+query.head_yaw", 0],
							"lerp_mode": "catmullrom"
						},
						"1.0": {
							"post": ["-20+query.head_pitch", "0+query.head_yaw", 0],
							"lerp_mode": "catmullrom"
						},
						"2.0": {
							"post": ["-20+query.head_pitch", "0+query.head_yaw", 0],
							"lerp_mode": "catmullrom"
						}
					}
				},
				"LeftArm": {
					"rotation": {
						"0.0": {
							"post": [-40.30253, 13.22555, -21.67611],
							"lerp_mode": "catmullrom"
						},
						"1.0": {
							"post": [22.04369, -0.20805, -29.99766],
							"lerp_mode": "catmullrom"
						},
						"2.0": {
							"post": [-40.30253, 13.22555, -21.67611],
							"lerp_mode": "catmullrom"
						}
					},
					"position": {
						"0.0": {
							"post": [0, -1, 0],
							"lerp_mode": "catmullrom"
						},
						"1.0": {
							"post": [0, -1, 0],
							"lerp_mode": "catmullrom"
						},
						"2.0": {
							"post": [0, -1, 0],
							"lerp_mode": "catmullrom"
						}
					}
				},
				"LeftFist": {
					"rotation": {
						"0.0": {
							"post": [-35, 0, 0],
							"lerp_mode": "catmullrom"
						},
						"1.0": {
							"post": [-32.5, 0, 0],
							"lerp_mode": "catmullrom"
						},
						"1.625": {
							"post": [-23.25, 0, 0],
							"lerp_mode": "catmullrom"
						},
						"2.0": {
							"post": [-35, 0, 0],
							"lerp_mode": "catmullrom"
						}
					}
				},
				"RightArm": {
					"rotation": {
						"0.0": {
							"post": [16.97137, -14.35543, 29.94621],
							"lerp_mode": "catmullrom"
						},
						"1.0": {
							"post": [-48.9793, -11.12689, 27.25178],
							"lerp_mode": "catmullrom"
						},
						"2.0": {
							"post": [16.97137, -14.35543, 29.94621],
							"lerp_mode": "catmullrom"
						}
					},
					"position": {
						"0.0": {
							"post": [0, -1, 0],
							"lerp_mode": "catmullrom"
						},
						"1.0": {
							"post": [0, -1, 0],
							"lerp_mode": "catmullrom"
						},
						"2.0": {
							"post": [0, -1, 0],
							"lerp_mode": "catmullrom"
						}
					}
				},
				"RightFist": {
					"rotation": {
						"0.0": {
							"post": [-32.5, 0, 0],
							"lerp_mode": "catmullrom"
						},
						"1.0": {
							"post": [-37.5, 0, 0],
							"lerp_mode": "catmullrom"
						},
						"1.625": {
							"post": [-50.01, 0, 0],
							"lerp_mode": "catmullrom"
						},
						"2.0": {
							"post": [-32.5, 0, 0],
							"lerp_mode": "catmullrom"
						}
					}
				},
				"LeftLeg": {
					"rotation": {
						"0.0": {
							"post": [7.5, 0, -5],
							"lerp_mode": "catmullrom"
						},
						"1.0": {
							"post": [-60, 0, -5],
							"lerp_mode": "catmullrom"
						},
						"2.0": {
							"post": [7.5, 0, -5],
							"lerp_mode": "catmullrom"
						}
					},
					"position": {
						"0.0": {
							"post": [0, 0, 0],
							"lerp_mode": "catmullrom"
						},
						"0.5833": {
							"post": [0, 1.66, -1.31],
							"lerp_mode": "catmullrom"
						},
						"1.0": {
							"post": [0, 0, -2],
							"lerp_mode": "catmullrom"
						},
						"1.625": {
							"post": [0, 0.56, -0.5],
							"lerp_mode": "catmullrom"
						},
						"2.0": {
							"post": [0, 0, 0],
							"lerp_mode": "catmullrom"
						}
					}
				},
				"LeftLegDown": {
					"rotation": {
						"0.0": {
							"post": [62.5, 0, 0],
							"lerp_mode": "catmullrom"
						},
						"0.5833": {
							"post": [76.3, 0, 0],
							"lerp_mode": "catmullrom"
						},
						"1.0": {
							"post": [62.5, 0, 0],
							"lerp_mode": "catmullrom"
						},
						"1.625": {
							"post": [79.44, 0, 0],
							"lerp_mode": "catmullrom"
						},
						"2.0": {
							"post": [62.5, 0, 0],
							"lerp_mode": "catmullrom"
						}
					}
				},
				"RightLeg": {
					"rotation": {
						"0.0": {
							"post": [-55, 0, 5],
							"lerp_mode": "catmullrom"
						},
						"1.0": {
							"post": [15, 0, 5],
							"lerp_mode": "catmullrom"
						},
						"2.0": {
							"post": [-55, 0, 5],
							"lerp_mode": "catmullrom"
						}
					},
					"position": {
						"0.0": {
							"post": [0, 0.525, -2.175],
							"lerp_mode": "catmullrom"
						},
						"0.2917": {
							"post": [0, 1.32, -1.63],
							"lerp_mode": "catmullrom"
						},
						"1.0": {
							"post": [0, -0.095, -0.17],
							"lerp_mode": "catmullrom"
						},
						"1.625": {
							"post": [0, 1.96, -1.63],
							"lerp_mode": "catmullrom"
						},
						"2.0": {
							"post": [0, 0.525, -2.175],
							"lerp_mode": "catmullrom"
						}
					}
				},
				"RightLegDown": {
					"rotation": {
						"0.0": {
							"post": [57.5, 0, 0],
							"lerp_mode": "catmullrom"
						},
						"1.0": {
							"post": [57.5, 0, 0],
							"lerp_mode": "catmullrom"
						},
						"1.625": {
							"post": [71.83, 0, 0],
							"lerp_mode": "catmullrom"
						},
						"2.0": {
							"post": [57.5, 0, 0],
							"lerp_mode": "catmullrom"
						}
					}
				},
				"BodyUpper": {
					"rotation": {
						"0.0": {
							"post": [5, 0, 0],
							"lerp_mode": "catmullrom"
						},
						"1.0": {
							"post": [5, 0, 0],
							"lerp_mode": "catmullrom"
						},
						"2.0": {
							"post": [5, 0, 0],
							"lerp_mode": "catmullrom"
						}
					},
					"position": {
						"0.0": {
							"post": [0, -0.2, 0],
							"lerp_mode": "catmullrom"
						},
						"1.0": {
							"post": [0, -0.2, 0],
							"lerp_mode": "catmullrom"
						},
						"2.0": {
							"post": [0, -0.2, 0],
							"lerp_mode": "catmullrom"
						}
					}
				},
				"Anchor": {
					"position": {
						"0.0": {
							"post": [0, -5, 0],
							"lerp_mode": "catmullrom"
						},
						"1.0": {
							"post": [0, -5, 0],
							"lerp_mode": "catmullrom"
						},
						"2.0": {
							"post": [0, -5, 0],
							"lerp_mode": "catmullrom"
						}
					}
				},
				"Torso": {
					"rotation": {
						"0.0": {
							"post": [20, 0, 0],
							"lerp_mode": "catmullrom"
						},
						"0.5833": {
							"post": [19.83207, 2.68299, -7.39576],
							"lerp_mode": "catmullrom"
						},
						"1.0": {
							"post": [20, 0, 0],
							"lerp_mode": "catmullrom"
						},
						"1.625": {
							"post": [19.92785, -1.75799, 4.83694],
							"lerp_mode": "catmullrom"
						},
						"2.0": {
							"post": [20, 0, 0],
							"lerp_mode": "catmullrom"
						}
					},
					"position": {
						"0.0": {
							"post": [0, 0, 0],
							"lerp_mode": "catmullrom"
						},
						"0.5833": {
							"post": [0, 0.7, 0],
							"lerp_mode": "catmullrom"
						},
						"1.0": {
							"post": [0, -0.31, 0],
							"lerp_mode": "catmullrom"
						},
						"1.625": {
							"post": [0, 1.1, 0],
							"lerp_mode": "catmullrom"
						},
						"2.0": {
							"post": [0, 0, 0],
							"lerp_mode": "catmullrom"
						}
					}
				}
			}
		},
		"jump": {
			"loop": true,
			"animation_length": 0.7917,
			"bones": {
				"Body": {
					"position": {
						"0.0833": {
							"pre": [0, -0.025, 0],
							"post": [0, -0.025, 0],
							"lerp_mode": "catmullrom"
						},
						"0.7917": {
							"post": [0, -0.025, 0],
							"lerp_mode": "catmullrom"
						}
					}
				},
				"Head": {
					"rotation": {
						"0.0833": {
							"pre": ["query.head_pitch", "query.head_yaw", 0],
							"post": ["query.head_pitch", "query.head_yaw", 0],
							"lerp_mode": "catmullrom"
						},
						"0.7917": {
							"post": ["query.head_pitch", "query.head_yaw", 0],
							"lerp_mode": "catmullrom"
						}
					}
				},
				"LeftArm": {
					"rotation": {
						"0.0417": {
							"pre": [-28.70308, 11.45565, -8.1019],
							"post": [-28.70308, 11.45565, -8.1019],
							"lerp_mode": "catmullrom"
						},
						"0.0833": {
							"post": [-9.73656, 6.14935, -61.02426],
							"lerp_mode": "catmullrom"
						},
						"0.7917": {
							"post": [-1.01586, 11.45565, -8.1019],
							"lerp_mode": "catmullrom"
						}
					},
					"position": {
						"0.0833": {
							"pre": [0, -0.5, 0],
							"post": [0, -0.5, 0],
							"lerp_mode": "catmullrom"
						},
						"0.7917": {
							"post": [0, -0.5, 0],
							"lerp_mode": "catmullrom"
						}
					}
				},
				"LeftFist": {
					"rotation": {
						"0.0833": {
							"pre": [-32.5, 0, 0],
							"post": [-32.5, 0, 0],
							"lerp_mode": "catmullrom"
						},
						"0.7917": {
							"post": [-7.5, 0, 0],
							"lerp_mode": "catmullrom"
						}
					}
				},
				"RightArm": {
					"rotation": {
						"0.0417": {
							"pre": [-34.33046, -10.45959, 8.08471],
							"post": [-34.33046, -10.45959, 8.08471],
							"lerp_mode": "catmullrom"
						},
						"0.0833": {
							"post": [-8.63277, -5.99986, 58.45327],
							"lerp_mode": "catmullrom"
						},
						"0.7917": {
							"post": [-0.92544, -10.45959, 8.08471],
							"lerp_mode": "catmullrom"
						}
					},
					"position": {
						"0.0833": {
							"pre": [0, -0.5, 0],
							"post": [0, -0.5, 0],
							"lerp_mode": "catmullrom"
						},
						"0.7917": {
							"post": [0, -0.5, 0],
							"lerp_mode": "catmullrom"
						}
					}
				},
				"RightFist": {
					"rotation": {
						"0.0833": {
							"pre": [-52.5, 0, 0],
							"post": [-52.5, 0, 0],
							"lerp_mode": "catmullrom"
						},
						"0.7917": {
							"post": [-7.5, 0, 0],
							"lerp_mode": "catmullrom"
						}
					}
				},
				"LeftLeg": {
					"rotation": {
						"0.0": {
							"post": [-32.5, 0, -5],
							"lerp_mode": "catmullrom"
						},
						"0.0833": {
							"post": [-25, 0, -5],
							"lerp_mode": "catmullrom"
						},
						"0.5": {
							"post": [-12.46826, 0, -5],
							"lerp_mode": "catmullrom"
						},
						"0.5833": {
							"post": [-32.5, 0, -5],
							"lerp_mode": "catmullrom"
						},
						"0.7917": {
							"post": [0, 0, -5],
							"lerp_mode": "catmullrom"
						}
					},
					"position": {
						"0.0": {
							"post": [0, -1, 0],
							"lerp_mode": "catmullrom"
						},
						"0.0833": {
							"post": [0, -0.275, -0.3],
							"lerp_mode": "catmullrom"
						},
						"0.5": {
							"post": [0, 0.9, -0.11],
							"lerp_mode": "catmullrom"
						},
						"0.5833": {
							"post": [0, -1, 0],
							"lerp_mode": "catmullrom"
						}
					}
				},
				"LeftLegDown": {
					"rotation": {
						"0.0": {
							"post": [52.5, 0, 0],
							"lerp_mode": "catmullrom"
						},
						"0.0833": {
							"post": [52.5, 0, 0],
							"lerp_mode": "catmullrom"
						},
						"0.5": {
							"post": [17.78, 0, 0],
							"lerp_mode": "catmullrom"
						},
						"0.5833": {
							"post": [52.5, 0, 0],
							"lerp_mode": "catmullrom"
						},
						"0.7917": {
							"post": [5, 0, 0],
							"lerp_mode": "catmullrom"
						}
					}
				},
				"RightLeg": {
					"rotation": {
						"0.0": {
							"post": [-35, 0, 5],
							"lerp_mode": "catmullrom"
						},
						"0.0833": {
							"post": [-40, 0, 5],
							"lerp_mode": "catmullrom"
						},
						"0.5": {
							"post": [-19.52637, 0, 5],
							"lerp_mode": "catmullrom"
						},
						"0.5833": {
							"post": [-35, 0, 5],
							"lerp_mode": "catmullrom"
						},
						"0.7917": {
							"post": [-5, 0, 5],
							"lerp_mode": "catmullrom"
						}
					},
					"position": {
						"0.0": {
							"post": [0, -1, 0],
							"lerp_mode": "catmullrom"
						},
						"0.0833": {
							"post": [0, -0.4, -0.325],
							"lerp_mode": "catmullrom"
						},
						"0.5": {
							"post": [0, 0.85, -0.12],
							"lerp_mode": "catmullrom"
						},
						"0.5833": {
							"post": [0, -1, 0],
							"lerp_mode": "catmullrom"
						}
					}
				},
				"RightLegDown": {
					"rotation": {
						"0.0": {
							"post": [47.5, 0, 0],
							"lerp_mode": "catmullrom"
						},
						"0.0833": {
							"post": [72.5, 0, 0],
							"lerp_mode": "catmullrom"
						},
						"0.5": {
							"post": [29.69, 0, 0],
							"lerp_mode": "catmullrom"
						},
						"0.5833": {
							"post": [47.5, 0, 0],
							"lerp_mode": "catmullrom"
						},
						"0.7917": {
							"post": [5, 0, 0],
							"lerp_mode": "catmullrom"
						}
					}
				},
				"BodyUpper": {
					"rotation": {
						"0.0": {
							"post": [47.5, 0, 0],
							"lerp_mode": "catmullrom"
						},
						"0.0833": {
							"post": [-5, 0, 0],
							"lerp_mode": "catmullrom"
						},
						"0.4167": {
							"post": [7.61, 0, 0],
							"lerp_mode": "catmullrom"
						},
						"0.5833": {
							"post": [27.5, 0, 0],
							"lerp_mode": "catmullrom"
						},
						"0.7917": {
							"post": [0, 0, 0],
							"lerp_mode": "catmullrom"
						}
					},
					"position": {
						"0.0": {
							"post": [0, -1.475, 0.625],
							"lerp_mode": "catmullrom"
						},
						"0.0833": {
							"post": [0, -0.225, 0],
							"lerp_mode": "catmullrom"
						},
						"0.125": {
							"post": [0, -0.255, 0],
							"lerp_mode": "catmullrom"
						},
						"0.1667": {
							"post": [0, -0.28, -0.02],
							"lerp_mode": "catmullrom"
						},
						"0.25": {
							"post": [0, -0.25, 0.025],
							"lerp_mode": "catmullrom"
						},
						"0.3333": {
							"post": [0, -0.21, -0.005],
							"lerp_mode": "catmullrom"
						},
						"0.4167": {
							"post": [0, -0.305, 0],
							"lerp_mode": "catmullrom"
						},
						"0.5833": {
							"post": [0, -1.15, 0.225],
							"lerp_mode": "catmullrom"
						},
						"0.7917": {
							"post": [0, 0, 0],
							"lerp_mode": "catmullrom"
						}
					}
				},
				"Anchor": {
					"position": {
						"0.0": {
							"post": [0, -2, 0],
							"lerp_mode": "catmullrom"
						},
						"0.0833": {
							"post": [0, 0, 0],
							"lerp_mode": "catmullrom"
						},
						"0.5": {
							"post": [0, -2, 0],
							"lerp_mode": "catmullrom"
						},
						"0.7917": {
							"post": [0, 0.75, 0],
							"lerp_mode": "catmullrom"
						}
					}
				},
				"Torso": {
					"rotation": {
						"0.0": {
							"post": [7.5, 0, 0],
							"lerp_mode": "catmullrom"
						},
						"0.0833": {
							"post": [0, 0, 0],
							"lerp_mode": "catmullrom"
						},
						"0.4583": {
							"post": [7.5, 0, 0],
							"lerp_mode": "catmullrom"
						}
					},
					"position": {
						"0.0": {
							"post": [0, -1, 0],
							"lerp_mode": "catmullrom"
						},
						"0.0833": {
							"post": [0, 0, 0],
							"lerp_mode": "catmullrom"
						},
						"0.4583": {
							"post": [0, -1, 0],
							"lerp_mode": "catmullrom"
						}
					}
				},
				"Breasts": {
					"rotation": {
						"0.0": [-26, 0, 0],
						"0.1667": [12, 0, 0],
						"0.3333": [-32.42, 0, 0],
						"0.5417": [-23.25, 0, 0],
						"0.7917": [-5, 0, 0]
					},
					"position": {
						"0.0": [0, 1.375, -0.35],
						"0.1667": [0, -0.33, 0.825],
						"0.3333": [0, 2, -0.89],
						"0.5417": [0, 1.42, -0.57],
						"0.7917": [0, 0.82, 0.18]
					}
				}
			}
		},
		"falling": {
			"loop": true,
			"animation_length": 0.70833,
			"bones": {
				"Body": {
					"position": {
						"0.0": {
							"post": [0, -0.025, 0],
							"lerp_mode": "catmullrom"
						},
						"0.7083": {
							"post": [0, -0.025, 0],
							"lerp_mode": "catmullrom"
						}
					}
				},
				"Head": {
					"rotation": {
						"0.0": {
							"post": ["query.head_pitch", "query.head_yaw", 0],
							"lerp_mode": "catmullrom"
						},
						"0.7083": {
							"post": ["query.head_pitch", "query.head_yaw", 0],
							"lerp_mode": "catmullrom"
						}
					}
				},
				"LeftArm": {
					"rotation": {
						"0.0": {
							"post": [-37.03318, -29.96121, -89.92007],
							"lerp_mode": "catmullrom"
						},
						"0.25": {
							"post": [-54.19079, -7.35724, -64.53222],
							"lerp_mode": "catmullrom"
						},
						"0.375": {
							"post": [-46.23581, -0.89896, -57.27855],
							"lerp_mode": "catmullrom"
						},
						"0.7083": {
							"post": [-37.03318, -29.96121, -89.92007],
							"lerp_mode": "catmullrom"
						}
					},
					"position": {
						"0.0": {
							"post": [0, 0.5, 0],
							"lerp_mode": "catmullrom"
						},
						"0.7083": {
							"post": [0, 0.5, 0],
							"lerp_mode": "catmullrom"
						}
					}
				},
				"LeftFist": {
					"rotation": {
						"0.0": {
							"post": [-22.5, 0, 0],
							"lerp_mode": "catmullrom"
						},
						"0.25": {
							"post": [-35, 0, 0],
							"lerp_mode": "catmullrom"
						},
						"0.7083": {
							"post": [-22.5, 0, 0],
							"lerp_mode": "catmullrom"
						}
					}
				},
				"RightArm": {
					"rotation": {
						"0.0": {
							"post": [-10.46092, 0.91006, 97.91669],
							"lerp_mode": "catmullrom"
						},
						"0.375": {
							"post": [-8.63277, 5.99986, 127.54673],
							"lerp_mode": "catmullrom"
						},
						"0.5417": {
							"post": [-46.93259, 3.77307, 114.58359],
							"lerp_mode": "catmullrom"
						},
						"0.7083": {
							"post": [-10.46092, 0.91006, 97.91669],
							"lerp_mode": "catmullrom"
						}
					},
					"position": {
						"0.0": {
							"post": [0, 0.5, 0],
							"lerp_mode": "catmullrom"
						},
						"0.7083": {
							"post": [0, 0.5, 0],
							"lerp_mode": "catmullrom"
						}
					}
				},
				"RightFist": {
					"rotation": {
						"0.0": {
							"post": [-25, 0, 0],
							"lerp_mode": "catmullrom"
						},
						"0.375": {
							"post": [-45, 0, 0],
							"lerp_mode": "catmullrom"
						},
						"0.7083": {
							"post": [-25, 0, 0],
							"lerp_mode": "catmullrom"
						}
					}
				},
				"LeftLeg": {
					"rotation": {
						"0.0": {
							"post": [-48.2367, -15.18892, -18.16783],
							"lerp_mode": "catmullrom"
						},
						"0.2083": {
							"post": [-29.45409, -19.80338, -8.11939],
							"lerp_mode": "catmullrom"
						},
						"0.375": {
							"post": [-28.27227, -12.92716, 11.28221],
							"lerp_mode": "catmullrom"
						},
						"0.7083": {
							"post": [-48.2367, -15.18892, -18.16783],
							"lerp_mode": "catmullrom"
						}
					},
					"position": {
						"0.0": {
							"post": [0, 0, 0],
							"lerp_mode": "catmullrom"
						},
						"0.2083": {
							"post": [0, -1, 0],
							"lerp_mode": "catmullrom"
						},
						"0.7083": {
							"post": [0, 0, 0],
							"lerp_mode": "catmullrom"
						}
					}
				},
				"LeftLegDown": {
					"rotation": {
						"0.0": {
							"post": [50, 0, 0],
							"lerp_mode": "catmullrom"
						},
						"0.2917": {
							"post": [20, 0, 0],
							"lerp_mode": "catmullrom"
						},
						"0.7083": {
							"post": [50, 0, 0],
							"lerp_mode": "catmullrom"
						}
					}
				},
				"RightLeg": {
					"rotation": {
						"0.0": {
							"post": [-27.5, 0, 5],
							"lerp_mode": "catmullrom"
						},
						"0.375": {
							"post": [-22.44031, 16.32555, 39.24027],
							"lerp_mode": "catmullrom"
						},
						"0.7083": {
							"post": [-27.5, 0, 5],
							"lerp_mode": "catmullrom"
						}
					}
				},
				"RightLegDown": {
					"rotation": {
						"0.0": {
							"post": [70, 0, 0],
							"lerp_mode": "catmullrom"
						},
						"0.2083": {
							"post": [30, 0, 0],
							"lerp_mode": "catmullrom"
						},
						"0.7083": {
							"post": [70, 0, 0],
							"lerp_mode": "catmullrom"
						}
					}
				},
				"BodyUpper": {
					"rotation": {
						"0.0": {
							"post": [-7.5, 0, 0],
							"lerp_mode": "catmullrom"
						},
						"0.7083": {
							"post": [-7.5, 0, 0],
							"lerp_mode": "catmullrom"
						}
					},
					"position": {
						"0.0": {
							"post": [0, -0.475, 0],
							"lerp_mode": "catmullrom"
						},
						"0.7083": {
							"post": [0, -0.475, 0],
							"lerp_mode": "catmullrom"
						}
					}
				},
				"Torso": {
					"rotation": {
						"0.0": {
							"post": [0, 0, -5],
							"lerp_mode": "catmullrom"
						},
						"0.375": {
							"post": [0, 0, 5],
							"lerp_mode": "catmullrom"
						},
						"0.7083": {
							"post": [0, 0, -5],
							"lerp_mode": "catmullrom"
						}
					}
				},
				"Breasts": {
					"rotation": {
						"0.0": {
							"post": [-18.25, 0, 0],
							"lerp_mode": "catmullrom"
						}
					},
					"position": {
						"0.0": {
							"post": [0, 1.275, -0.675],
							"lerp_mode": "catmullrom"
						}
					}
				}
			}
		},
		"swipe": {
			"animation_length": 0.41667,
			"bones": {
				"Torso": {
					"rotation": {
						"0.0": {
							"post": [0, 7.5, 0],
							"lerp_mode": "catmullrom"
						},
						"0.1667": {
							"post": [0, -12.5, 0],
							"lerp_mode": "catmullrom"
						},
						"0.4167": {
							"post": [0, 7.5, 0],
							"lerp_mode": "catmullrom"
						}
					}
				},
				"RightArm": {
					"rotation": {
						"0.0": {
							"post": [60.49693, -14.8687, 15.2614],
							"lerp_mode": "catmullrom"
						},
						"0.1667": {
							"post": [-80.36122, 1.31173, 96.90513],
							"lerp_mode": "catmullrom"
						},
						"0.4167": {
							"post": [60.49693, -14.8687, 15.2614],
							"lerp_mode": "catmullrom"
						}
					},
					"position": {
						"0.0": [0, -0.5, 0],
						"0.1667": [0, -0.5, -2],
						"0.4167": [0, -0.5, 0]
					}
				},
				"RightFist": {
					"rotation": {
						"0.0": {
							"post": [-50, 0, 0],
							"lerp_mode": "catmullrom"
						},
						"0.0833": {
							"post": [-27.18, 0, 0],
							"lerp_mode": "catmullrom"
						},
						"0.2083": {
							"post": [-50.9, 0, 0],
							"lerp_mode": "catmullrom"
						},
						"0.2917": {
							"post": [-24.77, 0, 0],
							"lerp_mode": "catmullrom"
						},
						"0.4167": {
							"post": [-50, 0, 0],
							"lerp_mode": "catmullrom"
						}
					}
				}
			}
		},
		"dying": {
			"animation_length": 0.54167,
			"bones": {
				"Body": {
					"position": {
						"0.0": {
							"post": [0, -0.025, 0],
							"lerp_mode": "catmullrom"
						}
					}
				},
				"Head": {
					"rotation": {
						"0.0": [0, 0, 0],
						"0.1667": [-22.5, 0, 0],
						"0.5417": [-22.5, 0, 0]
					}
				},
				"LeftArm": {
					"rotation": {
						"0.0": {
							"post": [-1.01586, 11.45565, -8.1019],
							"lerp_mode": "catmullrom"
						},
						"0.1667": {
							"post": [-54.75601, -13.81285, -20.60088],
							"lerp_mode": "catmullrom"
						},
						"0.3333": {
							"post": [-0.73573, -6.07958, -10.3085],
							"lerp_mode": "catmullrom"
						},
						"0.375": {
							"post": [0.60257, -6.09416, -22.87965],
							"lerp_mode": "catmullrom"
						},
						"0.5417": {
							"post": [0.60257, -6.09416, -22.87965],
							"lerp_mode": "catmullrom"
						}
					},
					"position": {
						"0.0": {
							"post": [0, -0.5, 0],
							"lerp_mode": "catmullrom"
						}
					}
				},
				"LeftFist": {
					"rotation": {
						"0.0": {
							"post": [-7.5, 0, 0],
							"lerp_mode": "catmullrom"
						},
						"0.1667": {
							"post": [-32.5, 0, 0],
							"lerp_mode": "catmullrom"
						},
						"0.3333": {
							"post": [-2.5, 0, 0],
							"lerp_mode": "catmullrom"
						},
						"0.5417": {
							"post": [-2.5, 0, 0],
							"lerp_mode": "catmullrom"
						}
					}
				},
				"RightArm": {
					"rotation": {
						"0.0": {
							"post": [-0.92544, -10.45959, 8.08471],
							"lerp_mode": "catmullrom"
						},
						"0.1667": {
							"post": [-58.11619, 8.56744, 15.86328],
							"lerp_mode": "catmullrom"
						},
						"0.3333": {
							"post": [-0.91064, 2.03882, 7.88429],
							"lerp_mode": "catmullrom"
						},
						"0.5417": {
							"post": [-0.91064, 2.03882, 7.88429],
							"lerp_mode": "catmullrom"
						}
					},
					"position": {
						"0.0": {
							"post": [0, -0.5, 0],
							"lerp_mode": "catmullrom"
						}
					}
				},
				"RightFist": {
					"rotation": {
						"0.0": {
							"post": [-7.5, 0, 0],
							"lerp_mode": "catmullrom"
						},
						"0.1667": {
							"post": [-25, 0, 0],
							"lerp_mode": "catmullrom"
						},
						"0.3333": {
							"post": [-2.5, 0, 0],
							"lerp_mode": "catmullrom"
						},
						"0.5417": {
							"post": [-2.5, 0, 0],
							"lerp_mode": "catmullrom"
						}
					}
				},
				"LeftLeg": {
					"rotation": {
						"0.0": {
							"post": [0, 0, -5],
							"lerp_mode": "catmullrom"
						},
						"0.3333": {
							"post": [-10, 0, -5],
							"lerp_mode": "catmullrom"
						},
						"0.5417": {
							"post": [-10, 0, -5],
							"lerp_mode": "catmullrom"
						}
					}
				},
				"LeftLegDown": {
					"rotation": {
						"0.0": {
							"post": [5, 0, 0],
							"lerp_mode": "catmullrom"
						},
						"0.3333": {
							"post": [2.5, 0, 0],
							"lerp_mode": "catmullrom"
						},
						"0.5417": {
							"post": [2.5, 0, 0],
							"lerp_mode": "catmullrom"
						}
					}
				},
				"RightLeg": {
					"rotation": {
						"0.0": {
							"post": [-5, 0, 5],
							"lerp_mode": "catmullrom"
						},
						"0.25": {
							"post": [-46.48437, 0, 5],
							"lerp_mode": "catmullrom"
						},
						"0.3333": {
							"post": [-10, 0, 5],
							"lerp_mode": "catmullrom"
						},
						"0.5417": {
							"post": [-10, 0, 5],
							"lerp_mode": "catmullrom"
						}
					}
				},
				"RightLegDown": {
					"rotation": {
						"0.0": {
							"post": [5, 0, 0],
							"lerp_mode": "catmullrom"
						},
						"0.25": {
							"post": [3.4394, -0.60557, 0.08124],
							"lerp_mode": "catmullrom"
						},
						"0.3333": {
							"post": [0, 0, 0],
							"lerp_mode": "catmullrom"
						},
						"0.5417": {
							"post": [0, 0, 0],
							"lerp_mode": "catmullrom"
						}
					}
				},
				"BodyUpper": {
					"rotation": {
						"0.0": {
							"post": [0, 0, 0],
							"lerp_mode": "catmullrom"
						},
						"0.3333": {
							"post": [-2.5, 0, 0],
							"lerp_mode": "catmullrom"
						},
						"0.375": {
							"post": [5.34, 0, 0],
							"lerp_mode": "catmullrom"
						},
						"0.5417": {
							"post": [-2.5, 0, 0],
							"lerp_mode": "catmullrom"
						}
					},
					"position": {
						"0.0": {
							"post": [0, 0, 0],
							"lerp_mode": "catmullrom"
						},
						"0.3333": {
							"post": [0, -0.075, 0],
							"lerp_mode": "catmullrom"
						}
					}
				},
				"Anchor": {
					"rotation": {
						"0.0": [0, 0, 0],
						"0.3333": [-85, 0, 0],
						"0.5417": [-85, 0, 0]
					}
				},
				"Torso": {
					"rotation": {
						"0.0": [0, 0, 0],
						"0.0833": [0, -35, 0],
						"0.2917": [0, -12.5, 0],
						"0.3333": [-2.5, 5, 0],
						"0.4167": [10, 5, 0],
						"0.5417": [10, 5, 0]
					}
				}
			}
		},
		"consume": {
			"loop": true,
			"animation_length": 1,
			"bones": {
				"Head": {
					"rotation": {
						"0.0": {
							"post": ["7.5+query.head_pitch", "query.head_yaw", 0],
							"lerp_mode": "catmullrom"
						},
						"0.5": {
							"post": ["-2.5+query.head_pitch", "query.head_yaw", 0],
							"lerp_mode": "catmullrom"
						},
						"1.0": {
							"post": ["7.5+query.head_pitch", "query.head_yaw", 0],
							"lerp_mode": "catmullrom"
						}
					}
				},
				"RightArm": {
					"rotation": {
						"0.0": {
							"post": [-104.4175, -18.39918, 47.64385],
							"lerp_mode": "catmullrom"
						},
						"0.4167": {
							"post": [-94.4175, -18.39918, 47.64385],
							"lerp_mode": "catmullrom"
						},
						"1.0": {
							"post": [-104.4175, -18.39918, 47.64385],
							"lerp_mode": "catmullrom"
						}
					},
					"position": {
						"0.0": {
							"post": [1, -0.975, -2],
							"lerp_mode": "catmullrom"
						},
						"1.0": {
							"post": [1, -0.9, -2],
							"lerp_mode": "catmullrom"
						}
					}
				},
				"RightFist": {
					"rotation": {
						"0.0": {
							"post": [-50, 0, 0],
							"lerp_mode": "catmullrom"
						},
						"0.5": {
							"post": [-40, 0, 0],
							"lerp_mode": "catmullrom"
						},
						"1.0": {
							"post": [-50, 0, 0],
							"lerp_mode": "catmullrom"
						}
					}
				}
			}
		},
		"land": {
			"loop": true,
			"animation_length": 0.375,
			"bones": {
				"Anchor": {
					"position": {
						"0.0": {
							"post": [0, -0.475, 0],
							"lerp_mode": "catmullrom"
						},
						"0.2083": {
							"post": [0, -2, 0],
							"lerp_mode": "catmullrom"
						},
						"0.2917": {
							"post": [0, -0.255, 0],
							"lerp_mode": "catmullrom"
						},
						"0.3333": {
							"post": [0, -0.75, 0],
							"lerp_mode": "catmullrom"
						}
					}
				},
				"Body": {
					"position": {
						"0.0": {
							"post": [0, -0.025, 0],
							"lerp_mode": "catmullrom"
						}
					}
				},
				"Torso": {
					"rotation": {
						"0.0": {
							"post": [0, 0, -5],
							"lerp_mode": "catmullrom"
						},
						"0.2083": {
							"post": [7.5, 0, 0],
							"lerp_mode": "catmullrom"
						}
					},
					"position": {
						"0.0": {
							"post": [0, 0.85, 0.6],
							"lerp_mode": "catmullrom"
						},
						"0.2083": {
							"post": [0, -1.05, 0.6],
							"lerp_mode": "catmullrom"
						},
						"0.3333": {
							"post": [0, -0.875, 0.6],
							"lerp_mode": "catmullrom"
						}
					}
				},
				"BodyUpper": {
					"rotation": {
						"0.0": {
							"post": [-7.5, 0, 0],
							"lerp_mode": "catmullrom"
						},
						"0.2083": {
							"post": [42.5, 0, 0],
							"lerp_mode": "catmullrom"
						},
						"0.3333": {
							"post": [22.5, 0, 0],
							"lerp_mode": "catmullrom"
						}
					},
					"position": {
						"0.0": {
							"post": [0, -0.275, -0.025],
							"lerp_mode": "catmullrom"
						},
						"0.2083": {
							"post": [0, -1.35, 0.525],
							"lerp_mode": "catmullrom"
						},
						"0.3333": {
							"post": [0, -0.795, 0.155],
							"lerp_mode": "catmullrom"
						}
					}
				},
				"Breasts": {
					"rotation": {
						"0.0": {
							"post": [-29.5, 0, 0],
							"lerp_mode": "catmullrom"
						},
						"0.2083": {
							"post": [-50, 0, 0],
							"lerp_mode": "catmullrom"
						},
						"0.3333": {
							"post": [3.5, 0, 0],
							"lerp_mode": "catmullrom"
						},
						"0.375": {
							"post": [-5.75, 0, 0],
							"lerp_mode": "catmullrom"
						}
					},
					"position": {
						"0.0": {
							"post": [0, 1.5, -0.85],
							"lerp_mode": "catmullrom"
						},
						"0.2083": {
							"post": [0, 3.125, -0.85],
							"lerp_mode": "catmullrom"
						},
						"0.3333": {
							"post": [0, 1.005, 0.45],
							"lerp_mode": "catmullrom"
						},
						"0.375": {
							"post": [0, 1.01, 0.2],
							"lerp_mode": "catmullrom"
						}
					}
				},
				"Head": {
					"rotation": {
						"0.0": {
							"post": ["query.head_pitch", "query.head_yaw", 0],
							"lerp_mode": "catmullrom"
						}
					}
				},
				"LeftArm": {
					"rotation": {
						"0.0": {
							"post": [-43.12753, -18.62625, -75.24614],
							"lerp_mode": "catmullrom"
						},
						"0.125": {
							"post": [-45.28866, -11.28872, -67.71833],
							"lerp_mode": "catmullrom"
						},
						"0.2083": {
							"post": [-45.68654, 8.10424, -48.58093],
							"lerp_mode": "catmullrom"
						},
						"0.25": {
							"post": [-36.24059, 18.275, -35.54933],
							"lerp_mode": "catmullrom"
						},
						"0.3333": {
							"post": [-14.68199, 19.81938, -14.49437],
							"lerp_mode": "catmullrom"
						}
					},
					"position": {
						"0.0": {
							"post": [0, 0.5, 0],
							"lerp_mode": "catmullrom"
						}
					}
				},
				"LeftFist": {
					"rotation": {
						"0.0": {
							"post": [-22.5, 0, 0],
							"lerp_mode": "catmullrom"
						},
						"0.25": {
							"post": [-8.75, 0, 0],
							"lerp_mode": "catmullrom"
						}
					}
				},
				"RightArm": {
					"rotation": {
						"0.0": {
							"post": [-6.25424, -8.45095, 39.71254],
							"lerp_mode": "catmullrom"
						},
						"0.125": {
							"post": [-38.66943, 5.64193, 59.41083],
							"lerp_mode": "catmullrom"
						},
						"0.2083": {
							"post": [-53.05557, -5.72977, 46.58937],
							"lerp_mode": "catmullrom"
						},
						"0.25": {
							"post": [-39.36834, -15.8463, 34.59603],
							"lerp_mode": "catmullrom"
						},
						"0.3333": {
							"post": [-4.89839, -10.96253, 9.02997],
							"lerp_mode": "catmullrom"
						}
					},
					"position": {
						"0.0": {
							"post": [0, 0.5, 0],
							"lerp_mode": "catmullrom"
						}
					}
				},
				"RightFist": {
					"rotation": {
						"0.0": {
							"post": [-25, 0, 0],
							"lerp_mode": "catmullrom"
						},
						"0.25": {
							"post": [-11.25, 0, 0],
							"lerp_mode": "catmullrom"
						}
					}
				},
				"LeftLeg": {
					"rotation": {
						"0.0": {
							"post": [-48.2367, -15.18892, -18.16783],
							"lerp_mode": "catmullrom"
						},
						"0.2083": {
							"post": [-17.5, 0, -5],
							"lerp_mode": "catmullrom"
						}
					},
					"position": {
						"0.0": {
							"post": [0, 0, 0],
							"lerp_mode": "catmullrom"
						},
						"0.2083": {
							"post": [0, -1, 0],
							"lerp_mode": "catmullrom"
						},
						"0.3333": {
							"post": [0, -0.425, 0],
							"lerp_mode": "catmullrom"
						}
					}
				},
				"LeftLegDown": {
					"rotation": {
						"0.0": {
							"post": [50, 0, 0],
							"lerp_mode": "catmullrom"
						},
						"0.2083": {
							"post": [52.5, 0, 0],
							"lerp_mode": "catmullrom"
						},
						"0.3333": {
							"post": [22.5, 0, 0],
							"lerp_mode": "catmullrom"
						}
					}
				},
				"RightLeg": {
					"rotation": {
						"0.0": {
							"post": [-27.5, 0, 5],
							"lerp_mode": "catmullrom"
						},
						"0.2083": {
							"post": [-35, 0, 5],
							"lerp_mode": "catmullrom"
						},
						"0.3333": {
							"post": [-25, 0, 5],
							"lerp_mode": "catmullrom"
						}
					},
					"position": {
						"0.0": {
							"post": [0, 0.75, -0.105],
							"lerp_mode": "catmullrom"
						},
						"0.2083": {
							"post": [0, -1, -0.725],
							"lerp_mode": "catmullrom"
						},
						"0.3333": {
							"post": [0, -0.6, 0.32],
							"lerp_mode": "catmullrom"
						}
					}
				},
				"RightLegDown": {
					"rotation": {
						"0.0": {
							"post": [70, 0, 0],
							"lerp_mode": "catmullrom"
						},
						"0.2083": {
							"post": [57.5, 0, 0],
							"lerp_mode": "catmullrom"
						},
						"0.3333": {
							"post": [27.5, 0, 0],
							"lerp_mode": "catmullrom"
						}
					}
				}
			}
		}
	}
}