{
	"format_version": "1.8.0",
	"animations": {
		"animation.gojiweapon.parasite_gun_shoot": {
			"animation_length": 1,
			"bones": {
				"gun": {
					"rotation": {
						"0.0": [0, 0, 0],
						"0.0833": [-5, 0, 0],
						"0.5": {
							"pre": [0, 0, 0],
							"post": [0, 0, 0],
							"lerp_mode": "catmullrom"
						}
					},
					"position": {
						"0.0": [0, 0, 0],
						"0.0833": [0, 1, 0],
						"0.5": {
							"pre": [0, 0, 0],
							"post": [0, 0, 0],
							"lerp_mode": "catmullrom"
						}
					}
				},
				"Laser": {
					"rotation": {
						"0.0": [0, 0, 0],
						"0.8333": [0, 250, 0]
					},
					"position": {
						"0.0": [0, 0, 0],
						"0.1667": [0, -53, 0],
						"0.8333": [0, -709, 0],
						"1.0": [0, -942.33, 0]
					},
					"scale": {
						"0.0": [1, 1, 1],
						"0.1667": [1, 5.5, 1],
						"0.8333": [1, 6.1, 1],
						"1.0": [0, 0, 0]
					}
				}
			}
		},
		"animation.gojiweapon.parasite_gun_idle": {
			"animation_length": 1.4167
		}
	}
}