{
	"format_version": "1.8.0",
	"animations": {
		"animation.up_strider_camera.fly": {
			"loop": true,
			"animation_length": 4,
			"bones": {
				"bone": {
					"rotation": {
						"vector": ["query.target_x_rotation * 0.8", "query.target_y_rotation", "query.target_y_rotation * 0.05"]
					},
					"position": {
						"0.0": {
							"vector": [0, 16, 0]
						},
						"2.0": {
							"vector": [0, 15, 0]
						},
						"4.0": {
							"vector": [0, 16, 0]
						}
					}
				},
				"Rightleg": {
					"rotation": {
						"vector": [-5.97947, 14.62162, 1.42936]
					},
					"position": {
						"vector": [3, -1, 0]
					}
				},
				"Ri": {
					"rotation": {
						"vector": [0, 0, -50]
					}
				},
				"Rightleg2": {
					"rotation": {
						"vector": [90, 12.5, -92.5]
					}
				},
				"Ri3": {
					"rotation": {
						"vector": [0, 0, 40]
					}
				},
				"Leftleg": {
					"rotation": {
						"vector": [-5.97947, -14.62162, -1.42936]
					},
					"position": {
						"vector": [-3, -1, 0]
					}
				},
				"Ri2": {
					"rotation": {
						"vector": [0, 0, 50]
					}
				},
				"Jetpack_1": {
					"rotation": {
						"vector": [5, 0, 0]
					}
				},
				"Jetpack_2": {
					"rotation": {
						"vector": [5, 0, 0]
					}
				}
			},
			"particle_effects": {
				"0.0": [
					{
						"effect": "flame",
						"locator": "flame3"
					},
					{
						"effect": "flame",
						"locator": "flame2"
					},
					{
						"effect": "flame",
						"locator": "flame"
					}
				],
				"0.0417": [
					{
						"effect": "flame",
						"locator": "flame3"
					},
					{
						"effect": "flame",
						"locator": "flame2"
					},
					{
						"effect": "flame",
						"locator": "flame"
					}
				]
			}
		},
		"animation.up_strider_camera.shoot": {
			"loop": true,
			"animation_length": 2,
			"bones": {
				"blaster_1": {
					"rotation": {
						"0.25": {
							"pre": {
								"vector": [0, -2.5, 0]
							},
							"post": {
								"vector": [0, -2.5, 0]
							},
							"lerp_mode": "catmullrom"
						},
						"0.3333": {
							"post": {
								"vector": [0, 0, 0]
							},
							"lerp_mode": "catmullrom"
						},
						"0.4167": {
							"post": {
								"vector": [0, -2.5, 0]
							},
							"lerp_mode": "catmullrom"
						},
						"1.25": {
							"post": {
								"vector": [0, -2.5, 0]
							},
							"lerp_mode": "catmullrom"
						},
						"1.3333": {
							"post": {
								"vector": [0, 0, 0]
							},
							"lerp_mode": "catmullrom"
						},
						"1.4167": {
							"post": {
								"vector": [0, -2.5, 0]
							},
							"lerp_mode": "catmullrom"
						}
					},
					"position": {
						"0.25": {
							"pre": {
								"vector": [0, 0, 0]
							},
							"post": {
								"vector": [0, 0, 0]
							},
							"lerp_mode": "catmullrom"
						},
						"0.3333": {
							"post": {
								"vector": [0, 0, 2]
							},
							"lerp_mode": "catmullrom"
						},
						"0.4167": {
							"post": {
								"vector": [0, 0, 0]
							},
							"lerp_mode": "catmullrom"
						},
						"1.25": {
							"post": {
								"vector": [0, 0, 0]
							},
							"lerp_mode": "catmullrom"
						},
						"1.3333": {
							"post": {
								"vector": [0, 0, 2]
							},
							"lerp_mode": "catmullrom"
						},
						"1.4167": {
							"post": {
								"vector": [0, 0, 0]
							},
							"lerp_mode": "catmullrom"
						}
					}
				},
				"blaster_3": {
					"rotation": {
						"0.5417": {
							"pre": {
								"vector": [0, -2.5, 0]
							},
							"post": {
								"vector": [0, -2.5, 0]
							},
							"lerp_mode": "catmullrom"
						},
						"0.625": {
							"post": {
								"vector": [0, 0, 0]
							},
							"lerp_mode": "catmullrom"
						},
						"0.7083": {
							"post": {
								"vector": [0, -2.5, 0]
							},
							"lerp_mode": "catmullrom"
						},
						"1.5417": {
							"post": {
								"vector": [0, -2.5, 0]
							},
							"lerp_mode": "catmullrom"
						},
						"1.625": {
							"post": {
								"vector": [0, 0, 0]
							},
							"lerp_mode": "catmullrom"
						},
						"1.7083": {
							"post": {
								"vector": [0, -2.5, 0]
							},
							"lerp_mode": "catmullrom"
						}
					},
					"position": {
						"0.5417": {
							"pre": {
								"vector": [0, 0, 0]
							},
							"post": {
								"vector": [0, 0, 0]
							},
							"lerp_mode": "catmullrom"
						},
						"0.625": {
							"post": {
								"vector": [0, 0, 2]
							},
							"lerp_mode": "catmullrom"
						},
						"0.7083": {
							"post": {
								"vector": [0, 0, 0]
							},
							"lerp_mode": "catmullrom"
						},
						"1.5417": {
							"post": {
								"vector": [0, 0, 0]
							},
							"lerp_mode": "catmullrom"
						},
						"1.625": {
							"post": {
								"vector": [0, 0, 2]
							},
							"lerp_mode": "catmullrom"
						},
						"1.7083": {
							"post": {
								"vector": [0, 0, 0]
							},
							"lerp_mode": "catmullrom"
						}
					}
				},
				"blaster_4": {
					"rotation": {
						"0.7917": {
							"pre": {
								"vector": [0, 2.5, 0]
							},
							"post": {
								"vector": [0, 2.5, 0]
							},
							"lerp_mode": "catmullrom"
						},
						"0.875": {
							"post": {
								"vector": [0, 0, 0]
							},
							"lerp_mode": "catmullrom"
						},
						"0.9583": {
							"post": {
								"vector": [0, 2.5, 0]
							},
							"lerp_mode": "catmullrom"
						},
						"1.7917": {
							"post": {
								"vector": [0, 2.5, 0]
							},
							"lerp_mode": "catmullrom"
						},
						"1.875": {
							"post": {
								"vector": [0, 0, 0]
							},
							"lerp_mode": "catmullrom"
						},
						"1.9583": {
							"post": {
								"vector": [0, 2.5, 0]
							},
							"lerp_mode": "catmullrom"
						}
					},
					"position": {
						"0.7917": {
							"pre": {
								"vector": [0, 0, 0]
							},
							"post": {
								"vector": [0, 0, 0]
							},
							"lerp_mode": "catmullrom"
						},
						"0.875": {
							"post": {
								"vector": [0, 0, 2]
							},
							"lerp_mode": "catmullrom"
						},
						"0.9583": {
							"post": {
								"vector": [0, 0, 0]
							},
							"lerp_mode": "catmullrom"
						},
						"1.7917": {
							"post": {
								"vector": [0, 0, 0]
							},
							"lerp_mode": "catmullrom"
						},
						"1.875": {
							"post": {
								"vector": [0, 0, 2]
							},
							"lerp_mode": "catmullrom"
						},
						"1.9583": {
							"post": {
								"vector": [0, 0, 0]
							},
							"lerp_mode": "catmullrom"
						}
					}
				},
				"blaster_2": {
					"rotation": {
						"0.0": {
							"post": {
								"vector": [0, -2.5, 0]
							},
							"lerp_mode": "catmullrom"
						},
						"0.0833": {
							"post": {
								"vector": [0, 0, 0]
							},
							"lerp_mode": "catmullrom"
						},
						"0.1667": {
							"post": {
								"vector": [0, -2.5, 0]
							},
							"lerp_mode": "catmullrom"
						},
						"1.0": {
							"post": {
								"vector": [0, -2.5, 0]
							},
							"lerp_mode": "catmullrom"
						},
						"1.0833": {
							"post": {
								"vector": [0, 0, 0]
							},
							"lerp_mode": "catmullrom"
						},
						"1.1667": {
							"post": {
								"vector": [0, -2.5, 0]
							},
							"lerp_mode": "catmullrom"
						}
					},
					"position": {
						"0.0": {
							"post": {
								"vector": [0, 0, 0]
							},
							"lerp_mode": "catmullrom"
						},
						"0.0833": {
							"post": {
								"vector": [0, 0, 2]
							},
							"lerp_mode": "catmullrom"
						},
						"0.1667": {
							"post": {
								"vector": [0, 0, 0]
							},
							"lerp_mode": "catmullrom"
						},
						"1.0": {
							"post": {
								"vector": [0, 0, 0]
							},
							"lerp_mode": "catmullrom"
						},
						"1.0833": {
							"post": {
								"vector": [0, 0, 2]
							},
							"lerp_mode": "catmullrom"
						},
						"1.1667": {
							"post": {
								"vector": [0, 0, 0]
							},
							"lerp_mode": "catmullrom"
						}
					}
				}
			},
			"sound_effects": {
				"0.0": {
					"effect": "gun"
				},
				"1.0": {
					"effect": "gun"
				}
			},
			"particle_effects": {
				"0.0417": {
					"effect": "blue_bullet_light",
					"locator": "h"
				},
				"0.2917": {
					"effect": "blue_bullet_light",
					"locator": "h4"
				},
				"0.5833": {
					"effect": "blue_bullet_light",
					"locator": "h2"
				},
				"0.8333": {
					"effect": "blue_bullet_light",
					"locator": "h3"
				},
				"1.0417": {
					"effect": "blue_bullet_light",
					"locator": "h"
				},
				"1.2917": {
					"effect": "blue_bullet_light",
					"locator": "h4"
				},
				"1.5833": {
					"effect": "blue_bullet_light",
					"locator": "h2"
				},
				"1.8333": {
					"effect": "blue_bullet_light",
					"locator": "h3"
				}
			}
		},
		"animation.up_strider_camera.walk": {
			"loop": true,
			"animation_length": 2,
			"bones": {
				"Root": {
					"rotation": {
						"0.0": {
							"post": {
								"vector": [5, 0, -5]
							},
							"lerp_mode": "catmullrom"
						},
						"0.5": {
							"post": {
								"vector": [-2.5, 0, 0]
							},
							"lerp_mode": "catmullrom"
						},
						"1.0": {
							"post": {
								"vector": [5, 0, 5]
							},
							"lerp_mode": "catmullrom"
						},
						"1.5": {
							"post": {
								"vector": [-2.5, 0, 0]
							},
							"lerp_mode": "catmullrom"
						},
						"2.0": {
							"post": {
								"vector": [5, 0, -5]
							},
							"lerp_mode": "catmullrom"
						}
					},
					"position": {
						"0.0": {
							"post": {
								"vector": [-1.31, -0.11, 0]
							},
							"lerp_mode": "catmullrom"
						},
						"0.2083": {
							"post": {
								"vector": [-2, -1, 0]
							},
							"lerp_mode": "catmullrom"
						},
						"0.7083": {
							"post": {
								"vector": [0, 1, 0]
							},
							"lerp_mode": "catmullrom"
						},
						"1.2083": {
							"post": {
								"vector": [2, -1, 0]
							},
							"lerp_mode": "catmullrom"
						},
						"1.7083": {
							"post": {
								"vector": [0, 1, 0]
							},
							"lerp_mode": "catmullrom"
						},
						"2.0": {
							"post": {
								"vector": [-1.31, -0.11, 0]
							},
							"lerp_mode": "catmullrom"
						}
					}
				},
				"Rightleg": {
					"rotation": {
						"0.0": {
							"vector": [-2.59775, -27.38656, 5.63304]
						},
						"0.5": {
							"vector": [10.11442, 2.76214, 3.58785]
						},
						"1.0": {
							"pre": {
								"vector": [0, 35, 0]
							},
							"post": {
								"vector": [0, 35, 0]
							},
							"lerp_mode": "catmullrom"
						},
						"1.5": {
							"post": {
								"vector": [7.44802, 16.72264, 12.44706]
							},
							"lerp_mode": "catmullrom"
						},
						"2.0": {
							"vector": [-2.59775, -27.38656, 5.63304]
						}
					},
					"position": {
						"0.0": {
							"vector": [-1, -2, 0]
						},
						"0.5": {
							"vector": [0, 0, 1]
						},
						"1.0": {
							"pre": {
								"vector": [1, 0, 3]
							},
							"post": {
								"vector": [1, 0, 3]
							},
							"lerp_mode": "catmullrom"
						},
						"1.5": {
							"post": {
								"vector": [0, 1, 2]
							},
							"lerp_mode": "catmullrom"
						},
						"2.0": {
							"vector": [-1, -2, 0]
						}
					}
				},
				"Ri": {
					"rotation": {
						"0.0": {
							"post": {
								"vector": [0, 0, 0]
							},
							"lerp_mode": "catmullrom"
						},
						"0.5": {
							"post": {
								"vector": [0, 0, 0]
							},
							"lerp_mode": "catmullrom"
						},
						"1.0": {
							"post": {
								"vector": [0, 0, 0]
							},
							"lerp_mode": "catmullrom"
						},
						"1.5": {
							"post": {
								"vector": [0, 0, 0]
							},
							"lerp_mode": "catmullrom"
						},
						"2.0": {
							"post": {
								"vector": [0, 0, 0]
							},
							"lerp_mode": "catmullrom"
						}
					}
				},
				"Leftleg": {
					"rotation": {
						"0.0": {
							"post": {
								"vector": [0, -35, 0]
							},
							"lerp_mode": "catmullrom"
						},
						"0.5": {
							"post": {
								"vector": [7.44802, -16.72264, -12.44706]
							},
							"lerp_mode": "catmullrom"
						},
						"1.0": {
							"vector": [-2.59775, 27.38656, -5.63304]
						},
						"1.5": {
							"vector": [10.11442, -2.76214, -3.58785]
						},
						"2.0": {
							"pre": {
								"vector": [0, -35, 0]
							},
							"post": {
								"vector": [0, -35, 0]
							},
							"lerp_mode": "catmullrom"
						}
					},
					"position": {
						"0.0": {
							"post": {
								"vector": [-1, 0, 3]
							},
							"lerp_mode": "catmullrom"
						},
						"0.5": {
							"post": {
								"vector": [0, 1, 2]
							},
							"lerp_mode": "catmullrom"
						},
						"1.0": {
							"vector": [1, -2, 0]
						},
						"1.5": {
							"vector": [0, 0, 1]
						},
						"2.0": {
							"pre": {
								"vector": [-1, 0, 3]
							},
							"post": {
								"vector": [-1, 0, 3]
							},
							"lerp_mode": "catmullrom"
						}
					}
				},
				"Ri2": {
					"rotation": {
						"0.0": {
							"post": {
								"vector": [0, 0, 0]
							},
							"lerp_mode": "catmullrom"
						},
						"0.5": {
							"post": {
								"vector": [-10.57639, 9.30727, 23.30696]
							},
							"lerp_mode": "catmullrom"
						},
						"1.0": {
							"post": {
								"vector": [0, 0, 0]
							},
							"lerp_mode": "catmullrom"
						},
						"1.5": {
							"post": {
								"vector": [0.66, -0.58, -1.46]
							},
							"lerp_mode": "catmullrom"
						},
						"2.0": {
							"post": {
								"vector": [0, 0, 0]
							},
							"lerp_mode": "catmullrom"
						}
					}
				},
				"bone": {
					"rotation": {
						"0.0": {
							"vector": [0, 0, 2.5]
						},
						"0.375": {
							"vector": [1.76573, 0, 2.5]
						},
						"0.9167": {
							"vector": [-7.5, 0, 2.5]
						},
						"1.375": {
							"vector": [-5, 0, 2.5]
						},
						"1.75": {
							"vector": [-2.5, 0, 2.5]
						},
						"2.0": {
							"vector": [0, 0, 2.5]
						}
					},
					"position": {
						"0.0": {
							"vector": [0, 2, 0]
						},
						"0.3333": {
							"vector": [0, 1, 0]
						},
						"0.5833": {
							"vector": [0, -1, 0]
						},
						"0.9167": {
							"vector": [0, 1, 0]
						},
						"2.0": {
							"vector": [0, 2, 0]
						}
					}
				},
				"Rightleg2": {
					"rotation": {
						"0.0": {
							"vector": [90, -5, -90]
						},
						"0.5": {
							"pre": {
								"vector": [90, -10, -90]
							},
							"post": {
								"vector": [90, -10, -90]
							},
							"lerp_mode": "catmullrom"
						},
						"1.0": {
							"post": {
								"vector": [90, 10, -90]
							},
							"lerp_mode": "catmullrom"
						},
						"1.5": {
							"vector": [-89.99999, 0, 89.99999]
						},
						"2.0": {
							"vector": [90, -5, -90]
						}
					},
					"position": {
						"0.0": {
							"vector": [-2, 0, 0]
						},
						"0.5": {
							"pre": {
								"vector": [-1, 0, 0]
							},
							"post": {
								"vector": [-1, 0, 0]
							},
							"lerp_mode": "catmullrom"
						},
						"1.0": {
							"post": {
								"vector": [1, 0, 0]
							},
							"lerp_mode": "catmullrom"
						},
						"1.5": {
							"vector": [0, 0, 0]
						},
						"2.0": {
							"vector": [-2, 0, 0]
						}
					}
				},
				"Ri3": {
					"rotation": {
						"0.0": {
							"vector": [-9.91615, -1.29876, -7.38733]
						},
						"0.5": {
							"pre": {
								"vector": [-1.57947, -4.20854, -24.66569]
							},
							"post": {
								"vector": [-1.57947, -4.20854, -24.66569]
							},
							"lerp_mode": "catmullrom"
						},
						"1.0": {
							"post": {
								"vector": [-2.96844, -3.40579, 1.79994]
							},
							"lerp_mode": "catmullrom"
						},
						"1.5": {
							"vector": [-4.17104, -1.68031, 22.83312]
						},
						"2.0": {
							"vector": [-9.91615, -1.29876, -7.38733]
						}
					}
				}
			}
		},
		"animation.up_strider_camera.idle": {
			"loop": true,
			"animation_length": 4,
			"bones": {
				"Root": {
					"rotation": {
						"vector": [0, 0, 0]
					},
					"position": {
						"0.0": {
							"post": {
								"vector": [0, 0, 0]
							},
							"lerp_mode": "catmullrom"
						},
						"1.9583": {
							"post": {
								"vector": [0, -2, 0]
							},
							"lerp_mode": "catmullrom"
						},
						"4.0": {
							"post": {
								"vector": [0, 0, 0]
							},
							"lerp_mode": "catmullrom"
						}
					}
				},
				"Leftleg": {
					"rotation": {
						"0.0": {
							"post": {
								"vector": [0, 0, 0]
							},
							"lerp_mode": "catmullrom"
						},
						"1.9167": {
							"post": {
								"vector": [0, 0, -2.5]
							},
							"lerp_mode": "catmullrom"
						},
						"4.0": {
							"post": {
								"vector": [0, 0, 0]
							},
							"lerp_mode": "catmullrom"
						}
					},
					"position": {
						"0.0": {
							"post": {
								"vector": [0, 0, 0]
							},
							"lerp_mode": "catmullrom"
						},
						"1.9167": {
							"post": {
								"vector": [0, -1, 0]
							},
							"lerp_mode": "catmullrom"
						},
						"4.0": {
							"post": {
								"vector": [0, 0, 0]
							},
							"lerp_mode": "catmullrom"
						}
					}
				},
				"Ri2": {
					"rotation": {
						"0.0": {
							"post": {
								"vector": [0, 0, 0]
							},
							"lerp_mode": "catmullrom"
						},
						"1.9167": {
							"post": {
								"vector": [0, 0, 2.5]
							},
							"lerp_mode": "catmullrom"
						},
						"4.0": {
							"post": {
								"vector": [0, 0, 0]
							},
							"lerp_mode": "catmullrom"
						}
					},
					"position": {
						"0.0": {
							"post": {
								"vector": [0, 0, 0]
							},
							"lerp_mode": "catmullrom"
						},
						"1.9167": {
							"post": {
								"vector": [0, 0, 0]
							},
							"lerp_mode": "catmullrom"
						},
						"4.0": {
							"post": {
								"vector": [0, 0, 0]
							},
							"lerp_mode": "catmullrom"
						}
					}
				},
				"Rightleg": {
					"rotation": {
						"0.0": {
							"post": {
								"vector": [0, 0, 0]
							},
							"lerp_mode": "catmullrom"
						},
						"1.9167": {
							"post": {
								"vector": [0, 0, -2.5]
							},
							"lerp_mode": "catmullrom"
						},
						"4.0": {
							"post": {
								"vector": [0, 0, 0]
							},
							"lerp_mode": "catmullrom"
						}
					},
					"position": {
						"0.0": {
							"post": {
								"vector": [0, 0, 0]
							},
							"lerp_mode": "catmullrom"
						},
						"1.9167": {
							"post": {
								"vector": [0, -1, 0]
							},
							"lerp_mode": "catmullrom"
						},
						"4.0": {
							"post": {
								"vector": [0, 0, 0]
							},
							"lerp_mode": "catmullrom"
						}
					}
				},
				"Ri": {
					"rotation": {
						"0.0": {
							"post": {
								"vector": [0, 0, 0]
							},
							"lerp_mode": "catmullrom"
						},
						"1.9167": {
							"post": {
								"vector": [0, 0, 2.5]
							},
							"lerp_mode": "catmullrom"
						},
						"4.0": {
							"post": {
								"vector": [0, 0, 0]
							},
							"lerp_mode": "catmullrom"
						}
					},
					"position": {
						"0.0": {
							"post": {
								"vector": [0, 0, 0]
							},
							"lerp_mode": "catmullrom"
						},
						"1.9167": {
							"post": {
								"vector": [0, 0, 0]
							},
							"lerp_mode": "catmullrom"
						},
						"4.0": {
							"post": {
								"vector": [0, 0, 0]
							},
							"lerp_mode": "catmullrom"
						}
					}
				},
				"Rightleg2": {
					"rotation": {
						"0.0": {
							"post": {
								"vector": [0, 0, 0]
							},
							"lerp_mode": "catmullrom"
						},
						"2.0": {
							"post": {
								"vector": [90, 2.50009, -90]
							},
							"lerp_mode": "catmullrom"
						},
						"4.0": {
							"post": {
								"vector": [0, 0, 0]
							},
							"lerp_mode": "catmullrom"
						}
					},
					"position": {
						"0.0": {
							"post": {
								"vector": [0, 0, 0]
							},
							"lerp_mode": "catmullrom"
						},
						"2.0": {
							"post": {
								"vector": [0, -1, 0]
							},
							"lerp_mode": "catmullrom"
						},
						"4.0": {
							"post": {
								"vector": [0, 0, 0]
							},
							"lerp_mode": "catmullrom"
						}
					}
				},
				"Ri3": {
					"rotation": {
						"0.0": {
							"post": {
								"vector": [0, 0, 0]
							},
							"lerp_mode": "catmullrom"
						},
						"2.0": {
							"post": {
								"vector": [0, 0, 2.5]
							},
							"lerp_mode": "catmullrom"
						},
						"4.0": {
							"post": {
								"vector": [0, 0, 0]
							},
							"lerp_mode": "catmullrom"
						}
					}
				}
			}
		}
	},
	"geckolib_format_version": 2
}