{
	"format_version": "1.12.0",
	"minecraft:geometry": [
		{
			"description": {
				"identifier": "geometry.gojidraw_astro_obliterator",
				"texture_width": 512,
				"texture_height": 512,
				"visible_bounds_width": 15,
				"visible_bounds_height": 16,
				"visible_bounds_offset": [0, 7, 0]
			},
			"bones": [
				{
					"name": "Toilet",
					"pivot": [0, 0, 2],
					"cubes": [
						{"origin": [-4.5, 17.85, -14.5], "size": [9, 4.5, 9], "uv": [92, 240]},
						{"origin": [-3, 18, -14.5], "size": [6, 4.5, 13.5], "pivot": [3, 18, -14.5], "rotation": [0, 45, 0], "uv": [236, 167]},
						{"origin": [-3, 18, -14.5], "size": [6, 4.5, 13.5], "pivot": [-3, 18, -14.5], "rotation": [0, -45, 0], "uv": [236, 167], "mirror": true},
						{"origin": [-3, 22.575, -20.5], "size": [6, 9, 3], "uv": [0, 106]},
						{"origin": [7.5, 22.575, -14.5], "size": [13.05, 9, 3], "pivot": [10.5, 18, -14.5], "rotation": [0, -63.5, 0], "uv": [196, 171]},
						{"origin": [-9.9, 15, -20.5], "size": [6.9, 7.5, 3], "pivot": [-3, 22.5, -20.5], "rotation": [55, 27.5, 0], "uv": [106, 78], "mirror": true},
						{"origin": [-3, 15.075, -20.5], "size": [6, 7.5, 3], "pivot": [0, 22.5, -20.5], "rotation": [55, 0, 0], "uv": [0, 118]},
						{"origin": [3, 22.5, -20.5], "size": [6.9, 9, 3], "pivot": [3, 24, -20.5], "rotation": [0, -27.5, 0], "uv": [39, 75]},
						{"origin": [-9.9, 22.5, -20.5], "size": [6.9, 9, 3], "pivot": [-3, 24, -20.5], "rotation": [0, 27.5, 0], "uv": [39, 75], "mirror": true},
						{"origin": [3, 15, -20.5], "size": [6.9, 7.5, 3], "pivot": [3, 22.5, -20.5], "rotation": [55, -27.5, 0], "uv": [106, 78]},
						{"origin": [-20.55, 22.575, -14.5], "size": [13.05, 9, 3], "pivot": [-10.5, 18, -14.5], "rotation": [0, 63.5, 0], "uv": [196, 171], "mirror": true},
						{"origin": [-15.01198, 21.575, -8.55066], "size": [13.05, 9, 9], "pivot": [-14.96198, 23, -5.55066], "rotation": [0, 91, 0], "uv": [375, 244], "mirror": true},
						{"origin": [1.96198, 21.575, -8.55066], "size": [13.05, 9, 9], "pivot": [14.96198, 23, -5.55066], "rotation": [0, -91, 0], "uv": [375, 244]},
						{"origin": [7.5, 15.075, -14.5], "size": [13.05, 7.5, 3], "pivot": [10.5, 22.5, -14.5], "rotation": [55, -63.5, 0], "uv": [243, 218]},
						{"origin": [-20.55, 15.075, -14.5], "size": [13.05, 7.5, 3], "pivot": [-10.5, 22.5, -14.5], "rotation": [55, 63.5, 0], "uv": [243, 218], "mirror": true},
						{"origin": [-12, 17.925, -5.5], "size": [24, 4.5, 19.5], "uv": [39, 78]},
						{"origin": [-12, 22.425, 11], "size": [24, 9, 9], "uv": [70, 158]},
						{"origin": [-11, 14.425, 11], "size": [22, 8, 9], "pivot": [0, 22.5, 20], "rotation": [-57.5, 0, 0], "uv": [179, 130]},
						{"origin": [12, 22.425, -5.5], "size": [3, 9, 15], "uv": [217, 99]},
						{"origin": [-15, 22.425, -5.5], "size": [3, 9, 15], "uv": [217, 99], "mirror": true},
						{"origin": [12, 22.5, 9.5], "size": [3, 9, 6], "pivot": [15, 28.5, 9.5], "rotation": [0, -35, 0], "uv": [0, 0]},
						{"origin": [-15, 22.5, 9.5], "size": [3, 9, 6], "pivot": [-15, 28.5, 9.5], "rotation": [0, 35, 0], "uv": [0, 0], "mirror": true},
						{"origin": [12, 17.925, 9.5], "size": [3, 4.5, 6], "pivot": [15, 22.5, 9.5], "rotation": [-28.20867, -21.63471, 55.49731], "uv": [39, 87]},
						{"origin": [-15, 17.925, 9.5], "size": [3, 4.5, 6], "pivot": [-15, 22.5, 9.5], "rotation": [-28.20867, 21.63471, -55.49731], "uv": [39, 87], "mirror": true},
						{"origin": [12, 17.925, -5.5], "size": [3, 4.5, 15], "pivot": [15, 22.5, 2], "rotation": [0, 0, 55], "uv": [222, 221]},
						{"origin": [-15, 17.925, -5.5], "size": [3, 4.5, 15], "pivot": [-15, 22.5, 2], "rotation": [0, 0, -55], "uv": [222, 221], "mirror": true},
						{"origin": [-9, 0, -14], "size": [18, 1, 28], "uv": [0, 39]},
						{"origin": [-10.5, 15, -8], "size": [21, 6, 16], "uv": [146, 42]},
						{"origin": [-10.5, 14.95, -13], "size": [3, 6, 5], "pivot": [-10.5, 15.5, -8], "rotation": [0, -37.5, 0], "uv": [129, 73]},
						{"origin": [-10.5, 14.95, 8], "size": [3, 6, 5], "pivot": [-10.5, 15.5, 8], "rotation": [0, 37.5, 0], "uv": [129, 73]},
						{"origin": [7.5, 14.95, -13], "size": [3, 6, 5], "pivot": [10.5, 15.5, -8], "rotation": [0, 37.5, 0], "uv": [129, 73], "mirror": true},
						{"origin": [7.5, 14.95, 8], "size": [3, 6, 5], "pivot": [10.5, 15.5, 8], "rotation": [0, -37.5, 0], "uv": [129, 73], "mirror": true},
						{"origin": [-7.5, 15, -12], "size": [15, 6, 4], "uv": [213, 240]},
						{"origin": [-7.5, 15, 8], "size": [15, 6, 4], "uv": [213, 240]},
						{"origin": [-7.5, 1, -8.5], "size": [15, 12, 11], "uv": [172, 191]},
						{"origin": [-8.5, 1, -17.5], "size": [17, 16, 17], "uv": [128, 130]},
						{"origin": [-7, 1, 2.5], "size": [14, 12, 10], "uv": [0, 203]},
						{"origin": [-7.5, 13, -8.5], "size": [15, 5, 22], "uv": [129, 68]},
						{"origin": [-7.45, 0, -8.5], "size": [14.9, 18, 2], "pivot": [1.5, 15, -9], "rotation": [-17.5, 0, 0], "uv": [0, 72]},
						{"origin": [-7.45, 1, -6.5], "size": [14.9, 8, 3], "pivot": [1.5, 15, -9], "rotation": [-17.5, 0, 0], "uv": [0, 92]},
						{"origin": [-13, 30, -17], "size": [26, 2, 30], "uv": [6, 306]}
					]
				},
				{
					"name": "Smallwing",
					"parent": "Toilet",
					"pivot": [14.43782, 35.16987, 12],
					"rotation": [0, 0, 40],
					"cubes": [
						{"origin": [13.43782, 35.16987, -1], "size": [3, 3, 30], "uv": [146, 9]},
						{"origin": [13.93782, 32.16987, -1], "size": [2, 3, 36], "pivot": [14.43782, 38.16987, -1], "rotation": [60, 0, 0], "uv": [56, 39]},
						{"origin": [13.93782, 29.16987, 2], "size": [2, 3, 35], "pivot": [14.43782, 38.16987, -1], "rotation": [60, 0, 0], "uv": [0, 68]},
						{"origin": [13.93782, 24.16987, 4], "size": [2, 5, 30], "pivot": [14.43782, 38.16987, -1], "rotation": [60, 0, 0], "uv": [0, 141]},
						{"origin": [13.93782, 26.16987, 34], "size": [2, 3, 3], "pivot": [14.43782, 38.16987, -1], "rotation": [60, 0, 0], "uv": [0, 53]},
						{"origin": [13.93782, 21.16987, 6], "size": [2, 3, 23], "pivot": [14.43782, 38.16987, -1], "rotation": [60, 0, 0], "uv": [182, 88]},
						{"origin": [13.93782, 18.16987, 8], "size": [2, 3, 16], "pivot": [14.43782, 38.16987, -1], "rotation": [60, 0, 0], "uv": [65, 224]},
						{"origin": [13.93782, 16.16987, 9], "size": [2, 2, 10], "pivot": [14.43782, 38.16987, -1], "rotation": [60, 0, 0], "uv": [0, 53]},
						{"origin": [13.93782, 14.16987, 10], "size": [2, 2, 7], "pivot": [14.43782, 38.16987, -1], "rotation": [60, 0, 0], "uv": [106, 88]},
						{"origin": [13.93782, 35.16987, -1], "size": [2, 3, 34], "pivot": [14.43782, 38.16987, -1], "rotation": [60, 0, 0], "uv": [91, 78]},
						{"origin": [13.43782, 38.16987, 26], "size": [3, 27, 3], "uv": [0, 141]},
						{"origin": [14.43782, 32.16987, 25], "size": [3, 41, 3], "pivot": [15.93782, 51.66987, 26.5], "rotation": [0, 0, 90], "uv": [13, 389]},
						{"origin": [15.43782, 32.16987, 19], "size": [1, 41, 6], "pivot": [15.93782, 51.66987, 23.5], "rotation": [0, 0, 90], "uv": [116, 385]},
						{"origin": [13.43782, 65.16987, 8], "size": [3, 3, 21], "uv": [196, 147]},
						{"origin": [13.93782, 65.66987, 7.9], "size": [2, 2, 0], "uv": [64, 39]}
					]
				},
				{
					"name": "Smallwing3",
					"parent": "Toilet",
					"pivot": [13.43782, 23.16987, 12],
					"rotation": [0, 0, 142.5],
					"cubes": [
						{"origin": [12.43782, 23.16987, -1], "size": [3, 3, 30], "uv": [146, 9]},
						{"origin": [12.93782, 20.16987, -1], "size": [2, 3, 36], "pivot": [13.43782, 26.16987, -1], "rotation": [60, 0, 0], "uv": [56, 39]},
						{"origin": [12.93782, 17.16987, 2], "size": [2, 3, 35], "pivot": [13.43782, 26.16987, -1], "rotation": [60, 0, 0], "uv": [0, 68]},
						{"origin": [12.93782, 12.16987, 4], "size": [2, 5, 30], "pivot": [13.43782, 26.16987, -1], "rotation": [60, 0, 0], "uv": [0, 141]},
						{"origin": [12.93782, 14.16987, 34], "size": [2, 3, 3], "pivot": [13.43782, 26.16987, -1], "rotation": [60, 0, 0], "uv": [0, 53]},
						{"origin": [12.93782, 9.16987, 6], "size": [2, 3, 23], "pivot": [13.43782, 26.16987, -1], "rotation": [60, 0, 0], "uv": [182, 88]},
						{"origin": [12.93782, 6.16987, 8], "size": [2, 3, 16], "pivot": [13.43782, 26.16987, -1], "rotation": [60, 0, 0], "uv": [65, 224]},
						{"origin": [12.93782, 4.16987, 9], "size": [2, 2, 10], "pivot": [13.43782, 26.16987, -1], "rotation": [60, 0, 0], "uv": [0, 53]},
						{"origin": [12.93782, 2.16987, 10], "size": [2, 2, 7], "pivot": [13.43782, 26.16987, -1], "rotation": [60, 0, 0], "uv": [106, 88]},
						{"origin": [12.93782, 23.16987, -1], "size": [2, 3, 34], "pivot": [13.43782, 26.16987, -1], "rotation": [60, 0, 0], "uv": [91, 78]},
						{"origin": [12.43782, 26.16987, 26], "size": [3, 27, 3], "uv": [0, 141]},
						{"origin": [14.43782, 14.16987, 25], "size": [3, 41, 3], "pivot": [15.93782, 33.66987, 26.5], "rotation": [0, 0, 90], "uv": [13, 389]},
						{"origin": [15.43782, 14.16987, 19], "size": [1, 41, 6], "pivot": [15.93782, 33.66987, 23.5], "rotation": [0, 0, 90], "uv": [116, 385]},
						{"origin": [12.43782, 53.16987, 8], "size": [3, 3, 21], "uv": [196, 147]},
						{"origin": [12.93782, 53.66987, 7.9], "size": [2, 2, 0], "uv": [64, 39]}
					]
				},
				{
					"name": "Smallwing4",
					"parent": "Toilet",
					"pivot": [-13.43782, 23.16987, 12],
					"rotation": [0, 0, -142.5],
					"cubes": [
						{"origin": [-15.43782, 23.16987, -1], "size": [3, 3, 30], "uv": [146, 9], "mirror": true},
						{"origin": [-14.93782, 20.16987, -1], "size": [2, 3, 36], "pivot": [-13.43782, 26.16987, -1], "rotation": [60, 0, 0], "uv": [56, 39], "mirror": true},
						{"origin": [-14.93782, 17.16987, 2], "size": [2, 3, 35], "pivot": [-13.43782, 26.16987, -1], "rotation": [60, 0, 0], "uv": [0, 68], "mirror": true},
						{"origin": [-14.93782, 12.16987, 4], "size": [2, 5, 30], "pivot": [-13.43782, 26.16987, -1], "rotation": [60, 0, 0], "uv": [0, 141], "mirror": true},
						{"origin": [-14.93782, 14.16987, 34], "size": [2, 3, 3], "pivot": [-13.43782, 26.16987, -1], "rotation": [60, 0, 0], "uv": [0, 53], "mirror": true},
						{"origin": [-14.93782, 9.16987, 6], "size": [2, 3, 23], "pivot": [-13.43782, 26.16987, -1], "rotation": [60, 0, 0], "uv": [182, 88], "mirror": true},
						{"origin": [-14.93782, 6.16987, 8], "size": [2, 3, 16], "pivot": [-13.43782, 26.16987, -1], "rotation": [60, 0, 0], "uv": [65, 224], "mirror": true},
						{"origin": [-14.93782, 4.16987, 9], "size": [2, 2, 10], "pivot": [-13.43782, 26.16987, -1], "rotation": [60, 0, 0], "uv": [0, 53], "mirror": true},
						{"origin": [-14.93782, 2.16987, 10], "size": [2, 2, 7], "pivot": [-13.43782, 26.16987, -1], "rotation": [60, 0, 0], "uv": [106, 88], "mirror": true},
						{"origin": [-14.93782, 23.16987, -1], "size": [2, 3, 34], "pivot": [-13.43782, 26.16987, -1], "rotation": [60, 0, 0], "uv": [91, 78], "mirror": true},
						{"origin": [-15.43782, 26.16987, 26], "size": [3, 27, 3], "uv": [0, 141], "mirror": true},
						{"origin": [-17.43782, 14.16987, 25], "size": [3, 41, 3], "pivot": [-15.93782, 33.66987, 26.5], "rotation": [0, 0, -90], "uv": [13, 389], "mirror": true},
						{"origin": [-16.43782, 14.16987, 19], "size": [1, 41, 6], "pivot": [-15.93782, 33.66987, 23.5], "rotation": [0, 0, -90], "uv": [116, 385], "mirror": true},
						{"origin": [-15.43782, 53.16987, 8], "size": [3, 3, 21], "uv": [196, 147], "mirror": true},
						{"origin": [-14.93782, 53.66987, 7.9], "size": [2, 2, 0], "uv": [64, 39], "mirror": true}
					]
				},
				{
					"name": "Smallwing2",
					"parent": "Toilet",
					"pivot": [-14.43782, 35.16987, 12],
					"rotation": [0, 0, -40],
					"cubes": [
						{"origin": [-16.43782, 35.16987, -1], "size": [3, 3, 30], "uv": [146, 9], "mirror": true},
						{"origin": [-15.93782, 32.16987, -1], "size": [2, 3, 36], "pivot": [-14.43782, 38.16987, -1], "rotation": [60, 0, 0], "uv": [56, 39], "mirror": true},
						{"origin": [-15.93782, 29.16987, 2], "size": [2, 3, 35], "pivot": [-14.43782, 38.16987, -1], "rotation": [60, 0, 0], "uv": [0, 68], "mirror": true},
						{"origin": [-15.93782, 24.16987, 4], "size": [2, 5, 30], "pivot": [-14.43782, 38.16987, -1], "rotation": [60, 0, 0], "uv": [0, 141], "mirror": true},
						{"origin": [-15.93782, 26.16987, 34], "size": [2, 3, 3], "pivot": [-14.43782, 38.16987, -1], "rotation": [60, 0, 0], "uv": [0, 53], "mirror": true},
						{"origin": [-15.93782, 21.16987, 6], "size": [2, 3, 23], "pivot": [-14.43782, 38.16987, -1], "rotation": [60, 0, 0], "uv": [182, 88], "mirror": true},
						{"origin": [-15.93782, 18.16987, 8], "size": [2, 3, 16], "pivot": [-14.43782, 38.16987, -1], "rotation": [60, 0, 0], "uv": [65, 224], "mirror": true},
						{"origin": [-15.93782, 16.16987, 9], "size": [2, 2, 10], "pivot": [-14.43782, 38.16987, -1], "rotation": [60, 0, 0], "uv": [0, 53], "mirror": true},
						{"origin": [-15.93782, 14.16987, 10], "size": [2, 2, 7], "pivot": [-14.43782, 38.16987, -1], "rotation": [60, 0, 0], "uv": [106, 88], "mirror": true},
						{"origin": [-15.93782, 35.16987, -1], "size": [2, 3, 34], "pivot": [-14.43782, 38.16987, -1], "rotation": [60, 0, 0], "uv": [91, 78], "mirror": true},
						{"origin": [-16.43782, 38.16987, 26], "size": [3, 27, 3], "uv": [0, 141], "mirror": true},
						{"origin": [-17.43782, 32.16987, 25], "size": [3, 41, 3], "pivot": [-15.93782, 51.66987, 26.5], "rotation": [0, 0, -90], "uv": [13, 389], "mirror": true},
						{"origin": [-16.43782, 32.16987, 19], "size": [1, 41, 6], "pivot": [-15.93782, 51.66987, 23.5], "rotation": [0, 0, -90], "uv": [116, 385], "mirror": true},
						{"origin": [-16.43782, 65.16987, 8], "size": [3, 3, 21], "uv": [196, 147], "mirror": true},
						{"origin": [-15.93782, 65.66987, 7.9], "size": [2, 2, 0], "uv": [64, 39], "mirror": true}
					]
				},
				{
					"name": "Frontshield",
					"parent": "Toilet",
					"pivot": [0, 27, -22],
					"cubes": [
						{"origin": [-7, 20, -23], "size": [7, 13, 2], "uv": [0, 20]},
						{"origin": [-14, 20, -23], "size": [7, 13, 2], "uv": [0, 20]},
						{"origin": [4.99, 11, -23], "size": [9, 9, 2], "pivot": [11, 20, -23], "rotation": [20, 0, 0], "uv": [64, 55], "mirror": true},
						{"origin": [-13.99, 11, -23], "size": [9, 9, 2], "pivot": [-11, 20, -23], "rotation": [20, 0, 0], "uv": [64, 55]},
						{"origin": [7, 20, -23], "size": [7, 13, 2], "uv": [0, 20], "mirror": true},
						{"origin": [0, 20, -23], "size": [7, 13, 2], "uv": [0, 20], "mirror": true}
					]
				},
				{
					"name": "lid3",
					"parent": "Toilet",
					"pivot": [-0.5, 32, 10.5],
					"cubes": [
						{"origin": [-15.75, 30.075, 9.975], "size": [4.15, 2.1, 6.3], "pivot": [-15.75, 26.925, 9.975], "rotation": [0, 35, 0], "uv": [45, 120], "mirror": true},
						{"origin": [11.6, 30.075, 9.975], "size": [4.15, 2.1, 6.3], "pivot": [15.75, 26.925, 9.975], "rotation": [0, -35, 0], "uv": [45, 120]},
						{"origin": [11.6, 29.99625, -5.775], "size": [4.15, 2.1, 15.75], "uv": [143, 233]},
						{"origin": [-15.75, 29.99625, -5.775], "size": [4.15, 2.1, 15.75], "uv": [143, 233], "mirror": true},
						{"origin": [-21.5775, 30.15375, -15.225], "size": [13.7025, 2.1, 4.15], "pivot": [-11.025, 15.9, -15.225], "rotation": [0, 63.5, 0], "uv": [96, 68], "mirror": true},
						{"origin": [7.875, 30.15375, -15.225], "size": [13.7025, 2.1, 4.15], "pivot": [11.025, 15.9, -15.225], "rotation": [0, -63.5, 0], "uv": [96, 68]},
						{"origin": [3.15, 30.075, -21.525], "size": [7.245, 2.1, 4.15], "pivot": [3.15, 22.2, -21.525], "rotation": [0, -27.5, 0], "uv": [96, 59]},
						{"origin": [-10.395, 30.075, -21.525], "size": [7.245, 2.1, 4.15], "pivot": [-3.15, 22.2, -21.525], "rotation": [0, 27.5, 0], "uv": [96, 59], "mirror": true},
						{"origin": [-3.15, 30.15375, -21.525], "size": [6.3, 2.1, 4.15], "uv": [152, 7]},
						{"origin": [-12.075, 29.99625, 11.075], "size": [24.15, 2.1, 4.15], "uv": [204, 43]}
					]
				},
				{
					"name": "Nuck2",
					"parent": "Toilet",
					"pivot": [0, 19, 1],
					"cubes": [
						{"origin": [-4.8, 19.8, -3.8], "size": [9.6, 10.8, 10.8], "pivot": [0, 13, 4.6], "rotation": [7.5, 0, 0], "uv": [223, 147]}
					]
				},
				{
					"name": "Nuck",
					"parent": "Nuck2",
					"pivot": [0, 26.8, -1.4],
					"cubes": [
						{"origin": [-4.5, 25, -5], "size": [9, 11.4, 9], "uv": [225, 0]}
					]
				},
				{
					"name": "Head",
					"parent": "Nuck",
					"pivot": [0, 35.8, 0.4],
					"cubes": [
						{"origin": [-4.32, 35.32, -8.6], "size": [8.64, 6.48, 13.32], "uv": [155, 214]},
						{"origin": [-3.72, 41.32, -8.804], "size": [7.44, 1.2, 1.32], "uv": [0, 15]},
						{"origin": [-7.56, 41.8, -8.6], "size": [15.12, 8.88, 13.32], "uv": [182, 7]},
						{"origin": [-7.56, 41.8, -2.6], "size": [1.92, 5.28, 2.52], "pivot": [-7.44, 41.8, -3.2], "rotation": [0, -22.5, 0], "uv": [0, 39]},
						{"origin": [5.64, 41.8, -2.6], "size": [1.92, 5.28, 2.52], "pivot": [7.44, 41.8, -3.2], "rotation": [0, 22.5, 0], "uv": [0, 39], "mirror": true},
						{"origin": [-1.42, 41.8, -8.6], "size": [2.92, 5.28, 1.2], "pivot": [5.76, 46.6, -8], "rotation": [-12.5, 0, 0], "uv": [12, 0]},
						{"origin": [-5.4, 50.68, -8.6], "size": [10.8, 4.32, 13.32], "uv": [35, 212]},
						{"origin": [-7.56, 50.68, -8.492], "size": [6.48, 4.8, 13.14], "pivot": [-7.56, 50.68, 0.4], "rotation": [0, 0, 27.5], "uv": [27, 229]},
						{"origin": [1.08, 50.68, -8.492], "size": [6.48, 4.8, 13.14], "pivot": [7.56, 50.68, 0.4], "rotation": [0, 0, -27.5], "uv": [27, 229], "mirror": true},
						{"origin": [-4.32, 35.32, -8.492], "size": [6.48, 7.128, 13.14], "pivot": [-4.32, 35.32, -1.76], "rotation": [0, 0, -25], "uv": [120, 224]},
						{"origin": [-2.16, 35.32, -8.492], "size": [6.48, 7.128, 13.14], "pivot": [4.32, 35.32, -1.76], "rotation": [0, 0, 25], "uv": [120, 224], "mirror": true},
						{"origin": [-4.32, 35.32, -8.588], "size": [1.68, 7.128, 1.32], "pivot": [-4.32, 35.32, -1.76], "rotation": [0, 0, -32.5], "uv": [24, 53]},
						{"origin": [-5.32, 34.32, -7.588], "size": [1.68, 9.128, 1.32], "pivot": [-4.32, 35.32, -1.76], "rotation": [-9.91615, 1.29876, -25.11267], "uv": [20, 53]},
						{"origin": [3.64, 34.32, -7.588], "size": [1.68, 9.128, 1.32], "pivot": [4.32, 35.32, -1.76], "rotation": [-9.91615, -1.29876, 25.11267], "uv": [20, 53], "mirror": true},
						{"origin": [-2.4, 41.8, -8.72], "size": [1.2, 4.8, 1.2], "pivot": [-1.2, 41.8, -8.6], "rotation": [0, 0, -55], "uv": [24, 61]},
						{"origin": [1.2, 41.8, -8.72], "size": [1.2, 4.8, 1.2], "pivot": [1.2, 41.8, -8.6], "rotation": [0, 0, 55], "uv": [24, 61], "mirror": true},
						{"origin": [2.64, 35.32, -8.588], "size": [1.68, 7.128, 1.32], "pivot": [4.32, 35.32, -1.76], "rotation": [0, 0, 32.5], "uv": [24, 53], "mirror": true},
						{"origin": [2.1, 44.8, -8.696], "size": [3.24, 2.5, 2.4], "uv": [0, 59], "mirror": true},
						{"origin": [-5.34, 44.8, -8.696], "size": [3.24, 2.5, 2.4], "uv": [0, 59]},
						{"origin": [2.8, 45.1, -8.708], "size": [1, 1, 1.2], "uv": [64, 41], "mirror": true},
						{"origin": [-3.8, 45.1, -8.708], "size": [1, 1, 1.2], "uv": [64, 41]},
						{"origin": [-4.04686, 46.64, -8.708], "size": [2.4, 1.2, 2.4], "pivot": [-3.44686, 46.88509, -7.508], "rotation": [0, 0, 27.5], "uv": [77, 72]},
						{"origin": [-6.04686, 46.64, -8.8], "size": [2.4, 1.2, 2.4], "uv": [77, 72]},
						{"origin": [3.64686, 46.64, -8.8], "size": [2.4, 1.2, 2.4], "uv": [77, 72], "mirror": true},
						{"origin": [1.64686, 46.64, -8.708], "size": [2.4, 1.2, 2.4], "pivot": [3.44686, 46.88509, -7.508], "rotation": [0, 0, -27.5], "uv": [77, 72], "mirror": true},
						{"origin": [3.64686, 44.2, -8.708], "size": [2.4, 1.2, 2.4], "pivot": [5.44686, 44.88509, -7.508], "rotation": [0, 0, -35], "uv": [77, 72], "mirror": true},
						{"origin": [-6.04686, 44.2, -8.708], "size": [2.4, 1.2, 2.4], "pivot": [-5.44686, 44.88509, -7.508], "rotation": [0, 0, 35], "uv": [77, 72]},
						{"origin": [-3.72, 35.32, -8.804], "size": [7.44, 1.2, 1.32], "uv": [0, 15]}
					]
				},
				{
					"name": "M",
					"parent": "Head",
					"pivot": [0, 37.6, -8.78],
					"cubes": [
						{"origin": [-4.32, 36.4, -8.78], "size": [8.64, 2.4, 0], "uv": [0, 65]},
						{"origin": [-3.72, 35.32, -8.804], "size": [7.44, 1.2, 1.32], "uv": [0, 15]}
					]
				},
				{
					"name": "M2",
					"parent": "Head",
					"pivot": [0, 41.12, -8.78],
					"cubes": [
						{"origin": [-4.32, 38.92, -8.78], "size": [8.64, 2.4, 0], "uv": [0, 35]}
					]
				},
				{
					"name": "Left_eye_b",
					"parent": "Head",
					"pivot": [3.04429, 47.72426, -8.72],
					"rotation": [0, 0, 15],
					"cubes": [
						{"origin": [3, 47.2, -8.85], "size": [3.6, 1.2, 0], "pivot": [3, 48.4, -8.6], "rotation": [0, 0, -15], "uv": [6, 17]},
						{"origin": [-0.4, 47.2, -8.85], "size": [3.4, 1.2, 0], "pivot": [3, 48.4, -8.72], "rotation": [-1.0571, -0.41761, -42.4731], "uv": [0, 17]}
					]
				},
				{
					"name": "Right_eye_b",
					"parent": "Head",
					"pivot": [-3.04429, 47.72426, -8.72],
					"rotation": [0, 0, -15],
					"cubes": [
						{"origin": [-6.6, 47.2, -8.85], "size": [3.6, 1.2, 0], "pivot": [-3, 48.4, -8.6], "rotation": [0, 0, 15], "uv": [6, 17], "mirror": true},
						{"origin": [-3, 47.2, -8.85], "size": [3.4, 1.2, 0], "pivot": [-3, 48.4, -8.72], "rotation": [-1.0571, 0.41761, 42.4731], "uv": [0, 17], "mirror": true}
					]
				},
				{
					"name": "Right_eyelid",
					"parent": "Head",
					"pivot": [3.39714, 45.10243, -6.32],
					"cubes": [
						{"origin": [1.62, 44.14, -7.52], "size": [3.24, 1.92, 2.4], "pivot": [3.3, 46.3, -6.296], "rotation": [0, 0, -7.5], "uv": [74, 68], "mirror": true}
					]
				},
				{
					"name": "Left_eyelid",
					"parent": "Head",
					"pivot": [-3.39714, 45.10243, -6.32],
					"cubes": [
						{"origin": [-4.86, 44.14, -7.52], "size": [3.24, 1.92, 2.4], "pivot": [-3.3, 46.3, -6.296], "rotation": [0, 0, 7.5], "uv": [74, 68]}
					]
				},
				{
					"name": "Hat",
					"parent": "Head",
					"pivot": [6, 55.8, -8.6],
					"cubes": [
						{"origin": [-6, 49.8, -9.1], "size": [12, 6, 14.2], "uv": [40, 189]},
						{"origin": [-6.5, 49.3, -9.15], "size": [13, 1, 14.2], "uv": [204, 28]},
						{"origin": [4, 55.8, -6], "size": [3, 2, 8], "pivot": [4, 57.8, -1.6], "rotation": [0, 0, 45], "uv": [96, 39], "mirror": true},
						{"origin": [-4, 55.8, -6], "size": [8, 2, 8], "uv": [57, 243]},
						{"origin": [-7, 55.8, -6], "size": [3, 2, 8], "pivot": [-4, 57.8, -1.6], "rotation": [0, 0, -45], "uv": [96, 39]},
						{"origin": [-8.9, 47, 3], "size": [2, 3, 1], "pivot": [-9, 46.8, 1], "rotation": [67.5, 0, 0], "uv": [21, 39]},
						{"origin": [-4, 55.8, -9.5], "size": [8, 2, 3.5], "pivot": [0, 57.8, -6], "rotation": [35, 0, 0], "uv": [74, 101]},
						{"origin": [-4, 55.8, 2], "size": [8, 2, 3.5], "pivot": [0, 57.8, 2], "rotation": [-35, 0, 0], "uv": [74, 101], "mirror": true},
						{"origin": [-9, 41.8, 1], "size": [2, 8, 4], "uv": [128, 130]},
						{"origin": [7, 41.8, 1], "size": [2, 8, 4], "uv": [128, 130], "mirror": true},
						{"origin": [-9, 49.8, -9], "size": [2, 1, 14], "uv": [237, 240]},
						{"origin": [-8.9, 46.8, 1], "size": [2, 8, 1], "pivot": [-9, 46.8, 1], "rotation": [67.5, 0, 0], "uv": [14, 53]},
						{"origin": [7, 49.8, -9], "size": [2, 1, 14], "uv": [237, 240], "mirror": true},
						{"origin": [6.9, 46.8, 1], "size": [2, 8, 1], "pivot": [9, 46.8, 1], "rotation": [67.5, 0, 0], "uv": [14, 53], "mirror": true},
						{"origin": [-8.9, 47.2, 2], "size": [2, 5, 1], "pivot": [-9, 46.8, 1], "rotation": [67.5, 0, 0], "uv": [0, 0]},
						{"origin": [6.9, 47.2, 2], "size": [2, 5, 1], "pivot": [9, 46.8, 1], "rotation": [67.5, 0, 0], "uv": [0, 0], "mirror": true},
						{"origin": [6.9, 47, 3], "size": [2, 3, 1], "pivot": [9, 46.8, 1], "rotation": [67.5, 0, 0], "uv": [21, 39], "mirror": true},
						{"origin": [6, 52.8, -9], "size": [5.8, 3, 14], "pivot": [6, 55.8, -8.6], "rotation": [0, 0, 60], "uv": [225, 49], "mirror": true},
						{"origin": [-11.8, 52.8, -9], "size": [5.8, 3, 14], "pivot": [-6, 55.8, -8.6], "rotation": [0, 0, -60], "uv": [225, 49]},
						{"origin": [-7.56, 41.8, 4.72], "size": [15.12, 10.88, 1], "uv": [241, 131]}
					]
				},
				{
					"name": "Back",
					"parent": "Toilet",
					"pivot": [0, 24, 14.5],
					"cubes": [
						{"origin": [-11, 28.5, 12.5], "size": [22, 35.5, 8.5], "uv": [68, 115]},
						{"origin": [8, 28.5, 12.49], "size": [6, 35.5, 8.5], "pivot": [11, 28, 15.5], "rotation": [0, 0, 2.5], "uv": [92, 197]},
						{"origin": [-14, 28.5, 12.49], "size": [6, 35.5, 8.5], "pivot": [-11, 28, 15.5], "rotation": [0, 0, -2.5], "uv": [92, 197], "mirror": true},
						{"origin": [-17, 62.5, 11.5], "size": [34, 5.5, 10.5], "uv": [128, 115]},
						{"origin": [-2, 68, 14.8], "size": [4, 2, 4], "uv": [91, 284]}
					]
				},
				{
					"name": "Right_w",
					"parent": "Toilet",
					"pivot": [28, 31, -2],
					"rotation": [0, 0, 2.5],
					"cubes": [
						{"origin": [18, 31, -7], "size": [67, 2, 18], "uv": [0, 0]},
						{"origin": [18, 24, -7], "size": [67, 2, 18], "uv": [0, 0]},
						{"origin": [17, 27, -7], "size": [67, 1, 18], "uv": [0, 20]},
						{"origin": [17, 29, -7], "size": [67, 1, 18], "uv": [0, 20]},
						{"origin": [4, 31, -7], "size": [14, 2, 18], "uv": [118, 163]},
						{"origin": [4, 27, -7], "size": [13, 1, 18], "uv": [181, 64]},
						{"origin": [4, 29, -7], "size": [13, 1, 18], "uv": [181, 64]},
						{"origin": [4, 24, -7], "size": [14, 2, 18], "uv": [118, 163]},
						{"origin": [60, 31, 11], "size": [32, 2, 6], "uv": [129, 103]},
						{"origin": [60, 27, 11], "size": [31, 1, 6], "uv": [152, 0]},
						{"origin": [60, 29, 11], "size": [31, 1, 6], "uv": [152, 0]},
						{"origin": [60, 24, 11], "size": [32, 2, 6], "uv": [129, 103]},
						{"origin": [28, 31, 11], "size": [32, 2, 6], "uv": [129, 95]},
						{"origin": [28, 27, 11], "size": [32, 1, 5], "uv": [45, 106]},
						{"origin": [28, 29, 11], "size": [32, 1, 5], "uv": [45, 106]},
						{"origin": [28, 24, 11], "size": [32, 2, 6], "uv": [129, 95]},
						{"origin": [19, 31, 11], "size": [9, 2, 6], "uv": [45, 112]},
						{"origin": [19, 27, 11], "size": [9, 1, 5], "uv": [64, 49]},
						{"origin": [19, 29, 11], "size": [9, 1, 5], "uv": [64, 49]},
						{"origin": [19, 24, 11], "size": [9, 2, 6], "uv": [45, 112]},
						{"origin": [4, 31, 11], "size": [15, 2, 6], "uv": [232, 123]},
						{"origin": [4, 24, 11], "size": [15, 2, 6], "uv": [232, 123]},
						{"origin": [76, 30.99, -7], "size": [9, 2, 19.1], "pivot": [85, 31, -7], "rotation": [0, 20, 0], "uv": [79, 176]},
						{"origin": [75, 26.99, -7], "size": [9, 1, 19.1], "pivot": [84, 27, -7], "rotation": [0, 20, 0], "uv": [116, 183]},
						{"origin": [75, 28.99, -7], "size": [9, 1, 19.1], "pivot": [84, 29, -7], "rotation": [0, 20, 0], "uv": [116, 183]},
						{"origin": [76, 23.99, -7], "size": [9, 2, 19.1], "pivot": [85, 24, -7], "rotation": [0, 20, 0], "uv": [79, 176]}
					]
				},
				{
					"name": "Smallwing5",
					"parent": "Right_w",
					"pivot": [67.43782, 28.16987, 3],
					"rotation": [12.5, 0, 90],
					"cubes": [
						{"origin": [66.43782, 28.16987, -8], "size": [3, 3, 28], "uv": [36, 158]},
						{"origin": [66.93782, 25.16987, -10], "size": [2, 3, 36], "pivot": [67.43782, 31.16987, -10], "rotation": [60, 0, 0], "uv": [56, 39]},
						{"origin": [66.93782, 22.16987, -7], "size": [2, 3, 35], "pivot": [67.43782, 31.16987, -10], "rotation": [60, 0, 0], "uv": [0, 68]},
						{"origin": [66.93782, 17.16987, -5], "size": [2, 5, 30], "pivot": [67.43782, 31.16987, -10], "rotation": [60, 0, 0], "uv": [0, 141]},
						{"origin": [66.93782, 19.16987, 25], "size": [2, 3, 3], "pivot": [67.43782, 31.16987, -10], "rotation": [60, 0, 0], "uv": [0, 53]},
						{"origin": [66.93782, 14.16987, -3], "size": [2, 3, 23], "pivot": [67.43782, 31.16987, -10], "rotation": [60, 0, 0], "uv": [182, 88]},
						{"origin": [66.93782, 11.16987, -1], "size": [2, 3, 16], "pivot": [67.43782, 31.16987, -10], "rotation": [60, 0, 0], "uv": [65, 224]},
						{"origin": [66.93782, 9.16987, 0], "size": [2, 2, 10], "pivot": [67.43782, 31.16987, -10], "rotation": [60, 0, 0], "uv": [0, 53]},
						{"origin": [66.93782, 7.16987, 1], "size": [2, 2, 7], "pivot": [67.43782, 31.16987, -10], "rotation": [60, 0, 0], "uv": [106, 88]},
						{"origin": [66.93782, 28.16987, -10], "size": [2, 3, 34], "pivot": [67.43782, 31.16987, -10], "rotation": [60, 0, 0], "uv": [40, 78]},
						{"origin": [66.43782, 31.16987, 17], "size": [3, 27, 3], "uv": [0, 141]},
						{"origin": [66.43782, 58.16987, 7], "size": [3, 3, 13], "uv": [204, 155]},
						{"origin": [66.93782, 58.66987, 6.9], "size": [2, 2, 0], "uv": [64, 39]}
					]
				},
				{
					"name": "Gun",
					"parent": "Right_w",
					"pivot": [33, 29, 5],
					"rotation": [0, 0, -180],
					"cubes": [
						{"origin": [28.5, 34, -6], "size": [11, 12, 23], "uv": [0, 106]},
						{"origin": [32, 29, -3], "size": [3, 5, 17], "uv": [213, 174]},
						{"origin": [28, 47, -8], "size": [12, 3, 26], "uv": [96, 39]},
						{"origin": [28.1, 47, 11.5], "size": [11.8, 3, 6.5], "pivot": [33, 50, 18], "rotation": [-17.5, 0, 0], "uv": [182, 28]},
						{"origin": [28, 50, -2], "size": [12, 2, 14], "uv": [209, 83]},
						{"origin": [28.1, 48, -8], "size": [11.8, 2, 6.5], "pivot": [33, 50, -8], "rotation": [17.5, 0, 0], "uv": [204, 49]},
						{"origin": [28, 43, -15], "size": [12, 4, 12], "uv": [212, 202]},
						{"origin": [28.1, 43, -15], "size": [11.8, 4, 8], "pivot": [33, 47, -15], "rotation": [22.5, 0, 0], "uv": [238, 99]},
						{"origin": [30.5, 36.5, -25], "size": [6, 6, 21], "pivot": [33.5, 39.5, -15.5], "rotation": [0, 0, 45], "uv": [0, 176]},
						{"origin": [30, 36, -26], "size": [7, 7, 21], "pivot": [33.5, 39.5, -15.5], "rotation": [0, 0, 45], "uv": [161, 163]},
						{"origin": [28.1, 43, -5], "size": [11.8, 2, 10], "pivot": [33, 47, -5], "rotation": [22.5, 0, 0], "uv": [225, 66]},
						{"origin": [28.1, 45, -5], "size": [11.8, 2, 6], "pivot": [33, 47, -5], "rotation": [22.5, 0, 0], "uv": [204, 49]}
					]
				},
				{
					"name": "Gun2",
					"parent": "Right_w",
					"pivot": [61, 29, 5],
					"rotation": [0, 0, -180],
					"cubes": [
						{"origin": [56.5, 34, -6], "size": [11, 12, 23], "uv": [0, 106]},
						{"origin": [60, 29, -3], "size": [3, 5, 17], "uv": [213, 174]},
						{"origin": [56, 47, -8], "size": [12, 3, 26], "uv": [96, 39]},
						{"origin": [56.1, 47, 11.5], "size": [11.8, 3, 6.5], "pivot": [61, 50, 18], "rotation": [-17.5, 0, 0], "uv": [182, 28]},
						{"origin": [56, 50, -2], "size": [12, 2, 14], "uv": [209, 83]},
						{"origin": [56.1, 48, -8], "size": [11.8, 2, 6.5], "pivot": [61, 50, -8], "rotation": [17.5, 0, 0], "uv": [204, 49]},
						{"origin": [56, 43, -15], "size": [12, 4, 12], "uv": [212, 202]},
						{"origin": [56.1, 43, -15], "size": [11.8, 4, 8], "pivot": [61, 47, -15], "rotation": [22.5, 0, 0], "uv": [238, 99]},
						{"origin": [58.5, 36.5, -25], "size": [6, 6, 21], "pivot": [61.5, 39.5, -15.5], "rotation": [0, 0, 45], "uv": [0, 176]},
						{"origin": [58, 36, -26], "size": [7, 7, 21], "pivot": [61.5, 39.5, -15.5], "rotation": [0, 0, 45], "uv": [161, 163]},
						{"origin": [56.1, 43, -5], "size": [11.8, 2, 10], "pivot": [61, 47, -5], "rotation": [22.5, 0, 0], "uv": [225, 66]},
						{"origin": [56.1, 45, -5], "size": [11.8, 2, 6], "pivot": [61, 47, -5], "rotation": [22.5, 0, 0], "uv": [204, 49]}
					]
				},
				{
					"name": "Right_w2",
					"parent": "Right_w",
					"pivot": [71, 29, -4],
					"cubes": [
						{"origin": [4, 29, 11], "size": [15, 1, 5], "uv": [39, 68]},
						{"origin": [4, 27, 11], "size": [15, 1, 5], "uv": [39, 68]}
					]
				},
				{
					"name": "Left_w",
					"parent": "Toilet",
					"pivot": [-28, 31, -2],
					"rotation": [0, 0, -2.5],
					"cubes": [
						{"origin": [-85, 31, -7], "size": [67, 2, 18], "uv": [0, 0], "mirror": true},
						{"origin": [-85, 24, -7], "size": [67, 2, 18], "uv": [0, 0], "mirror": true},
						{"origin": [-84, 27, -7], "size": [67, 1, 18], "uv": [0, 20], "mirror": true},
						{"origin": [-84, 29, -7], "size": [67, 1, 18], "uv": [0, 20], "mirror": true},
						{"origin": [-18, 31, -7], "size": [14, 2, 18], "uv": [118, 163], "mirror": true},
						{"origin": [-17, 27, -7], "size": [13, 1, 18], "uv": [181, 64], "mirror": true},
						{"origin": [-17, 29, -7], "size": [13, 1, 18], "uv": [181, 64], "mirror": true},
						{"origin": [-18, 24, -7], "size": [14, 2, 18], "uv": [118, 163], "mirror": true},
						{"origin": [-92, 31, 11], "size": [32, 2, 6], "uv": [129, 103], "mirror": true},
						{"origin": [-91, 27, 11], "size": [31, 1, 6], "uv": [152, 0], "mirror": true},
						{"origin": [-91, 29, 11], "size": [31, 1, 6], "uv": [152, 0], "mirror": true},
						{"origin": [-92, 24, 11], "size": [32, 2, 6], "uv": [129, 103], "mirror": true},
						{"origin": [-60, 31, 11], "size": [32, 2, 6], "uv": [129, 95], "mirror": true},
						{"origin": [-60, 27, 11], "size": [32, 1, 5], "uv": [45, 106], "mirror": true},
						{"origin": [-60, 29, 11], "size": [32, 1, 5], "uv": [45, 106], "mirror": true},
						{"origin": [-60, 24, 11], "size": [32, 2, 6], "uv": [129, 95], "mirror": true},
						{"origin": [-28, 31, 11], "size": [9, 2, 6], "uv": [45, 112], "mirror": true},
						{"origin": [-28, 27, 11], "size": [9, 1, 5], "uv": [64, 49], "mirror": true},
						{"origin": [-28, 29, 11], "size": [9, 1, 5], "uv": [64, 49], "mirror": true},
						{"origin": [-28, 24, 11], "size": [9, 2, 6], "uv": [45, 112], "mirror": true},
						{"origin": [-19, 31, 11], "size": [15, 2, 6], "uv": [232, 123], "mirror": true},
						{"origin": [-19, 24, 11], "size": [15, 2, 6], "uv": [232, 123], "mirror": true},
						{"origin": [-85, 30.99, -7], "size": [9, 2, 19.1], "pivot": [-85, 31, -7], "rotation": [0, -20, 0], "uv": [79, 176], "mirror": true},
						{"origin": [-84, 26.99, -7], "size": [9, 1, 19.1], "pivot": [-84, 27, -7], "rotation": [0, -20, 0], "uv": [116, 183], "mirror": true},
						{"origin": [-84, 28.99, -7], "size": [9, 1, 19.1], "pivot": [-84, 29, -7], "rotation": [0, -20, 0], "uv": [116, 183], "mirror": true},
						{"origin": [-85, 23.99, -7], "size": [9, 2, 19.1], "pivot": [-85, 24, -7], "rotation": [0, -20, 0], "uv": [79, 176], "mirror": true}
					]
				},
				{
					"name": "Smallwing6",
					"parent": "Left_w",
					"pivot": [-67.43782, 28.16987, 3],
					"rotation": [12.5, 0, -90],
					"cubes": [
						{"origin": [-69.43782, 28.16987, -8], "size": [3, 3, 28], "uv": [36, 158], "mirror": true},
						{"origin": [-68.93782, 25.16987, -10], "size": [2, 3, 36], "pivot": [-67.43782, 31.16987, -10], "rotation": [60, 0, 0], "uv": [56, 39], "mirror": true},
						{"origin": [-68.93782, 22.16987, -7], "size": [2, 3, 35], "pivot": [-67.43782, 31.16987, -10], "rotation": [60, 0, 0], "uv": [0, 68], "mirror": true},
						{"origin": [-68.93782, 17.16987, -5], "size": [2, 5, 30], "pivot": [-67.43782, 31.16987, -10], "rotation": [60, 0, 0], "uv": [0, 141], "mirror": true},
						{"origin": [-68.93782, 19.16987, 25], "size": [2, 3, 3], "pivot": [-67.43782, 31.16987, -10], "rotation": [60, 0, 0], "uv": [0, 53], "mirror": true},
						{"origin": [-68.93782, 14.16987, -3], "size": [2, 3, 23], "pivot": [-67.43782, 31.16987, -10], "rotation": [60, 0, 0], "uv": [182, 88], "mirror": true},
						{"origin": [-68.93782, 11.16987, -1], "size": [2, 3, 16], "pivot": [-67.43782, 31.16987, -10], "rotation": [60, 0, 0], "uv": [65, 224], "mirror": true},
						{"origin": [-68.93782, 9.16987, 0], "size": [2, 2, 10], "pivot": [-67.43782, 31.16987, -10], "rotation": [60, 0, 0], "uv": [0, 53], "mirror": true},
						{"origin": [-68.93782, 7.16987, 1], "size": [2, 2, 7], "pivot": [-67.43782, 31.16987, -10], "rotation": [60, 0, 0], "uv": [106, 88], "mirror": true},
						{"origin": [-68.93782, 28.16987, -10], "size": [2, 3, 34], "pivot": [-67.43782, 31.16987, -10], "rotation": [60, 0, 0], "uv": [40, 78], "mirror": true},
						{"origin": [-69.43782, 31.16987, 17], "size": [3, 27, 3], "uv": [0, 141], "mirror": true},
						{"origin": [-69.43782, 58.16987, 7], "size": [3, 3, 13], "uv": [204, 155], "mirror": true},
						{"origin": [-68.93782, 58.66987, 6.9], "size": [2, 2, 0], "uv": [64, 39], "mirror": true}
					]
				},
				{
					"name": "Gun3",
					"parent": "Left_w",
					"pivot": [-33, 29, 5],
					"rotation": [0, 0, 180],
					"cubes": [
						{"origin": [-39.5, 34, -6], "size": [11, 12, 23], "uv": [0, 106], "mirror": true},
						{"origin": [-35, 29, -3], "size": [3, 5, 17], "uv": [213, 174], "mirror": true},
						{"origin": [-40, 47, -8], "size": [12, 3, 26], "uv": [96, 39], "mirror": true},
						{"origin": [-39.9, 47, 11.5], "size": [11.8, 3, 6.5], "pivot": [-33, 50, 18], "rotation": [-17.5, 0, 0], "uv": [182, 28], "mirror": true},
						{"origin": [-40, 50, -2], "size": [12, 2, 14], "uv": [209, 83], "mirror": true},
						{"origin": [-39.9, 48, -8], "size": [11.8, 2, 6.5], "pivot": [-33, 50, -8], "rotation": [17.5, 0, 0], "uv": [204, 49], "mirror": true},
						{"origin": [-40, 43, -15], "size": [12, 4, 12], "uv": [212, 202], "mirror": true},
						{"origin": [-39.9, 43, -15], "size": [11.8, 4, 8], "pivot": [-33, 47, -15], "rotation": [22.5, 0, 0], "uv": [238, 99], "mirror": true},
						{"origin": [-36.5, 36.5, -25], "size": [6, 6, 21], "pivot": [-33.5, 39.5, -15.5], "rotation": [0, 0, -45], "uv": [0, 176], "mirror": true},
						{"origin": [-37, 36, -26], "size": [7, 7, 21], "pivot": [-33.5, 39.5, -15.5], "rotation": [0, 0, -45], "uv": [161, 163], "mirror": true},
						{"origin": [-39.9, 43, -5], "size": [11.8, 2, 10], "pivot": [-33, 47, -5], "rotation": [22.5, 0, 0], "uv": [225, 66], "mirror": true},
						{"origin": [-39.9, 45, -5], "size": [11.8, 2, 6], "pivot": [-33, 47, -5], "rotation": [22.5, 0, 0], "uv": [204, 49], "mirror": true}
					]
				},
				{
					"name": "Gun4",
					"parent": "Left_w",
					"pivot": [-61, 29, 5],
					"rotation": [0, 0, 180],
					"cubes": [
						{"origin": [-67.5, 34, -6], "size": [11, 12, 23], "uv": [0, 106], "mirror": true},
						{"origin": [-63, 29, -3], "size": [3, 5, 17], "uv": [213, 174], "mirror": true},
						{"origin": [-68, 47, -8], "size": [12, 3, 26], "uv": [96, 39], "mirror": true},
						{"origin": [-67.9, 47, 11.5], "size": [11.8, 3, 6.5], "pivot": [-61, 50, 18], "rotation": [-17.5, 0, 0], "uv": [182, 28], "mirror": true},
						{"origin": [-68, 50, -2], "size": [12, 2, 14], "uv": [209, 83], "mirror": true},
						{"origin": [-67.9, 48, -8], "size": [11.8, 2, 6.5], "pivot": [-61, 50, -8], "rotation": [17.5, 0, 0], "uv": [204, 49], "mirror": true},
						{"origin": [-68, 43, -15], "size": [12, 4, 12], "uv": [212, 202], "mirror": true},
						{"origin": [-67.9, 43, -15], "size": [11.8, 4, 8], "pivot": [-61, 47, -15], "rotation": [22.5, 0, 0], "uv": [238, 99], "mirror": true},
						{"origin": [-64.5, 36.5, -25], "size": [6, 6, 21], "pivot": [-61.5, 39.5, -15.5], "rotation": [0, 0, -45], "uv": [0, 176], "mirror": true},
						{"origin": [-65, 36, -26], "size": [7, 7, 21], "pivot": [-61.5, 39.5, -15.5], "rotation": [0, 0, -45], "uv": [161, 163], "mirror": true},
						{"origin": [-67.9, 43, -5], "size": [11.8, 2, 10], "pivot": [-61, 47, -5], "rotation": [22.5, 0, 0], "uv": [225, 66], "mirror": true},
						{"origin": [-67.9, 45, -5], "size": [11.8, 2, 6], "pivot": [-61, 47, -5], "rotation": [22.5, 0, 0], "uv": [204, 49], "mirror": true}
					]
				},
				{
					"name": "Left_w2",
					"parent": "Left_w",
					"pivot": [-71, 29, -4],
					"cubes": [
						{"origin": [-19, 29, 11], "size": [15, 1, 5], "uv": [39, 68], "mirror": true},
						{"origin": [-19, 27, 11], "size": [15, 1, 5], "uv": [39, 68], "mirror": true}
					]
				},
				{
					"name": "hexadecagon",
					"parent": "Toilet",
					"pivot": [0, 10, -28],
					"cubes": [
						{"origin": [-5, 5, -28], "size": [10, 10, 0], "uv": [96, 49]},
						{"origin": [-1, 9, -29], "size": [2, 2, 1], "uv": [21, 43]}
					]
				},
				{
					"name": "Lr_1",
					"parent": "hexadecagon",
					"pivot": [0, 10, -28],
					"cubes": [
						{"origin": [-2, 14, -29], "size": [4, 1, 20], "pivot": [-1, 14, -29], "rotation": [10, 0, 0], "uv": [120, 203]},
						{"origin": [0, 13, -33], "size": [0, 4, 17], "pivot": [0, 14, -35], "rotation": [5, 0, 0], "uv": [0, 51]}
					]
				},
				{
					"name": "Lr_2",
					"parent": "hexadecagon",
					"pivot": [0, 10, -28],
					"rotation": [0, 0, -27.5],
					"cubes": [
						{"origin": [-2, 14, -29], "size": [4, 1, 20], "pivot": [-1, 14, -29], "rotation": [10, 0, 0], "uv": [120, 203]}
					]
				},
				{
					"name": "Lr_5",
					"parent": "hexadecagon",
					"pivot": [0, 10, -28],
					"rotation": [0, 0, 27.5],
					"cubes": [
						{"origin": [-2, 14, -29], "size": [4, 1, 20], "pivot": [1, 14, -29], "rotation": [10, 0, 0], "uv": [120, 203], "mirror": true}
					]
				},
				{
					"name": "Lr_3",
					"parent": "hexadecagon",
					"pivot": [0, 10, -28],
					"rotation": [0, 0, -55],
					"cubes": [
						{"origin": [-2, 14, -29], "size": [4, 1, 20], "pivot": [-1, 14, -29], "rotation": [10, 0, 0], "uv": [120, 203]},
						{"origin": [0, 13, -33], "size": [0, 4, 17], "pivot": [0, 14, -35], "rotation": [5, 0, 0], "uv": [0, 51]}
					]
				},
				{
					"name": "Lr_6",
					"parent": "hexadecagon",
					"pivot": [0, 10, -28],
					"rotation": [0, 0, 55],
					"cubes": [
						{"origin": [-2, 14, -29], "size": [4, 1, 20], "pivot": [1, 14, -29], "rotation": [10, 0, 0], "uv": [120, 203], "mirror": true},
						{"origin": [0, 13, -33], "size": [0, 4, 17], "pivot": [0, 14, -35], "rotation": [5, 0, 0], "uv": [0, 51]}
					]
				},
				{
					"name": "Lr_4",
					"parent": "hexadecagon",
					"pivot": [0, 10, -28],
					"rotation": [0, 0, -82.5],
					"cubes": [
						{"origin": [-2, 14, -29], "size": [4, 1, 20], "pivot": [-1, 14, -29], "rotation": [10, 0, 0], "uv": [120, 203]}
					]
				},
				{
					"name": "Lr_7",
					"parent": "hexadecagon",
					"pivot": [0, 10, -28],
					"rotation": [0, 0, 110],
					"cubes": [
						{"origin": [-2, 14, -29], "size": [4, 1, 20], "pivot": [1, 14, -29], "rotation": [10, 0, 0], "uv": [120, 203], "mirror": true},
						{"origin": [0, 13, -33], "size": [0, 4, 17], "pivot": [0, 14, -35], "rotation": [5, 0, 0], "uv": [0, 51]}
					]
				},
				{
					"name": "Lr_9",
					"parent": "hexadecagon",
					"pivot": [0, 10, -28],
					"rotation": [0, 0, -110],
					"cubes": [
						{"origin": [-2, 14, -29], "size": [4, 1, 20], "pivot": [-1, 14, -29], "rotation": [10, 0, 0], "uv": [120, 203]},
						{"origin": [0, 13, -33], "size": [0, 4, 17], "pivot": [0, 14, -35], "rotation": [5, 0, 0], "uv": [0, 51]}
					]
				},
				{
					"name": "Lr_10",
					"parent": "hexadecagon",
					"pivot": [0, 10, -28],
					"rotation": [0, 0, -137.5],
					"cubes": [
						{"origin": [-2, 14, -29], "size": [4, 1, 20], "pivot": [-1, 14, -29], "rotation": [10, 0, 0], "uv": [120, 203]}
					]
				},
				{
					"name": "Lr_11",
					"parent": "hexadecagon",
					"pivot": [0, 10, -28],
					"rotation": [0, 0, 137.5],
					"cubes": [
						{"origin": [-2, 14, -29], "size": [4, 1, 20], "pivot": [1, 14, -29], "rotation": [10, 0, 0], "uv": [120, 203], "mirror": true}
					]
				},
				{
					"name": "Lr_12",
					"parent": "hexadecagon",
					"pivot": [0, 10, -28],
					"rotation": [0, 0, 165],
					"cubes": [
						{"origin": [-2, 14, -29], "size": [4, 1, 20], "pivot": [1, 14, -29], "rotation": [10, 0, 0], "uv": [120, 203], "mirror": true},
						{"origin": [0, 13, -33], "size": [0, 4, 17], "pivot": [0, 14, -35], "rotation": [5, 0, 0], "uv": [0, 51]}
					]
				},
				{
					"name": "Lr_13",
					"parent": "hexadecagon",
					"pivot": [0, 10, -28],
					"rotation": [0, 0, -165],
					"cubes": [
						{"origin": [-2, 14, -29], "size": [4, 1, 20], "pivot": [-1, 14, -29], "rotation": [10, 0, 0], "uv": [120, 203]},
						{"origin": [0, 13, -33], "size": [0, 4, 17], "pivot": [0, 14, -35], "rotation": [5, 0, 0], "uv": [0, 51]}
					]
				},
				{
					"name": "Lr_8",
					"parent": "hexadecagon",
					"pivot": [0, 10, -28],
					"rotation": [0, 0, 82.5],
					"cubes": [
						{"origin": [-2, 14, -29], "size": [4, 1, 20], "pivot": [1, 14, -29], "rotation": [10, 0, 0], "uv": [120, 203], "mirror": true}
					]
				},
				{
					"name": "Jetpack_right",
					"parent": "Toilet",
					"pivot": [-6.88707, 49.02805, 19.17793],
					"rotation": [0, 62.5, 0],
					"cubes": [
						{"origin": [-20.22951, 37, 15.17793], "size": [8, 6, 8], "uv": [0, 241]},
						{"origin": [-13.22951, 48, 18.17793], "size": [7, 3, 3], "uv": [129, 84]},
						{"origin": [-21.22951, 29, 14.17793], "size": [10, 8, 10], "uv": [197, 218]},
						{"origin": [-20.22951, 20, 15.17793], "size": [8, 9, 8], "uv": [34, 141]},
						{"origin": [-19.72951, 17, 15.67793], "size": [7, 7, 7], "uv": [0, 39]},
						{"origin": [-21.22951, 57, 14.17793], "size": [10, 6, 10], "uv": [0, 225]},
						{"origin": [-20.22951, 47, 15.17793], "size": [8, 10, 8], "uv": [181, 236]},
						{"origin": [-19.22951, 43, 16.17793], "size": [6, 4, 6], "uv": [64, 39]}
					],
					"locators": {
						"flame": {
							"offset": [-16.22951, 19, 19.17793],
							"rotation": [-175, 0, 0]
						}
					}
				},
				{
					"name": "Jetpack_left",
					"parent": "Toilet",
					"pivot": [6.88707, 49.02805, 19.17793],
					"rotation": [0, -62.5, 0],
					"cubes": [
						{"origin": [12.22951, 37, 15.17793], "size": [8, 6, 8], "uv": [0, 241], "mirror": true},
						{"origin": [6.22951, 48, 18.17793], "size": [7, 3, 3], "uv": [129, 84], "mirror": true},
						{"origin": [11.22951, 29, 14.17793], "size": [10, 8, 10], "uv": [197, 218], "mirror": true},
						{"origin": [12.22951, 20, 15.17793], "size": [8, 9, 8], "uv": [34, 141], "mirror": true},
						{"origin": [12.72951, 17, 15.67793], "size": [7, 7, 7], "uv": [0, 39], "mirror": true},
						{"origin": [11.22951, 57, 14.17793], "size": [10, 6, 10], "uv": [0, 225], "mirror": true},
						{"origin": [12.22951, 47, 15.17793], "size": [8, 10, 8], "uv": [181, 236], "mirror": true},
						{"origin": [13.22951, 43, 16.17793], "size": [6, 4, 6], "uv": [64, 39], "mirror": true}
					],
					"locators": {
						"flame2": {
							"offset": [16.22951, 19, 19.17793],
							"rotation": [-175, 0, 0]
						}
					}
				}
			]
		}
	]
}