{
	"format_version": "1.12.0",
	"minecraft:geometry": [
		{
			"description": {
				"identifier": "geometry.gojidraw_upgrade_plunger_camera_women",
				"texture_width": 128,
				"texture_height": 128,
				"visible_bounds_width": 14,
				"visible_bounds_height": 8,
				"visible_bounds_offset": [0, 3, 0]
			},
			"bones": [
				{
					"name": "bb_main",
					"pivot": [0, 0, 0],
					"locators": {
						"locator": [0, 0, 0]
					}
				},
				{
					"name": "Root2",
					"pivot": [0, 33, 0]
				},
				{
					"name": "Root",
					"parent": "Root2",
					"pivot": [0, -1, 0]
				},
				{
					"name": "Leg2",
					"parent": "Root",
					"pivot": [0, 26, 0],
					"rotation": [0, 0, -2.5],
					"cubes": [
						{"origin": [-0.5, 14, -2], "size": [6, 13, 6], "pivot": [2.5, 20, 1], "rotation": [0, -2.5, 0], "uv": [40, 58]},
						{"origin": [-0.4, 19.81494, -0.7614], "size": [5.8, 5, 6], "pivot": [2.5, 24.81494, 5.2386], "rotation": [-15, 0, 0], "uv": [73, 14]},
						{"origin": [-0.45, 24.81494, 3.2386], "size": [5.9, 3, 2], "pivot": [2.5, 24.81494, 5.2386], "rotation": [30, 0, 0], "uv": [25, 8]}
					]
				},
				{
					"name": "bone3",
					"parent": "Leg2",
					"pivot": [2.5, 13.95137, -0.82279],
					"cubes": [
						{"origin": [0, 3, -1.6], "size": [5, 11, 4], "uv": [37, 79]},
						{"origin": [0.1, 3, 1], "size": [4.8, 7, 2], "pivot": [2.5, 3, 2], "rotation": [-7.5, 0, 0], "uv": [97, 99]},
						{"origin": [0.2, 8.94977, 1.98322], "size": [4.6, 5, 2], "pivot": [2.5, 10, 2.8748], "rotation": [12.5, 0, 0], "uv": [103, 0]}
					]
				},
				{
					"name": "Boot2",
					"parent": "bone3",
					"pivot": [2, 3, 0.1],
					"rotation": [0, 0, 2.5],
					"cubes": [
						{"origin": [0.29, -0.6, -6.1897], "size": [4.32, 1.8, 5.4], "pivot": [2, 1.2, -7.1897], "rotation": [17.5, 0, 0], "uv": [95, 19]},
						{"origin": [0.2, -0.6, -6.1897], "size": [4.5, 1.8, 6.75], "uv": [83, 92]},
						{"origin": [0.2, -0.6, -0.2597], "size": [4.5, 1.8, 3.69], "uv": [100, 54]},
						{"origin": [0.2, 1.2, -2.6897], "size": [4.5, 1.8, 6.3], "uv": [90, 34]}
					]
				},
				{
					"name": "Left_t",
					"parent": "Leg2",
					"pivot": [3, 27, -1]
				},
				{
					"name": "Leg3",
					"parent": "Root",
					"pivot": [0, 26, 0],
					"rotation": [0, 0, 2.5],
					"cubes": [
						{"origin": [-5.5, 14, -2], "size": [6, 13, 6], "pivot": [-2.5, 20, 1], "rotation": [0, 2.5, 0], "uv": [40, 58], "mirror": true},
						{"origin": [-5.4, 19.81494, -0.7614], "size": [5.8, 5, 6], "pivot": [-2.5, 24.81494, 5.2386], "rotation": [-15, 0, 0], "uv": [73, 14], "mirror": true},
						{"origin": [-5.45, 24.81494, 3.2386], "size": [5.9, 3, 2], "pivot": [-2.5, 24.81494, 5.2386], "rotation": [30, 0, 0], "uv": [25, 8], "mirror": true}
					]
				},
				{
					"name": "bone2",
					"parent": "Leg3",
					"pivot": [-2.5, 13.95137, -0.82279],
					"cubes": [
						{"origin": [-5, 3, -1.6], "size": [5, 11, 4], "uv": [37, 79], "mirror": true},
						{"origin": [-4.9, 3, 1], "size": [4.8, 7, 2], "pivot": [-2.5, 3, 2], "rotation": [-7.5, 0, 0], "uv": [97, 99], "mirror": true},
						{"origin": [-4.8, 8.94977, 1.98322], "size": [4.6, 5, 2], "pivot": [-2.5, 10, 2.8748], "rotation": [12.5, 0, 0], "uv": [103, 0], "mirror": true}
					]
				},
				{
					"name": "Boot3",
					"parent": "bone2",
					"pivot": [-2, 3, -0.9],
					"rotation": [0, 0, -2.5],
					"cubes": [
						{"origin": [-4.61, -0.6, -6.1897], "size": [4.32, 1.8, 5.4], "pivot": [-2, 1.2, -7.1897], "rotation": [17.5, 0, 0], "uv": [95, 19], "mirror": true},
						{"origin": [-4.7, -0.6, -6.1897], "size": [4.5, 1.8, 6.75], "uv": [83, 92], "mirror": true},
						{"origin": [-4.7, -0.6, -0.2597], "size": [4.5, 1.8, 3.69], "uv": [100, 54], "mirror": true},
						{"origin": [-4.7, 1.2, -2.6897], "size": [4.5, 1.8, 6.3], "uv": [90, 34], "mirror": true}
					]
				},
				{
					"name": "Right_t",
					"parent": "Leg3",
					"pivot": [-3, 27, -1]
				},
				{
					"name": "Body",
					"parent": "Root",
					"pivot": [0, 28, 0],
					"cubes": [
						{"origin": [-4.5, 27, -2], "size": [9, 12, 6], "uv": [0, 41]},
						{"origin": [-1, 29, -3.8], "size": [2, 2, 4], "pivot": [0, 31.5, -2], "rotation": [7.5, 0, 0], "uv": [64, 14]},
						{"origin": [-3, 28.5, -3.5], "size": [6, 3, 4], "pivot": [0, 31.5, -2], "rotation": [7.5, 0, 0], "uv": [89, 25]},
						{"origin": [-2.5, 29, -3.6], "size": [5, 2, 0], "pivot": [0, 31.5, -2], "rotation": [7.5, 0, 0], "uv": [32, 57]},
						{"origin": [-0.5, 29.29094, -3.48967], "size": [1, 1, 0], "pivot": [0, 29.79094, -3.48967], "rotation": [5.31847, -5.29571, 44.75386], "uv": [0, 17]},
						{"origin": [1.2, 29.29094, -3.48967], "size": [1.2, 1, 0], "pivot": [0, 29.79094, -3.48967], "rotation": [7.5, 0, 0], "uv": [3, 0]},
						{"origin": [-2.4, 29.29094, -3.48967], "size": [1.2, 1, 0], "pivot": [0, 29.79094, -3.48967], "rotation": [7.5, 0, 0], "uv": [3, 0], "mirror": true},
						{"origin": [-5, 29, -2.5], "size": [10, 3, 7], "uv": [48, 27]},
						{"origin": [-4.6, 27, -1.9], "size": [3, 12, 5.8], "pivot": [-4, 27, 0], "rotation": [0, 0, -5], "uv": [74, 72]},
						{"origin": [1.6, 27, -1.9], "size": [3, 12, 5.8], "pivot": [4, 27, 0], "rotation": [0, 0, 5], "uv": [74, 72], "mirror": true}
					]
				},
				{
					"name": "Tap",
					"parent": "Body",
					"pivot": [0, 33.5, -2.8],
					"cubes": [
						{"origin": [-4, 33, -3], "size": [8, 1, 1], "uv": [30, 27]},
						{"origin": [-1.5, 33, -3.1], "size": [3, 1, 0], "uv": [25, 13]}
					]
				},
				{
					"name": "Tap2",
					"parent": "Body",
					"pivot": [4.97715, 30.58723, 1.06792],
					"rotation": [112.27587, -89.87257, -111.19503],
					"cubes": [
						{"origin": [0.97715, 30.08723, 0.86792], "size": [8, 1, 1], "uv": [30, 27]},
						{"origin": [3.47715, 30.08723, 0.76792], "size": [3, 1, 0], "uv": [25, 13]}
					]
				},
				{
					"name": "Tap3",
					"parent": "Body",
					"pivot": [-4.97715, 30.58723, 1.06792],
					"rotation": [112.27587, 89.87257, 111.19503],
					"cubes": [
						{"origin": [-8.97715, 30.08723, 0.86792], "size": [8, 1, 1], "uv": [30, 27], "mirror": true},
						{"origin": [-6.47715, 30.08723, 0.76792], "size": [3, 1, 0], "uv": [25, 13], "mirror": true}
					]
				},
				{
					"name": "Cest",
					"parent": "Body",
					"pivot": [-1, 38, -1],
					"cubes": [
						{"origin": [-5.5, 37, -3], "size": [11, 9, 8], "uv": [0, 24]},
						{"origin": [-6.5, 37, -3], "size": [1, 9, 8], "uv": [56, 72]},
						{"origin": [5.5, 37, -3], "size": [1, 9, 8], "uv": [56, 72], "mirror": true},
						{"origin": [-6, 39, -4], "size": [12, 7, 4], "pivot": [-1, 44, -4], "rotation": [-27.5, 0, 0], "uv": [0, 61]},
						{"origin": [2.5, 45.3, -3], "size": [3, 1, 8], "uv": [75, 25]},
						{"origin": [2.5, 45.3, 5], "size": [3, 1, 8], "pivot": [3, 46.3, 5], "rotation": [-85, 0, 0], "uv": [75, 25]},
						{"origin": [-5.5, 45.3, 5], "size": [3, 1, 8], "pivot": [-3, 46.3, 5], "rotation": [-85, 0, 0], "uv": [75, 25], "mirror": true},
						{"origin": [-5.5, 45.3, -3], "size": [3, 1, 8], "uv": [75, 25], "mirror": true},
						{"origin": [2.5, 45.3, -6], "size": [3, 1, 3], "pivot": [4, 46.3, -3], "rotation": [60, 0, 0], "uv": [28, 61]},
						{"origin": [-5.5, 45.3, -6], "size": [3, 1, 3], "pivot": [-4, 46.3, -3], "rotation": [60, 0, 0], "uv": [28, 61], "mirror": true}
					]
				},
				{
					"name": "all_Jetpack",
					"parent": "Cest",
					"pivot": [0, 34, 10],
					"cubes": [
						{"origin": [-7, 42, 6], "size": [2, 2, 3], "uv": [18, 103]},
						{"origin": [-5, 39, 5], "size": [10, 8, 5], "uv": [49, 0]},
						{"origin": [-4.5, 31, 5], "size": [9, 8, 4], "uv": [68, 37]},
						{"origin": [-3.5, 31, 9], "size": [7, 8, 1], "pivot": [0, 39, 10], "rotation": [-7.5, 0, 0], "uv": [18, 94]}
					]
				},
				{
					"name": "Arm_c2",
					"parent": "all_Jetpack",
					"pivot": [4, 45, 10],
					"rotation": [-172.46316, 23.4306, -34.56583],
					"cubes": [
						{"origin": [2, 45, 10], "size": [3, 11, 1], "pivot": [4, 56, 11], "rotation": [-5, 0, 0], "uv": [10, 98]}
					]
				},
				{
					"name": "Arm_c",
					"parent": "Arm_c2",
					"pivot": [4, 56, 11],
					"rotation": [140.52368, -28.02432, -21.88151],
					"cubes": [
						{"origin": [2.5, 56, 10], "size": [2, 11, 1], "pivot": [4, 56, 11], "rotation": [10, 0, 0], "uv": [60, 41]}
					]
				},
				{
					"name": "Laser",
					"parent": "Arm_c",
					"pivot": [2, 67, 9],
					"rotation": [103.33372, -29.32331, 16.74519],
					"cubes": [
						{"origin": [1, 64, -8], "size": [5, 5, 4], "uv": [90, 45]},
						{"origin": [1, 64, -4.1], "size": [5, 5, 0], "uv": [13, 0]},
						{"origin": [1, 64, 2], "size": [5, 5, 4], "uv": [89, 10]},
						{"origin": [0.5, 63.5, -4], "size": [6, 6, 8], "uv": [64, 58]},
						{"origin": [1.5, 64.5, 6], "size": [4, 4, 3], "uv": [83, 99]},
						{"origin": [0.5, 65.5, 6], "size": [1, 4, 2], "pivot": [1.5, 67, 7], "rotation": [0, 0, 17.5], "uv": [0, 41]}
					]
				},
				{
					"name": "L2",
					"parent": "Laser",
					"pivot": [3.5, 66.5, -3],
					"cubes": [
						{"origin": [2.5, 65.5, -4], "size": [2, 2, 2], "uv": [0, 124], "mirror": true}
					]
				},
				{
					"name": "Arm_c5",
					"parent": "all_Jetpack",
					"pivot": [4, 39, 10],
					"rotation": [3.25598, -5.40912, 185.34091],
					"cubes": [
						{"origin": [2, 39, 10], "size": [3, 11, 1], "pivot": [4, 50, 11], "rotation": [-5, 0, 0], "uv": [10, 98]}
					]
				},
				{
					"name": "Arm_c6",
					"parent": "Arm_c5",
					"pivot": [4, 50, 11],
					"rotation": [-192.31594, 2.15393, 9.76758],
					"cubes": [
						{"origin": [2.5, 50, 10], "size": [2, 11, 1], "pivot": [4, 50, 11], "rotation": [10, 0, 0], "uv": [60, 41]}
					]
				},
				{
					"name": "Laser3",
					"parent": "Arm_c6",
					"pivot": [2, 61, 9],
					"rotation": [99.96271, -0.86717, 4.92442],
					"cubes": [
						{"origin": [1, 58, -8], "size": [5, 5, 4], "uv": [90, 45]},
						{"origin": [1, 58, -4.1], "size": [5, 5, 0], "uv": [13, 0]},
						{"origin": [1, 58, 2], "size": [5, 5, 4], "uv": [89, 10]},
						{"origin": [0.5, 57.5, -4], "size": [6, 6, 8], "uv": [64, 58]},
						{"origin": [1.5, 58.5, 6], "size": [4, 4, 3], "uv": [83, 99]},
						{"origin": [0.5, 59.5, 6], "size": [1, 4, 2], "pivot": [1.5, 61, 7], "rotation": [0, 0, 17.5], "uv": [0, 41]}
					]
				},
				{
					"name": "L4",
					"parent": "Laser3",
					"pivot": [3.5, 60.5, -3],
					"cubes": [
						{"origin": [2.5, 59.5, -4], "size": [2, 2, 2], "uv": [0, 124], "mirror": true}
					]
				},
				{
					"name": "Arm_c7",
					"parent": "all_Jetpack",
					"pivot": [-4, 39, 10],
					"rotation": [3.25598, 5.40912, -185.34091],
					"cubes": [
						{"origin": [-5, 39, 10], "size": [3, 11, 1], "pivot": [-4, 50, 11], "rotation": [-5, 0, 0], "uv": [10, 98], "mirror": true}
					]
				},
				{
					"name": "Arm_c8",
					"parent": "Arm_c7",
					"pivot": [-4, 50, 11],
					"rotation": [-192.31594, -2.15393, -9.76758],
					"cubes": [
						{"origin": [-4.5, 50, 10], "size": [2, 11, 1], "pivot": [-4, 50, 11], "rotation": [10, 0, 0], "uv": [60, 41], "mirror": true}
					]
				},
				{
					"name": "Laser4",
					"parent": "Arm_c8",
					"pivot": [-2, 61, 9],
					"rotation": [99.96271, 0.86717, -4.92442],
					"cubes": [
						{"origin": [-6, 58, -8], "size": [5, 5, 4], "uv": [90, 45], "mirror": true},
						{"origin": [-6, 58, -4.1], "size": [5, 5, 0], "uv": [13, 0], "mirror": true},
						{"origin": [-6, 58, 2], "size": [5, 5, 4], "uv": [89, 10], "mirror": true},
						{"origin": [-6.5, 57.5, -4], "size": [6, 6, 8], "uv": [64, 58], "mirror": true},
						{"origin": [-5.5, 58.5, 6], "size": [4, 4, 3], "uv": [83, 99], "mirror": true},
						{"origin": [-1.5, 59.5, 6], "size": [1, 4, 2], "pivot": [-1.5, 61, 7], "rotation": [0, 0, -17.5], "uv": [0, 41], "mirror": true}
					]
				},
				{
					"name": "L3",
					"parent": "Laser4",
					"pivot": [-3.5, 60.5, -3],
					"cubes": [
						{"origin": [-4.5, 59.5, -4], "size": [2, 2, 2], "uv": [0, 124]}
					]
				},
				{
					"name": "Arm_c3",
					"parent": "all_Jetpack",
					"pivot": [-4, 45, 10],
					"rotation": [-172.46316, -23.4306, 34.56583],
					"cubes": [
						{"origin": [-5, 45, 10], "size": [3, 11, 1], "pivot": [-4, 56, 11], "rotation": [-5, 0, 0], "uv": [10, 98], "mirror": true}
					]
				},
				{
					"name": "Arm_c4",
					"parent": "Arm_c3",
					"pivot": [-4, 56, 11],
					"rotation": [140.52368, 28.02432, 21.88151],
					"cubes": [
						{"origin": [-4.5, 56, 10], "size": [2, 11, 1], "pivot": [-4, 56, 11], "rotation": [10, 0, 0], "uv": [60, 41], "mirror": true}
					]
				},
				{
					"name": "Laser2",
					"parent": "Arm_c4",
					"pivot": [-2, 67, 9],
					"rotation": [103.33372, 29.32331, -16.74519],
					"cubes": [
						{"origin": [-6, 64, -8], "size": [5, 5, 4], "uv": [90, 45], "mirror": true},
						{"origin": [-6, 64, -4.1], "size": [5, 5, 0], "uv": [13, 0], "mirror": true},
						{"origin": [-6, 64, 2], "size": [5, 5, 4], "uv": [89, 10], "mirror": true},
						{"origin": [-6.5, 63.5, -4], "size": [6, 6, 8], "uv": [64, 58], "mirror": true},
						{"origin": [-5.5, 64.5, 6], "size": [4, 4, 3], "uv": [83, 99], "mirror": true},
						{"origin": [-1.5, 65.5, 6], "size": [1, 4, 2], "pivot": [-1.5, 67, 7], "rotation": [0, 0, -17.5], "uv": [0, 41], "mirror": true}
					]
				},
				{
					"name": "L",
					"parent": "Laser2",
					"pivot": [-3.5, 66.5, -3],
					"cubes": [
						{"origin": [-4.5, 65.5, -4], "size": [2, 2, 2], "uv": [0, 124]}
					]
				},
				{
					"name": "R_j",
					"parent": "all_Jetpack",
					"pivot": [10, 1, 0],
					"cubes": [
						{"origin": [5, 42, 5.5], "size": [6, 4, 4], "uv": [84, 56]},
						{"origin": [4, 42, 5.6], "size": [7, 3, 3.8], "pivot": [11, 42, 10], "rotation": [0, 0, -22.5], "uv": [92, 64]},
						{"origin": [15, 37, 5.7], "size": [1, 4, 3.6], "uv": [75, 25]},
						{"origin": [15, 37, 5.8], "size": [1, 4, 3.4], "pivot": [15, 37, 8], "rotation": [0, 0, -20], "uv": [32, 46]},
						{"origin": [10, 38, 6], "size": [3, 5, 3], "uv": [99, 89]},
						{"origin": [10, 40, 6], "size": [3, 2, 3], "inflate": 0.2, "uv": [66, 72]},
						{"origin": [11, 43, 5.6], "size": [7, 3, 3.8], "pivot": [11, 46, 7], "rotation": [0, 0, 43.5], "uv": [0, 17]}
					],
					"locators": {
						"locator2": {
							"offset": [11.5, 38, 7.5],
							"rotation": [180, 0, 0]
						}
					}
				},
				{
					"name": "R_j2",
					"parent": "all_Jetpack",
					"pivot": [-10, 1, 0],
					"cubes": [
						{"origin": [-11, 42, 5.5], "size": [6, 4, 4], "uv": [84, 56], "mirror": true},
						{"origin": [-11, 42, 5.6], "size": [7, 3, 3.8], "pivot": [-11, 42, 10], "rotation": [0, 0, 22.5], "uv": [92, 64], "mirror": true},
						{"origin": [-16, 37, 5.7], "size": [1, 4, 3.6], "uv": [75, 25], "mirror": true},
						{"origin": [-16, 37, 5.8], "size": [1, 4, 3.4], "pivot": [-15, 37, 8], "rotation": [0, 0, 20], "uv": [32, 46], "mirror": true},
						{"origin": [-13, 38, 6], "size": [3, 5, 3], "uv": [99, 89], "mirror": true},
						{"origin": [-13, 40, 6], "size": [3, 2, 3], "inflate": 0.2, "uv": [66, 72], "mirror": true},
						{"origin": [-18, 43, 5.6], "size": [7, 3, 3.8], "pivot": [-11, 46, 7], "rotation": [0, 0, -43.5], "uv": [0, 17], "mirror": true}
					],
					"locators": {
						"locator3": {
							"offset": [-11.5, 38, 7.5],
							"rotation": [180, 0, 0]
						}
					}
				},
				{
					"name": "Neck",
					"parent": "Cest",
					"pivot": [0, 46, 0],
					"cubes": [
						{"origin": [-1, 46, -0.5], "size": [2, 3, 3], "uv": [61, 102]}
					]
				},
				{
					"name": "Head",
					"parent": "Neck",
					"pivot": [0, 48, 0],
					"cubes": [
						{"origin": [-2.5, 48, -5.9], "size": [5, 5, 12], "uv": [26, 29]},
						{"origin": [-2.5, 53, -8], "size": [5, 1, 14.3], "uv": [25, 0]},
						{"origin": [-3.5, 51, -6], "size": [1, 1, 12], "uv": [67, 1]},
						{"origin": [2.5, 51, -6], "size": [1, 1, 12], "uv": [67, 1], "mirror": true},
						{"origin": [-3.5, 52, -8], "size": [1, 1, 14], "uv": [16, 46]},
						{"origin": [2.5, 52, -8], "size": [1, 1, 14], "uv": [16, 46], "mirror": true},
						{"origin": [-3.49, 48.7, -7.9], "size": [1, 3.4, 1.6], "pivot": [-3, 52, -8], "rotation": [35, 0, 0], "uv": [17, 16]},
						{"origin": [2.49, 48.7, -7.9], "size": [1, 3.4, 1.6], "pivot": [3, 52, -8], "rotation": [35, 0, 0], "uv": [17, 16], "mirror": true},
						{"origin": [-3.5, 49, -6], "size": [1, 2, 12], "uv": [20, 65]},
						{"origin": [2.5, 49, -6], "size": [1, 2, 12], "uv": [20, 65], "mirror": true},
						{"origin": [-3.5, 47.6, -5.899], "size": [1, 1.4, 11.8], "pivot": [-3.5, 49, 0], "rotation": [0, 0, -45], "uv": [0, 72]},
						{"origin": [2.5, 47.6, -5.899], "size": [1, 1.4, 11.8], "pivot": [3.5, 49, 0], "rotation": [0, 0, 45], "uv": [0, 72], "mirror": true},
						{"origin": [-3.5, 53, -8.2], "size": [1, 1.4, 14.1], "pivot": [-3.5, 53, 0], "rotation": [0, 0, 45], "uv": [52, 43]},
						{"origin": [2.5, 53, -8.2], "size": [1, 1.4, 14.1], "pivot": [3.5, 53, 0], "rotation": [0, 0, -45], "uv": [52, 43], "mirror": true}
					]
				},
				{
					"name": "Hat",
					"parent": "Head",
					"pivot": [1.5, 52, -1],
					"rotation": [5, 0, 0],
					"cubes": [
						{"origin": [2.8, 52, -7], "size": [1, 2, 4], "uv": [13, 76]},
						{"origin": [-3.8, 52, -7], "size": [1, 2, 4], "uv": [13, 76], "mirror": true},
						{"origin": [-3.9, 53.7, -8], "size": [7.8, 2.3, 2], "pivot": [1.5, 56, -6], "rotation": [37.5, 0, 0], "uv": [13, 72]},
						{"origin": [-4, 53, -6], "size": [8, 3, 9], "uv": [39, 15]},
						{"origin": [-4, 51, -3], "size": [8, 2, 9], "uv": [32, 46]},
						{"origin": [-4, 53, 3], "size": [8, 1, 3], "uv": [48, 37]},
						{"origin": [-3, 54, 2], "size": [6, 3, 5], "pivot": [1.5, 57, 2], "rotation": [-35, 0, 0], "uv": [25, 15]},
						{"origin": [3, 54, 2], "size": [2, 3, 5], "pivot": [3, 57, 2], "rotation": [-19.29534, 29.78401, 54.82326], "uv": [96, 79]},
						{"origin": [-5, 54, 2], "size": [2, 3, 5], "pivot": [-3, 57, 2], "rotation": [-19.29534, -29.78401, -54.82326], "uv": [96, 79], "mirror": true},
						{"origin": [3, 56, -4], "size": [1, 1.4, 6], "pivot": [4, 56, -1], "rotation": [0, 0, -45], "uv": [95, 3]},
						{"origin": [-4, 56, -4], "size": [1, 1.4, 6], "pivot": [-4, 56, -1], "rotation": [0, 0, 45], "uv": [95, 3], "mirror": true},
						{"origin": [-3, 54, -6], "size": [6, 2, 2.2], "pivot": [1.5, 56, -6], "rotation": [27, 0, 0], "uv": [94, 41]},
						{"origin": [-1, 56.1, -6.5], "size": [2, 0, 2.2], "pivot": [1.5, 56, -6], "rotation": [27, 0, 0], "uv": [16, 5]},
						{"origin": [-3, 56, -4], "size": [6, 1, 6], "uv": [68, 49]}
					]
				},
				{
					"name": "Het_f",
					"parent": "Hat",
					"pivot": [2, 54.34743, -7.76012],
					"rotation": [10, 0, 0],
					"cubes": [
						{"origin": [-2, 55, -11], "size": [4, 1, 3], "pivot": [1.5, 56, -6], "rotation": [37.5, 0, 0], "uv": [58, 58]},
						{"origin": [-2, 51.95619, -8.96677], "size": [4, 1, 3], "pivot": [1.5, 52.95619, -9.96677], "rotation": [-2.5, 0, 0], "uv": [58, 58]},
						{"origin": [0, 52, -9.96677], "size": [2, 1, 3.5], "pivot": [2, 52.95619, -9.96677], "rotation": [42.29628, 25.23098, 21.19748], "uv": [81, 9]},
						{"origin": [-2, 52, -9.96677], "size": [2, 1, 3.5], "pivot": [-2, 52.95619, -9.96677], "rotation": [42.29628, -25.23098, -21.19748], "uv": [81, 9], "mirror": true}
					]
				},
				{
					"name": "Ear",
					"parent": "Head",
					"pivot": [4.88268, 54.92388, 0],
					"rotation": [0, 0, 22.5],
					"cubes": [
						{"origin": [3.28268, 53.92388, 0.3], "size": [1, 2, 1], "pivot": [3.88268, 54.92388, -2], "rotation": [-5, 0, 12.5], "uv": [18, 7]},
						{"origin": [2.88268, 55.92388, 0], "size": [1.5, 4, 1.5], "pivot": [3.88268, 54.92388, -2], "rotation": [-5, 0, 12.5], "uv": [0, 0]}
					]
				},
				{
					"name": "Ear2",
					"parent": "Head",
					"pivot": [-4.88268, 54.92388, 0],
					"rotation": [0, 0, -22.5],
					"cubes": [
						{"origin": [-4.28268, 53.92388, 0.3], "size": [1, 2, 1], "pivot": [-3.88268, 54.92388, -2], "rotation": [-5, 0, -12.5], "uv": [18, 7], "mirror": true},
						{"origin": [-4.38268, 55.92388, 0], "size": [1.5, 4, 1.5], "pivot": [-3.88268, 54.92388, -2], "rotation": [-5, 0, -12.5], "uv": [0, 0], "mirror": true}
					]
				},
				{
					"name": "Red",
					"parent": "Head",
					"pivot": [0, 50.5, -5],
					"cubes": [
						{"origin": [-2.5, 48, -5], "size": [5, 5, 0], "uv": [28, 103]}
					]
				},
				{
					"name": "arm",
					"parent": "Cest",
					"pivot": [-6, 42, 1],
					"rotation": [0, 0, 2.5],
					"cubes": [
						{"origin": [-10, 32, -1], "size": [4, 10, 5], "pivot": [-7, 41, 1.5], "rotation": [0, 0, 2.5], "uv": [19, 79]},
						{"origin": [-11, 42, -1.2], "size": [5, 4, 5.3], "pivot": [-6, 45, 1.5], "rotation": [0, 0, -45], "uv": [81, 0]}
					]
				},
				{
					"name": "armbone",
					"parent": "arm",
					"pivot": [-7.78575, 31.82036, 1.48333],
					"cubes": [
						{"origin": [-10, 20, -1], "size": [4, 12, 5], "pivot": [-7, 41, 1.5], "rotation": [0, 0, 2.5], "uv": [0, 0]},
						{"origin": [-10, 20, -1.3], "size": [4.4, 9.9, 5.5], "pivot": [-7.8, 45.2, 1.65], "rotation": [0, 0, 2.5], "uv": [0, 84]},
						{"origin": [-10.94691, 16.02066, -1.1], "size": [3.9, 4, 5.2], "uv": [34, 94]},
						{"origin": [-11.78575, 18.82036, -0.51667], "size": [1, 13, 4], "pivot": [-11.78575, 25.82036, 1.48333], "rotation": [0, 0, 2.5], "uv": [73, 89], "mirror": true},
						{"origin": [-12.78575, 21.82036, -0.51667], "size": [1, 9, 4], "pivot": [-11.78575, 25.82036, 1.48333], "rotation": [0, 0, 2.5], "uv": [0, 98], "mirror": true},
						{"origin": [-12.5667, 30.85922, -0.49], "size": [1, 1.5, 3.9], "pivot": [-12.5667, 30.85922, 1.48333], "rotation": [0, 0, 50], "uv": [64, 20], "mirror": true},
						{"origin": [-13.78575, 23.82036, -0.51667], "size": [1, 4, 4], "pivot": [-11.78575, 25.82036, 1.48333], "rotation": [0, 0, 2.5], "uv": [0, 72], "mirror": true},
						{"origin": [-13.69661, 27.9057, -0.49], "size": [1, 3.1, 3.9], "pivot": [-13.69661, 27.9057, 1.48333], "rotation": [0, 0, 21], "uv": [38, 103], "mirror": true},
						{"origin": [-12.09109, 18.82702, -0.49], "size": [1.1, 5.4, 3.9], "pivot": [-12.09109, 18.82702, 1.48333], "rotation": [0, 0, -19.3], "uv": [0, 24], "mirror": true}
					]
				},
				{
					"name": "Plunger_1",
					"parent": "armbone",
					"pivot": [-8.75, 17.77066, -0.5],
					"cubes": [
						{"origin": [-9.5, 17.02066, -15.1], "size": [1.5, 1.5, 23.2], "uv": [0, 0]},
						{"origin": [-10.5, 16.02066, -16.1], "size": [3.5, 3.5, 6.2], "pivot": [-8.75, 17.77066, -13], "rotation": [0, 0, 42.5], "uv": [84, 83]},
						{"origin": [-12.5, 14, -19.1], "size": [7.5, 7.5, 2.2], "uv": [90, 70]},
						{"origin": [-12, 14.5, -18.1], "size": [6.5, 6.5, 3.2], "uv": [55, 89]}
					]
				},
				{
					"name": "O2",
					"parent": "Plunger_1",
					"pivot": [-8.75, 17.77066, -13],
					"cubes": [
						{"origin": [-19.5, 14, -16.9], "size": [7.5, 7.5, 0], "pivot": [-8.75, 17.75, -18], "rotation": [0, -2.5, 0], "uv": [50, 98]},
						{"origin": [-19.5, 14, -15.9], "size": [7.5, 7.5, 0], "pivot": [-8.75, 17.75, -17], "rotation": [0, 0, 42.5], "uv": [50, 98]},
						{"origin": [-19.5, 14, -15.9], "size": [7.5, 7.5, 0], "pivot": [-8.75, 17.75, -17], "rotation": [0, 0, -42.5], "uv": [50, 98]},
						{"origin": [-19.5, 14, -15.9], "size": [7.5, 7.5, 0], "pivot": [-8.75, 17.75, -17], "rotation": [0, 0, -132.5], "uv": [50, 98]},
						{"origin": [-19.5, 14, -15.9], "size": [7.5, 7.5, 0], "pivot": [-8.75, 17.75, -17], "rotation": [0, 0, 132.5], "uv": [50, 98]},
						{"origin": [-19.5, 14, -16.9], "size": [7.5, 7.5, 0], "pivot": [-8.75, 17.75, -18], "rotation": [0, -2.5, -90], "uv": [50, 98]},
						{"origin": [-19.5, 14, -16.9], "size": [7.5, 7.5, 0], "pivot": [-8.75, 17.75, -18], "rotation": [0, -2.5, -180], "uv": [50, 98]},
						{"origin": [-11.5, 18, -25.1], "size": [5.5, 0, 8.2], "uv": [17, 0]},
						{"origin": [-11.5, 18, -25.1], "size": [5.5, 0, 8.2], "pivot": [-8.75, 18, -21], "rotation": [0.1271, -0.32864, 89.97468], "uv": [17, 0]},
						{"origin": [-19.5, 14, -16.9], "size": [7.5, 7.5, 0], "pivot": [-8.75, 17.75, -18], "rotation": [0, -2.5, 90], "uv": [50, 98]}
					]
				},
				{
					"name": "arm2",
					"parent": "Cest",
					"pivot": [6, 42, 1],
					"rotation": [0, 0, -2.5],
					"cubes": [
						{"origin": [6, 32, -1], "size": [4, 10, 5], "pivot": [7, 41, 1.5], "rotation": [0, 0, -2.5], "uv": [19, 79], "mirror": true},
						{"origin": [6, 42, -1.2], "size": [5, 4, 5.3], "pivot": [6, 45, 1.5], "rotation": [0, 0, 45], "uv": [81, 0], "mirror": true}
					]
				},
				{
					"name": "armbone2",
					"parent": "arm2",
					"pivot": [7.78575, 31.82036, 1.48333],
					"cubes": [
						{"origin": [6, 20, -1], "size": [4, 12, 5], "pivot": [7, 41, 1.5], "rotation": [0, 0, -2.5], "uv": [0, 0], "mirror": true},
						{"origin": [5.6, 20, -1.3], "size": [4.4, 9.9, 5.5], "pivot": [7.8, 45.2, 1.65], "rotation": [0, 0, -2.5], "uv": [0, 84], "mirror": true},
						{"origin": [7.04691, 16.02066, -1.1], "size": [3.9, 4, 5.2], "uv": [34, 94], "mirror": true},
						{"origin": [10.78575, 18.82036, -0.51667], "size": [1, 13, 4], "pivot": [11.78575, 25.82036, 1.48333], "rotation": [0, 0, -2.5], "uv": [73, 89]},
						{"origin": [11.78575, 21.82036, -0.51667], "size": [1, 9, 4], "pivot": [11.78575, 25.82036, 1.48333], "rotation": [0, 0, -2.5], "uv": [0, 98]},
						{"origin": [11.5667, 30.85922, -0.49], "size": [1, 1.5, 3.9], "pivot": [12.5667, 30.85922, 1.48333], "rotation": [0, 0, -50], "uv": [64, 20]},
						{"origin": [12.78575, 23.82036, -0.51667], "size": [1, 4, 4], "pivot": [11.78575, 25.82036, 1.48333], "rotation": [0, 0, -2.5], "uv": [0, 72]},
						{"origin": [12.69661, 27.9057, -0.49], "size": [1, 3.1, 3.9], "pivot": [13.69661, 27.9057, 1.48333], "rotation": [0, 0, -21], "uv": [38, 103]},
						{"origin": [10.99109, 18.82702, -0.49], "size": [1.1, 5.4, 3.9], "pivot": [12.09109, 18.82702, 1.48333], "rotation": [0, 0, 19.3], "uv": [0, 24]}
					]
				},
				{
					"name": "Plunger_2",
					"parent": "armbone2",
					"pivot": [8.75, 17.77066, -0.5],
					"cubes": [
						{"origin": [8, 17.02066, -15.1], "size": [1.5, 1.5, 23.2], "uv": [0, 0], "mirror": true},
						{"origin": [7, 16.02066, -16.1], "size": [3.5, 3.5, 6.2], "pivot": [8.75, 17.77066, -13], "rotation": [0, 0, -42.5], "uv": [84, 83], "mirror": true},
						{"origin": [5, 14, -19.1], "size": [7.5, 7.5, 2.2], "uv": [90, 70], "mirror": true},
						{"origin": [5.5, 14.5, -18.1], "size": [6.5, 6.5, 3.2], "uv": [55, 89], "mirror": true}
					]
				},
				{
					"name": "O",
					"parent": "Plunger_2",
					"pivot": [8.75, 17.77066, -13],
					"cubes": [
						{"origin": [12, 14, -16.9], "size": [7.5, 7.5, 0], "pivot": [8.75, 17.75, -18], "rotation": [0, 2.5, 0], "uv": [50, 98], "mirror": true},
						{"origin": [12, 14, -15.9], "size": [7.5, 7.5, 0], "pivot": [8.75, 17.75, -17], "rotation": [0, 0, -42.5], "uv": [50, 98], "mirror": true},
						{"origin": [12, 14, -15.9], "size": [7.5, 7.5, 0], "pivot": [8.75, 17.75, -17], "rotation": [0, 0, 42.5], "uv": [50, 98], "mirror": true},
						{"origin": [12, 14, -15.9], "size": [7.5, 7.5, 0], "pivot": [8.75, 17.75, -17], "rotation": [0, 0, 132.5], "uv": [50, 98], "mirror": true},
						{"origin": [12, 14, -15.9], "size": [7.5, 7.5, 0], "pivot": [8.75, 17.75, -17], "rotation": [0, 0, -132.5], "uv": [50, 98], "mirror": true},
						{"origin": [12, 14, -16.9], "size": [7.5, 7.5, 0], "pivot": [8.75, 17.75, -18], "rotation": [0, 2.5, 90], "uv": [50, 98], "mirror": true},
						{"origin": [12, 14, -16.9], "size": [7.5, 7.5, 0], "pivot": [8.75, 17.75, -18], "rotation": [0, 2.5, 180], "uv": [50, 98], "mirror": true},
						{"origin": [6, 18, -25.1], "size": [5.5, 0, 8.2], "uv": [17, 0], "mirror": true},
						{"origin": [6, 18, -25.1], "size": [5.5, 0, 8.2], "pivot": [8.75, 18, -21], "rotation": [0.1271, 0.32864, -89.97468], "uv": [17, 0], "mirror": true},
						{"origin": [12, 14, -16.9], "size": [7.5, 7.5, 0], "pivot": [8.75, 17.75, -18], "rotation": [0, 2.5, -90], "uv": [50, 98], "mirror": true}
					]
				}
			]
		}
	]
}