{
	"format_version": "1.12.0",
	"minecraft:geometry": [
		{
			"description": {
				"identifier": "geometry.sbgoji_upgrade_titan_tv_man3",
				"texture_width": 256,
				"texture_height": 256,
				"visible_bounds_width": 68,
				"visible_bounds_height": 31,
				"visible_bounds_offset": [0, 2.5, 0]
			},
			"bones": [
				{
					"name": "Rott",
					"pivot": [0, 1, 0]
				},
				{
					"name": "body",
					"parent": "Rott",
					"pivot": [0, 49, 1],
					"cubes": [
						{"origin": [-4, 74.35676, -3.45423], "size": [8, 6, 7], "uv": [180, 22]},
						{"origin": [-14, 66, -4], "size": [28, 13, 15], "pivot": [0, 70, 3], "rotation": [2.5, 0, 0], "uv": [0, 0]},
						{"origin": [-14, 69.56381, -5.00952], "size": [14, 2, 2], "pivot": [0, 70, -7], "rotation": [2.21783, -1.15408, 27.47766], "uv": [141, 0]},
						{"origin": [0, 69.56381, -5.00952], "size": [14, 2, 2], "pivot": [0, 70, -7], "rotation": [2.21783, 1.15408, -27.47766], "uv": [141, 0], "mirror": true},
						{"origin": [-13, 53.03847, -2], "size": [4, 13, 12], "pivot": [-14, 66.5318, 3.95753], "rotation": [2.4905, 0.21782, -4.99527], "uv": [148, 145], "mirror": true},
						{"origin": [9, 53.03847, -2], "size": [4, 13, 12], "pivot": [14, 66.5318, 3.95753], "rotation": [2.4905, -0.21782, 4.99527], "uv": [148, 145]},
						{"origin": [-10, 46, -3], "size": [20, 13, 12], "pivot": [0, 70, 3], "rotation": [2.5, 0, 0], "uv": [50, 54]},
						{"origin": [-12.5, 53, -3.5], "size": [14, 5, 13], "pivot": [-2, 70, 3], "rotation": [2.5, 0, 0], "uv": [86, 0]},
						{"origin": [-1.5, 53, -3.5], "size": [14, 5, 13], "pivot": [2, 70, 3], "rotation": [2.5, 0, 0], "uv": [86, 0], "mirror": true},
						{"origin": [-5.5, 51, -4.25], "size": [11, 8, 2], "uv": [177, 75]},
						{"origin": [-10, 59, -3], "size": [20, 11, 12], "pivot": [0, 70, 3], "rotation": [2.5, 0, 0], "uv": [38, 79]}
					]
				},
				{
					"name": "body2",
					"parent": "body",
					"pivot": [-14, 66.5318, 3.95753],
					"cubes": [
						{"origin": [9, 47.03847, -2], "size": [4, 6, 12], "pivot": [14, 66.5318, 3.95753], "rotation": [2.4905, -0.21782, 4.99527], "uv": [148, 145]},
						{"origin": [-13, 47.03847, -2], "size": [4, 6, 12], "pivot": [-14, 66.5318, 3.95753], "rotation": [2.4905, 0.21782, -4.99527], "uv": [148, 145], "mirror": true}
					]
				},
				{
					"name": "Tv_g8",
					"parent": "body",
					"pivot": [0, 55, -5]
				},
				{
					"name": "Tv64",
					"parent": "Tv_g8",
					"pivot": [0, 52, -9]
				},
				{
					"name": "laser8",
					"parent": "Tv64",
					"pivot": [0, 55, -5],
					"rotation": [90, 0, 0]
				},
				{
					"name": "Tv65",
					"parent": "laser8",
					"pivot": [0, 55, -5],
					"rotation": [2.5, 0, 0]
				},
				{
					"name": "Tv66",
					"parent": "Tv65",
					"pivot": [0, 55, -5],
					"rotation": [0, -45, 0],
					"cubes": [
						{"origin": [0, 55, -5], "size": [10, 0, 10], "uv": [-10, 246]}
					]
				},
				{
					"name": "Tv67",
					"parent": "laser8",
					"pivot": [0, 55, -5],
					"rotation": [-177.5, 0, 180]
				},
				{
					"name": "Tv68",
					"parent": "Tv67",
					"pivot": [0, 55, -5],
					"rotation": [0, -45, 0],
					"cubes": [
						{"origin": [0, 55, -5], "size": [10, 0, 10], "uv": [-10, 246]}
					]
				},
				{
					"name": "Tv69",
					"parent": "laser8",
					"pivot": [0, 55, -5],
					"rotation": [0, -90, 2.5]
				},
				{
					"name": "Tv70",
					"parent": "Tv69",
					"pivot": [0, 55, -5],
					"rotation": [0, -45, 0],
					"cubes": [
						{"origin": [0, 55, -5], "size": [10, 0, 10], "uv": [-10, 246]}
					]
				},
				{
					"name": "Tv71",
					"parent": "laser8",
					"pivot": [0, 55, -5],
					"rotation": [0, 90, -2.5]
				},
				{
					"name": "Tv72",
					"parent": "Tv71",
					"pivot": [0, 55, -5],
					"rotation": [0, -45, 0],
					"cubes": [
						{"origin": [0, 55, -5], "size": [10, 0, 10], "uv": [-10, 246]}
					]
				},
				{
					"name": "Glow8",
					"parent": "Tv_g8",
					"pivot": [0, 55, -5.2],
					"cubes": [
						{"origin": [-7, 49, -5.2], "size": [14, 12, 0], "uv": [20, 244]}
					]
				},
				{
					"name": "Screen7",
					"parent": "body",
					"pivot": [0, 54.5, -3.25],
					"cubes": [
						{"origin": [-5.5, 51, -4.25], "size": [11, 7, 2], "inflate": -0.1, "uv": [180, 168]}
					]
				},
				{
					"name": "Y",
					"parent": "body",
					"pivot": [-0.011, 71, -8.61],
					"locators": {
						"rt": [-0.022, 71, -10.22]
					}
				},
				{
					"name": "core_inner",
					"parent": "Y",
					"pivot": [0, 71, -7.88078],
					"cubes": [
						{"origin": [-5, 70.00544, -8], "size": [1, 1.98912, 10], "pivot": [0, 71, -3], "rotation": [0, 0, 22.5], "uv": [70, 182]},
						{"origin": [-5, 70.00544, -8], "size": [1, 1.98912, 10], "pivot": [0, 71, -3], "rotation": [0, 0, 67.5], "uv": [70, 182]},
						{"origin": [4, 70.00544, -8], "size": [1, 1.98912, 10], "pivot": [0, 71, -3], "rotation": [0, 0, -67.5], "uv": [70, 182], "mirror": true},
						{"origin": [4, 70.00544, -8], "size": [1, 1.98912, 10], "pivot": [0, 71, -3], "rotation": [0, 0, -22.5], "uv": [70, 182], "mirror": true},
						{"origin": [-5, 70.00544, -8], "size": [1, 1.98912, 10], "pivot": [0, 71, -3], "rotation": [0, 0, -22.5], "uv": [70, 182]},
						{"origin": [4, 70.00544, -8], "size": [1, 1.98912, 10], "pivot": [0, 71, -3], "rotation": [0, 0, 22.5], "uv": [70, 182], "mirror": true},
						{"origin": [-5, 70.00544, -8], "size": [1, 1.98912, 10], "pivot": [0, 71, -3], "rotation": [0, 0, -67.5], "uv": [70, 182]},
						{"origin": [4, 70.00544, -8], "size": [1, 1.98912, 10], "pivot": [0, 71, -3], "rotation": [0, 0, 67.5], "uv": [70, 182], "mirror": true},
						{"origin": [-5, 72.00544, -8], "size": [1, 1.98912, 10], "pivot": [0, 71, -3], "rotation": [0, 0, 22.5], "uv": [120, 182]},
						{"origin": [-5, 70.00544, -8.02], "size": [1, 1.98912, 10], "uv": [70, 182]},
						{"origin": [-5, 70.00544, -8.02], "size": [1, 1.98912, 10], "pivot": [0, 71, -3], "rotation": [0, 0, 45], "uv": [70, 182]},
						{"origin": [-5, 70.00544, -8.02], "size": [1, 1.98912, 10], "pivot": [0, 71, -3], "rotation": [0, 0, 90], "uv": [70, 182]},
						{"origin": [4, 70.00544, -8.02], "size": [1, 1.98912, 10], "pivot": [0, 71, -3], "rotation": [0, 0, -45], "uv": [70, 182], "mirror": true},
						{"origin": [4, 70.00544, -8.02], "size": [1, 1.98912, 10], "uv": [70, 182], "mirror": true},
						{"origin": [-5, 70.00544, -8.02], "size": [1, 1.98912, 10], "pivot": [0, 71, -3], "rotation": [0, 0, -45], "uv": [70, 182]},
						{"origin": [4, 70.00544, -8.02], "size": [1, 1.98912, 10], "pivot": [0, 71, -3], "rotation": [0, 0, 45], "uv": [70, 182], "mirror": true},
						{"origin": [-5, 70.00544, -8.02], "size": [1, 1.98912, 10], "pivot": [0, 71, -3], "rotation": [0, 0, -90], "uv": [70, 182]}
					]
				},
				{
					"name": "inner_hinge_1",
					"parent": "core_inner",
					"pivot": [0, 60.4, -8.3],
					"rotation": [52.5, 0, 0],
					"cubes": [
						{"origin": [0, 66.02293, 0.73207], "size": [0, 2, 5], "pivot": [0, 60.4, -8.3], "rotation": [15, 0, 0], "uv": [0, 33]}
					]
				},
				{
					"name": "inner_hinge_2",
					"parent": "core_inner",
					"pivot": [4.6, 50.4, -8.05],
					"rotation": [52.5, 0, 135],
					"cubes": [
						{"origin": [-6.71371, 45.57043, -24.2525], "size": [0, 2, 5], "pivot": [4.6, 50.4, -8.05], "rotation": [15, 0, 0], "uv": [0, 33]}
					]
				},
				{
					"name": "inner_hinge_3",
					"parent": "core_inner",
					"pivot": [-4.6, 50.4, -8.05],
					"rotation": [52.5, 0, -135],
					"cubes": [
						{"origin": [6.71371, 45.57043, -24.2525], "size": [0, 2, 5], "pivot": [-4.6, 50.4, -8.05], "rotation": [15, 0, 0], "uv": [0, 33], "mirror": true}
					]
				},
				{
					"name": "D",
					"parent": "core_inner",
					"pivot": [0, 71, -6],
					"cubes": [
						{"origin": [-0.79565, 74, -10], "size": [1.5913, 1, 8], "uv": [141, 4]},
						{"origin": [-0.79565, 74, -9.99], "size": [1.5913, 1, 8], "pivot": [0, 71, -6], "rotation": [0, 0, 22.5], "uv": [182, 85]},
						{"origin": [-0.79565, 74, -9.99], "size": [1.5913, 1, 8], "pivot": [0, 71, -6], "rotation": [0, 0, -22.5], "uv": [182, 85], "mirror": true},
						{"origin": [-0.79565, 74, -9.99], "size": [1.5913, 1, 8], "pivot": [0, 71, -6], "rotation": [0, 0, 67.5], "uv": [182, 85]},
						{"origin": [-0.79565, 74, -9.99], "size": [1.5913, 1, 8], "pivot": [0, 71, -6], "rotation": [0, 0, 112.5], "uv": [182, 85]},
						{"origin": [-0.79565, 74, -9.99], "size": [1.5913, 1, 8], "pivot": [0, 71, -6], "rotation": [0, 0, -112.5], "uv": [182, 85], "mirror": true},
						{"origin": [-0.79565, 74, -9.99], "size": [1.5913, 1, 8], "pivot": [0, 71, -6], "rotation": [0, 0, 157.5], "uv": [182, 85]},
						{"origin": [-0.79565, 74, -9.99], "size": [1.5913, 1, 8], "pivot": [0, 71, -6], "rotation": [0, 0, -157.5], "uv": [182, 85], "mirror": true},
						{"origin": [-0.79565, 74, -9.99], "size": [1.5913, 1, 8], "pivot": [0, 71, -6], "rotation": [0, 0, -67.5], "uv": [182, 85], "mirror": true},
						{"origin": [-0.79565, 74, -10], "size": [1.5913, 1, 8], "pivot": [0, 71, -6], "rotation": [0, 0, 45], "uv": [141, 4]},
						{"origin": [-0.79565, 74, -10], "size": [1.5913, 1, 8], "pivot": [0, 71, -6], "rotation": [0, 0, -45], "uv": [141, 4], "mirror": true},
						{"origin": [-0.79565, 74, -10], "size": [1.5913, 1, 8], "pivot": [0, 71, -6], "rotation": [0, 0, 90], "uv": [141, 4]},
						{"origin": [-0.79565, 74, -10], "size": [1.5913, 1, 8], "pivot": [0, 71, -6], "rotation": [0, 0, 135], "uv": [141, 4]},
						{"origin": [-0.79565, 74, -10], "size": [1.5913, 1, 8], "pivot": [0, 71, -6], "rotation": [0, 0, -180], "uv": [141, 4]},
						{"origin": [-0.79565, 74, -10], "size": [1.5913, 1, 8], "pivot": [0, 71, -6], "rotation": [0, 0, -135], "uv": [141, 4], "mirror": true},
						{"origin": [-0.79565, 74, -10], "size": [1.5913, 1, 8], "pivot": [0, 71, -6], "rotation": [0, 0, -90], "uv": [141, 4], "mirror": true},
						{"origin": [-3, 68, -9], "size": [6, 6, 3], "inflate": 0.1, "uv": [188, 177]}
					]
				},
				{
					"name": "hinge_bottom",
					"parent": "Y",
					"pivot": [0.1, 48.9, -5.5],
					"rotation": [-27.5, 0, 0],
					"cubes": [
						{"origin": [-0.05937, 52.38906, -25.85624], "size": [0, 8.54, 7.32], "pivot": [0.1, 50.13, -7.83], "rotation": [-30.28514, -2.35156, -0.58089], "uv": [0, 0]}
					]
				},
				{
					"name": "hinge_right",
					"parent": "Y",
					"pivot": [-6.1, 60.9, -5.5],
					"rotation": [-27.5, 0, 127.5],
					"cubes": [
						{"origin": [-18.87933, 50.29406, -4.46449], "size": [0, 8.54, 7.32], "pivot": [-6.1, 62.13, -7.83], "rotation": [-30.28514, 2.35156, 0.58089], "uv": [0, 0]}
					]
				},
				{
					"name": "hinge_left",
					"parent": "Y",
					"pivot": [6.1, 60.9, -5.5],
					"rotation": [-27.5, 0, -127.5],
					"cubes": [
						{"origin": [18.87933, 50.29406, -4.46449], "size": [0, 8.54, 7.32], "pivot": [6.1, 62.13, -7.83], "rotation": [-30.28514, -2.35156, -0.58089], "uv": [0, 0], "mirror": true}
					]
				},
				{
					"name": "D2",
					"parent": "Y",
					"pivot": [0, 71, 2],
					"cubes": [
						{"origin": [-8, 69.4087, -6], "size": [3, 3.1826, 16], "pivot": [0, 71, 2], "rotation": [0, 0, -22.5], "uv": [0, 144]},
						{"origin": [5, 69.4087, -6], "size": [3, 3.1826, 16], "pivot": [0, 71, 2], "rotation": [0, 0, 22.5], "uv": [0, 144], "mirror": true},
						{"origin": [5, 69.4087, -6], "size": [3, 3.1826, 16], "pivot": [0, 71, 2], "rotation": [0, 0, -22.5], "uv": [0, 144], "mirror": true},
						{"origin": [5, 69.4087, -6], "size": [3, 3.1826, 16], "pivot": [0, 71, 2], "rotation": [0, 0, -67.5], "uv": [0, 144], "mirror": true},
						{"origin": [-8, 69.4087, -6], "size": [3, 3.1826, 16], "pivot": [0, 71, 2], "rotation": [0, 0, 67.5], "uv": [0, 144]},
						{"origin": [-8, 69.4087, -6], "size": [3, 3.1826, 16], "pivot": [0, 71, 2], "rotation": [0, 0, 22.5], "uv": [0, 144]},
						{"origin": [-8, 69.4087, -6], "size": [3, 3.1826, 16], "pivot": [0, 71, 2], "rotation": [0, 0, -67.5], "uv": [0, 144]},
						{"origin": [5, 69.4087, -6], "size": [3, 3.1826, 16], "pivot": [0, 71, 2], "rotation": [0, 0, 67.5], "uv": [0, 144], "mirror": true},
						{"origin": [-8, 69.4087, -6.02], "size": [3, 3.1826, 16], "pivot": [0, 71, 2], "rotation": [0, 0, -45], "uv": [0, 144]},
						{"origin": [5, 69.4087, -6.02], "size": [3, 3.1826, 16], "pivot": [0, 71, 2], "rotation": [0, 0, 45], "uv": [0, 144], "mirror": true},
						{"origin": [5, 69.4087, -6.02], "size": [3, 3.1826, 16], "uv": [0, 144], "mirror": true},
						{"origin": [5, 69.4087, -6.02], "size": [3, 3.1826, 16], "pivot": [0, 71, 2], "rotation": [0, 0, -45], "uv": [0, 144], "mirror": true},
						{"origin": [5, 69.4087, -6.02], "size": [3, 3.1826, 16], "pivot": [0, 71, 2], "rotation": [0, 0, -90], "uv": [0, 144], "mirror": true},
						{"origin": [-8, 69.4087, -6.02], "size": [3, 3.1826, 16], "pivot": [0, 71, 2], "rotation": [0, 0, 45], "uv": [0, 144]},
						{"origin": [-8, 69.4087, -6.02], "size": [3, 3.1826, 16], "uv": [0, 144]},
						{"origin": [-8, 69.4087, -6.02], "size": [3, 3.1826, 16], "pivot": [0, 71, 2], "rotation": [0, 0, -90], "uv": [0, 144]}
					]
				},
				{
					"name": "Li_1",
					"parent": "Y",
					"pivot": [0, 71, -5],
					"cubes": [
						{"origin": [-0.59674, 74, -9], "size": [1.19347, 0, 8], "pivot": [0, 71, -6], "rotation": [0, 0, -22.5], "uv": [246, 157]},
						{"origin": [-0.59674, 74, -9], "size": [1.19347, 0, 8], "uv": [246, 157]},
						{"origin": [-0.59674, 74, -9], "size": [1.19347, 0, 8], "pivot": [0, 71, -6], "rotation": [0, 0, 22.5], "uv": [246, 157]},
						{"origin": [-0.59674, 74, -9], "size": [1.19347, 0, 8], "pivot": [0, 71, -6], "rotation": [0, 0, -45], "uv": [246, 157]},
						{"origin": [-0.59674, 74, -9], "size": [1.19347, 0, 8], "pivot": [0, 71, -6], "rotation": [0, 0, 45], "uv": [246, 157], "mirror": true},
						{"origin": [-0.59674, 74, -9], "size": [1.19347, 0, 8], "pivot": [0, 71, -6], "rotation": [0, 0, 67.5], "uv": [246, 157], "mirror": true},
						{"origin": [-0.59674, 74, -9], "size": [1.19347, 0, 8], "pivot": [0, 71, -6], "rotation": [0, 0, -67.5], "uv": [246, 157]},
						{"origin": [-0.59674, 74, -9], "size": [1.19347, 0, 8], "pivot": [0, 71, -6], "rotation": [0, 0, 90], "uv": [246, 157], "mirror": true},
						{"origin": [-0.59674, 74, -9], "size": [1.19347, 0, 8], "pivot": [0, 71, -6], "rotation": [0, 0, -90], "uv": [246, 157]},
						{"origin": [-0.59674, 74, -9], "size": [1.19347, 0, 8], "pivot": [0, 71, -6], "rotation": [0, 0, -112.5], "uv": [246, 157]},
						{"origin": [-0.59674, 74, -9], "size": [1.19347, 0, 8], "pivot": [0, 71, -6], "rotation": [0, 0, -135], "uv": [246, 157]},
						{"origin": [-0.59674, 74, -9], "size": [1.19347, 0, 8], "pivot": [0, 71, -6], "rotation": [0, 0, -157.5], "uv": [246, 157]},
						{"origin": [-0.59674, 74, -9], "size": [1.19347, 0, 8], "pivot": [0, 71, -6], "rotation": [0, 0, -180], "uv": [246, 157]},
						{"origin": [-0.59674, 74, -9], "size": [1.19347, 0, 8], "pivot": [0, 71, -6], "rotation": [0, 0, 157.5], "uv": [246, 157]},
						{"origin": [-0.59674, 74, -9], "size": [1.19347, 0, 8], "pivot": [0, 71, -6], "rotation": [0, 0, 135], "uv": [246, 157], "mirror": true},
						{"origin": [-0.59674, 74, -9], "size": [1.19347, 0, 8], "pivot": [0, 71, -6], "rotation": [0, 0, 112.5], "uv": [246, 157], "mirror": true}
					]
				},
				{
					"name": "Li_2",
					"parent": "Li_1",
					"pivot": [0, 70, -4],
					"cubes": [
						{"origin": [-1, 70, -9], "size": [2, 2, 8], "pivot": [0, 71, -5], "rotation": [0, 0, 45], "uv": [236, 81]}
					]
				},
				{
					"name": "Jetpack",
					"parent": "body",
					"pivot": [0, 72, 14],
					"cubes": [
						{"origin": [-5, 43, 11], "size": [10, 9, 10], "uv": [74, 143]},
						{"origin": [-5, 41, 11], "size": [10, 2, 10], "uv": [130, 170]},
						{"origin": [0, 35, 19.5], "size": [0, 17, 5], "uv": [80, 97]},
						{"origin": [0, 35, 19.5], "size": [0, 17, 5], "pivot": [0, 42, 16], "rotation": [0, 45, 0], "uv": [80, 97]},
						{"origin": [0, 35, 19.5], "size": [0, 17, 5], "pivot": [0, 42, 16], "rotation": [0, -45, 0], "uv": [80, 97], "mirror": true},
						{"origin": [0, 35, 19.5], "size": [0, 17, 5], "pivot": [0, 42, 16], "rotation": [0, 90, 0], "uv": [80, 97]},
						{"origin": [0, 35, 19.5], "size": [0, 17, 5], "pivot": [0, 42, 16], "rotation": [0, 135, 0], "uv": [80, 97]},
						{"origin": [0, 35, 19.5], "size": [0, 17, 5], "pivot": [0, 42, 16], "rotation": [0, -135, 0], "uv": [80, 97], "mirror": true},
						{"origin": [0, 35, 19.5], "size": [0, 17, 5], "pivot": [0, 42, 16], "rotation": [0, 180, 0], "uv": [80, 97]},
						{"origin": [0, 35, 19.5], "size": [0, 17, 5], "pivot": [0, 42, 16], "rotation": [0, -90, 0], "uv": [80, 97], "mirror": true},
						{"origin": [-5.5, 52, 10.5], "size": [11, 4, 11], "uv": [145, 99]},
						{"origin": [-5, 56, 10], "size": [10, 4, 11], "uv": [149, 7]},
						{"origin": [-6, 58, 10], "size": [12, 4, 12], "uv": [0, 128]},
						{"origin": [-4.5, 42, 11.5], "size": [9, 1, 9], "uv": [86, 18]},
						{"origin": [-6, 67, 11], "size": [12, 13, 11], "uv": [114, 18]},
						{"origin": [-8.5, 74, 12], "size": [17, 8, 12], "uv": [90, 90]},
						{"origin": [-6.5, 62, 10.5], "size": [13, 7, 12], "uv": [102, 42]},
						{"origin": [2, 57, 10], "size": [9, 21, 8], "uv": [40, 138]},
						{"origin": [2, 46, 9], "size": [9, 11, 8], "pivot": [10.5, 57.5, 13], "rotation": [0, 0, 40], "uv": [66, 162]},
						{"origin": [-11, 46, 9], "size": [9, 11, 8], "pivot": [-10.5, 57.5, 13], "rotation": [0, 0, -40], "uv": [66, 162], "mirror": true},
						{"origin": [-11, 57, 10], "size": [9, 21, 8], "uv": [40, 138], "mirror": true}
					],
					"locators": {
						"e": {
							"offset": [0, 42, 16],
							"rotation": [180, 0, 0]
						}
					}
				},
				{
					"name": "Head",
					"parent": "body",
					"pivot": [0, 80, 1],
					"cubes": [
						{"origin": [10, 79, -4.2], "size": [9, 14, 0], "uv": [142, 182]},
						{"origin": [-19, 79, -4.2], "size": [9, 14, 0], "uv": [142, 182], "mirror": true},
						{"origin": [13, 93, -4.19], "size": [2, 5, 0], "pivot": [15, 93, -3.2], "rotation": [0, 0, -32.5], "uv": [71, 0]},
						{"origin": [-15, 93, -4.19], "size": [2, 5, 0], "pivot": [-15, 93, -3.2], "rotation": [0, 0, 32.5], "uv": [71, 0], "mirror": true},
						{"origin": [-11, 80, -5], "size": [22, 16, 10], "uv": [50, 28]},
						{"origin": [1.0408, 94.8356, -5.3696], "size": [11, 6, 0], "pivot": [0.5408, 86.5856, -4.8696], "rotation": [0, -90, 0], "uv": [92, 162]},
						{"origin": [-12.0408, 94.8356, -5.3696], "size": [11, 6, 0], "pivot": [-0.5408, 86.5856, -4.8696], "rotation": [0, 90, 0], "uv": [92, 162], "mirror": true},
						{"origin": [1.0408, 93.8356, -7.3696], "size": [11, 6, 0], "pivot": [0.5408, 86.5856, -4.8696], "rotation": [0, -90, 0], "uv": [92, 162]},
						{"origin": [-12.0408, 93.8356, -7.3696], "size": [11, 6, 0], "pivot": [-0.5408, 86.5856, -4.8696], "rotation": [0, 90, 0], "uv": [92, 162], "mirror": true},
						{"origin": [1.0408, 92.8356, -9.3696], "size": [11, 6, 0], "pivot": [0.5408, 86.5856, -4.8696], "rotation": [0, -90, 0], "uv": [92, 162]},
						{"origin": [-12.0408, 92.8356, -9.3696], "size": [11, 6, 0], "pivot": [-0.5408, 86.5856, -4.8696], "rotation": [0, 90, 0], "uv": [92, 162], "mirror": true},
						{"origin": [1.0408, 91.8356, -11.3696], "size": [11, 6, 0], "pivot": [0.5408, 86.5856, -4.8696], "rotation": [0, -90, 0], "uv": [92, 162]},
						{"origin": [-12.0408, 91.8356, -11.3696], "size": [11, 6, 0], "pivot": [-0.5408, 86.5856, -4.8696], "rotation": [0, 90, 0], "uv": [92, 162], "mirror": true},
						{"origin": [-8.6848, 84.1712, 4.8288], "size": [17.3696, 10.5408, 6.0272], "uv": [114, 141]},
						{"origin": [9.5, 80, 7], "size": [3, 10, 3], "inflate": 0.2, "uv": [188, 186]},
						{"origin": [-12.5, 80, 7], "size": [3, 10, 3], "inflate": 0.2, "uv": [188, 186], "mirror": true},
						{"origin": [9, 77, 6.5], "size": [4, 4, 4], "inflate": 0.2, "uv": [191, 14]},
						{"origin": [-13, 77, 6.5], "size": [4, 4, 4], "inflate": 0.2, "uv": [191, 14], "mirror": true}
					],
					"locators": {
						"s": [0, 87, -5],
						"locator13": {
							"offset": [12, 77, 8],
							"rotation": [-165, 0, 0]
						},
						"locator14": {
							"offset": [-12, 77, 8],
							"rotation": [-165, 0, 0]
						}
					}
				},
				{
					"name": "Face",
					"parent": "Head",
					"pivot": [-0.0408, 87.5856, -4.8696],
					"cubes": [
						{"origin": [-7.5408, 82.5856, -4.8696], "size": [15, 10, 0], "uv": [226, 37]}
					]
				},
				{
					"name": "Face2",
					"parent": "Head",
					"pivot": [-0.0408, 86.5856, -4.8696],
					"cubes": [
						{"origin": [-7.5408, 81.5856, -4.8696], "size": [15, 10, 0], "uv": [226, 48]}
					]
				},
				{
					"name": "ear",
					"parent": "Head",
					"pivot": [9.5, 98.4416, 4.8424],
					"rotation": [0, 0, 5],
					"cubes": [
						{"origin": [12.3152, 98.1712, 2.8288], "size": [11.3696, 2.5408, 6.0272], "pivot": [13.5, 98.4416, 4.8424], "rotation": [180, 0, -170], "uv": [118, 53]},
						{"origin": [3.3152, 98.1712, 3], "size": [10.3696, 2.5408, 5.0272], "pivot": [14.5, 100.4416, 4.8424], "rotation": [180, 0, -87.5], "uv": [116, 54]}
					]
				},
				{
					"name": "ear2",
					"parent": "Head",
					"pivot": [-9.5, 98.4416, 4.8424],
					"rotation": [0, 0, -5],
					"cubes": [
						{"origin": [-23.6848, 98.1712, 2.8288], "size": [11.3696, 2.5408, 6.0272], "pivot": [-13.5, 98.4416, 4.8424], "rotation": [180, 0, 170], "uv": [118, 53], "mirror": true},
						{"origin": [-13.6848, 98.1712, 3], "size": [10.3696, 2.5408, 5.0272], "pivot": [-14.5, 100.4416, 4.8424], "rotation": [180, 0, 87.5], "uv": [116, 54], "mirror": true}
					]
				},
				{
					"name": "Screen",
					"parent": "Head",
					"pivot": [0, 87.5, -4.65],
					"cubes": [
						{"origin": [-9, 81, -5.15], "size": [18, 13, 1], "uv": [168, 134]}
					]
				},
				{
					"name": "Tv_g3",
					"parent": "Head",
					"pivot": [0, 88, -6]
				},
				{
					"name": "Tv19",
					"parent": "Tv_g3",
					"pivot": [0, 85, -10]
				},
				{
					"name": "laser3",
					"parent": "Tv19",
					"pivot": [0, 88, -6],
					"rotation": [90, 0, 0]
				},
				{
					"name": "Tv20",
					"parent": "laser3",
					"pivot": [0, 88, -6],
					"rotation": [2.5, 0, 0]
				},
				{
					"name": "Tv21",
					"parent": "Tv20",
					"pivot": [0, 88, -6],
					"rotation": [0, -45, 0],
					"cubes": [
						{"origin": [0, 88, -6], "size": [10, 0, 10], "uv": [-10, 246]}
					]
				},
				{
					"name": "Tv22",
					"parent": "laser3",
					"pivot": [0, 88, -6],
					"rotation": [-177.5, 0, 180]
				},
				{
					"name": "Tv23",
					"parent": "Tv22",
					"pivot": [0, 88, -6],
					"rotation": [0, -45, 0],
					"cubes": [
						{"origin": [0, 88, -6], "size": [10, 0, 10], "uv": [-10, 246]}
					]
				},
				{
					"name": "Tv24",
					"parent": "laser3",
					"pivot": [0, 88, -6],
					"rotation": [0, -90, 2.5]
				},
				{
					"name": "Tv25",
					"parent": "Tv24",
					"pivot": [0, 88, -6],
					"rotation": [0, -45, 0],
					"cubes": [
						{"origin": [0, 88, -6], "size": [10, 0, 10], "uv": [-10, 246]}
					]
				},
				{
					"name": "Tv26",
					"parent": "laser3",
					"pivot": [0, 88, -6],
					"rotation": [0, 90, -2.5]
				},
				{
					"name": "Tv27",
					"parent": "Tv26",
					"pivot": [0, 88, -6],
					"rotation": [0, -45, 0],
					"cubes": [
						{"origin": [0, 88, -6], "size": [10, 0, 10], "uv": [-10, 246]}
					]
				},
				{
					"name": "Glow3",
					"parent": "Tv_g3",
					"pivot": [0, 88, -6.2],
					"cubes": [
						{"origin": [-7, 82, -6.2], "size": [14, 12, 0], "uv": [20, 244]}
					]
				},
				{
					"name": "neck",
					"parent": "Head",
					"pivot": [0, 89, 2],
					"cubes": [
						{"origin": [-1, 86, 1], "size": [2, 6, 2], "uv": [70, 102]}
					]
				},
				{
					"name": "neck2",
					"parent": "neck",
					"pivot": [0, 86, 2],
					"cubes": [
						{"origin": [-1, 82, 1], "size": [2, 6, 2], "inflate": -0.1, "uv": [70, 102]}
					]
				},
				{
					"name": "neck3",
					"parent": "neck2",
					"pivot": [0, 83.375, 2],
					"cubes": [
						{"origin": [-1, 78, 1], "size": [2, 5, 2], "uv": [104, 28]},
						{"origin": [-1.5, 77.75, 0.5], "size": [3, 1, 3], "uv": [38, 36]}
					]
				},
				{
					"name": "neck_claw1",
					"parent": "neck3",
					"pivot": [0, -39, -2]
				},
				{
					"name": "neck_claw_1",
					"parent": "neck_claw1",
					"pivot": [0, -39, -3],
					"cubes": [
						{"origin": [0, 74, -1], "size": [0, 5, 2], "uv": [110, 108]}
					]
				},
				{
					"name": "neck_claw2",
					"parent": "neck3",
					"pivot": [0, -39, -2],
					"rotation": [0, 122.5, 0]
				},
				{
					"name": "neck_claw_2",
					"parent": "neck_claw2",
					"pivot": [0, -39, -3],
					"cubes": [
						{"origin": [-3.37357, 74, -7.1492], "size": [0, 5, 2], "uv": [110, 108]}
					]
				},
				{
					"name": "neck_claw3",
					"parent": "neck3",
					"pivot": [0, -39, -2],
					"rotation": [0, -122.5, 0]
				},
				{
					"name": "neck_claw_3",
					"parent": "neck_claw3",
					"pivot": [0, -39, -3],
					"cubes": [
						{"origin": [3.37357, 74, -7.1492], "size": [0, 5, 2], "uv": [110, 108]}
					]
				},
				{
					"name": "left_laser",
					"parent": "Head",
					"pivot": [10, 89.625, 5],
					"cubes": [
						{"origin": [9, 88.625, 5.125], "size": [2, 2, 3], "inflate": -0.1, "uv": [102, 61]},
						{"origin": [8.5, 84.125, 7.875], "size": [3, 15, 3], "uv": [188, 111]}
					]
				},
				{
					"name": "left_laser_2",
					"parent": "left_laser",
					"pivot": [9, 95.625, -34.625],
					"cubes": [
						{"origin": [9.5, 93.125, 8.875], "size": [1, 8, 1], "inflate": 0.1, "uv": [113, 18]},
						{"origin": [9, 88.125, 8.375], "size": [2, 13, 2], "inflate": -0.1, "uv": [90, 191]}
					]
				},
				{
					"name": "left_laser_blast",
					"parent": "left_laser_2",
					"pivot": [9, 101.625, -34.625],
					"cubes": [
						{"origin": [9.5, 98.625, 8.875], "size": [1, 2, 1], "inflate": -0.1, "uv": [58, 63]}
					]
				},
				{
					"name": "right_laser",
					"parent": "Head",
					"pivot": [-10, 89.625, 5],
					"cubes": [
						{"origin": [-11, 88.625, 5.125], "size": [2, 2, 3], "inflate": -0.1, "uv": [102, 61], "mirror": true},
						{"origin": [-11.5, 84.125, 7.875], "size": [3, 15, 3], "uv": [188, 111], "mirror": true}
					]
				},
				{
					"name": "right_laser_2",
					"parent": "right_laser",
					"pivot": [-9, 95.625, -34.625],
					"cubes": [
						{"origin": [-10.5, 93.125, 8.875], "size": [1, 8, 1], "inflate": 0.1, "uv": [113, 18], "mirror": true},
						{"origin": [-11, 88.125, 8.375], "size": [2, 13, 2], "inflate": -0.1, "uv": [90, 191], "mirror": true}
					]
				},
				{
					"name": "right_laser_blast",
					"parent": "right_laser_2",
					"pivot": [-9, 101.625, -34.625],
					"cubes": [
						{"origin": [-10.5, 98.625, 8.875], "size": [1, 2, 1], "inflate": -0.1, "uv": [58, 63], "mirror": true}
					]
				},
				{
					"name": "Left_screen",
					"parent": "Head",
					"pivot": [7.5, 88, 1],
					"cubes": [
						{"origin": [4, 79.99, -4], "size": [13, 16, 4], "uv": [154, 114], "mirror": true},
						{"origin": [4.5, 81.5, -2], "size": [12, 14, 5], "uv": [162, 56], "mirror": true},
						{"origin": [7.5, 86.5, 3], "size": [8, 5, 3], "uv": [38, 28], "mirror": true}
					]
				},
				{
					"name": "Screen2",
					"parent": "Left_screen",
					"pivot": [13.5, 88, -3.65],
					"cubes": [
						{"origin": [11, 81, -4.15], "size": [5, 14, 1], "uv": [22, 144]}
					]
				},
				{
					"name": "Right_screen",
					"parent": "Head",
					"pivot": [-7.5, 88, 1],
					"cubes": [
						{"origin": [-17, 79.99, -4], "size": [13, 16, 4], "uv": [154, 114]},
						{"origin": [-16.5, 81.5, -2], "size": [12, 14, 5], "uv": [162, 56]},
						{"origin": [-15.5, 86.5, 3], "size": [8, 5, 3], "uv": [38, 28]}
					]
				},
				{
					"name": "Screen3",
					"parent": "Right_screen",
					"pivot": [-13.5, 88, -3.65],
					"cubes": [
						{"origin": [-16, 81, -4.15], "size": [5, 14, 1], "uv": [22, 144], "mirror": true}
					]
				},
				{
					"name": "claw2",
					"parent": "body",
					"pivot": [-10.5, 64.11551, 9.92191],
					"rotation": [-0.32652, -2.4786, -14.99294],
					"cubes": [
						{"origin": [-11.7, 62.91551, 5.72191], "size": [1.2, 6, 4.8], "pivot": [-10.5, 64.11551, 9.92191], "rotation": [0, 90, 0], "uv": [87, 0], "mirror": true}
					]
				},
				{
					"name": "claw_4",
					"parent": "claw2",
					"pivot": [-13, 67.73861, 10.50629],
					"rotation": [6.54847, -7.86726, -3.169],
					"cubes": [
						{"origin": [-13.92387, 54.21058, 10.26003], "size": [2.4, 13.2, 2.4], "pivot": [-10.62387, 65.01058, 11.46003], "rotation": [15, 0, 0], "uv": [34, 191], "mirror": true},
						{"origin": [-14.52387, 51.21058, 9.66003], "size": [3.6, 3.6, 3.6], "pivot": [-10.62387, 65.01058, 11.46003], "rotation": [15, 0, 0], "uv": [0, 0], "mirror": true},
						{"origin": [-15.12387, 46.41058, 9.06003], "size": [4.8, 4.8, 4.8], "pivot": [-10.62387, 65.01058, 11.46003], "rotation": [15, 0, 0], "uv": [160, 170], "mirror": true}
					]
				},
				{
					"name": "claw_5",
					"parent": "claw_4",
					"pivot": [-12.56958, 48.65864, 15.16446],
					"rotation": [14.93745, 1.50179, -4.76968],
					"cubes": [
						{"origin": [-17.82326, 47.9669, 14.2959], "size": [12, 2.4, 2.4], "pivot": [-11.82326, 49.1669, 15.4959], "rotation": [-20, 0, 0], "uv": [112, 80], "mirror": true},
						{"origin": [-18.40326, 43.1869, 13.1159], "size": [1.16, 10.76, 2.36], "inflate": -0.1, "pivot": [-11.82326, 45.5669, 14.2959], "rotation": [-20, 0, 0], "uv": [0, 128], "mirror": true},
						{"origin": [-13.48326, 63.7069, 13.1159], "size": [1.16, 13.16, 3.36], "inflate": -0.1, "pivot": [-11.82326, 45.5669, 14.2959], "rotation": [-20, 0, 0], "uv": [47, 188], "mirror": true},
						{"origin": [-11.44326, 63.7069, 13.1159], "size": [1.16, 13.16, 3.36], "inflate": -0.1, "pivot": [-11.82326, 45.5669, 14.2959], "rotation": [-20, 0, 0], "uv": [47, 188], "mirror": true},
						{"origin": [-16.19923, 52.14174, 17.44468], "size": [1.2, 12, 3.4], "pivot": [-15.83923, 57.54174, 18.64468], "rotation": [-18.18609, 8.46722, 24.14242], "uv": [26, 191], "mirror": true},
						{"origin": [-6.87929, 52.36077, 15.99713], "size": [1.2, 12, 3.4], "pivot": [-5.66808, 53.27515, 18.83883], "rotation": [-18.32481, -8.15395, -23.18267], "uv": [26, 191], "mirror": true},
						{"origin": [-6.40326, 43.1869, 13.1159], "size": [1.16, 10.76, 2.36], "inflate": -0.1, "pivot": [-11.82326, 45.5669, 14.2959], "rotation": [-20, 0, 0], "uv": [0, 128], "mirror": true}
					]
				},
				{
					"name": "claw_6",
					"parent": "claw_5",
					"pivot": [-13.32326, 74.79, 23.58028],
					"rotation": [-20, 0, 0],
					"cubes": [
						{"origin": [-13.62326, 73.12451, 20.68737], "size": [3.6, 9.6, 5.6], "pivot": [-11.82326, 74.92451, 22.48737], "rotation": [-42.5, 0, 0], "uv": [0, 144], "mirror": true},
						{"origin": [-14.82326, 77.32946, 25.9891], "size": [6, 9.6, 2.4], "pivot": [-11.82326, 83.32946, 30.1891], "rotation": [22.5, 0, 0], "uv": [130, 157], "mirror": true},
						{"origin": [-9.72326, 73.92717, 24.86539], "size": [0, 31.2, 8.4], "pivot": [-10.02326, 76.60374, 28.90782], "rotation": [24.47761, -5.24826, 11.3608], "uv": [114, 149], "mirror": true},
						{"origin": [-11.82326, 74.82717, 24.86539], "size": [0, 31.2, 8.4], "pivot": [-10.02326, 76.60374, 28.90782], "rotation": [25, 0, 0], "uv": [114, 149], "mirror": true},
						{"origin": [-14.22326, 73.92717, 24.86539], "size": [0, 31.2, 8.4], "pivot": [-14.02326, 76.60374, 28.90782], "rotation": [24.66569, 4.20854, -9.07947], "uv": [114, 149], "mirror": true}
					]
				},
				{
					"name": "claw3",
					"parent": "body",
					"pivot": [10.5, 64.11551, 9.92191],
					"rotation": [-0.32652, 2.4786, 14.99294],
					"cubes": [
						{"origin": [10.5, 62.91551, 5.72191], "size": [1.2, 6, 4.8], "pivot": [10.5, 64.11551, 9.92191], "rotation": [0, -90, 0], "uv": [87, 0]}
					]
				},
				{
					"name": "claw_2",
					"parent": "claw3",
					"pivot": [13, 67.73861, 10.50629],
					"rotation": [6.54847, 7.86726, 3.169],
					"cubes": [
						{"origin": [11.52387, 54.21058, 10.26003], "size": [2.4, 13.2, 2.4], "pivot": [10.62387, 65.01058, 11.46003], "rotation": [15, 0, 0], "uv": [34, 191]},
						{"origin": [10.92387, 51.21058, 9.66003], "size": [3.6, 3.6, 3.6], "pivot": [10.62387, 65.01058, 11.46003], "rotation": [15, 0, 0], "uv": [0, 0]},
						{"origin": [10.32387, 46.41058, 9.06003], "size": [4.8, 4.8, 4.8], "pivot": [10.62387, 65.01058, 11.46003], "rotation": [15, 0, 0], "uv": [160, 170]}
					]
				},
				{
					"name": "claw_3",
					"parent": "claw_2",
					"pivot": [12.56958, 48.65864, 15.16446],
					"rotation": [14.93745, -1.50179, 4.76968],
					"cubes": [
						{"origin": [5.82326, 47.9669, 14.2959], "size": [12, 2.4, 2.4], "pivot": [11.82326, 49.1669, 15.4959], "rotation": [-20, 0, 0], "uv": [112, 80]},
						{"origin": [17.24326, 43.1869, 13.1159], "size": [1.16, 10.76, 2.36], "inflate": -0.1, "pivot": [11.82326, 45.5669, 14.2959], "rotation": [-20, 0, 0], "uv": [0, 128]},
						{"origin": [12.32326, 63.7069, 13.1159], "size": [1.16, 13.16, 3.36], "inflate": -0.1, "pivot": [11.82326, 45.5669, 14.2959], "rotation": [-20, 0, 0], "uv": [47, 188]},
						{"origin": [10.28326, 63.7069, 13.1159], "size": [1.16, 13.16, 3.36], "inflate": -0.1, "pivot": [11.82326, 45.5669, 14.2959], "rotation": [-20, 0, 0], "uv": [47, 188]},
						{"origin": [14.99923, 52.14174, 17.44468], "size": [1.2, 12, 3.4], "pivot": [15.83923, 57.54174, 18.64468], "rotation": [-18.18609, -8.46722, -24.14242], "uv": [26, 191]},
						{"origin": [5.67929, 52.36077, 15.99713], "size": [1.2, 12, 3.4], "pivot": [5.66808, 53.27515, 18.83883], "rotation": [-18.32481, 8.15395, 23.18267], "uv": [26, 191]},
						{"origin": [5.24326, 43.1869, 13.1159], "size": [1.16, 10.76, 2.36], "inflate": -0.1, "pivot": [11.82326, 45.5669, 14.2959], "rotation": [-20, 0, 0], "uv": [0, 128]}
					]
				},
				{
					"name": "claw_7",
					"parent": "claw_3",
					"pivot": [13.32326, 74.79, 23.58028],
					"rotation": [-20, 0, 0],
					"cubes": [
						{"origin": [10.02326, 73.12451, 20.68737], "size": [3.6, 9.6, 5.6], "pivot": [11.82326, 74.92451, 22.48737], "rotation": [-42.5, 0, 0], "uv": [0, 144]},
						{"origin": [8.82326, 77.32946, 25.9891], "size": [6, 9.6, 2.4], "pivot": [11.82326, 83.32946, 30.1891], "rotation": [22.5, 0, 0], "uv": [130, 157]},
						{"origin": [9.72326, 73.92717, 24.86539], "size": [0, 31.2, 8.4], "pivot": [10.02326, 76.60374, 28.90782], "rotation": [24.47761, 5.24826, -11.3608], "uv": [114, 149]},
						{"origin": [11.82326, 74.82717, 24.86539], "size": [0, 31.2, 8.4], "pivot": [10.02326, 76.60374, 28.90782], "rotation": [25, 0, 0], "uv": [114, 149]},
						{"origin": [14.22326, 73.92717, 24.86539], "size": [0, 31.2, 8.4], "pivot": [14.02326, 76.60374, 28.90782], "rotation": [24.66569, -4.20854, 9.07947], "uv": [114, 149]}
					]
				},
				{
					"name": "Leftarm",
					"parent": "body",
					"pivot": [-12, 75, 3],
					"rotation": [2.38443, -0.75155, 17.48436],
					"cubes": [
						{"origin": [-19.74312, 50.57801, -5.08724], "size": [2, 26, 8], "pivot": [-17, 78, -1], "rotation": [0.10912, -2.49762, -2.50238], "uv": [160, 22]},
						{"origin": [-16.74312, 50.57801, -5.08724], "size": [2, 26, 8], "pivot": [-17, 78, -1], "rotation": [0.10912, -2.49762, -2.50238], "uv": [160, 22]},
						{"origin": [-22.10181, 51.38484, -5.26641], "size": [2, 26, 8], "pivot": [-21.10181, 63.38484, -1.26641], "rotation": [0.10912, -2.49762, -2.50238], "uv": [160, 22]},
						{"origin": [-17.74312, 52.57801, -9.08724], "size": [1, 24, 10], "pivot": [-17, 78, -1], "rotation": [0.10902, 0.00238, -2.49762], "uv": [28, 157]},
						{"origin": [-14.74312, 52.57801, -8.08724], "size": [1, 24, 10], "pivot": [-17, 78, -1], "rotation": [0.10912, -2.49762, -2.50238], "uv": [28, 157]},
						{"origin": [-20.74312, 52.57801, -8.08724], "size": [1, 24, 10], "pivot": [-17, 78, -1], "rotation": [0.10943, 5.00237, -2.48808], "uv": [28, 157]},
						{"origin": [-20.74312, 52.5, -9.08724], "size": [1, 24, 10], "pivot": [-17, 78, -1], "rotation": [0.12291, 27.50232, -2.44087], "uv": [28, 157]},
						{"origin": [-20.74312, 52.57801, -12.08724], "size": [1, 24, 10], "pivot": [-17, 78, -1], "rotation": [179.57887, 74.99724, 177.0956], "uv": [28, 157]},
						{"origin": [-20.74312, 52.57801, -12.08724], "size": [1, 24, 10], "pivot": [-17, 78, -1], "rotation": [2.50002, 87.5, 0.00002], "uv": [28, 157]},
						{"origin": [-20.74312, 52.57801, -11.08724], "size": [1, 24, 10], "pivot": [-17, 78, -1], "rotation": [0.2849, 67.50212, -2.23441], "uv": [28, 157]},
						{"origin": [-18.74312, 52.57801, -11.08724], "size": [1, 24, 10], "pivot": [-17, 78, -1], "rotation": [0.21805, 60.00219, -2.30879], "uv": [28, 157]},
						{"origin": [-20.74312, 52.57801, -12.08724], "size": [1, 24, 10], "pivot": [-17, 78, -1], "rotation": [179.82093, 52.49749, 177.36031], "uv": [28, 157]},
						{"origin": [-20.74312, 52.57801, -12.08724], "size": [1, 24, 10], "pivot": [-17, 78, -1], "rotation": [179.87412, 29.99756, 177.43944], "uv": [28, 157]},
						{"origin": [-21.74312, 52.57801, -4.08724], "size": [10, 26, 10], "pivot": [-17, 78, -1], "rotation": [0.10912, -2.49762, -2.50238], "uv": [40, 102]},
						{"origin": [-11, 55.5019, -2.08724], "size": [1, 19, 9], "pivot": [-1, 83.0019, 1.91276], "rotation": [-2.5, 0, 0], "uv": [11, 92]}
					]
				},
				{
					"name": "bone4",
					"parent": "Leftarm",
					"pivot": [-18, 54.0019, 0.91276],
					"rotation": [-17.48436, -0.75155, -2.38443],
					"cubes": [
						{"origin": [-21, 30.5019, -4.08724], "size": [10, 26, 10], "pivot": [-1, 58.0019, 0.91276], "rotation": [-2.5, 0, 0], "uv": [0, 92]},
						{"origin": [-25, 32.5019, -4.08724], "size": [4, 16, 10], "pivot": [-1, 58.0019, 0.91276], "rotation": [-2.5, 0, 0], "uv": [153, 230]},
						{"origin": [-20, 21.5019, -3.08724], "size": [9, 7, 7], "pivot": [-1, 58.0019, 0.91276], "rotation": [-2.5, 0, 0], "uv": [180, 0]},
						{"origin": [-20, 28.5019, -3.08724], "size": [8, 2, 7], "pivot": [-1, 58.0019, 0.91276], "rotation": [-2.5, 0, 0], "uv": [168, 148]},
						{"origin": [-11, 30.5019, -4.08724], "size": [1, 26, 10], "pivot": [-1, 58.0019, 0.91276], "rotation": [-2.5, 0, 0], "uv": [10, 91]}
					]
				},
				{
					"name": "Sword",
					"parent": "bone4",
					"pivot": [-21.5, 42.5176, 3.19304],
					"rotation": [-2.5, 0, 0],
					"cubes": [
						{"origin": [-23.05, 16, 5], "size": [1.1, 8, 2], "uv": [30, 91]},
						{"origin": [-23.25, 9, -2], "size": [1.5, 4, 5], "uv": [71, 0]},
						{"origin": [-23.5, 32, -2], "size": [2, 15, 6], "uv": [50, 167]},
						{"origin": [-23.5, 13, -2], "size": [2, 11, 7], "uv": [180, 35]},
						{"origin": [-23.5, 24, -2], "size": [2, 5, 6], "uv": [140, 42]},
						{"origin": [-23.1, 23.2, 1], "size": [1.2, 5.9, 3], "pivot": [-22, 29, 4], "rotation": [31, 0, 0], "uv": [86, 18]},
						{"origin": [-24, 46, -3], "size": [3, 3, 8], "uv": [58, 181]},
						{"origin": [-23.75, 16, 1], "size": [2.5, 30, 2], "uv": [18, 163]},
						{"origin": [-23.75, 49, 0], "size": [2.5, 6, 3], "uv": [246, 105]},
						{"origin": [-23.7, 16, -3], "size": [2.4, 2, 6], "pivot": [-22, 16, 3], "rotation": [22.5, 0, 0], "uv": [66, 138]},
						{"origin": [-23.65, 18, -2], "size": [2.3, 2, 6], "pivot": [-22, 16, 3], "rotation": [40, 0, 0], "uv": [66, 138]},
						{"origin": [-23.7, 24, -1.5], "size": [2.4, 2, 7], "pivot": [-22, 16, 3], "rotation": [22.5, 0, 0], "uv": [110, 110]},
						{"origin": [-23.75, 23.9, -3.59431], "size": [2.5, 1, 12], "pivot": [-22, 24, -4], "rotation": [-85, 0, 0], "uv": [71, 0]},
						{"origin": [-23.75, 22.9, -3.59431], "size": [2.5, 1, 10], "pivot": [-22, 24, -4], "rotation": [-85, 0, 0], "uv": [180, 157]},
						{"origin": [-23.7, 13.77156, -4], "size": [2.4, 1, 2], "pivot": [-22, 14, -4], "rotation": [-57.5, 0, 0], "uv": [50, 63]},
						{"origin": [-24, 29, -3], "size": [3, 3, 8], "uv": [58, 181]},
						{"origin": [-23.25, 4, -2], "size": [1.5, 5, 3], "uv": [90, 79]},
						{"origin": [-23.25, 2.5, -2], "size": [1.5, 1.5, 1.1], "uv": [11, 5]},
						{"origin": [-23.05, 3.2, -2], "size": [1.1, 1.8, 2.4], "pivot": [-22.5, 4.5, -0.5], "rotation": [37.5, 0, 0], "uv": [9, 0]},
						{"origin": [-23, 4, -2], "size": [1, 13.4, 3], "pivot": [-22, 4, 1], "rotation": [-26.7, 0, 0], "uv": [160, 182]}
					]
				},
				{
					"name": "Sword2",
					"parent": "Sword",
					"pivot": [-22, 20.03287, 2.24327],
					"locators": {
						"g": [-22, 9, 2]
					}
				},
				{
					"name": "Monitor2",
					"parent": "Leftarm",
					"pivot": [-29, 61, 3],
					"rotation": [-2.5, 0, -87.5]
				},
				{
					"name": "Tv_head_1",
					"parent": "Monitor2",
					"pivot": [-25, 64, -6],
					"cubes": [
						{"origin": [-34.5, 47.5, -9.1], "size": [19, 14, 5], "uv": [114, 61], "mirror": true},
						{"origin": [-30.5, 61.5, -6.1], "size": [2, 6, 0], "pivot": [-29, 61.5, -6.1], "rotation": [0, 0, -17.5], "uv": [244, 0], "mirror": true},
						{"origin": [-21.5, 61.5, -6.1], "size": [2, 6, 0], "pivot": [-21, 61.5, -6.1], "rotation": [0, 0, 17.5], "uv": [244, 0]},
						{"origin": [-31.95, 46, -4], "size": [13.9, 4, 3], "pivot": [-25, 50, -1], "rotation": [-52.5, 0, 0], "uv": [0, 83], "mirror": true},
						{"origin": [-32, 50, -4], "size": [14, 11, 3], "uv": [179, 94], "mirror": true}
					]
				},
				{
					"name": "Screen4",
					"parent": "Tv_head_1",
					"pivot": [-25, 54.5, -8.5],
					"cubes": [
						{"origin": [-34, 48, -9], "size": [18, 13, 1], "uv": [168, 134], "mirror": true}
					]
				},
				{
					"name": "Small_jetpack",
					"parent": "Tv_head_1",
					"pivot": [-26, 54, -2],
					"cubes": [
						{"origin": [-35, 52, -4], "size": [3, 7, 3], "uv": [0, 28], "mirror": true},
						{"origin": [-18, 52, -4], "size": [3, 7, 3], "uv": [0, 28]},
						{"origin": [-35.5, 59, -4.5], "size": [4, 4, 4], "uv": [32, 83], "mirror": true},
						{"origin": [-18.5, 59, -4.5], "size": [4, 4, 4], "uv": [32, 83]}
					],
					"locators": {
						"f": {
							"offset": [-33, 61, -3],
							"rotation": [177.5, 0, 0]
						},
						"f2": {
							"offset": [-17, 61, -3],
							"rotation": [177.5, 0, 0]
						}
					}
				},
				{
					"name": "Gun",
					"parent": "Tv_head_1",
					"pivot": [-26, 52, 1],
					"cubes": [
						{"origin": [-31, 54, -1], "size": [3, 6, 3], "uv": [50, 54], "mirror": true},
						{"origin": [-22, 54, -1], "size": [3, 6, 3], "uv": [50, 54]},
						{"origin": [-30.5, 48, -0.5], "size": [2, 9, 2], "uv": [0, 90], "mirror": true},
						{"origin": [-21.5, 48, -0.5], "size": [2, 9, 2], "uv": [0, 90]},
						{"origin": [-30.3, 49, -0.25], "size": [1.5, 5, 1.5], "uv": [117, 18], "mirror": true},
						{"origin": [-21.2, 49, -0.25], "size": [1.5, 5, 1.5], "uv": [117, 18]}
					],
					"locators": {
						"f3": {
							"offset": [-33, 59, 0],
							"rotation": [177.5, 0, 0]
						},
						"f4": {
							"offset": [-17, 59, 0],
							"rotation": [177.5, 0, 0]
						}
					}
				},
				{
					"name": "Rightarm",
					"parent": "body",
					"pivot": [12, 75, 3],
					"rotation": [2.38443, 0.75155, -17.48436],
					"cubes": [
						{"origin": [17.74312, 50.57801, -5.08724], "size": [2, 26, 8], "pivot": [17, 78, -1], "rotation": [0.10912, 2.49762, 2.50238], "uv": [160, 22], "mirror": true},
						{"origin": [14.74312, 50.57801, -5.08724], "size": [2, 26, 8], "pivot": [17, 78, -1], "rotation": [0.10912, 2.49762, 2.50238], "uv": [160, 22], "mirror": true},
						{"origin": [20.10181, 51.38484, -5.26641], "size": [2, 26, 8], "pivot": [21.10181, 63.38484, -1.26641], "rotation": [0.10912, 2.49762, 2.50238], "uv": [160, 22], "mirror": true},
						{"origin": [16.74312, 52.57801, -9.08724], "size": [1, 24, 10], "pivot": [17, 78, -1], "rotation": [0.10902, -0.00238, 2.49762], "uv": [28, 157], "mirror": true},
						{"origin": [13.74312, 52.57801, -8.08724], "size": [1, 24, 10], "pivot": [17, 78, -1], "rotation": [0.10912, 2.49762, 2.50238], "uv": [28, 157], "mirror": true},
						{"origin": [19.74312, 52.57801, -8.08724], "size": [1, 24, 10], "pivot": [17, 78, -1], "rotation": [0.10943, -5.00237, 2.48808], "uv": [28, 157], "mirror": true},
						{"origin": [19.74312, 52.5, -9.08724], "size": [1, 24, 10], "pivot": [17, 78, -1], "rotation": [0.12291, -27.50232, 2.44087], "uv": [28, 157], "mirror": true},
						{"origin": [19.74312, 52.57801, -12.08724], "size": [1, 24, 10], "pivot": [17, 78, -1], "rotation": [179.57887, -74.99724, -177.0956], "uv": [28, 157], "mirror": true},
						{"origin": [19.74312, 52.57801, -12.08724], "size": [1, 24, 10], "pivot": [17, 78, -1], "rotation": [2.50002, -87.5, -0.00002], "uv": [28, 157], "mirror": true},
						{"origin": [19.74312, 52.57801, -11.08724], "size": [1, 24, 10], "pivot": [17, 78, -1], "rotation": [0.2849, -67.50212, 2.23441], "uv": [28, 157], "mirror": true},
						{"origin": [17.74312, 52.57801, -11.08724], "size": [1, 24, 10], "pivot": [17, 78, -1], "rotation": [0.21805, -60.00219, 2.30879], "uv": [28, 157], "mirror": true},
						{"origin": [19.74312, 52.57801, -12.08724], "size": [1, 24, 10], "pivot": [17, 78, -1], "rotation": [179.82093, -52.49749, -177.36031], "uv": [28, 157], "mirror": true},
						{"origin": [19.74312, 52.57801, -12.08724], "size": [1, 24, 10], "pivot": [17, 78, -1], "rotation": [179.87412, -29.99756, -177.43944], "uv": [28, 157], "mirror": true},
						{"origin": [11.74312, 52.57801, -4.08724], "size": [10, 26, 10], "pivot": [17, 78, -1], "rotation": [0.10912, 2.49762, 2.50238], "uv": [40, 102], "mirror": true},
						{"origin": [10, 55.5019, -2.08724], "size": [1, 19, 9], "pivot": [1, 83.0019, 1.91276], "rotation": [-2.5, 0, 0], "uv": [11, 92], "mirror": true}
					]
				},
				{
					"name": "Monitor",
					"parent": "Rightarm",
					"pivot": [29, 61, 3],
					"rotation": [-2.5, 0, 87.5]
				},
				{
					"name": "Tv_head_2",
					"parent": "Monitor",
					"pivot": [25, 64, -6],
					"cubes": [
						{"origin": [15.5, 47.5, -9.1], "size": [19, 14, 5], "uv": [114, 61]},
						{"origin": [28.5, 61.5, -6.1], "size": [2, 6, 0], "pivot": [29, 61.5, -6.1], "rotation": [0, 0, 17.5], "uv": [244, 0]},
						{"origin": [19.5, 61.5, -6.1], "size": [2, 6, 0], "pivot": [21, 61.5, -6.1], "rotation": [0, 0, -17.5], "uv": [244, 0], "mirror": true},
						{"origin": [18.05, 46, -4], "size": [13.9, 4, 3], "pivot": [25, 50, -1], "rotation": [-52.5, 0, 0], "uv": [0, 83]},
						{"origin": [18, 50, -4], "size": [14, 11, 3], "uv": [179, 94]}
					]
				},
				{
					"name": "Screen5",
					"parent": "Tv_head_2",
					"pivot": [25, 54.5, -8.5],
					"cubes": [
						{"origin": [16, 48, -9], "size": [18, 13, 1], "uv": [168, 134]}
					]
				},
				{
					"name": "Small_jetpack2",
					"parent": "Tv_head_2",
					"pivot": [26, 54, -2],
					"cubes": [
						{"origin": [32, 52, -4], "size": [3, 7, 3], "uv": [0, 28]},
						{"origin": [15, 52, -4], "size": [3, 7, 3], "uv": [0, 28], "mirror": true},
						{"origin": [31.5, 59, -4.5], "size": [4, 4, 4], "uv": [32, 83]},
						{"origin": [14.5, 59, -4.5], "size": [4, 4, 4], "uv": [32, 83], "mirror": true}
					],
					"locators": {
						"f5": {
							"offset": [33, 61, -3],
							"rotation": [177.5, 0, 0]
						},
						"f6": {
							"offset": [17, 61, -3],
							"rotation": [177.5, 0, 0]
						}
					}
				},
				{
					"name": "Gun2",
					"parent": "Tv_head_2",
					"pivot": [26, 52, 1],
					"cubes": [
						{"origin": [28, 54, -1], "size": [3, 6, 3], "uv": [50, 54]},
						{"origin": [19, 54, -1], "size": [3, 6, 3], "uv": [50, 54], "mirror": true},
						{"origin": [28.5, 48, -0.5], "size": [2, 9, 2], "uv": [0, 90]},
						{"origin": [19.5, 48, -0.5], "size": [2, 9, 2], "uv": [0, 90], "mirror": true},
						{"origin": [28.8, 49, -0.25], "size": [1.5, 5, 1.5], "uv": [117, 18]},
						{"origin": [19.7, 49, -0.25], "size": [1.5, 5, 1.5], "uv": [117, 18], "mirror": true}
					],
					"locators": {
						"f7": {
							"offset": [33, 59, 0],
							"rotation": [177.5, 0, 0]
						},
						"f8": {
							"offset": [17, 59, 0],
							"rotation": [177.5, 0, 0]
						}
					}
				},
				{
					"name": "bone",
					"parent": "Rightarm",
					"pivot": [18, 54.0019, 0.91276],
					"rotation": [-17.48436, 0.75155, 2.38443],
					"cubes": [
						{"origin": [11, 30.5019, -4.08724], "size": [10, 26, 10], "pivot": [1, 58.0019, 0.91276], "rotation": [-2.5, 0, 0], "uv": [0, 92], "mirror": true},
						{"origin": [10, 30.5019, -4.08724], "size": [1, 26, 10], "pivot": [1, 58.0019, 0.91276], "rotation": [-2.5, 0, 0], "uv": [10, 91], "mirror": true},
						{"origin": [11, 21.5019, -3.08724], "size": [9, 7, 7], "pivot": [1, 58.0019, 0.91276], "rotation": [-2.5, 0, 0], "uv": [180, 0], "mirror": true},
						{"origin": [12, 28.5019, -3.08724], "size": [8, 2, 7], "pivot": [1, 58.0019, 0.91276], "rotation": [-2.5, 0, 0], "uv": [168, 148], "mirror": true}
					]
				},
				{
					"name": "Leftleg",
					"parent": "Rott",
					"pivot": [-3, 43, 0],
					"rotation": [-19.98247, 0.85481, 2.34941],
					"cubes": [
						{"origin": [-10.2527, 23.45383, -2.95208], "size": [10.24, 23.87, 10.01], "pivot": [-14.4977, 47.87383, 2.33792], "rotation": [15, 0, 0], "uv": [80, 110]}
					]
				},
				{
					"name": "bone2",
					"parent": "Leftleg",
					"pivot": [-5.4977, 24.74383, 5.33792],
					"cubes": [
						{"origin": [-9.6877, 6.14494, 6.80376], "size": [8.81, 22.5, 9.01], "inflate": 0.5, "pivot": [-4.6327, 17.39494, 12.30876], "rotation": [20, 0, 0], "uv": [120, 110]},
						{"origin": [-9.0377, -0.64117, 1.66292], "size": [7.81, 3, 10.01], "inflate": 0.5, "pivot": [-14.4977, 26.74383, 2.33792], "rotation": [20, 0, 0], "uv": [90, 178], "mirror": true},
						{"origin": [-9.0377, -0.64117, -2.33708], "size": [7.81, 2, 3.01], "inflate": 0.5, "pivot": [-14.4977, 26.74383, 2.33792], "rotation": [20, 0, 0], "uv": [136, 97], "mirror": true},
						{"origin": [-9.0277, -1.12279, 6.39435], "size": [7.7, 2, 8.01], "inflate": 0.5, "pivot": [-7.4977, 1.74383, 5.33792], "rotation": [45, 0, 0], "uv": [90, 79], "mirror": true}
					]
				},
				{
					"name": "i2",
					"parent": "Leftleg",
					"pivot": [-11.74005, 52.82593, 14.34587],
					"rotation": [0, 0, -2.5],
					"cubes": [
						{"origin": [-12.17009, 30.70722, -5.19834], "size": [13.1, 21.4, 12.1], "pivot": [-12.6277, 50.51702, 8.76789], "rotation": [17.10967, -3.73171, 11.93845], "uv": [0, 28]},
						{"origin": [-16.28244, 10.01613, 0.37964], "size": [13.1, 23.4, 12.1], "pivot": [-16.74005, 32.82593, 14.34587], "rotation": [16.93839, -4.46375, 14.33501], "uv": [0, 48]}
					]
				},
				{
					"name": "Rightleg",
					"parent": "Rott",
					"pivot": [3, 43, 0],
					"rotation": [-19.98247, -0.85481, -2.34941],
					"cubes": [
						{"origin": [0.0127, 23.45383, -2.95208], "size": [10.24, 23.87, 10.01], "pivot": [14.4977, 47.87383, 2.33792], "rotation": [15, 0, 0], "uv": [80, 110], "mirror": true}
					]
				},
				{
					"name": "i",
					"parent": "Rightleg",
					"pivot": [11.74005, 52.82593, 14.34587],
					"rotation": [0, 0, 2.5],
					"cubes": [
						{"origin": [-0.92991, 30.70722, -5.19834], "size": [13.1, 21.4, 12.1], "pivot": [12.6277, 50.51702, 8.76789], "rotation": [17.10967, 3.73171, -11.93845], "uv": [0, 28], "mirror": true},
						{"origin": [3.18244, 10.01613, 0.37964], "size": [13.1, 23.4, 12.1], "pivot": [16.74005, 32.82593, 14.34587], "rotation": [16.93839, 4.46375, -14.33501], "uv": [0, 48], "mirror": true}
					]
				},
				{
					"name": "bone3",
					"parent": "Rightleg",
					"pivot": [5.4977, 24.74383, 5.33792],
					"cubes": [
						{"origin": [1.2277, -0.64117, 1.66292], "size": [7.81, 3, 10.01], "inflate": 0.5, "pivot": [14.4977, 26.74383, 2.33792], "rotation": [20, 0, 0], "uv": [90, 178]},
						{"origin": [1.2277, -0.64117, -2.33708], "size": [7.81, 2, 3.01], "inflate": 0.5, "pivot": [14.4977, 26.74383, 2.33792], "rotation": [20, 0, 0], "uv": [136, 97]},
						{"origin": [1.3277, -1.12279, 6.39435], "size": [7.7, 2, 8.01], "inflate": 0.5, "pivot": [7.4977, 1.74383, 5.33792], "rotation": [45, 0, 0], "uv": [90, 79]},
						{"origin": [0.8777, 6.14494, 6.80376], "size": [8.81, 22.5, 9.01], "inflate": 0.5, "pivot": [4.6327, 17.39494, 12.30876], "rotation": [20, 0, 0], "uv": [120, 110], "mirror": true}
					]
				},
				{
					"name": "Spawn",
					"pivot": [0, 0, 0],
					"locators": {
						"o": [0, 1, 0],
						"o2": [0, 1, 0]
					}
				},
				{
					"name": "G",
					"pivot": [0, 0, 0],
					"locators": {
						"locator": [20, 67, -12],
						"locator7": [-20, 67, -12],
						"locator2": [0, 43, 25],
						"locator3": [31, 80, 6],
						"locator5": [31, 37, 6],
						"locator6": [-31, 37, 6],
						"locator4": [-31, 80, 6]
					}
				}
			]
		}
	]
}