{
	"format_version": "1.12.0",
	"minecraft:geometry": [
		{
			"description": {
				"identifier": "geometry.gojidraw_upgrade_strider_camera",
				"texture_width": 256,
				"texture_height": 256,
				"visible_bounds_width": 21,
				"visible_bounds_height": 21,
				"visible_bounds_offset": [0, 1.5, 0]
			},
			"bones": [
				{
					"name": "bone",
					"pivot": [0, 15, 0]
				},
				{
					"name": "Root",
					"parent": "bone",
					"pivot": [0, 16, 0],
					"cubes": [
						{"origin": [-4, 20.4, -17.8], "size": [8.8, 6.4, 13.6], "uv": [60, 32]},
						{"origin": [-5.6, 12.6, -14.4], "size": [11.6, 5.6, 27.2], "uv": [0, 0]},
						{"origin": [-5, 11.6, -5], "size": [10, 4, 10], "uv": [76, 0]},
						{"origin": [-4, 6.6, -4], "size": [8, 3, 8], "uv": [47, 91]},
						{"origin": [-4.5, 8.6, -4.5], "size": [9, 3, 9], "uv": [89, 25]},
						{"origin": [-5.2, 19, -19.2], "size": [11.2, 9.2, 6.4], "uv": [0, 84]},
						{"origin": [-3.6, 19.6, -26.4], "size": [8, 8, 3.2], "uv": [78, 108]},
						{"origin": [-2.8, 20.4, -32], "size": [6.4, 6.4, 6.4], "uv": [0, 102]},
						{"origin": [-2.8, 20.4, -31], "size": [6.4, 6.4, 1], "uv": [115, 48]},
						{"origin": [-7, 18.2, -23.4], "size": [14.8, 10.8, 4], "uv": [83, 51]},
						{"origin": [-7.8, 17.7, -4], "size": [4.4, 10.8, 17.6], "uv": [0, 57]},
						{"origin": [3.4, 17.7, -4], "size": [4.4, 10.8, 17.6], "uv": [0, 57], "mirror": true},
						{"origin": [3.5, 17.3, -13.9], "size": [4.4, 11.8, 11.6], "uv": [42, 69], "mirror": true},
						{"origin": [-7.9, 17.3, -13.9], "size": [4.4, 11.8, 11.6], "uv": [42, 69]},
						{"origin": [7.9, 18.3, -13.9], "size": [1, 9.8, 11.6], "uv": [23, 88], "mirror": true},
						{"origin": [-8.9, 18.3, -13.9], "size": [1, 9.8, 11.6], "uv": [23, 88]},
						{"origin": [-4.8, 19.6, -3], "size": [10.4, 8.8, 17.6], "uv": [0, 32]},
						{"origin": [-4.128, 30.776, 10.232], "size": [4.256, 3.192, 3.192], "uv": [60, 51]},
						{"origin": [-4.48822, 27.74099, -1.176], "size": [1, 10.128, 3.408], "pivot": [-4, 35.368, -1.472], "rotation": [0, 0, 17.5], "uv": [60, 32]},
						{"origin": [-0.6, 35.8, -36.176], "size": [3.2, 3.2, 23.408], "pivot": [-2, 32.368, -1.472], "rotation": [0, 0, -42.5], "uv": [31, 34]},
						{"origin": [-0.064, 36.304, -13.176], "size": [2.128, 2.128, 23.408], "pivot": [-2, 32.368, -1.472], "rotation": [0, 0, -42.5], "uv": [49, 0]},
						{"origin": [-4.8, 28.4, 6.4], "size": [10.4, 3.2, 5.6], "uv": [89, 37]},
						{"origin": [-4.8, 26.4, -9.6], "size": [10.4, 3.2, 5.6], "uv": [89, 37]},
						{"origin": [-4, 29.4, -7.6], "size": [8.8, 2.4, 5.6], "uv": [106, 0]},
						{"origin": [-4, 28.4, 2.4], "size": [8.8, 2.4, 5.6], "uv": [106, 0]},
						{"origin": [-2, 36, -6], "size": [6, 3, 12], "uv": [72, 78]},
						{"origin": [-0.5, 36, 11], "size": [3, 3, 6], "pivot": [0, 39, 6], "rotation": [-58, 0, 0], "uv": [113, 39]},
						{"origin": [-1, 36, 6], "size": [4, 3, 5], "pivot": [0, 39, 6], "rotation": [-58, 0, 0], "uv": [36, 91]}
					],
					"locators": {
						"flame3": {
							"offset": [0, 8, 0],
							"rotation": [0, 0, -180]
						},
						"p": {
							"offset": [0.5, 23.5, -32],
							"rotation": [0, 0, -180]
						}
					}
				},
				{
					"name": "Jetpack_1",
					"parent": "Root",
					"pivot": [8, 20, 15],
					"cubes": [
						{"origin": [5, 18, 12], "size": [6, 16, 6], "pivot": [8, 20, 15], "rotation": [0, -45, 0], "uv": [0, 0]},
						{"origin": [5, 12, 12], "size": [6, 3, 6], "pivot": [8, 20, 15], "rotation": [0, -45, 0], "uv": [57, 102]},
						{"origin": [6.7, 25, 11.3], "size": [5, 1, 6], "pivot": [8, 20, 15], "rotation": [0, -45, 0], "uv": [76, 25]},
						{"origin": [6.7, 23.4, 11.3], "size": [5, 1, 6], "pivot": [8, 20, 15], "rotation": [0, -45, 0], "uv": [76, 25]},
						{"origin": [4.5, 30, 11.5], "size": [7, 5, 7], "pivot": [8, 20, 15], "rotation": [0, -45, 0], "uv": [79, 93]},
						{"origin": [4.5, 15, 11.5], "size": [7, 4, 7], "pivot": [8, 20, 15], "rotation": [0, -45, 0], "uv": [96, 71]},
						{"origin": [5.5, 9, 12.5], "size": [5, 3, 5], "pivot": [8, 20, 15], "rotation": [0, -45, 0], "uv": [83, 65]},
						{"origin": [6.5, 23, 11.5], "size": [5, 4, 6], "pivot": [8, 20, 15], "rotation": [0, -45, 0], "uv": [18, 108]}
					],
					"locators": {
						"flame": {
							"offset": [8, 11, 15],
							"rotation": [-177.5, 0, 0]
						}
					}
				},
				{
					"name": "Jetpack_2",
					"parent": "Root",
					"pivot": [-8, 20, 15],
					"cubes": [
						{"origin": [-11, 18, 12], "size": [6, 16, 6], "pivot": [-8, 20, 15], "rotation": [0, 45, 0], "uv": [0, 0], "mirror": true},
						{"origin": [-11, 12, 12], "size": [6, 3, 6], "pivot": [-8, 20, 15], "rotation": [0, 45, 0], "uv": [57, 102], "mirror": true},
						{"origin": [-11.7, 25, 11.3], "size": [5, 1, 6], "pivot": [-8, 20, 15], "rotation": [0, 45, 0], "uv": [76, 25], "mirror": true},
						{"origin": [-11.7, 23.4, 11.3], "size": [5, 1, 6], "pivot": [-8, 20, 15], "rotation": [0, 45, 0], "uv": [76, 25], "mirror": true},
						{"origin": [-11.5, 30, 11.5], "size": [7, 5, 7], "pivot": [-8, 20, 15], "rotation": [0, 45, 0], "uv": [79, 93], "mirror": true},
						{"origin": [-11.5, 15, 11.5], "size": [7, 4, 7], "pivot": [-8, 20, 15], "rotation": [0, 45, 0], "uv": [96, 71], "mirror": true},
						{"origin": [-10.5, 9, 12.5], "size": [5, 3, 5], "pivot": [-8, 20, 15], "rotation": [0, 45, 0], "uv": [83, 65], "mirror": true},
						{"origin": [-11.5, 23, 11.5], "size": [5, 4, 6], "pivot": [-8, 20, 15], "rotation": [0, 45, 0], "uv": [18, 108], "mirror": true}
					],
					"locators": {
						"flame2": {
							"offset": [-8, 11, 15],
							"rotation": [-177.5, 0, 0]
						}
					}
				},
				{
					"name": "blaster_1",
					"parent": "Root",
					"pivot": [-8.4, 15.1, -11],
					"cubes": [
						{"origin": [-11, 13, -10], "size": [5, 5, 4], "uv": [112, 109]},
						{"origin": [-11, 13, 0], "size": [5, 5, 3], "uv": [115, 96]},
						{"origin": [-11.2, 13, 4], "size": [5, 5, 3], "pivot": [-5.5, 15.5, 5.5], "rotation": [0, 5, 0], "uv": [115, 96]},
						{"origin": [-10.7, 13.3, -6], "size": [4.4, 4.4, 14], "uv": [61, 60]},
						{"origin": [-10.7, 13.3, 8], "size": [4.4, 4.4, 8], "uv": [99, 97]},
						{"origin": [-10.5, 13.5, -14], "size": [4, 4, 4], "uv": [114, 82]},
						{"origin": [-10, 14, -20], "size": [3, 3, 8], "uv": [100, 85]},
						{"origin": [-9.5, 14.5, -20.2], "size": [2, 2, 0], "uv": [0, 2]}
					],
					"locators": {
						"h4": [-8.5, 15.5, 22]
					}
				},
				{
					"name": "Y",
					"parent": "blaster_1",
					"pivot": [-8.5, 15.5, -21],
					"rotation": [0, 0, -45],
					"cubes": [
						{"origin": [-9, 18, -17], "size": [1, 1, 7], "pivot": [-8.4, 19, -17], "rotation": [-7.5, 0, 0], "uv": [110, 7]},
						{"origin": [-9, 18, -21], "size": [1, 1, 4], "pivot": [-8.4, 19, -17], "rotation": [17.5, 0, 0], "uv": [0, 22]}
					]
				},
				{
					"name": "Y3",
					"parent": "blaster_1",
					"pivot": [-8.5, 15.5, -21],
					"rotation": [0, 0, 45],
					"cubes": [
						{"origin": [-9, 18, -17], "size": [1, 1, 7], "pivot": [-8.4, 19, -17], "rotation": [-7.5, 0, 0], "uv": [110, 7]},
						{"origin": [-9, 18, -21], "size": [1, 1, 4], "pivot": [-8.4, 19, -17], "rotation": [17.5, 0, 0], "uv": [0, 22]}
					]
				},
				{
					"name": "Y2",
					"parent": "blaster_1",
					"pivot": [-8.5, 15.5, -21],
					"rotation": [0, 0, -180],
					"cubes": [
						{"origin": [-9, 18, -17], "size": [1, 1, 7], "pivot": [-8.4, 19, -17], "rotation": [-7.5, 0, 0], "uv": [110, 7]},
						{"origin": [-9, 18, -21], "size": [1, 1, 4], "pivot": [-8.4, 19, -17], "rotation": [17.5, 0, 0], "uv": [0, 22]}
					]
				},
				{
					"name": "blaster_3",
					"parent": "Root",
					"pivot": [-8.4, 29.1, -11],
					"cubes": [
						{"origin": [-11, 27, -10], "size": [5, 5, 4], "uv": [112, 109]},
						{"origin": [-11, 27, 0], "size": [5, 5, 3], "uv": [115, 96]},
						{"origin": [-11.2, 27, 4], "size": [5, 5, 3], "pivot": [-5.5, 29.5, 5.5], "rotation": [0, 5, 0], "uv": [115, 96]},
						{"origin": [-10.7, 27.3, -6], "size": [4.4, 4.4, 14], "uv": [61, 60]},
						{"origin": [-10.7, 27.3, 8], "size": [4.4, 4.4, 8], "uv": [99, 97]},
						{"origin": [-10.5, 27.5, -14], "size": [4, 4, 4], "uv": [114, 82]},
						{"origin": [-10, 28, -20], "size": [3, 3, 8], "uv": [100, 85]},
						{"origin": [-9.5, 28.5, -20.2], "size": [2, 2, 0], "uv": [0, 2]}
					],
					"locators": {
						"h2": [-8.5, 29.5, 22]
					}
				},
				{
					"name": "Y7",
					"parent": "blaster_3",
					"pivot": [-8.5, 29.5, -21],
					"rotation": [0, 0, -45],
					"cubes": [
						{"origin": [-9, 32, -17], "size": [1, 1, 7], "pivot": [-8.4, 33, -17], "rotation": [-7.5, 0, 0], "uv": [110, 7]},
						{"origin": [-9, 32, -21], "size": [1, 1, 4], "pivot": [-8.4, 33, -17], "rotation": [17.5, 0, 0], "uv": [0, 22]}
					]
				},
				{
					"name": "Y8",
					"parent": "blaster_3",
					"pivot": [-8.5, 29.5, -21],
					"rotation": [0, 0, 45],
					"cubes": [
						{"origin": [-9, 32, -17], "size": [1, 1, 7], "pivot": [-8.4, 33, -17], "rotation": [-7.5, 0, 0], "uv": [110, 7]},
						{"origin": [-9, 32, -21], "size": [1, 1, 4], "pivot": [-8.4, 33, -17], "rotation": [17.5, 0, 0], "uv": [0, 22]}
					]
				},
				{
					"name": "Y9",
					"parent": "blaster_3",
					"pivot": [-8.5, 29.5, -21],
					"rotation": [0, 0, -180],
					"cubes": [
						{"origin": [-9, 32, -17], "size": [1, 1, 7], "pivot": [-8.4, 33, -17], "rotation": [-7.5, 0, 0], "uv": [110, 7]},
						{"origin": [-9, 32, -21], "size": [1, 1, 4], "pivot": [-8.4, 33, -17], "rotation": [17.5, 0, 0], "uv": [0, 22]}
					]
				},
				{
					"name": "blaster_4",
					"parent": "Root",
					"pivot": [8.4, 29.1, -11],
					"cubes": [
						{"origin": [6, 27, -10], "size": [5, 5, 4], "uv": [112, 109], "mirror": true},
						{"origin": [6, 27, 0], "size": [5, 5, 3], "uv": [115, 96], "mirror": true},
						{"origin": [6.2, 27, 4], "size": [5, 5, 3], "pivot": [5.5, 29.5, 5.5], "rotation": [0, -5, 0], "uv": [115, 96], "mirror": true},
						{"origin": [6.3, 27.3, -6], "size": [4.4, 4.4, 14], "uv": [61, 60], "mirror": true},
						{"origin": [6.3, 27.3, 8], "size": [4.4, 4.4, 8], "uv": [99, 97], "mirror": true},
						{"origin": [6.5, 27.5, -14], "size": [4, 4, 4], "uv": [114, 82], "mirror": true},
						{"origin": [7, 28, -20], "size": [3, 3, 8], "uv": [100, 85], "mirror": true},
						{"origin": [7.5, 28.5, -20.2], "size": [2, 2, 0], "uv": [0, 2], "mirror": true}
					],
					"locators": {
						"h3": [8.5, 29.5, 22]
					}
				},
				{
					"name": "Y10",
					"parent": "blaster_4",
					"pivot": [8.5, 29.5, -21],
					"rotation": [0, 0, 45],
					"cubes": [
						{"origin": [8, 32, -17], "size": [1, 1, 7], "pivot": [8.4, 33, -17], "rotation": [-7.5, 0, 0], "uv": [110, 7], "mirror": true},
						{"origin": [8, 32, -21], "size": [1, 1, 4], "pivot": [8.4, 33, -17], "rotation": [17.5, 0, 0], "uv": [0, 22], "mirror": true}
					]
				},
				{
					"name": "Y11",
					"parent": "blaster_4",
					"pivot": [8.5, 29.5, -21],
					"rotation": [0, 0, -45],
					"cubes": [
						{"origin": [8, 32, -17], "size": [1, 1, 7], "pivot": [8.4, 33, -17], "rotation": [-7.5, 0, 0], "uv": [110, 7], "mirror": true},
						{"origin": [8, 32, -21], "size": [1, 1, 4], "pivot": [8.4, 33, -17], "rotation": [17.5, 0, 0], "uv": [0, 22], "mirror": true}
					]
				},
				{
					"name": "Y12",
					"parent": "blaster_4",
					"pivot": [8.5, 29.5, -21],
					"rotation": [0, 0, 180],
					"cubes": [
						{"origin": [8, 32, -17], "size": [1, 1, 7], "pivot": [8.4, 33, -17], "rotation": [-7.5, 0, 0], "uv": [110, 7], "mirror": true},
						{"origin": [8, 32, -21], "size": [1, 1, 4], "pivot": [8.4, 33, -17], "rotation": [17.5, 0, 0], "uv": [0, 22], "mirror": true}
					]
				},
				{
					"name": "blaster_2",
					"parent": "Root",
					"pivot": [8.4, 15.1, -11],
					"cubes": [
						{"origin": [6, 13, -10], "size": [5, 5, 4], "uv": [112, 109], "mirror": true},
						{"origin": [6, 13, 0], "size": [5, 5, 3], "uv": [115, 96], "mirror": true},
						{"origin": [6.2, 13, 4], "size": [5, 5, 3], "pivot": [5.5, 15.5, 5.5], "rotation": [0, -5, 0], "uv": [115, 96], "mirror": true},
						{"origin": [6.3, 13.3, -6], "size": [4.4, 4.4, 14], "uv": [61, 60], "mirror": true},
						{"origin": [6.3, 13.3, 8], "size": [4.4, 4.4, 8], "uv": [99, 97], "mirror": true},
						{"origin": [6.5, 13.5, -14], "size": [4, 4, 4], "uv": [114, 82], "mirror": true},
						{"origin": [7, 14, -20], "size": [3, 3, 8], "uv": [100, 85], "mirror": true},
						{"origin": [7.5, 14.5, -20.2], "size": [2, 2, 0], "uv": [0, 2], "mirror": true}
					],
					"locators": {
						"h": [8.5, 15.5, 22]
					}
				},
				{
					"name": "Y4",
					"parent": "blaster_2",
					"pivot": [8.5, 15.5, -21],
					"rotation": [0, 0, 45],
					"cubes": [
						{"origin": [8, 18, -17], "size": [1, 1, 7], "pivot": [8.4, 19, -17], "rotation": [-7.5, 0, 0], "uv": [110, 7], "mirror": true},
						{"origin": [8, 18, -21], "size": [1, 1, 4], "pivot": [8.4, 19, -17], "rotation": [17.5, 0, 0], "uv": [0, 22], "mirror": true}
					]
				},
				{
					"name": "Y5",
					"parent": "blaster_2",
					"pivot": [8.5, 15.5, -21],
					"rotation": [0, 0, -45],
					"cubes": [
						{"origin": [8, 18, -17], "size": [1, 1, 7], "pivot": [8.4, 19, -17], "rotation": [-7.5, 0, 0], "uv": [110, 7], "mirror": true},
						{"origin": [8, 18, -21], "size": [1, 1, 4], "pivot": [8.4, 19, -17], "rotation": [17.5, 0, 0], "uv": [0, 22], "mirror": true}
					]
				},
				{
					"name": "Y6",
					"parent": "blaster_2",
					"pivot": [8.5, 15.5, -21],
					"rotation": [0, 0, 180],
					"cubes": [
						{"origin": [8, 18, -17], "size": [1, 1, 7], "pivot": [8.4, 19, -17], "rotation": [-7.5, 0, 0], "uv": [110, 7], "mirror": true},
						{"origin": [8, 18, -21], "size": [1, 1, 4], "pivot": [8.4, 19, -17], "rotation": [17.5, 0, 0], "uv": [0, 22], "mirror": true}
					]
				},
				{
					"name": "Leftleg",
					"parent": "bone",
					"pivot": [9, 21, -4],
					"rotation": [0, 27.5, -10],
					"cubes": [
						{"origin": [8.41511, 18.47596, -8.26194], "size": [19.2, 3.6, 6], "pivot": [9.61511, 19.67596, -7.06194], "rotation": [0, 0, -20], "uv": [25, 60], "mirror": true},
						{"origin": [8.41511, 22.07596, -8.26194], "size": [14.4, 2.4, 6], "pivot": [9.61511, 19.67596, -7.06194], "rotation": [0, 0, -20], "uv": [76, 14], "mirror": true},
						{"origin": [20.39111, 26.27476, -8.14194], "size": [5.28, 2.4, 5.76], "pivot": [20.41511, 28.67596, -7.06194], "rotation": [0, 0, 6.3], "uv": [57, 111], "mirror": true}
					]
				},
				{
					"name": "Ri2",
					"parent": "Leftleg",
					"pivot": [25.19496, 25.26703, -5.26194],
					"rotation": [0, 0, 15],
					"cubes": [
						{"origin": [30.79865, 10.09374, -8.38194], "size": [2.4, 3.6, 6], "pivot": [29.95117, 10.30511, -5.32194], "rotation": [0, 0, 30], "uv": [0, 114], "mirror": true},
						{"origin": [25.63865, 5.17374, -8.62194], "size": [2.4, 16.8, 6.6], "pivot": [8.83865, 19.57374, -7.06194], "rotation": [0, 0, -20], "uv": [49, 0], "mirror": true},
						{"origin": [28.99865, 8.11674, -8.50194], "size": [2.4, 3.6, 6.36], "pivot": [29.23865, 12.37374, -7.06194], "rotation": [0, 0, -57.5], "uv": [113, 59], "mirror": true},
						{"origin": [28.03865, 1.57374, -8.62194], "size": [2.4, 9.6, 6.6], "pivot": [8.83865, 19.57374, -7.06194], "rotation": [0, 0, -20], "uv": [0, 57], "mirror": true},
						{"origin": [29.57465, 19.09374, -8.50194], "size": [2.4, 11.4, 6.36], "pivot": [31.99865, 19.21374, -7.06194], "rotation": [0, 0, -32.5], "uv": [0, 32], "mirror": true},
						{"origin": [23.4185, 26.16481, -8.86194], "size": [2.4, 2.4, 7.2], "pivot": [26.4185, 29.16481, -5.26194], "rotation": [0, 0, 20], "uv": [109, 15], "mirror": true},
						{"origin": [29.75579, 12.37374, -7.42194], "size": [2.4, 13.2, 4.2], "pivot": [29.62087, 11.2005, -5.32194], "rotation": [0, 0, -27.5], "uv": [100, 109], "mirror": true},
						{"origin": [36.43745, -1.1342, -8.01623], "size": [2.4, 12, 1.8], "pivot": [38.83865, -0.82626, -2.02194], "rotation": [2.5, 0, -20], "uv": [65, 0], "mirror": true},
						{"origin": [30.08195, -3.76431, -8.50194], "size": [2.4, 13.2, 6.24], "pivot": [29.95117, 10.30511, -5.32194], "rotation": [0, 0, -30], "uv": [41, 102], "mirror": true},
						{"origin": [33.98387, -0.93419, -6.50194], "size": [2, 7.2, 2.24], "pivot": [32.95117, 5.30511, -5.32194], "rotation": [0, 0, -2.5], "uv": [42, 69], "mirror": true},
						{"origin": [33.98387, 0.06581, -6.50194], "size": [2, 0, 2.24], "pivot": [32.95117, 5.30511, -5.32194], "rotation": [0, 0, -2.5], "uv": [0, 0], "mirror": true},
						{"origin": [28.03865, -10.42626, -8.02194], "size": [2.4, 12, 5.4], "pivot": [8.83865, 19.57374, -7.06194], "rotation": [0, 0, -20], "uv": [37, 32], "mirror": true},
						{"origin": [36.43745, -1.18655, -4.41509], "size": [2.4, 12, 1.8], "pivot": [38.83865, -0.82626, -2.62194], "rotation": [-2.5, 0, -20], "uv": [65, 0], "mirror": true}
					],
					"locators": {
						"locator2": [35.23865, -0.02626, -5.46194]
					}
				},
				{
					"name": "Rightleg2",
					"parent": "bone",
					"pivot": [-1, 25, 14],
					"rotation": [0, -90, 0],
					"cubes": [
						{"origin": [-1.58489, 22.47596, 9.73806], "size": [19.2, 3.6, 6], "pivot": [-0.38489, 23.67596, 10.93806], "rotation": [0, 0, -20], "uv": [25, 60], "mirror": true},
						{"origin": [-1.58489, 26.07596, 9.73806], "size": [14.4, 2.4, 6], "pivot": [-0.38489, 23.67596, 10.93806], "rotation": [0, 0, -20], "uv": [76, 14], "mirror": true},
						{"origin": [10.39111, 30.27476, 9.85806], "size": [5.28, 2.4, 5.76], "pivot": [10.41511, 32.67596, 10.93806], "rotation": [0, 0, 6.3], "uv": [57, 111], "mirror": true}
					]
				},
				{
					"name": "Ri3",
					"parent": "Rightleg2",
					"pivot": [15.19496, 29.26703, 12.73806],
					"rotation": [0, 0, 15],
					"cubes": [
						{"origin": [20.79865, 14.09374, 9.61806], "size": [2.4, 3.6, 6], "pivot": [19.95117, 14.30511, 12.67806], "rotation": [0, 0, 30], "uv": [0, 114], "mirror": true},
						{"origin": [15.63865, 9.17374, 9.37806], "size": [2.4, 16.8, 6.6], "pivot": [-1.16135, 23.57374, 10.93806], "rotation": [0, 0, -20], "uv": [49, 0], "mirror": true},
						{"origin": [18.99865, 12.11674, 9.49806], "size": [2.4, 3.6, 6.36], "pivot": [19.23865, 16.37374, 10.93806], "rotation": [0, 0, -57.5], "uv": [113, 59], "mirror": true},
						{"origin": [18.03865, 5.57374, 9.37806], "size": [2.4, 9.6, 6.6], "pivot": [-1.16135, 23.57374, 10.93806], "rotation": [0, 0, -20], "uv": [0, 57], "mirror": true},
						{"origin": [19.57465, 23.09374, 9.49806], "size": [2.4, 11.4, 6.36], "pivot": [21.99865, 23.21374, 10.93806], "rotation": [0, 0, -32.5], "uv": [0, 32], "mirror": true},
						{"origin": [13.4185, 30.16481, 9.13806], "size": [2.4, 2.4, 7.2], "pivot": [16.4185, 33.16481, 12.73806], "rotation": [0, 0, 20], "uv": [109, 15], "mirror": true},
						{"origin": [19.75579, 16.37374, 10.57806], "size": [2.4, 13.2, 4.2], "pivot": [19.62087, 15.2005, 12.67806], "rotation": [0, 0, -27.5], "uv": [100, 109], "mirror": true},
						{"origin": [26.43745, 2.8658, 9.98377], "size": [2.4, 12, 1.8], "pivot": [28.83865, 3.17374, 15.97806], "rotation": [2.5, 0, -20], "uv": [65, 0], "mirror": true},
						{"origin": [20.08195, 0.23569, 9.49806], "size": [2.4, 13.2, 6.24], "pivot": [19.95117, 14.30511, 12.67806], "rotation": [0, 0, -30], "uv": [41, 102], "mirror": true},
						{"origin": [23.98387, 3.06581, 11.49806], "size": [2, 7.2, 2.24], "pivot": [22.95117, 9.30511, 12.67806], "rotation": [0, 0, -2.5], "uv": [42, 69], "mirror": true},
						{"origin": [23.98387, 4.06581, 11.49806], "size": [2, 0, 2.24], "pivot": [22.95117, 9.30511, 12.67806], "rotation": [0, 0, -2.5], "uv": [0, 0], "mirror": true},
						{"origin": [18.03865, -6.42626, 9.97806], "size": [2.4, 12, 5.4], "pivot": [-1.16135, 23.57374, 10.93806], "rotation": [0, 0, -20], "uv": [37, 32], "mirror": true},
						{"origin": [26.43745, 2.81345, 13.58491], "size": [2.4, 12, 1.8], "pivot": [28.83865, 3.17374, 15.37806], "rotation": [-2.5, 0, -20], "uv": [65, 0], "mirror": true}
					],
					"locators": {
						"locator3": [25.23865, 3.97374, 12.53806]
					}
				},
				{
					"name": "Rightleg",
					"parent": "bone",
					"pivot": [-9, 22, -4],
					"rotation": [0, -30, 10],
					"cubes": [
						{"origin": [-27.5977, 18.49115, -8.31902], "size": [19.2, 3.6, 6], "pivot": [-9.5977, 19.69115, -7.11902], "rotation": [0, 0, 20], "uv": [25, 60]},
						{"origin": [-22.7977, 22.09115, -8.31902], "size": [14.4, 2.4, 6], "pivot": [-9.5977, 19.69115, -7.11902], "rotation": [0, 0, 20], "uv": [76, 14]},
						{"origin": [-25.6537, 26.28995, -8.19902], "size": [5.28, 2.4, 5.76], "pivot": [-20.3977, 28.69115, -7.11902], "rotation": [0, 0, -6.3], "uv": [57, 111]}
					]
				},
				{
					"name": "Ri",
					"parent": "Rightleg",
					"pivot": [-25.17755, 25.28223, -5.31902],
					"rotation": [0, 0, -15],
					"cubes": [
						{"origin": [-33.18124, 10.10893, -8.43902], "size": [2.4, 3.6, 6], "pivot": [-29.93376, 10.3203, -5.37902], "rotation": [0, 0, -30], "uv": [0, 114]},
						{"origin": [-28.02124, 5.18893, -8.67902], "size": [2.4, 16.8, 6.6], "pivot": [-8.82124, 19.58893, -7.11902], "rotation": [0, 0, 20], "uv": [49, 0]},
						{"origin": [-31.38124, 8.13193, -8.55902], "size": [2.4, 3.6, 6.36], "pivot": [-29.22124, 12.38893, -7.11902], "rotation": [0, 0, 57.5], "uv": [113, 59]},
						{"origin": [-30.42124, 1.58893, -8.67902], "size": [2.4, 9.6, 6.6], "pivot": [-8.82124, 19.58893, -7.11902], "rotation": [0, 0, 20], "uv": [0, 57]},
						{"origin": [-31.95724, 19.10893, -8.55902], "size": [2.4, 11.4, 6.36], "pivot": [-31.98124, 19.22893, -7.11902], "rotation": [0, 0, 32.5], "uv": [0, 32]},
						{"origin": [-25.80109, 26.18001, -8.91902], "size": [2.4, 2.4, 7.2], "pivot": [-26.40109, 29.18001, -5.31902], "rotation": [0, 0, -20], "uv": [109, 15]},
						{"origin": [-32.13838, 12.38893, -7.47902], "size": [2.4, 13.2, 4.2], "pivot": [-29.60346, 11.21569, -5.37902], "rotation": [0, 0, 27.5], "uv": [100, 109]},
						{"origin": [-38.82004, -1.11901, -8.07331], "size": [2.4, 12, 1.8], "pivot": [-38.82124, -0.81107, -2.07902], "rotation": [2.5, 0, 20], "uv": [65, 0]},
						{"origin": [-32.46454, -3.74912, -8.55902], "size": [2.4, 13.2, 6.24], "pivot": [-29.93376, 10.3203, -5.37902], "rotation": [0, 0, 30], "uv": [41, 102]},
						{"origin": [-35.96646, -0.919, -6.55902], "size": [2, 7.2, 2.24], "pivot": [-32.93376, 5.3203, -5.37902], "rotation": [0, 0, 2.5], "uv": [42, 69]},
						{"origin": [-35.96646, 0.081, -6.55902], "size": [2, 0, 2.24], "pivot": [-32.93376, 5.3203, -5.37902], "rotation": [0, 0, 2.5], "uv": [0, 0]},
						{"origin": [-30.42124, -10.41107, -8.07902], "size": [2.4, 12, 5.4], "pivot": [-8.82124, 19.58893, -7.11902], "rotation": [0, 0, 20], "uv": [37, 32]},
						{"origin": [-38.82004, -1.17135, -4.47217], "size": [2.4, 12, 1.8], "pivot": [-38.82124, -0.81107, -2.67902], "rotation": [-2.5, 0, 20], "uv": [65, 0]}
					]
				},
				{
					"name": "middle_leg",
					"parent": "bone",
					"pivot": [0, 25, 16]
				}
			]
		}
	]
}