{
	"format_version": "1.12.0",
	"minecraft:geometry": [
		{
			"description": {
				"identifier": "geometry.ic_titan_speakerman",
				"texture_width": 256,
				"texture_height": 256,
				"visible_bounds_width": 7,
				"visible_bounds_height": 12,
				"visible_bounds_offset": [0, 5, 0]
			},
			"bones": [
				{
					"name": "root",
					"pivot": [0, 16, 0]
				},
				{
					"name": "waist",
					"parent": "root",
					"pivot": [0, 36, 0],
					"cubes": [
						{"origin": [-8.5, 36, -5], "size": [17, 10, 9], "uv": [67, 10]}
					]
				},
				{
					"name": "body",
					"parent": "waist",
					"pivot": [0, 46, 0],
					"cubes": [
						{"origin": [-13.5, 56, -6], "size": [27, 8, 11], "inflate": 0.2, "uv": [0, 19]},
						{"origin": [-9, 46, -6], "size": [18, 10, 11], "uv": [47, 48]},
						{"origin": [-19, 57, 3], "size": [7, 34, 6], "pivot": [-15.5, 63, 6], "rotation": [2.5, -10, -7.5], "uv": [230, 66]},
						{"origin": [12, 57, 3], "size": [7, 34, 6], "pivot": [15.5, 63, 6], "rotation": [2.5, 10, 7.5], "uv": [230, 66], "mirror": true}
					],
					"locators": {
						"spark": [-16, 67, 6],
						"spark2": [-18, 86, 6],
						"spark4": [16, 67, 6],
						"spark3": [18, 86, 6]
					}
				},
				{
					"name": "core",
					"parent": "body",
					"pivot": [-2.5, 57, -6],
					"cubes": [
						{"origin": [-3.5, 52, -9], "size": [7, 7, 4], "inflate": 0.4, "uv": [234, 0]},
						{"origin": [-8.5, 51, -9.25], "size": [5, 9, 4], "inflate": -0.2, "pivot": [-2.5, 57, -6], "rotation": [0, 10, 0], "uv": [240, 38]},
						{"origin": [3.5, 51, -9.25], "size": [5, 9, 4], "inflate": -0.2, "pivot": [2.5, 57, -6], "rotation": [0, -10, 0], "uv": [240, 38], "mirror": true}
					],
					"locators": {
						"spark9": [0, 55.5, -9]
					}
				},
				{
					"name": "normal_core",
					"parent": "core",
					"pivot": [-2.5, 57, -6],
					"cubes": [
						{"origin": [-3.5, 52, -8], "size": [7, 7, 4], "inflate": 0.1, "uv": [234, 14]}
					]
				},
				{
					"name": "infected_core",
					"parent": "core",
					"pivot": [-2.5, 57, -6],
					"cubes": [
						{"origin": [-3.5, 52, -6], "size": [7, 7, 4], "inflate": 0.1, "uv": [202, 13]}
					]
				},
				{
					"name": "left_arm",
					"parent": "body",
					"pivot": [12, 62.5, 0],
					"cubes": [
						{"origin": [12, 39.5, -4.5], "size": [8, 24, 8], "uv": [56, 69]}
					]
				},
				{
					"name": "left_arm2",
					"parent": "left_arm",
					"pivot": [14.5, 40.5, 1],
					"cubes": [
						{"origin": [12, 20.5, -4.5], "size": [8, 19, 8], "uv": [80, 96]},
						{"origin": [12, 20.5, -4.5], "size": [8, 19, 8], "inflate": 0.2, "uv": [112, 96]}
					]
				},
				{
					"name": "blaster",
					"parent": "left_arm2",
					"pivot": [14.5, 34.5, 2],
					"rotation": [0, -90, 0],
					"cubes": [
						{"origin": [14.5, 25.5, 0], "size": [3, 11, 1], "uv": [26, 0]},
						{"origin": [17.5, 23.5, -3], "size": [7, 19, 7], "uv": [228, 201]},
						{"origin": [17.5, 22.25, -3], "size": [7, 4, 7], "inflate": 0.3, "uv": [198, 217]},
						{"origin": [17.5, 12.25, -3], "size": [7, 7, 7], "inflate": 0.5, "uv": [228, 242]},
						{"origin": [18.5, 18.5, -2], "size": [5, 7, 5], "inflate": 0.5, "uv": [203, 232]},
						{"origin": [17.5, 27.5, -3], "size": [7, 19, 7], "inflate": -1, "uv": [228, 201]},
						{"origin": [17.5, 44.25, -3], "size": [7, 5, 7], "inflate": 0.3, "uv": [228, 229]}
					]
				},
				{
					"name": "power",
					"parent": "blaster",
					"pivot": [21, 22.75, 0.5],
					"cubes": [
						{"origin": [17.5, 19.25, -3], "size": [7, 7, 7], "inflate": -0.7, "uv": [176, 242]}
					]
				},
				{
					"name": "right_arm",
					"parent": "body",
					"pivot": [-12, 62.5, 0],
					"cubes": [
						{"origin": [-20, 39.5, -4.5], "size": [8, 24, 8], "uv": [56, 69], "mirror": true}
					]
				},
				{
					"name": "right_arm2",
					"parent": "right_arm",
					"pivot": [-14.5, 40.5, 1],
					"cubes": [
						{"origin": [-20, 20.5, -4.5], "size": [8, 19, 8], "uv": [80, 96], "mirror": true},
						{"origin": [-20, 20.5, -4.5], "size": [8, 19, 8], "inflate": 0.2, "uv": [112, 96], "mirror": true}
					]
				},
				{
					"name": "rocket",
					"parent": "body",
					"pivot": [0, 57.61551, 4.92191],
					"cubes": [
						{
							"origin": [-10.24, 49.38302, 4.94514],
							"size": [20.48, 19.03, 7.43],
							"inflate": 0.2,
							"uv": {
								"north": {"uv": [5, 169], "uv_size": [14, 13]},
								"east": {"uv": [0, 169], "uv_size": [5, 13]},
								"south": {"uv": [24, 169], "uv_size": [14, 13]},
								"west": {"uv": [19, 169], "uv_size": [5, 13]},
								"up": {"uv": [5, 164], "uv_size": [14, 5]},
								"down": {"uv": [19, 169], "uv_size": [14, -5]}
							}
						},
						{
							"origin": [-10.24, 53.38302, 6.94514],
							"size": [20.48, 19.03, 7.43],
							"inflate": 3.9,
							"uv": {
								"north": {"uv": [5, 169], "uv_size": [14, 13]},
								"east": {"uv": [0, 169], "uv_size": [5, 13]},
								"south": {"uv": [24, 169], "uv_size": [14, 13]},
								"west": {"uv": [19, 169], "uv_size": [5, 13]},
								"up": {"uv": [5, 164], "uv_size": [14, 5]},
								"down": {"uv": [19, 169], "uv_size": [14, -5]}
							}
						},
						{
							"origin": [-15.6, 56.72302, 11.93514],
							"size": [1.45, 10.15, 2.9],
							"uv": {
								"north": {"uv": [2, 211], "uv_size": [1, 7]},
								"east": {"uv": [0, 211], "uv_size": [2, 7]},
								"south": {"uv": [5, 211], "uv_size": [1, 7]},
								"west": {"uv": [3, 211], "uv_size": [2, 7]},
								"up": {"uv": [2, 209], "uv_size": [1, 2]},
								"down": {"uv": [3, 211], "uv_size": [1, -2]}
							}
						},
						{
							"origin": [-15.6, 48.02302, 11.93514],
							"size": [1.45, 10.15, 2.9],
							"uv": {
								"north": {"uv": [2, 211], "uv_size": [1, 7]},
								"east": {"uv": [0, 211], "uv_size": [2, 7]},
								"south": {"uv": [5, 211], "uv_size": [1, 7]},
								"west": {"uv": [3, 211], "uv_size": [2, 7]},
								"up": {"uv": [2, 209], "uv_size": [1, 2]},
								"down": {"uv": [3, 211], "uv_size": [1, -2]}
							}
						},
						{
							"origin": [-21.255, 53.82302, 10.48514],
							"size": [5.8, 21.75, 5.8],
							"uv": {
								"north": {"uv": [4, 241], "uv_size": [4, 15]},
								"east": {"uv": [0, 241], "uv_size": [4, 15]},
								"south": {"uv": [12, 241], "uv_size": [4, 15]},
								"west": {"uv": [8, 241], "uv_size": [4, 15]},
								"up": {"uv": [4, 237], "uv_size": [4, 4]},
								"down": {"uv": [8, 241], "uv_size": [4, -4]}
							}
						},
						{
							"origin": [-21.12, 42.35802, 10.62014],
							"size": [5.53, 21.48, 5.53],
							"inflate": -0.3,
							"uv": {
								"north": {"uv": [4, 241], "uv_size": [4, 15]},
								"east": {"uv": [0, 241], "uv_size": [4, 15]},
								"south": {"uv": [12, 241], "uv_size": [4, 15]},
								"west": {"uv": [8, 241], "uv_size": [4, 15]},
								"up": {"uv": [4, 237], "uv_size": [4, 4]},
								"down": {"uv": [8, 241], "uv_size": [4, -4]}
							}
						},
						{
							"origin": [-21.39, 39.18802, 10.35014],
							"size": [6.07, 4.62, 6.07],
							"inflate": 0.3,
							"uv": {
								"north": {"uv": [57, 250], "uv_size": [4, 3]},
								"east": {"uv": [53, 250], "uv_size": [4, 3]},
								"south": {"uv": [65, 250], "uv_size": [4, 3]},
								"west": {"uv": [61, 250], "uv_size": [4, 3]},
								"up": {"uv": [57, 246], "uv_size": [4, 4]},
								"down": {"uv": [61, 250], "uv_size": [4, -4]}
							}
						},
						{
							"origin": [-21.255, 34.61052, 10.48514],
							"size": [5.8, 4.35, 5.8],
							"uv": {
								"north": {"uv": [43, 253], "uv_size": [4, 3]},
								"east": {"uv": [39, 253], "uv_size": [4, 3]},
								"south": {"uv": [51, 253], "uv_size": [4, 3]},
								"west": {"uv": [47, 253], "uv_size": [4, 3]},
								"up": {"uv": [43, 249], "uv_size": [4, 4]},
								"down": {"uv": [47, 253], "uv_size": [4, -4]}
							}
						},
						{
							"origin": [-21.435, 73.94302, 10.30514],
							"size": [6.16, 4.71, 6.16],
							"inflate": 0.4,
							"uv": {
								"north": {"uv": [24, 253], "uv_size": [4, 3]},
								"east": {"uv": [20, 253], "uv_size": [4, 3]},
								"south": {"uv": [32, 253], "uv_size": [4, 3]},
								"west": {"uv": [28, 253], "uv_size": [4, 3]},
								"up": {"uv": [24, 249], "uv_size": [4, 4]},
								"down": {"uv": [28, 253], "uv_size": [4, -4]}
							}
						},
						{
							"origin": [15.455, 53.82302, 10.48514],
							"size": [5.8, 21.75, 5.8],
							"uv": {
								"north": {"uv": [8, 241], "uv_size": [-4, 15]},
								"east": {"uv": [12, 241], "uv_size": [-4, 15]},
								"south": {"uv": [16, 241], "uv_size": [-4, 15]},
								"west": {"uv": [4, 241], "uv_size": [-4, 15]},
								"up": {"uv": [8, 237], "uv_size": [-4, 4]},
								"down": {"uv": [12, 241], "uv_size": [-4, -4]}
							}
						},
						{
							"origin": [15.275, 73.94302, 10.30514],
							"size": [6.16, 4.71, 6.16],
							"inflate": 0.4,
							"uv": {
								"north": {"uv": [28, 253], "uv_size": [-4, 3]},
								"east": {"uv": [32, 253], "uv_size": [-4, 3]},
								"south": {"uv": [36, 253], "uv_size": [-4, 3]},
								"west": {"uv": [24, 253], "uv_size": [-4, 3]},
								"up": {"uv": [28, 249], "uv_size": [-4, 4]},
								"down": {"uv": [32, 253], "uv_size": [-4, -4]}
							}
						},
						{
							"origin": [15.455, 34.61052, 10.48514],
							"size": [5.8, 4.35, 5.8],
							"uv": {
								"north": {"uv": [47, 253], "uv_size": [-4, 3]},
								"east": {"uv": [51, 253], "uv_size": [-4, 3]},
								"south": {"uv": [55, 253], "uv_size": [-4, 3]},
								"west": {"uv": [43, 253], "uv_size": [-4, 3]},
								"up": {"uv": [47, 249], "uv_size": [-4, 4]},
								"down": {"uv": [51, 253], "uv_size": [-4, -4]}
							}
						},
						{
							"origin": [15.32, 39.18802, 10.35014],
							"size": [6.07, 4.62, 6.07],
							"inflate": 0.3,
							"uv": {
								"north": {"uv": [61, 250], "uv_size": [-4, 3]},
								"east": {"uv": [65, 250], "uv_size": [-4, 3]},
								"south": {"uv": [69, 250], "uv_size": [-4, 3]},
								"west": {"uv": [57, 250], "uv_size": [-4, 3]},
								"up": {"uv": [61, 246], "uv_size": [-4, 4]},
								"down": {"uv": [65, 250], "uv_size": [-4, -4]}
							}
						},
						{
							"origin": [15.59, 42.35802, 10.62014],
							"size": [5.53, 21.48, 5.53],
							"inflate": -0.3,
							"uv": {
								"north": {"uv": [8, 241], "uv_size": [-4, 15]},
								"east": {"uv": [12, 241], "uv_size": [-4, 15]},
								"south": {"uv": [16, 241], "uv_size": [-4, 15]},
								"west": {"uv": [4, 241], "uv_size": [-4, 15]},
								"up": {"uv": [8, 237], "uv_size": [-4, 4]},
								"down": {"uv": [12, 241], "uv_size": [-4, -4]}
							}
						},
						{
							"origin": [14.15, 48.02302, 11.93514],
							"size": [1.45, 10.15, 2.9],
							"uv": {
								"north": {"uv": [3, 211], "uv_size": [-1, 7]},
								"east": {"uv": [5, 211], "uv_size": [-2, 7]},
								"south": {"uv": [6, 211], "uv_size": [-1, 7]},
								"west": {"uv": [2, 211], "uv_size": [-2, 7]},
								"up": {"uv": [3, 209], "uv_size": [-1, 2]},
								"down": {"uv": [4, 211], "uv_size": [-1, -2]}
							}
						},
						{
							"origin": [14.15, 56.72302, 11.93514],
							"size": [1.45, 10.15, 2.9],
							"uv": {
								"north": {"uv": [3, 211], "uv_size": [-1, 7]},
								"east": {"uv": [5, 211], "uv_size": [-2, 7]},
								"south": {"uv": [6, 211], "uv_size": [-1, 7]},
								"west": {"uv": [2, 211], "uv_size": [-2, 7]},
								"up": {"uv": [3, 209], "uv_size": [-1, 2]},
								"down": {"uv": [4, 211], "uv_size": [-1, -2]}
							}
						},
						{
							"origin": [-8.79, 40.85802, 6.22014],
							"size": [17.58, 7.43, 7.43],
							"inflate": 3.2,
							"pivot": [0, 45.84802, 6.66014],
							"rotation": [-10, 0, 0],
							"uv": {
								"north": {"uv": [5, 197], "uv_size": [12, 5]},
								"east": {"uv": [0, 197], "uv_size": [5, 5]},
								"south": {"uv": [22, 197], "uv_size": [12, 5]},
								"west": {"uv": [17, 197], "uv_size": [5, 5]},
								"up": {"uv": [5, 192], "uv_size": [12, 5]},
								"down": {"uv": [17, 197], "uv_size": [12, -5]}
							}
						}
					],
					"locators": {
						"thrust": {
							"offset": [-18.5, 37.32302, 13.38514],
							"rotation": [180, 0, 0]
						},
						"thrust2": {
							"offset": [18.5, 37.32302, 13.38514],
							"rotation": [180, 0, 0]
						}
					}
				},
				{
					"name": "head",
					"parent": "body",
					"pivot": [0, 63, 0],
					"cubes": [
						{
							"origin": [-0.92, 62.08, -0.92],
							"size": [1.84, 2.76, 1.84],
							"uv": {
								"north": {"uv": [2, 49], "uv_size": [2, 3]},
								"east": {"uv": [0, 49], "uv_size": [2, 3]},
								"south": {"uv": [6, 49], "uv_size": [2, 3]},
								"west": {"uv": [4, 49], "uv_size": [2, 3]},
								"up": {"uv": [2, 47], "uv_size": [2, 2]},
								"down": {"uv": [4, 49], "uv_size": [2, -2]}
							}
						},
						{
							"origin": [-0.92, 63, -0.92],
							"size": [1.84, 1.84, 1.84],
							"uv": {
								"north": {"uv": [2, 4], "uv_size": [2, 2]},
								"east": {"uv": [0, 4], "uv_size": [2, 2]},
								"south": {"uv": [6, 4], "uv_size": [2, 2]},
								"west": {"uv": [4, 4], "uv_size": [2, 2]},
								"up": {"uv": [2, 2], "uv_size": [2, 2]},
								"down": {"uv": [4, 4], "uv_size": [2, -2]}
							}
						},
						{
							"origin": [-4.6, 64.84, -3.68],
							"size": [9.2, 12.88, 5.52],
							"uv": {
								"north": {"uv": [230, 116], "uv_size": [10, 14]},
								"east": {"uv": [224, 116], "uv_size": [6, 14]},
								"south": {"uv": [246, 116], "uv_size": [10, 14]},
								"west": {"uv": [240, 116], "uv_size": [6, 14]},
								"up": {"uv": [230, 110], "uv_size": [10, 6]},
								"down": {"uv": [240, 116], "uv_size": [10, -6]}
							}
						},
						{
							"origin": [-4.6, 70.36, -5.566],
							"size": [9.2, 12.88, 5.52],
							"uv": {
								"north": {"uv": [230, 116], "uv_size": [10, 14]},
								"east": {"uv": [224, 116], "uv_size": [6, 14]},
								"south": {"uv": [246, 116], "uv_size": [10, 14]},
								"west": {"uv": [240, 116], "uv_size": [6, 14]},
								"up": {"uv": [230, 110], "uv_size": [10, 6]},
								"down": {"uv": [240, 116], "uv_size": [10, -6]}
							}
						},
						{
							"origin": [-8.304, 64.356, -9.224],
							"size": [16.608, 6.488, 5.568],
							"inflate": -0.3,
							"uv": {
								"north": {"uv": [214, 138], "uv_size": [18, 7]},
								"east": {"uv": [208, 138], "uv_size": [6, 7]},
								"south": {"uv": [238, 138], "uv_size": [18, 7]},
								"west": {"uv": [232, 138], "uv_size": [6, 7]},
								"up": {"uv": [214, 132], "uv_size": [18, 6]},
								"down": {"uv": [232, 138], "uv_size": [18, -6]}
							}
						},
						{
							"origin": [-3.244, 70.336, -9.224],
							"size": [6.488, 12.008, 5.568],
							"inflate": -0.3,
							"uv": {
								"north": {"uv": [236, 151], "uv_size": [7, 13]},
								"east": {"uv": [230, 151], "uv_size": [6, 13]},
								"south": {"uv": [249, 151], "uv_size": [7, 13]},
								"west": {"uv": [243, 151], "uv_size": [6, 13]},
								"up": {"uv": [236, 145], "uv_size": [7, 6]},
								"down": {"uv": [243, 151], "uv_size": [7, -6]}
							}
						},
						{
							"origin": [2.506, 68.496, -4.624],
							"size": [6.488, 23.968, 5.568],
							"inflate": -0.3,
							"pivot": [0, 62.08, 0],
							"rotation": [0, 0, 5],
							"uv": {
								"north": {"uv": [236, 171], "uv_size": [7, 26]},
								"east": {"uv": [230, 171], "uv_size": [6, 26]},
								"south": {"uv": [249, 171], "uv_size": [7, 26]},
								"west": {"uv": [243, 171], "uv_size": [6, 26]},
								"up": {"uv": [236, 165], "uv_size": [7, 6]},
								"down": {"uv": [243, 171], "uv_size": [7, -6]}
							}
						},
						{
							"origin": [-8.994, 68.496, -4.624],
							"size": [6.488, 23.968, 5.568],
							"inflate": -0.3,
							"pivot": [0, 62.08, 0],
							"rotation": [0, 0, -5],
							"uv": {
								"north": {"uv": [243, 171], "uv_size": [-7, 26]},
								"east": {"uv": [249, 171], "uv_size": [-6, 26]},
								"south": {"uv": [256, 171], "uv_size": [-7, 26]},
								"west": {"uv": [236, 171], "uv_size": [-6, 26]},
								"up": {"uv": [243, 165], "uv_size": [-7, 6]},
								"down": {"uv": [250, 171], "uv_size": [-7, -6]}
							}
						}
					],
					"locators": {
						"spark5": [6.6, 74.96, -2.76],
						"spark6": [8.44, 86.92, -2.76],
						"spark8": [-8.44, 86.92, -2.76],
						"spark7": [-6.6, 74.96, -2.76]
					}
				},
				{
					"name": "left_leg",
					"parent": "root",
					"pivot": [4, 36, 0],
					"cubes": [
						{"origin": [1, 18, -4.5], "size": [8, 19, 8], "inflate": 0.1, "uv": [0, 79]}
					]
				},
				{
					"name": "left_leg2",
					"parent": "left_leg",
					"pivot": [3.5, 19, 0],
					"cubes": [
						{"origin": [1, 0, -4.5], "size": [8, 19, 8], "uv": [32, 93]}
					]
				},
				{
					"name": "right_leg",
					"parent": "root",
					"pivot": [-4, 36, 0],
					"cubes": [
						{"origin": [-9, 18, -4.5], "size": [8, 19, 8], "inflate": 0.1, "uv": [0, 79], "mirror": true}
					]
				},
				{
					"name": "right_leg2",
					"parent": "right_leg",
					"pivot": [-3.5, 19, 0],
					"cubes": [
						{"origin": [-9, 0, -4.5], "size": [8, 19, 8], "uv": [32, 93], "mirror": true}
					]
				}
			]
		}
	]
}