{
	"format_version": "1.12.0",
	"minecraft:geometry": [
		{
			"description": {
				"identifier": "geometry.ic_skibidi_glitch",
				"texture_width": 256,
				"texture_height": 256,
				"visible_bounds_width": 8,
				"visible_bounds_height": 4.5,
				"visible_bounds_offset": [0, 1.75, 0]
			},
			"bones": [
				{
					"name": "toilet",
					"pivot": [0, 0, 0],
					"cubes": [
						{"origin": [-5, 4, -5], "size": [10, 7, 10], "uv": [0, 72]},
						{"origin": [-24, 4, 0], "size": [48, 15, 0], "uv": [160, 171]},
						{"origin": [-6, 0, -6], "size": [12, 4, 12], "uv": [48, 57]},
						{"origin": [-7, 11, -7], "size": [14, 3, 14], "uv": [0, 37]},
						{"origin": [-7, 11, -7.5], "size": [7, 3, 15], "pivot": [0, 21, 0], "rotation": [0, 0, -77.5], "uv": [0, 54]},
						{"origin": [0, 11, -7.5], "size": [7, 3, 15], "pivot": [0, 21, 0], "rotation": [0, 0, 77.5], "uv": [0, 54], "mirror": true},
						{"origin": [-7.5, 11, -7], "size": [15, 3, 7], "pivot": [0, 21, 0], "rotation": [77.5, 0, 0], "uv": [60, 25]},
						{"origin": [-7.5, 11, 0], "size": [15, 3, 7], "pivot": [0, 21, 0], "rotation": [-77.5, 0, 0], "uv": [60, 13]},
						{"origin": [-8, 17.16026, -9.29852], "size": [16, 4, 2], "pivot": [0, 19.16026, -8.29852], "rotation": [-90, 0, 0], "uv": [68, 0]},
						{"origin": [-8, 17.16026, 7.29852], "size": [16, 4, 2], "pivot": [0, 19.16026, 8.29852], "rotation": [90, 0, 0], "uv": [68, 0]},
						{"origin": [7.27352, 17.16026, -8], "size": [2, 4, 16], "pivot": [8.29852, 19.16026, 0], "rotation": [0, 0, -90], "uv": [24, 73]},
						{"origin": [-9.27352, 17.16026, -8], "size": [2, 4, 16], "pivot": [-8.29852, 19.16026, 0], "rotation": [0, 0, 90], "uv": [24, 73]},
						{"origin": [23, 11, -1], "size": [2, 5, 2], "uv": [248, 103]},
						{"origin": [-25, 11, -1], "size": [2, 5, 2], "uv": [248, 103], "mirror": true}
					],
					"locators": {
						"trail": [0, 16, 0]
					}
				},
				{
					"name": "lid1",
					"parent": "toilet",
					"pivot": [0, 21, 9],
					"cubes": [
						{"origin": [-8, 18.16026, -9.29852], "size": [16, 4, 1], "pivot": [0, 20.16026, -8.29852], "rotation": [-90, 0, 0], "uv": [97, 11]},
						{"origin": [-9.27352, 18.16026, -8], "size": [1, 4, 16], "pivot": [-8.29852, 20.16026, 0], "rotation": [0, 0, 90], "uv": [80, 57]},
						{"origin": [-8, 18.16026, 8.29852], "size": [16, 4, 1], "pivot": [0, 20.16026, 8.29852], "rotation": [90, 0, 0], "uv": [97, 11], "mirror": true},
						{"origin": [8.27352, 18.16026, -8], "size": [1, 4, 16], "pivot": [8.29852, 20.16026, 0], "rotation": [0, 0, -90], "uv": [80, 57]}
					]
				},
				{
					"name": "back",
					"parent": "toilet",
					"pivot": [0, 21, 11],
					"cubes": [
						{"origin": [-11.5, 17, 8], "size": [23, 20, 6], "uv": [0, 11]},
						{"origin": [-11, 33, 6], "size": [22, 3, 8], "pivot": [0, 37.5, 13], "rotation": [-77.5, 0, 0], "uv": [0, 0]},
						{"origin": [9.77514, 18.3438, 9.975], "size": [4, 20, 6], "pivot": [2.42514, 29.1438, 13], "rotation": [0, 27.5, 7.5], "uv": [32, 93], "mirror": true},
						{"origin": [-13.77514, 18.3438, 9.975], "size": [4, 20, 6], "pivot": [-2.42514, 29.1438, 13], "rotation": [0, -25, -7.5], "uv": [32, 93]}
					]
				},
				{
					"name": "neck2",
					"parent": "toilet",
					"pivot": [0, 15.55658, 2.98278],
					"rotation": [-2.5, 0, 0],
					"cubes": [
						{"origin": [-2.575, 12.72074, -1.62002], "size": [5, 10, 5], "pivot": [0, 19.87551, -2.30741], "rotation": [25, 0, 0], "uv": [56, 89]}
					]
				},
				{
					"name": "head",
					"parent": "neck2",
					"pivot": [0, 24.55658, -2.01722],
					"rotation": [-7.5, 0, 0],
					"cubes": [
						{"origin": [-5, 22.55658, -7.01722], "size": [10, 11, 10], "pivot": [0, 25.55658, -2.01722], "rotation": [10, 0, 0], "uv": [0, 111]}
					]
				},
				{
					"name": "eyes",
					"parent": "head",
					"pivot": [0, 27.67209, -6.87575],
					"rotation": [10, 0, 0],
					"cubes": [
						{
							"origin": [-3.5, 26.79709, -7.87575],
							"size": [2.25, 1.75, 2],
							"uv": {
								"north": {"uv": [2, 43], "uv_size": [2, 2]},
								"east": {"uv": [0, 43], "uv_size": [2, 2]},
								"south": {"uv": [6, 43], "uv_size": [2, 2]},
								"west": {"uv": [4, 43], "uv_size": [2, 2]},
								"up": {"uv": [2, 41], "uv_size": [2, 2]},
								"down": {"uv": [4, 43], "uv_size": [2, -2]}
							}
						},
						{
							"origin": [1.25, 26.79709, -7.87575],
							"size": [2.25, 1.75, 2],
							"uv": {
								"north": {"uv": [4, 43], "uv_size": [-2, 2]},
								"east": {"uv": [6, 43], "uv_size": [-2, 2]},
								"south": {"uv": [8, 43], "uv_size": [-2, 2]},
								"west": {"uv": [2, 43], "uv_size": [-2, 2]},
								"up": {"uv": [4, 41], "uv_size": [-2, 2]},
								"down": {"uv": [6, 43], "uv_size": [-2, -2]}
							}
						}
					]
				},
				{
					"name": "pupils",
					"parent": "eyes",
					"pivot": [0, 27.67209, -6.87575]
				},
				{
					"name": "1",
					"parent": "pupils",
					"pivot": [0, 27.67209, -6.87575],
					"cubes": [
						{"origin": [-2.85, 27.67209, -8.12575], "size": [1, 1, 1], "inflate": -0.2, "uv": [0, 46]}
					]
				},
				{
					"name": "2",
					"parent": "pupils",
					"pivot": [0, 27.67209, -6.87575],
					"cubes": [
						{"origin": [1.85, 27.67209, -8.12575], "size": [1, 1, 1], "inflate": -0.2, "uv": [0, 46], "mirror": true}
					]
				},
				{
					"name": "mouth",
					"parent": "head",
					"pivot": [0, 24.58158, -1.99222],
					"cubes": [
						{
							"origin": [-4.975, 23.48158, -6.99222],
							"size": [9.9, 3.1, 4],
							"pivot": [0, 25.58158, -1.99222],
							"rotation": [10, 0, 0],
							"uv": {
								"north": {"uv": [46, 135], "uv_size": [10, 3]},
								"east": {"uv": [42, 135], "uv_size": [4, 3]},
								"south": {"uv": [60, 135], "uv_size": [10, 3]},
								"west": {"uv": [56, 135], "uv_size": [4, 3]},
								"up": {"uv": [46, 131], "uv_size": [10, 4]},
								"down": {"uv": [56, 135], "uv_size": [10, -4]}
							}
						},
						{
							"origin": [-5, 22.55658, -7.01722],
							"size": [10, 5, 5],
							"pivot": [0, 25.55658, -2.01722],
							"rotation": [10, 0, 0],
							"uv": {
								"north": {"uv": [47, 144], "uv_size": [10, 5]},
								"east": {"uv": [42, 144], "uv_size": [5, 5]},
								"south": {"uv": [62, 144], "uv_size": [10, 5]},
								"west": {"uv": [57, 144], "uv_size": [5, 5]},
								"up": {"uv": [47, 139], "uv_size": [10, 5]},
								"down": {"uv": [57, 144], "uv_size": [10, -5]}
							}
						}
					]
				},
				{
					"name": "upper_mouth",
					"parent": "mouth",
					"pivot": [0, 24.58158, -1.99222],
					"cubes": [
						{
							"origin": [-4, 25.05658, -7.01722],
							"size": [8, 2, 0],
							"pivot": [0, 25.55658, -2.01722],
							"rotation": [10, 0, 0],
							"uv": {
								"north": {"uv": [0, 142], "uv_size": [8, 2]},
								"east": {"uv": [0, 142], "uv_size": [0, 2]},
								"south": {"uv": [8, 142], "uv_size": [8, 2]},
								"west": {"uv": [8, 142], "uv_size": [0, 2]},
								"up": {"uv": [0, 142], "uv_size": [8, 0]},
								"down": {"uv": [8, 142], "uv_size": [8, 0]}
							}
						}
					]
				},
				{
					"name": "lower_mouth2",
					"parent": "mouth",
					"pivot": [0, 24.58158, -1.99222],
					"cubes": [
						{
							"origin": [-4, 23.05658, -7.01722],
							"size": [8, 2, 0],
							"pivot": [0, 25.55658, -2.01722],
							"rotation": [10, 0, 0],
							"uv": {
								"north": {"uv": [0, 144], "uv_size": [8, -2]},
								"east": {"uv": [0, 142], "uv_size": [0, 2]},
								"south": {"uv": [8, 142], "uv_size": [8, 2]},
								"west": {"uv": [8, 142], "uv_size": [0, 2]},
								"up": {"uv": [0, 142], "uv_size": [8, 0]},
								"down": {"uv": [8, 142], "uv_size": [8, 0]}
							}
						}
					]
				},
				{
					"name": "teeth",
					"parent": "head",
					"pivot": [0, 24.55658, -3.01722]
				},
				{
					"name": "upper",
					"parent": "teeth",
					"pivot": [0, 25.05658, -2.01722],
					"cubes": [
						{"origin": [-3, 24.86015, -6.2625], "size": [6, 2, 4], "pivot": [0, 25.86015, -4.2625], "rotation": [-170, 0, 0], "uv": [35, 56]}
					]
				},
				{
					"name": "lower",
					"parent": "teeth",
					"pivot": [0, 25.20658, -2.01722],
					"cubes": [
						{"origin": [-3, 22.89053, -5.9152], "size": [6, 2, 4], "pivot": [0, 23.89053, -3.9152], "rotation": [170, 0, 180], "uv": [35, 56]}
					]
				},
				{
					"name": "shield_front",
					"parent": "toilet",
					"pivot": [0, 7, -4],
					"cubes": [
						{"origin": [-3.5, 7, -11], "size": [7, 1, 7], "pivot": [0, 7, -4], "rotation": [12.5, 0, 0], "uv": [228, 0]},
						{"origin": [-4.5, 3, -11], "size": [9, 5, 1], "pivot": [0, 7, -4], "rotation": [20, 0, 0], "uv": [236, 26]},
						{"origin": [-4.5, 5.31579, -10.94653], "size": [9, 15, 1], "inflate": 0.1, "pivot": [0, 7.81579, -10.19653], "rotation": [6, 0, 0], "uv": [236, 38]}
					]
				},
				{
					"name": "shield_front2",
					"parent": "toilet",
					"pivot": [1, 7, 0],
					"rotation": [0, -57.5, 0],
					"cubes": [
						{"origin": [-2.5, 7, -8.75], "size": [7, 1, 7], "inflate": -0.1, "pivot": [1, 7, -5], "rotation": [12.5, 0, 0], "uv": [228, 0]},
						{"origin": [-2.5, 7, -11.75], "size": [7, 1, 7], "pivot": [1, 7, -5], "rotation": [12.5, 0, 0], "uv": [228, 0]},
						{"origin": [-3.5, 3, -12], "size": [9, 5, 1], "pivot": [1, 7, -5], "rotation": [20, 0, 0], "uv": [236, 26]},
						{"origin": [-3.5, 5.31579, -11.94653], "size": [9, 15, 1], "inflate": 0.1, "pivot": [1, 7.81579, -11.19653], "rotation": [6, 0, 0], "uv": [236, 38]}
					]
				},
				{
					"name": "shield_front3",
					"parent": "toilet",
					"pivot": [-1, 7, 0],
					"rotation": [0, 57.5, 0],
					"cubes": [
						{"origin": [-4.5, 7, -8.75], "size": [7, 1, 7], "inflate": -0.1, "pivot": [-1, 7, -5], "rotation": [12.5, 0, 0], "uv": [228, 0], "mirror": true},
						{"origin": [-4.5, 7, -11.75], "size": [7, 1, 7], "pivot": [-1, 7, -5], "rotation": [12.5, 0, 0], "uv": [228, 0], "mirror": true},
						{"origin": [-5.5, 3, -12], "size": [9, 5, 1], "pivot": [-1, 7, -5], "rotation": [20, 0, 0], "uv": [236, 26], "mirror": true},
						{"origin": [-5.5, 5.31579, -11.94653], "size": [9, 15, 1], "inflate": 0.1, "pivot": [-1, 7.81579, -11.19653], "rotation": [6, 0, 0], "uv": [236, 38], "mirror": true}
					]
				}
			]
		}
	]
}