{
	"format_version": "1.12.0",
	"minecraft:geometry": [
		{
			"description": {
				"identifier": "geometry.ic_speakerman",
				"texture_width": 128,
				"texture_height": 128,
				"visible_bounds_width": 4,
				"visible_bounds_height": 5,
				"visible_bounds_offset": [0, 2.5, 0]
			},
			"bones": [
				{
					"name": "root",
					"pivot": [0, 0, 0]
				},
				{
					"name": "waist",
					"parent": "root",
					"pivot": [0, 12, 0]
				},
				{
					"name": "body",
					"parent": "waist",
					"pivot": [0, 24, 0],
					"cubes": [
						{"origin": [-4, 12, -2], "size": [8, 12, 4], "uv": [0, 32]}
					]
				},
				{
					"name": "neck",
					"parent": "body",
					"pivot": [0, 24, 0],
					"cubes": [
						{"origin": [-1, 23, -1], "size": [2, 2, 2], "uv": [0, 0]}
					]
				},
				{
					"name": "head",
					"parent": "neck",
					"pivot": [-0.05, 24.5, -0.35],
					"cubes": [
						{
							"origin": [-4.14, 24.74, -2.76],
							"size": [8.28, 5.52, 5.52],
							"uv": {
								"north": {"uv": [10, 9], "uv_size": [9, 6]},
								"east": {"uv": [4, 9], "uv_size": [6, 6]},
								"south": {"uv": [25, 9], "uv_size": [9, 6]},
								"west": {"uv": [19, 9], "uv_size": [6, 6]},
								"up": {"uv": [10, 3], "uv_size": [9, 6]},
								"down": {"uv": [19, 9], "uv_size": [9, -6]}
							}
						}
					],
					"locators": {
						"spark": [0, 27, -2]
					}
				},
				{
					"name": "hat",
					"parent": "head",
					"pivot": [1.95, 22, -0.75],
					"cubes": [
						{"origin": [-4.5, 24.5, -3], "size": [9, 6, 6], "uv": [4, 15]},
						{"origin": [-1.5, 26, -3.075], "size": [3, 3, 0], "uv": [0, 69]},
						{
							"origin": [-1.75, 25.75, -3.025],
							"size": [3.5, 3.5, 0],
							"uv": {
								"north": {"uv": [0, 73], "uv_size": [3, 3]},
								"east": {"uv": [0, 73], "uv_size": [0, 3]},
								"south": {"uv": [3, 73], "uv_size": [3, 3]},
								"west": {"uv": [3, 73], "uv_size": [0, 3]},
								"up": {"uv": [0, 73], "uv_size": [3, 0]},
								"down": {"uv": [3, 73], "uv_size": [3, 0]}
							}
						}
					]
				},
				{
					"name": "leftArm",
					"parent": "body",
					"pivot": [5, 21.5, 0],
					"cubes": [
						{"origin": [4, 11.5, -2], "size": [3, 12, 4], "uv": [56, 0]}
					]
				},
				{
					"name": "leftSleeve",
					"parent": "leftArm",
					"pivot": [5, 21.5, 0],
					"cubes": [
						{"origin": [4, 11.5, -2], "size": [3, 12, 4], "inflate": 0.25, "uv": [72, 0]}
					]
				},
				{
					"name": "leftItem",
					"parent": "leftArm",
					"pivot": [6, 14.5, 1]
				},
				{
					"name": "rightArm",
					"parent": "body",
					"pivot": [-5, 21.5, 0],
					"cubes": [
						{"origin": [-7, 11.5, -2], "size": [3, 12, 4], "uv": [32, 50]}
					]
				},
				{
					"name": "rightSleeve",
					"parent": "rightArm",
					"pivot": [-5, 21.5, 0],
					"cubes": [
						{"origin": [-7, 11.5, -2], "size": [3, 12, 4], "inflate": 0.25, "uv": [48, 50]}
					]
				},
				{
					"name": "rightItem",
					"parent": "rightArm",
					"pivot": [-6, 14.5, 0],
					"locators": {
						"lead_hold": [0, 0, -15]
					}
				},
				{
					"name": "jacket",
					"parent": "body",
					"pivot": [0, 24, 0],
					"cubes": [
						{"origin": [-4, 10, -2], "size": [8, 14, 4], "inflate": 0.1, "uv": [28, 28]}
					]
				},
				{
					"name": "cape",
					"parent": "body",
					"pivot": [0, 24, -3]
				},
				{
					"name": "rightleg",
					"parent": "root",
					"pivot": [-1.9, 12, 0],
					"cubes": [
						{"origin": [-3.9, 0, -2], "size": [4, 12, 4], "uv": [16, 48]}
					]
				},
				{
					"name": "rightPants",
					"parent": "rightleg",
					"pivot": [-1.9, 12, 0],
					"cubes": [
						{"origin": [-3.9, 0, -2], "size": [4, 12, 4], "inflate": 0.25, "uv": [0, 48]}
					]
				},
				{
					"name": "leftleg",
					"parent": "root",
					"pivot": [1.9, 12, 0],
					"cubes": [
						{"origin": [-0.1, 0, -2], "size": [4, 12, 4], "uv": [69, 30]}
					]
				},
				{
					"name": "leftPants",
					"parent": "leftleg",
					"pivot": [1.9, 12, 0],
					"cubes": [
						{"origin": [-0.1, 0, -2], "size": [4, 12, 4], "inflate": 0.25, "uv": [53, 30]}
					]
				}
			]
		}
	]
}