{
	"format_version": "1.8.0",
	"animations": {
		"animation.human.infected2": {
			"loop": true,
			"animation_length": 1,
			"particle_effects": {
				"0.0": {
					"effect": "electric_spark",
					"locator": "spark"
				}
			}
		},
		"animation.human.infected": {
			"loop": true,
			"animation_length": 0.1667,
			"bones": {
				"head": {
					"rotation": {
						"0.0": [7.50186, 2.80485, -2.15234],
						"0.0833": [7.72503, -2.46854, -0.32997],
						"0.1667": [7.50186, 2.80485, -2.15234]
					}
				},
				"leftArm": {
					"rotation": {
						"0.0": [0, 0, -2.5],
						"0.0833": [0, 0, -5],
						"0.1667": [0, 0, -2.5]
					}
				},
				"rightArm": {
					"rotation": {
						"0.0": [0, 0, 2.5],
						"0.0833": [0, 0, 5],
						"0.1667": [0, 0, 2.5]
					}
				},
				"left_arm": {
					"rotation": {
						"0.0": [0, 0, -2.5],
						"0.0833": [0, 0, -5],
						"0.1667": [0, 0, -2.5]
					}
				},
				"right_arm": {
					"rotation": {
						"0.0": [0, 0, 2.5],
						"0.0833": [0, 0, 5],
						"0.1667": [0, 0, 2.5]
					}
				}
			}
		},
		"animation.human.infected_sprint": {
			"loop": true,
			"animation_length": 2,
			"anim_time_update": "query.anim_time + query.delta_time * (query.ground_speed/1.5) * (query.is_on_ground ? 1.0 : 0.3)",
			"bones": {
				"root": {
					"position": {
						"0.0": {
							"post": [0, 0, 0],
							"lerp_mode": "catmullrom"
						},
						"0.25": {
							"post": [0, 0.44, 0],
							"lerp_mode": "catmullrom"
						},
						"0.5": {
							"post": [0, -1, 0],
							"lerp_mode": "catmullrom"
						},
						"1.0": {
							"post": [0, 0, 0],
							"lerp_mode": "catmullrom"
						},
						"1.25": {
							"post": [0, 0.5, 0],
							"lerp_mode": "catmullrom"
						},
						"1.5": {
							"post": [0, -1, 0],
							"lerp_mode": "catmullrom"
						},
						"2.0": {
							"post": [0, 0, 0],
							"lerp_mode": "catmullrom"
						}
					}
				},
				"waist": {
					"rotation": {
						"0.0": {
							"post": [5, 0, 0],
							"lerp_mode": "catmullrom"
						},
						"0.5": {
							"post": [5, 7.5, 0],
							"lerp_mode": "catmullrom"
						},
						"1.0": {
							"post": [5, 0, 0],
							"lerp_mode": "catmullrom"
						},
						"1.5": {
							"post": [5, -7.5, 0],
							"lerp_mode": "catmullrom"
						},
						"2.0": {
							"post": [5, 0, 0],
							"lerp_mode": "catmullrom"
						}
					}
				},
				"leftArm": {
					"rotation": {
						"0.0": {
							"post": [-93.18458, -6.79382, -64.81092],
							"lerp_mode": "catmullrom"
						},
						"0.2083": {
							"post": [-94.83711, -5.73853, -49.75742],
							"lerp_mode": "catmullrom"
						},
						"0.5": {
							"post": [-87.30864, 4.21541, -57.40093],
							"lerp_mode": "catmullrom"
						},
						"1.0": {
							"post": [-94.04618, -6.3202, -57.27652],
							"lerp_mode": "catmullrom"
						},
						"1.2083": {
							"post": [-94.58217, -5.94383, -52.26198],
							"lerp_mode": "catmullrom"
						},
						"1.5": {
							"post": [-87.30864, 4.21541, -57.40093],
							"lerp_mode": "catmullrom"
						},
						"2.0": {
							"post": [-93.18458, -6.79382, -64.81092],
							"lerp_mode": "catmullrom"
						}
					},
					"position": {
						"0.0": {
							"post": [0, 0, 0],
							"lerp_mode": "catmullrom"
						},
						"0.2917": {
							"post": [0, 0, -1],
							"lerp_mode": "catmullrom"
						},
						"0.5833": {
							"post": [0, -1, -1],
							"lerp_mode": "catmullrom"
						},
						"1.0": {
							"post": [0, 0, 0],
							"lerp_mode": "catmullrom"
						},
						"1.2917": {
							"post": [0, 0, -1],
							"lerp_mode": "catmullrom"
						},
						"1.5833": {
							"post": [0, -1, -1],
							"lerp_mode": "catmullrom"
						},
						"2.0": {
							"post": [0, 0, 0],
							"lerp_mode": "catmullrom"
						}
					}
				},
				"rightArm": {
					"rotation": {
						"0.0": {
							"post": [-93.18458, 6.79382, 64.81092],
							"lerp_mode": "catmullrom"
						},
						"0.2917": {
							"post": [-94.83711, 5.73853, 49.75742],
							"lerp_mode": "catmullrom"
						},
						"0.5833": {
							"post": [-87.30864, -4.21541, 57.40093],
							"lerp_mode": "catmullrom"
						},
						"1.0833": {
							"post": [-94.04618, 6.3202, 57.27652],
							"lerp_mode": "catmullrom"
						},
						"1.2917": {
							"post": [-94.58217, 5.94383, 52.26198],
							"lerp_mode": "catmullrom"
						},
						"1.5833": {
							"post": [-87.30864, -4.21541, 57.40093],
							"lerp_mode": "catmullrom"
						},
						"2.0": {
							"post": [-93.18458, 6.79382, 64.81092],
							"lerp_mode": "catmullrom"
						}
					},
					"position": {
						"0.0": {
							"post": [0, 0, 0],
							"lerp_mode": "catmullrom"
						},
						"0.4167": {
							"post": [0, 0, -1],
							"lerp_mode": "catmullrom"
						},
						"0.7083": {
							"post": [0, -1, -1],
							"lerp_mode": "catmullrom"
						},
						"1.0833": {
							"post": [0, 0, 0],
							"lerp_mode": "catmullrom"
						},
						"1.4167": {
							"post": [0, 0, -1],
							"lerp_mode": "catmullrom"
						},
						"1.7083": {
							"post": [0, -1, -1],
							"lerp_mode": "catmullrom"
						},
						"2.0": {
							"post": [0, 0, 0],
							"lerp_mode": "catmullrom"
						}
					}
				},
				"rightleg": {
					"rotation": {
						"0.0": {
							"post": [12.5, 0, 0],
							"lerp_mode": "catmullrom"
						},
						"0.5": [-20, 0, 0],
						"1.0": [0, 0, 0],
						"1.5": {
							"pre": [42.5, 0, 0],
							"post": [42.5, 0, 0],
							"lerp_mode": "catmullrom"
						},
						"2.0": {
							"post": [12.5, 0, 0],
							"lerp_mode": "catmullrom"
						}
					},
					"position": {
						"0.0": {
							"post": [0, 3, 0],
							"lerp_mode": "catmullrom"
						},
						"0.5": [0, 1, -2],
						"1.0": [0, 0, 0],
						"1.5": {
							"pre": [0, 0, 1],
							"post": [0, 0, 1],
							"lerp_mode": "catmullrom"
						},
						"2.0": {
							"post": [0, 3, 0],
							"lerp_mode": "catmullrom"
						}
					}
				},
				"leftleg": {
					"rotation": {
						"0.0": [0, 0, 0],
						"0.5": {
							"pre": [37.5, 0, 0],
							"post": [37.5, 0, 0],
							"lerp_mode": "catmullrom"
						},
						"1.0": {
							"post": [12.5, 0, 0],
							"lerp_mode": "catmullrom"
						},
						"1.5": [-20, 0, 0],
						"2.0": [0, 0, 0]
					},
					"position": {
						"0.0": [0, 0, 0],
						"0.5": {
							"pre": [0, 0, 1],
							"post": [0, 0, 1],
							"lerp_mode": "catmullrom"
						},
						"1.0": {
							"post": [0, 3, 0],
							"lerp_mode": "catmullrom"
						},
						"1.5": [0, 1, -2],
						"2.0": [0, 0, 0]
					}
				}
			}
		},
		"animation.human.walk": {
			"loop": true,
			"animation_length": 2,
			"anim_time_update": "query.anim_time + query.delta_time * (query.ground_speed/1.5) * (query.is_on_ground ? 1.0 : 0.3)",
			"bones": {
				"waist": {
					"rotation": {
						"0.0": {
							"post": [0, 0, 0],
							"lerp_mode": "catmullrom"
						},
						"0.5": {
							"post": [0, 5, 0],
							"lerp_mode": "catmullrom"
						},
						"1.0": {
							"post": [0, 0, 0],
							"lerp_mode": "catmullrom"
						},
						"1.5": {
							"post": [0, -5, 0],
							"lerp_mode": "catmullrom"
						},
						"2.0": {
							"post": [0, 0, 0],
							"lerp_mode": "catmullrom"
						}
					},
					"position": {
						"0.0": {
							"post": [0, 0, 0],
							"lerp_mode": "catmullrom"
						},
						"0.5": {
							"post": [0, -1, 0],
							"lerp_mode": "catmullrom"
						},
						"1.0": {
							"post": [0, 0, 0],
							"lerp_mode": "catmullrom"
						},
						"1.5": {
							"post": [0, -1, 0],
							"lerp_mode": "catmullrom"
						},
						"2.0": {
							"post": [0, 0, 0],
							"lerp_mode": "catmullrom"
						}
					}
				},
				"leftArm": {
					"rotation": {
						"0.0": {
							"post": [-10, 0, 0],
							"lerp_mode": "catmullrom"
						},
						"0.5": {
							"post": [-32.5, 0, 0],
							"lerp_mode": "catmullrom"
						},
						"1.0417": {
							"post": [-5, 0, 0],
							"lerp_mode": "catmullrom"
						},
						"1.5": {
							"post": [22.5, 0, 0],
							"lerp_mode": "catmullrom"
						},
						"2.0": {
							"post": [-10, 0, 0],
							"lerp_mode": "catmullrom"
						}
					}
				},
				"rightArm": {
					"rotation": {
						"0.0": {
							"post": [2.5, 0, 0],
							"lerp_mode": "catmullrom"
						},
						"0.5": {
							"post": [30, 0, 0],
							"lerp_mode": "catmullrom"
						},
						"1.0": {
							"post": [0, 0, 0],
							"lerp_mode": "catmullrom"
						},
						"1.5": {
							"post": [-35, 0, 0],
							"lerp_mode": "catmullrom"
						},
						"2.0": {
							"post": [2.5, 0, 0],
							"lerp_mode": "catmullrom"
						}
					}
				},
				"rightleg": {
					"rotation": {
						"0.0": {
							"post": [15, 0, 0],
							"lerp_mode": "catmullrom"
						},
						"0.5": [-20, 0, 0],
						"1.0": [0, 0, 0],
						"1.5": {
							"pre": [22.5, 0, 0],
							"post": [22.5, 0, 0],
							"lerp_mode": "catmullrom"
						},
						"2.0": {
							"post": [15, 0, 0],
							"lerp_mode": "catmullrom"
						}
					},
					"position": {
						"0.0": {
							"post": [0, 2, -1],
							"lerp_mode": "catmullrom"
						},
						"0.5": [0, 0, -1],
						"1.0": [0, 0, 0],
						"1.5": {
							"pre": [0, 0, 0],
							"post": [0, 0, 0],
							"lerp_mode": "catmullrom"
						},
						"2.0": {
							"post": [0, 2, -1],
							"lerp_mode": "catmullrom"
						}
					}
				},
				"leftleg": {
					"rotation": {
						"0.0": [0, 0, 0],
						"0.5": {
							"pre": [22.5, 0, 0],
							"post": [22.5, 0, 0],
							"lerp_mode": "catmullrom"
						},
						"1.0": {
							"post": [15, 0, 0],
							"lerp_mode": "catmullrom"
						},
						"1.5": [-20, 0, 0],
						"2.0": [0, 0, 0]
					},
					"position": {
						"0.0": [0, 0, 0],
						"0.5": {
							"pre": [0, 0, 0],
							"post": [0, 0, 0],
							"lerp_mode": "catmullrom"
						},
						"1.0": {
							"post": [0, 2, -1],
							"lerp_mode": "catmullrom"
						},
						"1.5": [0, 0, -1],
						"2.0": [0, 0, 0]
					}
				},
				"root": {
					"position": {
						"0.0": {
							"post": [0, 0, 0],
							"lerp_mode": "catmullrom"
						},
						"0.25": [0, 1, 0],
						"0.5": {
							"pre": [0, 0, 0],
							"post": [0, 0, 0],
							"lerp_mode": "catmullrom"
						},
						"1.0": {
							"post": [0, 0, 0],
							"lerp_mode": "catmullrom"
						},
						"1.25": [0, 1, 0],
						"1.5": {
							"pre": [0, 0, 0],
							"post": [0, 0, 0],
							"lerp_mode": "catmullrom"
						},
						"2.0": {
							"post": [0, 0, 0],
							"lerp_mode": "catmullrom"
						}
					}
				}
			}
		},
		"animation.human.idle": {
			"loop": true,
			"animation_length": 4,
			"bones": {
				"waist": {
					"rotation": {
						"0.0": {
							"post": [0.6, 0, 0],
							"lerp_mode": "catmullrom"
						},
						"1.0": {
							"post": [0, 0, 1.5],
							"lerp_mode": "catmullrom"
						},
						"1.8333": [2.5, 0, 0],
						"2.75": {
							"pre": [2.49762, 0.10901, -2.49762],
							"post": [2.49762, 0.10901, -2.49762],
							"lerp_mode": "catmullrom"
						},
						"4.0": {
							"post": [0.6, 0, 0],
							"lerp_mode": "catmullrom"
						}
					},
					"position": {
						"0.0": {
							"post": [0, -0.12, 0],
							"lerp_mode": "catmullrom"
						},
						"0.5": {
							"post": [0, 0, 0],
							"lerp_mode": "catmullrom"
						},
						"2.25": [0, -0.5, 0],
						"2.75": [0, -0.5, 0],
						"4.0": {
							"pre": [0, -0.12, 0],
							"post": [0, -0.12, 0],
							"lerp_mode": "catmullrom"
						}
					}
				},
				"leftArm": {
					"rotation": {
						"0.0": {
							"post": [0, 0, -4.26],
							"lerp_mode": "catmullrom"
						},
						"0.5": {
							"post": [0, 0, -7.29],
							"lerp_mode": "catmullrom"
						},
						"1.1667": {
							"post": [0, 0, -5],
							"lerp_mode": "catmullrom"
						},
						"2.5": {
							"post": [0, 0, 0],
							"lerp_mode": "catmullrom"
						},
						"3.5": {
							"post": [0, 0, -2.5],
							"lerp_mode": "catmullrom"
						},
						"4.0": {
							"post": [0, 0, -4.26],
							"lerp_mode": "catmullrom"
						}
					},
					"position": {
						"0.0": [0, -0.08, 0],
						"1.0": [0, 0, 0],
						"2.5": [0, -0.25, 0],
						"3.5": [0, -0.25, 0],
						"4.0": [0, -0.08, 0]
					}
				},
				"rightArm": {
					"rotation": {
						"0.0": {
							"post": [0, 0, 4.26],
							"lerp_mode": "catmullrom"
						},
						"0.5": {
							"post": [0, 0, 2.34],
							"lerp_mode": "catmullrom"
						},
						"1.1667": {
							"post": [0, 0, 5],
							"lerp_mode": "catmullrom"
						},
						"1.8333": {
							"post": [0, 0, 2.5],
							"lerp_mode": "catmullrom"
						},
						"2.5": {
							"post": [0, 0, 4.75],
							"lerp_mode": "catmullrom"
						},
						"3.25": {
							"post": [0, 0, 2.5],
							"lerp_mode": "catmullrom"
						},
						"4.0": {
							"post": [0, 0, 4.26],
							"lerp_mode": "catmullrom"
						}
					},
					"position": {
						"0.0": [0, -0.08, 0],
						"0.9167": [0, 0, 0],
						"1.8333": [0, -0.25, 0],
						"3.0": [0, -0.25, 0],
						"4.0": [0, -0.08, 0]
					}
				},
				"rightleg": {
					"rotation": [0, 5, 2.5]
				},
				"leftleg": {
					"rotation": [0, -5, -2.5],
					"position": [0, 0, 0]
				}
			}
		},
		"animation.human.jump": {
			"animation_length": 2,
			"bones": {
				"waist": {
					"rotation": {
						"0.0": {
							"post": [0, 0, 0],
							"lerp_mode": "catmullrom"
						},
						"0.125": {
							"post": [12.5, 0, 0],
							"lerp_mode": "catmullrom"
						},
						"0.3333": {
							"post": [2.5, 0, 0],
							"lerp_mode": "catmullrom"
						},
						"2.0": {
							"post": [0, 0, 0],
							"lerp_mode": "catmullrom"
						}
					}
				}
			}
		},
		"animation.human.sprint": {
			"loop": true,
			"animation_length": 2,
			"anim_time_update": "query.anim_time + query.delta_time * (query.ground_speed/1.5) * (query.is_on_ground ? 1.0 : 0.3)",
			"bones": {
				"root": {
					"position": {
						"0.0": {
							"post": [0, 0, 0],
							"lerp_mode": "catmullrom"
						},
						"0.25": [0, 0.58, 0],
						"0.5": {
							"pre": [0, -1, 0],
							"post": [0, -1, 0],
							"lerp_mode": "catmullrom"
						},
						"1.0": {
							"post": [0, 0, 0],
							"lerp_mode": "catmullrom"
						},
						"1.25": [0, 0.65, 0],
						"1.5": {
							"pre": [0, -1, 0],
							"post": [0, -1, 0],
							"lerp_mode": "catmullrom"
						},
						"2.0": {
							"post": [0, 0, 0],
							"lerp_mode": "catmullrom"
						}
					}
				},
				"waist": {
					"rotation": {
						"0.0": {
							"post": [5, 0, 0],
							"lerp_mode": "catmullrom"
						},
						"0.5": {
							"post": [5, 7.5, 0],
							"lerp_mode": "catmullrom"
						},
						"1.0": {
							"post": [5, 0, 0],
							"lerp_mode": "catmullrom"
						},
						"1.5": {
							"post": [5, -7.5, 0],
							"lerp_mode": "catmullrom"
						},
						"2.0": {
							"post": [5, 0, 0],
							"lerp_mode": "catmullrom"
						}
					},
					"position": {
						"0.0": {
							"post": [0, 0, 0],
							"lerp_mode": "catmullrom"
						},
						"0.5": {
							"post": [0, 1, 0],
							"lerp_mode": "catmullrom"
						},
						"0.75": {
							"post": [0, -0.5, 0],
							"lerp_mode": "catmullrom"
						},
						"1.0": {
							"post": [0, 0, 0],
							"lerp_mode": "catmullrom"
						},
						"1.5": {
							"post": [0, 1, 0],
							"lerp_mode": "catmullrom"
						},
						"1.75": {
							"post": [0, -0.44, 0],
							"lerp_mode": "catmullrom"
						},
						"2.0": {
							"post": [0, 0, 0],
							"lerp_mode": "catmullrom"
						}
					}
				},
				"leftArm": {
					"rotation": {
						"0.0": {
							"post": [-4.62111, -1.91135, -22.42287],
							"lerp_mode": "catmullrom"
						},
						"0.5": {
							"post": [-60.72793, 25.09493, -33.02539],
							"lerp_mode": "catmullrom"
						},
						"0.75": {
							"post": [-27.38493, 24.93715, -8.21613],
							"lerp_mode": "catmullrom"
						},
						"1.0": {
							"post": [-5.17819, 16.78085, -9.02706],
							"lerp_mode": "catmullrom"
						},
						"1.5": {
							"post": [35.04256, -0.65182, -7.47178],
							"lerp_mode": "catmullrom"
						},
						"2.0": {
							"post": [-4.62111, -1.91135, -22.42287],
							"lerp_mode": "catmullrom"
						}
					}
				},
				"rightArm": {
					"rotation": {
						"0.0": {
							"post": [0, -7.5, 7.5],
							"lerp_mode": "catmullrom"
						},
						"0.5": {
							"post": [42.5, 0, 7.5],
							"lerp_mode": "catmullrom"
						},
						"1.0": {
							"post": [0, 0, 17.5],
							"lerp_mode": "catmullrom"
						},
						"1.5": {
							"post": [-74.90323, -33.48798, 54.04851],
							"lerp_mode": "catmullrom"
						},
						"1.75": {
							"post": [-24.11479, -33.13588, 17.02565],
							"lerp_mode": "catmullrom"
						},
						"2.0": {
							"post": [0, -7.5, 7.5],
							"lerp_mode": "catmullrom"
						}
					}
				},
				"rightleg": {
					"rotation": {
						"0.0": {
							"post": [12.5, 0, 0],
							"lerp_mode": "catmullrom"
						},
						"0.5": [-20, 0, 0],
						"1.0": [0, 0, 0],
						"1.5": {
							"pre": [42.5, 0, 0],
							"post": [42.5, 0, 0],
							"lerp_mode": "catmullrom"
						},
						"2.0": {
							"post": [12.5, 0, 0],
							"lerp_mode": "catmullrom"
						}
					},
					"position": {
						"0.0": {
							"post": [0, 3, 0],
							"lerp_mode": "catmullrom"
						},
						"0.5": [0, 1, -2],
						"1.0": [0, 0, 0],
						"1.5": {
							"pre": [0, 0, 1],
							"post": [0, 0, 1],
							"lerp_mode": "catmullrom"
						},
						"2.0": {
							"post": [0, 3, 0],
							"lerp_mode": "catmullrom"
						}
					}
				},
				"leftleg": {
					"rotation": {
						"0.0": [0, 0, 0],
						"0.5": {
							"pre": [37.5, 0, 0],
							"post": [37.5, 0, 0],
							"lerp_mode": "catmullrom"
						},
						"1.0": {
							"post": [12.5, 0, 0],
							"lerp_mode": "catmullrom"
						},
						"1.5": [-20, 0, 0],
						"2.0": [0, 0, 0]
					},
					"position": {
						"0.0": [0, 0, 0],
						"0.5": {
							"pre": [0, 0, 1],
							"post": [0, 0, 1],
							"lerp_mode": "catmullrom"
						},
						"1.0": {
							"post": [0, 3, 0],
							"lerp_mode": "catmullrom"
						},
						"1.5": [0, 1, -2],
						"2.0": [0, 0, 0]
					}
				}
			}
		},
		"animation.human.look_at_target": {
			"loop": true,
			"bones": {
				"left_arm": {
					"rotation": ["-query.target_x_rotation * 0.35", 0, 0]
				},
				"right_arm": {
					"rotation": ["-query.target_x_rotation * 0.3", 0, 0]
				},
				"waist": {
					"rotation": ["query.target_x_rotation * 0.4", "query.target_y_rotation * 0.15", 0]
				},
				"head": {
					"rotation": ["query.target_x_rotation * 0.6", "query.target_y_rotation * 0.85", "query.target_y_rotation * 0.1"]
				}
			}
		},
		"animation.plunger.attack2": {
			"animation_length": 1.5,
			"bones": {
				"waist": {
					"rotation": {
						"0.0": [0, 0, 0],
						"0.25": {
							"pre": [-5.17544, 14.94159, -1.3378],
							"post": [-5.17544, 14.94159, -1.3378],
							"lerp_mode": "catmullrom"
						},
						"0.5417": {
							"post": [-5.17544, 14.94159, -1.3378],
							"lerp_mode": "catmullrom"
						},
						"0.75": {
							"post": [10.56887, -17.22081, -3.16173],
							"lerp_mode": "catmullrom"
						},
						"1.5": [0, 0, 0]
					}
				},
				"head": {
					"rotation": {
						"0.0": {
							"post": [0, 0, 0],
							"lerp_mode": "catmullrom"
						},
						"0.2083": {
							"post": [18.29388, -16.66577, -5.41615],
							"lerp_mode": "catmullrom"
						},
						"0.5": {
							"post": [17.89807, -11.91276, -3.81397],
							"lerp_mode": "catmullrom"
						},
						"0.8333": {
							"post": [11.1462, 17.83336, 3.66209],
							"lerp_mode": "catmullrom"
						},
						"1.5": {
							"post": [0, 0, 0],
							"lerp_mode": "catmullrom"
						}
					}
				},
				"rightArm": {
					"rotation": {
						"0.0": {
							"post": [0, 0, 0],
							"lerp_mode": "catmullrom"
						},
						"0.2083": {
							"post": [29.21946, 0.32917, 22.04296],
							"lerp_mode": "catmullrom"
						},
						"0.5417": {
							"post": [29.22, 0.33, 22.04],
							"lerp_mode": "catmullrom"
						},
						"0.7083": {
							"post": [-50.98735, -4.4058, 27.86103],
							"lerp_mode": "catmullrom"
						},
						"1.0": {
							"post": [-50.99, -4.41, 27.86],
							"lerp_mode": "catmullrom"
						},
						"1.5": {
							"post": [0, 0, 0],
							"lerp_mode": "catmullrom"
						}
					}
				},
				"plunger2": {
					"rotation": {
						"0.0": [0, 0, 0],
						"0.5417": {
							"pre": [0, 0, 0],
							"post": [0, 0, 0],
							"lerp_mode": "catmullrom"
						},
						"0.7083": {
							"post": [52.5, 0, 0],
							"lerp_mode": "catmullrom"
						},
						"1.0": {
							"post": [52.5, 0, 0],
							"lerp_mode": "catmullrom"
						},
						"1.25": [0, 0, 0],
						"1.5": [0, 0, 0]
					}
				}
			}
		},
		"animation.human.leap": {
			"loop": true,
			"bones": {
				"root": {
					"rotation": [57.5, 0, 0],
					"position": [0, 10, 12]
				},
				"waist": {
					"rotation": [-7.5, 0, 0]
				},
				"head": {
					"rotation": [-27.5, 0, 0]
				},
				"leftArm": {
					"rotation": [-121.35696, -32.19063, -1.5831]
				},
				"plunger": {
					"rotation": [177.46148, -9.99038, 0.44067]
				},
				"rightArm": {
					"rotation": [-112.05157, 24.11509, 10.91959]
				},
				"plunger2": {
					"rotation": [169.91547, 7.38542, -1.30962]
				},
				"rightleg": {
					"rotation": [20, 0, 0]
				},
				"leftleg": {
					"rotation": [37.5, 0, 0]
				}
			}
		},
		"animation.human.attack1": {
			"animation_length": 1,
			"bones": {
				"waist": {
					"rotation": {
						"0.0": [0, 0, 0],
						"0.3333": {
							"pre": [-2.5, 10, 0],
							"post": [-2.5, 10, 0],
							"lerp_mode": "catmullrom"
						},
						"0.5417": {
							"post": [4.99885, -9.92544, -1.73415],
							"lerp_mode": "catmullrom"
						},
						"0.75": {
							"post": [5, -9.93, -1.73],
							"lerp_mode": "catmullrom"
						},
						"1.0": [0, 0, 0]
					}
				},
				"head": {
					"rotation": {
						"0.0": {
							"post": [0, 0, 0],
							"lerp_mode": "catmullrom"
						},
						"0.3333": {
							"post": [7.67995, -12.39135, -1.6575],
							"lerp_mode": "catmullrom"
						},
						"0.5": {
							"post": [12.56408, 7.43682, 0.98201],
							"lerp_mode": "catmullrom"
						},
						"0.75": {
							"post": [12.56, 7.44, 0.98],
							"lerp_mode": "catmullrom"
						},
						"1.0": {
							"post": [0, 0, 0],
							"lerp_mode": "catmullrom"
						}
					}
				},
				"rightArm": {
					"rotation": {
						"0.0": {
							"post": [0, 0, 0],
							"lerp_mode": "catmullrom"
						},
						"0.3333": {
							"post": [-61.67841, 13.27207, 7.05309],
							"lerp_mode": "catmullrom"
						},
						"0.5": {
							"post": [-62.41043, 4.43385, 2.31336],
							"lerp_mode": "catmullrom"
						},
						"0.75": {
							"post": [-62.41, 4.43, 2.31],
							"lerp_mode": "catmullrom"
						},
						"1.0": {
							"post": [0, 0, 0],
							"lerp_mode": "catmullrom"
						}
					},
					"position": {
						"0.0": {
							"post": [0, 0, 0],
							"lerp_mode": "catmullrom"
						},
						"0.3333": {
							"post": [0, 1, 4],
							"lerp_mode": "catmullrom"
						},
						"0.5": {
							"post": [0, -2, -4],
							"lerp_mode": "catmullrom"
						},
						"0.75": {
							"post": [0, -2, -4],
							"lerp_mode": "catmullrom"
						},
						"1.0": {
							"post": [0, 0, 0],
							"lerp_mode": "catmullrom"
						}
					}
				}
			}
		},
		"animation.human.attack2": {
			"animation_length": 1,
			"bones": {
				"waist": {
					"rotation": {
						"0.0": [0, 0, 0],
						"0.3333": {
							"pre": [-2.5, -10, 0],
							"post": [-2.5, -10, 0],
							"lerp_mode": "catmullrom"
						},
						"0.5417": {
							"post": [4.99885, 9.92544, 1.73415],
							"lerp_mode": "catmullrom"
						},
						"0.75": {
							"post": [5, 9.93, 1.73],
							"lerp_mode": "catmullrom"
						},
						"1.0": [0, 0, 0]
					}
				},
				"head": {
					"rotation": {
						"0.0": {
							"post": [0, 0, 0],
							"lerp_mode": "catmullrom"
						},
						"0.3333": {
							"post": [7.67995, 12.39135, 1.6575],
							"lerp_mode": "catmullrom"
						},
						"0.5": {
							"post": [12.56408, -7.43682, -0.98201],
							"lerp_mode": "catmullrom"
						},
						"0.75": {
							"post": [12.56, -7.44, -0.98],
							"lerp_mode": "catmullrom"
						},
						"1.0": {
							"post": [0, 0, 0],
							"lerp_mode": "catmullrom"
						}
					}
				},
				"leftArm": {
					"rotation": {
						"0.0": {
							"post": [0, 0, 0],
							"lerp_mode": "catmullrom"
						},
						"0.3333": {
							"post": [-61.67841, -13.27207, -7.05309],
							"lerp_mode": "catmullrom"
						},
						"0.5": {
							"post": [-62.41043, -4.43385, -2.31336],
							"lerp_mode": "catmullrom"
						},
						"0.75": {
							"post": [-62.41, -4.43, -2.31],
							"lerp_mode": "catmullrom"
						},
						"1.0": {
							"post": [0, 0, 0],
							"lerp_mode": "catmullrom"
						}
					},
					"position": {
						"0.0": {
							"post": [0, 0, 0],
							"lerp_mode": "catmullrom"
						},
						"0.3333": {
							"post": [0, 1, 4],
							"lerp_mode": "catmullrom"
						},
						"0.5": {
							"post": [0, -2, -4],
							"lerp_mode": "catmullrom"
						},
						"0.75": {
							"post": [0, -2, -4],
							"lerp_mode": "catmullrom"
						},
						"1.0": {
							"post": [0, 0, 0],
							"lerp_mode": "catmullrom"
						}
					}
				}
			}
		},
		"animation.human.dance": {
			"loop": true,
			"animation_length": 5,
			"anim_time_update": "query.anim_time + query.delta_time * 1.4",
			"bones": {
				"waist": {
					"rotation": {
						"0.0": {
							"post": [10, 0, -5],
							"lerp_mode": "catmullrom"
						},
						"1.0": {
							"post": [7.47864, -0.32621, 2.49294],
							"lerp_mode": "catmullrom"
						},
						"2.0": {
							"post": [2.50184, -0.00358, -5.00294],
							"lerp_mode": "catmullrom"
						},
						"3.0": {
							"post": [9.97864, -0.32621, 2.49294],
							"lerp_mode": "catmullrom"
						},
						"4.0": {
							"post": [2.49931, -0.11267, -2.50531],
							"lerp_mode": "catmullrom"
						},
						"5.0": {
							"post": [10, 0, -5],
							"lerp_mode": "catmullrom"
						}
					},
					"position": {
						"0.0": {
							"post": [0, -2, 1],
							"lerp_mode": "catmullrom"
						},
						"0.5": {
							"post": [0, -1, 1],
							"lerp_mode": "catmullrom"
						},
						"1.0": {
							"post": [0, -2, 1],
							"lerp_mode": "catmullrom"
						},
						"1.5": {
							"post": [0, -1, 1],
							"lerp_mode": "catmullrom"
						},
						"2.0": {
							"post": [0, -2, 1],
							"lerp_mode": "catmullrom"
						},
						"2.5": {
							"post": [0, -1, 1],
							"lerp_mode": "catmullrom"
						},
						"3.0": {
							"post": [0, -2, 1],
							"lerp_mode": "catmullrom"
						},
						"3.5": {
							"post": [0, -1.06, 1],
							"lerp_mode": "catmullrom"
						},
						"4.0": {
							"post": [0, -2, 1],
							"lerp_mode": "catmullrom"
						},
						"4.5": {
							"post": [0, -1, 1],
							"lerp_mode": "catmullrom"
						},
						"5.0": {
							"post": [0, -2, 1],
							"lerp_mode": "catmullrom"
						}
					}
				},
				"leftArm": {
					"rotation": {
						"0.0": {
							"post": [-108.92133, 79.22413, -61.18197],
							"lerp_mode": "catmullrom"
						},
						"0.5": {
							"post": [-23.51613, 13.24538, 72.61185],
							"lerp_mode": "catmullrom"
						},
						"1.0": {
							"post": [-78.92828, -77.80911, 27.13188],
							"lerp_mode": "catmullrom"
						},
						"1.5": {
							"post": [-27.73571, -9.08748, 5.06852],
							"lerp_mode": "catmullrom"
						},
						"2.0": {
							"post": [-27.86987, 8.94455, 52.65485],
							"lerp_mode": "catmullrom"
						},
						"2.5": {
							"post": [-32.11172, 7.78408, 41.05798],
							"lerp_mode": "catmullrom"
						},
						"3.0": {
							"post": [-12.14421, -9.90224, -49.4282],
							"lerp_mode": "catmullrom"
						},
						"3.5": {
							"post": [-37.06448, -10.60058, -37.4351],
							"lerp_mode": "catmullrom"
						},
						"4.0": {
							"post": [-37.07426, 68.26255, -109.64213],
							"lerp_mode": "catmullrom"
						},
						"4.5": {
							"post": [-34.95701, 36.67227, -22.34047],
							"lerp_mode": "catmullrom"
						},
						"5.0": {
							"post": [-108.92133, 79.22413, -61.18197],
							"lerp_mode": "catmullrom"
						}
					},
					"position": {
						"0.0": {
							"post": [-1, -3, -2],
							"lerp_mode": "catmullrom"
						},
						"0.5": {
							"post": [0, 1, -1],
							"lerp_mode": "catmullrom"
						},
						"1.0": {
							"post": [0, 0, 0],
							"lerp_mode": "catmullrom"
						},
						"1.5": {
							"post": [-0.5, 1.44, -1.5],
							"lerp_mode": "catmullrom"
						},
						"2.0": {
							"post": [-1, -1, -2],
							"lerp_mode": "catmullrom"
						},
						"2.5": {
							"post": [0, 1, -1],
							"lerp_mode": "catmullrom"
						},
						"3.0": {
							"post": [0, 0, 0],
							"lerp_mode": "catmullrom"
						},
						"3.5": {
							"post": [-1, 0.77, 0.06],
							"lerp_mode": "catmullrom"
						},
						"4.0": {
							"post": [0, 0, 0],
							"lerp_mode": "catmullrom"
						},
						"4.5": {
							"post": [-0.5, 1.44, -1.5],
							"lerp_mode": "catmullrom"
						},
						"5.0": {
							"post": [-1, -3, -2],
							"lerp_mode": "catmullrom"
						}
					}
				},
				"rightArm": {
					"rotation": {
						"0.0": {
							"post": [-99.13391, -64.46781, 53.68883],
							"lerp_mode": "catmullrom"
						},
						"0.5": {
							"post": [-22.58394, -32.98391, -68.11698],
							"lerp_mode": "catmullrom"
						},
						"1.0": {
							"post": [-55.4233, 78.93448, -12.50869],
							"lerp_mode": "catmullrom"
						},
						"1.5": {
							"post": [-27.73571, 9.08748, -5.06852],
							"lerp_mode": "catmullrom"
						},
						"2.0": {
							"post": [-17.86987, -8.94455, -52.65485],
							"lerp_mode": "catmullrom"
						},
						"2.5": {
							"post": [-28.94377, -2.9025, -33.83792],
							"lerp_mode": "catmullrom"
						},
						"3.0": {
							"post": [-9.91164, 23.35171, 38.44847],
							"lerp_mode": "catmullrom"
						},
						"3.5": {
							"post": [-37.06448, 10.60058, 37.4351],
							"lerp_mode": "catmullrom"
						},
						"4.0": {
							"post": [-18.05452, -56.99343, 90.6442],
							"lerp_mode": "catmullrom"
						},
						"4.5": {
							"post": [-33.94281, -34.61053, 20.60035],
							"lerp_mode": "catmullrom"
						},
						"5.0": {
							"post": [-99.13391, -64.46781, 53.68883],
							"lerp_mode": "catmullrom"
						}
					},
					"position": {
						"0.0": {
							"post": [1, -3, -2],
							"lerp_mode": "catmullrom"
						},
						"0.5": {
							"post": [0, 1, -1],
							"lerp_mode": "catmullrom"
						},
						"1.0": {
							"post": [0, 0, -1],
							"lerp_mode": "catmullrom"
						},
						"1.5": {
							"post": [0.5, 1.44, -1.5],
							"lerp_mode": "catmullrom"
						},
						"2.0": {
							"post": [1, -1, -2],
							"lerp_mode": "catmullrom"
						},
						"2.5": {
							"post": [0, 1, -1],
							"lerp_mode": "catmullrom"
						},
						"3.0": {
							"post": [0, 0, -1],
							"lerp_mode": "catmullrom"
						},
						"3.5": {
							"post": [1, 0.77, 0.06],
							"lerp_mode": "catmullrom"
						},
						"4.0": {
							"post": [0, 0, 0],
							"lerp_mode": "catmullrom"
						},
						"4.5": {
							"post": [0.5, 1.44, -1.5],
							"lerp_mode": "catmullrom"
						},
						"5.0": {
							"post": [1, -3, -2],
							"lerp_mode": "catmullrom"
						}
					}
				},
				"root": {
					"position": {
						"0.0": {
							"post": [0.5, 0, 0],
							"lerp_mode": "catmullrom"
						},
						"1.0": {
							"post": [-0.5, 0, 0],
							"lerp_mode": "catmullrom"
						},
						"2.0": {
							"post": [0.5, 0, 0],
							"lerp_mode": "catmullrom"
						},
						"3.0": {
							"post": [-0.5, 0, 0],
							"lerp_mode": "catmullrom"
						},
						"5.0": {
							"post": [0.5, 0, 0],
							"lerp_mode": "catmullrom"
						}
					}
				},
				"neck": {
					"rotation": {
						"0.0": {
							"post": [20, 0, 0],
							"lerp_mode": "catmullrom"
						},
						"0.5": {
							"post": [7.5, 0, 0],
							"lerp_mode": "catmullrom"
						},
						"1.0": {
							"post": [10.35952, 17.34551, 2.35666],
							"lerp_mode": "catmullrom"
						},
						"1.5": {
							"post": [25.35952, 17.34551, 2.35666],
							"lerp_mode": "catmullrom"
						},
						"2.0": {
							"post": [12.43909, -9.51166, -3.62441],
							"lerp_mode": "catmullrom"
						},
						"2.5": {
							"post": [4.82392, 0.40335, -2.44821],
							"lerp_mode": "catmullrom"
						},
						"3.0": {
							"post": [14.94819, 12.85829, -1.37847],
							"lerp_mode": "catmullrom"
						},
						"3.5": {
							"post": [2.06627, 0.76745, -4.57922],
							"lerp_mode": "catmullrom"
						},
						"4.0": {
							"post": [2.18333, 0.30215, 7.9127],
							"lerp_mode": "catmullrom"
						},
						"4.5": {
							"post": [19.53085, 0.85683, -7.07787],
							"lerp_mode": "catmullrom"
						},
						"5.0": {
							"post": [20, 0, 0],
							"lerp_mode": "catmullrom"
						}
					}
				},
				"rightleg": {
					"rotation": {
						"0.0": {
							"post": [0.43688, 4.98093, 7.519],
							"lerp_mode": "catmullrom"
						},
						"1.0": {
							"post": [-0.21544, 4.99472, -0.00853],
							"lerp_mode": "catmullrom"
						},
						"2.0": {
							"post": [0.43688, 4.98093, 7.519],
							"lerp_mode": "catmullrom"
						},
						"3.0": {
							"post": [0, 5, 2.5],
							"lerp_mode": "catmullrom"
						},
						"5.0": {
							"post": [0.43688, 4.98093, 7.519],
							"lerp_mode": "catmullrom"
						}
					},
					"position": {
						"0.0": {
							"post": [0, 0, 0],
							"lerp_mode": "catmullrom"
						},
						"2.0": {
							"post": [0, 0, 0],
							"lerp_mode": "catmullrom"
						},
						"5.0": {
							"post": [0, 0, 0],
							"lerp_mode": "catmullrom"
						}
					}
				},
				"leftleg": {
					"rotation": {
						"0.0": {
							"post": [-0.21865, -4.99523, 0.00954],
							"lerp_mode": "catmullrom"
						},
						"1.0": {
							"post": [0.43688, -4.98093, -7.519],
							"lerp_mode": "catmullrom"
						},
						"2.0": {
							"post": [-0.21865, -4.99523, 0.00954],
							"lerp_mode": "catmullrom"
						},
						"3.0": {
							"post": [0.21773, -5.0001, -5.00911],
							"lerp_mode": "catmullrom"
						},
						"5.0": {
							"post": [-0.21865, -4.99523, 0.00954],
							"lerp_mode": "catmullrom"
						}
					},
					"position": {
						"0.0": {
							"post": [0, 0, 0],
							"lerp_mode": "catmullrom"
						},
						"2.0": {
							"post": [0, 0, 0],
							"lerp_mode": "catmullrom"
						},
						"5.0": {
							"post": [0, 0, 0],
							"lerp_mode": "catmullrom"
						}
					}
				}
			}
		}
	}
}