{
	"format_version": "1.8.0",
	"animations": {
		"animation.human.walk": {
			"loop": true,
			"animation_length": 2,
			"anim_time_update": "query.anim_time + query.delta_time * (query.ground_speed/1.5) * (query.is_on_ground ? 1.0 : 0.3)",
			"bones": {
				"waist": {
					"rotation": {
						"0.0": {
							"post": [0, 0, 0],
							"lerp_mode": "catmullrom"
						},
						"0.5": {
							"post": [0, 5, 0],
							"lerp_mode": "catmullrom"
						},
						"1.0": {
							"post": [0, 0, 0],
							"lerp_mode": "catmullrom"
						},
						"1.5": {
							"post": [0, -5, 0],
							"lerp_mode": "catmullrom"
						},
						"2.0": {
							"post": [0, 0, 0],
							"lerp_mode": "catmullrom"
						}
					},
					"position": {
						"0.0": {
							"post": [0, 0, 0],
							"lerp_mode": "catmullrom"
						},
						"0.5": {
							"post": [0, -1, 0],
							"lerp_mode": "catmullrom"
						},
						"1.0": {
							"post": [0, 0, 0],
							"lerp_mode": "catmullrom"
						},
						"1.5": {
							"post": [0, -1, 0],
							"lerp_mode": "catmullrom"
						},
						"2.0": {
							"post": [0, 0, 0],
							"lerp_mode": "catmullrom"
						}
					}
				},
				"leftArm": {
					"rotation": {
						"0.0": {
							"post": [-10, 0, 0],
							"lerp_mode": "catmullrom"
						},
						"0.5": {
							"post": [-32.5, 0, 0],
							"lerp_mode": "catmullrom"
						},
						"1.0417": {
							"post": [-5, 0, 0],
							"lerp_mode": "catmullrom"
						},
						"1.5": {
							"post": [22.5, 0, 0],
							"lerp_mode": "catmullrom"
						},
						"2.0": {
							"post": [-10, 0, 0],
							"lerp_mode": "catmullrom"
						}
					}
				},
				"rightArm": {
					"rotation": {
						"0.0": {
							"post": [2.5, 0, 0],
							"lerp_mode": "catmullrom"
						},
						"0.5": {
							"post": [30, 0, 0],
							"lerp_mode": "catmullrom"
						},
						"1.0": {
							"post": [0, 0, 0],
							"lerp_mode": "catmullrom"
						},
						"1.5": {
							"post": [-35, 0, 0],
							"lerp_mode": "catmullrom"
						},
						"2.0": {
							"post": [2.5, 0, 0],
							"lerp_mode": "catmullrom"
						}
					}
				},
				"rightleg": {
					"rotation": {
						"0.0": {
							"post": [15, 0, 0],
							"lerp_mode": "catmullrom"
						},
						"0.5": [-20, 0, 0],
						"1.0": [0, 0, 0],
						"1.5": {
							"pre": [22.5, 0, 0],
							"post": [22.5, 0, 0],
							"lerp_mode": "catmullrom"
						},
						"2.0": {
							"post": [15, 0, 0],
							"lerp_mode": "catmullrom"
						}
					},
					"position": {
						"0.0": {
							"post": [0, 2, -1],
							"lerp_mode": "catmullrom"
						},
						"0.5": [0, 0, -1],
						"1.0": [0, 0, 0],
						"1.5": {
							"pre": [0, 0, 0],
							"post": [0, 0, 0],
							"lerp_mode": "catmullrom"
						},
						"2.0": {
							"post": [0, 2, -1],
							"lerp_mode": "catmullrom"
						}
					}
				},
				"leftleg": {
					"rotation": {
						"0.0": [0, 0, 0],
						"0.5": {
							"pre": [22.5, 0, 0],
							"post": [22.5, 0, 0],
							"lerp_mode": "catmullrom"
						},
						"1.0": {
							"post": [15, 0, 0],
							"lerp_mode": "catmullrom"
						},
						"1.5": [-20, 0, 0],
						"2.0": [0, 0, 0]
					},
					"position": {
						"0.0": [0, 0, 0],
						"0.5": {
							"pre": [0, 0, 0],
							"post": [0, 0, 0],
							"lerp_mode": "catmullrom"
						},
						"1.0": {
							"post": [0, 2, -1],
							"lerp_mode": "catmullrom"
						},
						"1.5": [0, 0, -1],
						"2.0": [0, 0, 0]
					}
				},
				"root": {
					"position": {
						"0.0": {
							"post": [0, 0, 0],
							"lerp_mode": "catmullrom"
						},
						"0.25": [0, 1, 0],
						"0.5": {
							"pre": [0, 0, 0],
							"post": [0, 0, 0],
							"lerp_mode": "catmullrom"
						},
						"1.0": {
							"post": [0, 0, 0],
							"lerp_mode": "catmullrom"
						},
						"1.25": [0, 1, 0],
						"1.5": {
							"pre": [0, 0, 0],
							"post": [0, 0, 0],
							"lerp_mode": "catmullrom"
						},
						"2.0": {
							"post": [0, 0, 0],
							"lerp_mode": "catmullrom"
						}
					}
				}
			}
		},
		"animation.human.idle": {
			"loop": true,
			"animation_length": 4,
			"bones": {
				"waist": {
					"rotation": {
						"0.0": {
							"post": [0.6, 0, 0],
							"lerp_mode": "catmullrom"
						},
						"1.0": {
							"post": [0, 0, 1.5],
							"lerp_mode": "catmullrom"
						},
						"1.8333": [2.5, 0, 0],
						"2.75": {
							"pre": [2.49762, 0.10901, -2.49762],
							"post": [2.49762, 0.10901, -2.49762],
							"lerp_mode": "catmullrom"
						},
						"4.0": {
							"post": [0.6, 0, 0],
							"lerp_mode": "catmullrom"
						}
					},
					"position": {
						"0.0": {
							"post": [0, -0.12, 0],
							"lerp_mode": "catmullrom"
						},
						"0.5": {
							"post": [0, 0, 0],
							"lerp_mode": "catmullrom"
						},
						"2.25": [0, -0.5, 0],
						"2.75": [0, -0.5, 0],
						"4.0": {
							"pre": [0, -0.12, 0],
							"post": [0, -0.12, 0],
							"lerp_mode": "catmullrom"
						}
					}
				},
				"leftArm": {
					"rotation": {
						"0.0": {
							"post": [0, 0, -4.26],
							"lerp_mode": "catmullrom"
						},
						"0.5": {
							"post": [0, 0, -7.29],
							"lerp_mode": "catmullrom"
						},
						"1.1667": {
							"post": [0, 0, -5],
							"lerp_mode": "catmullrom"
						},
						"2.5": {
							"post": [0, 0, 0],
							"lerp_mode": "catmullrom"
						},
						"3.5": {
							"post": [0, 0, -2.5],
							"lerp_mode": "catmullrom"
						},
						"4.0": {
							"post": [0, 0, -4.26],
							"lerp_mode": "catmullrom"
						}
					},
					"position": {
						"0.0": [0, -0.08, 0],
						"1.0": [0, 0, 0],
						"2.5": [0, -0.25, 0],
						"3.5": [0, -0.25, 0],
						"4.0": [0, -0.08, 0]
					}
				},
				"rightArm": {
					"rotation": {
						"0.0": {
							"post": [0, 0, 4.26],
							"lerp_mode": "catmullrom"
						},
						"0.5": {
							"post": [0, 0, 2.34],
							"lerp_mode": "catmullrom"
						},
						"1.1667": {
							"post": [0, 0, 5],
							"lerp_mode": "catmullrom"
						},
						"1.8333": {
							"post": [0, 0, 2.5],
							"lerp_mode": "catmullrom"
						},
						"2.5": {
							"post": [0, 0, 4.75],
							"lerp_mode": "catmullrom"
						},
						"3.25": {
							"post": [0, 0, 2.5],
							"lerp_mode": "catmullrom"
						},
						"4.0": {
							"post": [0, 0, 4.26],
							"lerp_mode": "catmullrom"
						}
					},
					"position": {
						"0.0": [0, -0.08, 0],
						"0.9167": [0, 0, 0],
						"1.8333": [0, -0.25, 0],
						"3.0": [0, -0.25, 0],
						"4.0": [0, -0.08, 0]
					}
				},
				"rightleg": {
					"rotation": [0, 5, 2.5]
				},
				"leftleg": {
					"rotation": [0, -5, -2.5],
					"position": [0, 0, 0]
				}
			}
		},
		"animation.human.look_at_target": {
			"loop": true,
			"bones": {
				"left_arm": {
					"rotation": ["-query.target_x_rotation * 0.35", 0, 0]
				},
				"right_arm": {
					"rotation": ["-query.target_x_rotation * 0.3", 0, 0]
				},
				"waist": {
					"rotation": ["query.target_x_rotation * 0.4", "query.target_y_rotation * 0.15", 0]
				},
				"head": {
					"rotation": ["query.target_x_rotation * 0.6", "query.target_y_rotation * 0.85", "query.target_y_rotation * 0.1"]
				}
			}
		},
		"animation.tvman.notarget": {
			"loop": true,
			"bones": {
				"glow": {
					"scale": [0, 0, 1]
				},
				"glow_pink": {
					"scale": [0, 0, 1]
				},
				"glow_orange": {
					"scale": [0, 0, 1]
				},
				"main_glow": {
					"scale": [0, 0, 1]
				},
				"glow3": {
					"scale": [0, 0, 1]
				},
				"glow2": {
					"scale": [0, 0, 1]
				},
				"glow4": {
					"scale": [0, 0, 1]
				}
			}
		},
		"animation.tvman.target2": {
			"loop": true,
			"bones": {
				"glow": {
					"scale": [1.2, 1.2, 1]
				},
				"waist": {
					"rotation": [5, 0, 0]
				},
				"body": {
					"rotation": [0, 0, 0]
				},
				"left_arm": {
					"rotation": [-2.49762, -0.10901, -2.49762]
				},
				"left_arm2": {
					"rotation": [-5, 0, 0]
				},
				"right_arm": {
					"rotation": [-2.5, 0, 2.5]
				},
				"right_arm2": {
					"rotation": [-5, 0, 0]
				},
				"glow_orange": {
					"position": [0, 0, 1],
					"scale": 0.2
				}
			}
		},
		"animation.tvman.target3": {
			"loop": true,
			"bones": {
				"glow": {
					"scale": [1.2, 1.2, 1]
				},
				"waist": {
					"rotation": [5, 0, 0]
				},
				"body": {
					"rotation": [0, 0, 0]
				},
				"left_arm": {
					"rotation": [-2.49762, -0.10901, -2.49762]
				},
				"left_arm2": {
					"rotation": [-5, 0, 0]
				},
				"right_arm": {
					"rotation": [-2.5, 0, 2.5]
				},
				"right_arm2": {
					"rotation": [-5, 0, 0]
				},
				"glow_pink": {
					"position": [0, 0, 1],
					"scale": 0.2
				},
				"leftArm": {
					"rotation": [37.70611, -27.52792, 7.14129]
				},
				"rightArm": {
					"rotation": [34.28777, 30.65456, -9.16122]
				}
			}
		},
		"animation.tvman.smile": {
			"animation_length": 5,
			"bones": {
				"face": {
					"position": {
						"0.0": [0, 0, 0],
						"1.0": [0, 0, -1],
						"4.0": [0, 0, -1],
						"5.0": [0, 0, 0]
					}
				}
			}
		},
		"animation.human.attack1": {
			"animation_length": 1,
			"bones": {
				"waist": {
					"rotation": {
						"0.0": [0, 0, 0],
						"0.3333": {
							"pre": [-2.5, 10, 0],
							"post": [-2.5, 10, 0],
							"lerp_mode": "catmullrom"
						},
						"0.5417": {
							"post": [4.99885, -9.92544, -1.73415],
							"lerp_mode": "catmullrom"
						},
						"0.75": {
							"post": [5, -9.93, -1.73],
							"lerp_mode": "catmullrom"
						},
						"1.0": [0, 0, 0]
					}
				},
				"head": {
					"rotation": {
						"0.0": {
							"post": [0, 0, 0],
							"lerp_mode": "catmullrom"
						},
						"0.3333": {
							"post": [7.67995, -12.39135, -1.6575],
							"lerp_mode": "catmullrom"
						},
						"0.5": {
							"post": [12.56408, 7.43682, 0.98201],
							"lerp_mode": "catmullrom"
						},
						"0.75": {
							"post": [12.56, 7.44, 0.98],
							"lerp_mode": "catmullrom"
						},
						"1.0": {
							"post": [0, 0, 0],
							"lerp_mode": "catmullrom"
						}
					}
				},
				"rightArm": {
					"rotation": {
						"0.0": {
							"post": [0, 0, 0],
							"lerp_mode": "catmullrom"
						},
						"0.3333": {
							"post": [-61.67841, 13.27207, 7.05309],
							"lerp_mode": "catmullrom"
						},
						"0.5": {
							"post": [-62.41043, 4.43385, 2.31336],
							"lerp_mode": "catmullrom"
						},
						"0.75": {
							"post": [-62.41, 4.43, 2.31],
							"lerp_mode": "catmullrom"
						},
						"1.0": {
							"post": [0, 0, 0],
							"lerp_mode": "catmullrom"
						}
					},
					"position": {
						"0.0": {
							"post": [0, 0, 0],
							"lerp_mode": "catmullrom"
						},
						"0.3333": {
							"post": [0, 1, 4],
							"lerp_mode": "catmullrom"
						},
						"0.5": {
							"post": [0, -2, -4],
							"lerp_mode": "catmullrom"
						},
						"0.75": {
							"post": [0, -2, -4],
							"lerp_mode": "catmullrom"
						},
						"1.0": {
							"post": [0, 0, 0],
							"lerp_mode": "catmullrom"
						}
					}
				}
			}
		},
		"animation.human.attack2": {
			"animation_length": 1,
			"bones": {
				"waist": {
					"rotation": {
						"0.0": [0, 0, 0],
						"0.3333": {
							"pre": [-2.5, -10, 0],
							"post": [-2.5, -10, 0],
							"lerp_mode": "catmullrom"
						},
						"0.5417": {
							"post": [4.99885, 9.92544, 1.73415],
							"lerp_mode": "catmullrom"
						},
						"0.75": {
							"post": [5, 9.93, 1.73],
							"lerp_mode": "catmullrom"
						},
						"1.0": [0, 0, 0]
					}
				},
				"head": {
					"rotation": {
						"0.0": {
							"post": [0, 0, 0],
							"lerp_mode": "catmullrom"
						},
						"0.3333": {
							"post": [7.67995, 12.39135, 1.6575],
							"lerp_mode": "catmullrom"
						},
						"0.5": {
							"post": [12.56408, -7.43682, -0.98201],
							"lerp_mode": "catmullrom"
						},
						"0.75": {
							"post": [12.56, -7.44, -0.98],
							"lerp_mode": "catmullrom"
						},
						"1.0": {
							"post": [0, 0, 0],
							"lerp_mode": "catmullrom"
						}
					}
				},
				"leftArm": {
					"rotation": {
						"0.0": {
							"post": [0, 0, 0],
							"lerp_mode": "catmullrom"
						},
						"0.3333": {
							"post": [-61.67841, -13.27207, -7.05309],
							"lerp_mode": "catmullrom"
						},
						"0.5": {
							"post": [-62.41043, -4.43385, -2.31336],
							"lerp_mode": "catmullrom"
						},
						"0.75": {
							"post": [-62.41, -4.43, -2.31],
							"lerp_mode": "catmullrom"
						},
						"1.0": {
							"post": [0, 0, 0],
							"lerp_mode": "catmullrom"
						}
					},
					"position": {
						"0.0": {
							"post": [0, 0, 0],
							"lerp_mode": "catmullrom"
						},
						"0.3333": {
							"post": [0, 1, 4],
							"lerp_mode": "catmullrom"
						},
						"0.5": {
							"post": [0, -2, -4],
							"lerp_mode": "catmullrom"
						},
						"0.75": {
							"post": [0, -2, -4],
							"lerp_mode": "catmullrom"
						},
						"1.0": {
							"post": [0, 0, 0],
							"lerp_mode": "catmullrom"
						}
					}
				}
			}
		},
		"animation.tv.allout_shine": {
			"loop": true,
			"animation_length": 0.5,
			"bones": {
				"neck": {
					"rotation": {
						"0.0": [0, 0, 0],
						"0.5": [0, 720, 0]
					},
					"position": {
						"0.0": {
							"post": [0, 14, 0],
							"lerp_mode": "catmullrom"
						},
						"0.25": {
							"post": [0, 12, 0],
							"lerp_mode": "catmullrom"
						},
						"0.5": {
							"post": [0, 14, 0],
							"lerp_mode": "catmullrom"
						}
					}
				},
				"glow_orange": {
					"scale": 0
				}
			}
		}
	}
}