{
	"format_version": "1.12.0",
	"minecraft:geometry": [
		{
			"description": {
				"identifier": "geometry.ic_tvwoman",
				"texture_width": 128,
				"texture_height": 128,
				"visible_bounds_width": 4,
				"visible_bounds_height": 5,
				"visible_bounds_offset": [0, 2.5, 0]
			},
			"bones": [
				{
					"name": "root",
					"pivot": [0, 0, 0]
				},
				{
					"name": "trails",
					"parent": "root",
					"pivot": [0, 14, 0],
					"locators": {
						"trail": [0, 14.5, 0]
					}
				},
				{
					"name": "waist",
					"parent": "root",
					"pivot": [0, 12, 0]
				},
				{
					"name": "body",
					"parent": "waist",
					"pivot": [0, 24, 0],
					"cubes": [
						{"origin": [-4, 12, -2], "size": [8, 12, 4], "uv": [0, 32]}
					]
				},
				{
					"name": "neck",
					"parent": "body",
					"pivot": [0, 23, 0],
					"cubes": [
						{"origin": [-1.05, 23, -1.25], "size": [2, 4, 2], "uv": [0, 0]},
						{"origin": [-1.55, 20, -1.75], "size": [3, 3, 3], "uv": [29, 0]}
					]
				},
				{
					"name": "head",
					"parent": "neck",
					"pivot": [-0.55, 22.9, -0.1],
					"cubes": [
						{"origin": [-5, 24.5, -4.5], "size": [10, 1, 7], "inflate": -0.1, "uv": [93, 53]},
						{"origin": [-5.5, 25.4, -4.5], "size": [10, 8, 4], "uv": [100, 0]},
						{"origin": [4.5, 25.4, -4.5], "size": [1, 8, 4], "uv": [118, 13]},
						{"origin": [-5.5, 25.4, -4.5], "size": [10, 8, 4], "inflate": -0.05, "uv": [100, 30]},
						{"origin": [-4, 25.4, -1.25], "size": [8, 7, 2], "inflate": 0.3, "uv": [108, 65]},
						{"origin": [-3, 25.4, 0.5], "size": [6, 6, 2], "inflate": 0.3, "uv": [112, 77]}
					],
					"locators": {
						"spark": [-0.5, 28, 0]
					}
				},
				{
					"name": "face",
					"parent": "head",
					"pivot": [1.45, 20.4, -0.5],
					"cubes": [
						{
							"origin": [-5.566, 25.011, -3.525],
							"size": [10.032, 8.778, 0],
							"uv": {
								"north": {"uv": [44, 114], "uv_size": [16, 14]},
								"east": {"uv": [44, 114], "uv_size": [0, 14]},
								"south": {"uv": [60, 114], "uv_size": [16, 14]},
								"west": {"uv": [60, 114], "uv_size": [0, 14]},
								"up": {"uv": [44, 114], "uv_size": [16, 0]},
								"down": {"uv": [60, 114], "uv_size": [16, 0]}
							}
						}
					]
				},
				{
					"name": "rockets",
					"parent": "head",
					"pivot": [-0.55, 27.9, 2.9],
					"cubes": [
						{"origin": [-4.55, 24.9, 1.9], "size": [2, 5, 2], "inflate": -0.1, "uv": [14, 0]},
						{"origin": [2.55, 24.9, 1.9], "size": [2, 5, 2], "inflate": -0.1, "uv": [14, 0], "mirror": true}
					],
					"locators": {
						"thrust": [-3.5, 26, 3],
						"thrust2": [3.5, 26, 3]
					}
				},
				{
					"name": "leftArm",
					"parent": "body",
					"pivot": [5, 22, 0],
					"cubes": [
						{"origin": [4, 12, -2], "size": [3, 12, 4], "uv": [56, 0]}
					]
				},
				{
					"name": "leftSleeve",
					"parent": "leftArm",
					"pivot": [5, 22, 0],
					"cubes": [
						{"origin": [4, 12, -2], "size": [3, 12, 4], "inflate": 0.25, "uv": [72, 0]}
					]
				},
				{
					"name": "leftItem",
					"parent": "leftArm",
					"pivot": [6, 15, 1]
				},
				{
					"name": "rightArm",
					"parent": "body",
					"pivot": [-5, 22, 0],
					"cubes": [
						{"origin": [-7, 12, -2], "size": [3, 12, 4], "uv": [32, 50]}
					]
				},
				{
					"name": "rightSleeve",
					"parent": "rightArm",
					"pivot": [-5, 22, 0],
					"cubes": [
						{"origin": [-7, 12, -2], "size": [3, 12, 4], "inflate": 0.25, "uv": [48, 50]}
					]
				},
				{
					"name": "rightItem",
					"parent": "rightArm",
					"pivot": [-6, 15, 0],
					"locators": {
						"lead_hold": [0, 0.5, -15]
					}
				},
				{
					"name": "jacket",
					"parent": "body",
					"pivot": [0, 24, 0],
					"cubes": [
						{"origin": [-4, 8, -2], "size": [8, 16, 4], "inflate": 0.25, "uv": [28, 28]}
					]
				},
				{
					"name": "cape",
					"parent": "body",
					"pivot": [0, 24, -3]
				},
				{
					"name": "rightleg",
					"parent": "root",
					"pivot": [-1.9, 12, 0],
					"cubes": [
						{"origin": [-3.9, 0, -2], "size": [4, 12, 4], "uv": [16, 48]}
					]
				},
				{
					"name": "rightPants",
					"parent": "rightleg",
					"pivot": [-1.9, 12, 0],
					"cubes": [
						{"origin": [-3.9, 0, -2], "size": [4, 12, 4], "inflate": 0.25, "uv": [0, 48]}
					]
				},
				{
					"name": "leftleg",
					"parent": "root",
					"pivot": [1.9, 12, 0],
					"cubes": [
						{"origin": [-0.1, 0, -2], "size": [4, 12, 4], "uv": [44, 12]}
					]
				},
				{
					"name": "leftPants",
					"parent": "leftleg",
					"pivot": [1.9, 12, 0],
					"cubes": [
						{"origin": [-0.1, 0, -2], "size": [4, 12, 4], "inflate": 0.25, "uv": [32, 0]}
					]
				}
			]
		}
	]
}