{
	"format_version": "1.12.0",
	"minecraft:geometry": [
		{
			"description": {
				"identifier": "geometry.ic_skibidi_quad_saw",
				"texture_width": 256,
				"texture_height": 256,
				"visible_bounds_width": 4,
				"visible_bounds_height": 4.5,
				"visible_bounds_offset": [0, 1.75, 0]
			},
			"bones": [
				{
					"name": "toilet",
					"pivot": [0, 0, 0],
					"cubes": [
						{"origin": [-5, 2, -5], "size": [10, 7, 10], "uv": [0, 72]},
						{"origin": [-6, 0, -6], "size": [12, 4, 12], "uv": [48, 57]},
						{"origin": [-7, 9, -7], "size": [14, 3, 14], "uv": [0, 37]},
						{"origin": [-9, 11, -7.5], "size": [9, 3, 15], "pivot": [0, 21, 0], "rotation": [0, 0, -77.5], "uv": [0, 54]},
						{"origin": [0, 11, -7.5], "size": [9, 3, 15], "pivot": [0, 21, 0], "rotation": [0, 0, 77.5], "uv": [0, 54], "mirror": true},
						{"origin": [-7.5, 11, -9], "size": [15, 3, 9], "pivot": [0, 21, 0], "rotation": [77.5, 0, 0], "uv": [58, 23]},
						{"origin": [-7.5, 11, 0], "size": [15, 3, 9], "pivot": [0, 21, 0], "rotation": [-77.5, 0, 0], "uv": [58, 11]},
						{"origin": [-8, 17.16026, -9.29852], "size": [16, 4, 2], "pivot": [0, 19.16026, -8.29852], "rotation": [-90, 0, 0], "uv": [68, 0]},
						{"origin": [-8, 17.16026, 7.29852], "size": [16, 4, 2], "pivot": [0, 19.16026, 8.29852], "rotation": [90, 0, 0], "uv": [68, 0]},
						{"origin": [7.27352, 17.16026, -8], "size": [2, 4, 16], "pivot": [8.29852, 19.16026, 0], "rotation": [0, 0, -90], "uv": [24, 73]},
						{"origin": [-9.27352, 17.16026, -8], "size": [2, 4, 16], "pivot": [-8.29852, 19.16026, 0], "rotation": [0, 0, 90], "uv": [24, 73]}
					]
				},
				{
					"name": "lid1",
					"parent": "toilet",
					"pivot": [0, 21, 9],
					"cubes": [
						{"origin": [-8, 18.16026, -9.29852], "size": [16, 4, 1], "pivot": [0, 20.16026, -8.29852], "rotation": [-90, 0, 0], "uv": [97, 11]},
						{"origin": [-9.27352, 18.16026, -8], "size": [1, 4, 16], "pivot": [-8.29852, 20.16026, 0], "rotation": [0, 0, 90], "uv": [80, 57]},
						{"origin": [-8, 18.16026, 8.29852], "size": [16, 4, 1], "pivot": [0, 20.16026, 8.29852], "rotation": [90, 0, 0], "uv": [97, 11], "mirror": true},
						{"origin": [8.27352, 18.16026, -8], "size": [1, 4, 16], "pivot": [8.29852, 20.16026, 0], "rotation": [0, 0, -90], "uv": [80, 57]}
					]
				},
				{
					"name": "back",
					"parent": "toilet",
					"pivot": [0, 21, 11],
					"cubes": [
						{"origin": [-11.5, 17, 10], "size": [23, 20, 6], "uv": [0, 11]},
						{"origin": [-15, 36, 9], "size": [30, 3, 8], "uv": [0, 0]},
						{"origin": [8.77514, 18.3438, 9.975], "size": [5, 20, 6], "pivot": [2.42514, 29.1438, 13], "rotation": [0, 0, 7.5], "uv": [32, 93], "mirror": true},
						{"origin": [-13.77514, 18.3438, 9.975], "size": [5, 20, 6], "pivot": [-2.42514, 29.1438, 13], "rotation": [0, 0, -7.5], "uv": [32, 93]}
					]
				},
				{
					"name": "lid2",
					"parent": "toilet",
					"pivot": [0, 20, 10],
					"cubes": [
						{"origin": [-8, 23, 7], "size": [16, 14, 2], "uv": [74, 35]},
						{"origin": [-7, 37, 7], "size": [14, 3, 2], "uv": [44, 73]},
						{"origin": [-6, 40, 7], "size": [12, 3, 2], "uv": [44, 82]},
						{"origin": [-7, 21, 7], "size": [14, 2, 2], "uv": [44, 78]}
					]
				},
				{
					"name": "flush",
					"parent": "toilet",
					"pivot": [0, 39, 13],
					"cubes": [
						{"origin": [-1, 38, 12], "size": [2, 2, 2], "uv": [0, 0]}
					]
				},
				{
					"name": "neck",
					"parent": "toilet",
					"pivot": [0, 12, 5.675],
					"rotation": [15, 0, 0],
					"cubes": [
						{"origin": [-2.5, 9.34478, 1.52888], "size": [5, 10, 5], "pivot": [0, 15.49954, 0.84149], "rotation": [25, 0, 0], "uv": [77, 89]}
					]
				},
				{
					"name": "neck2",
					"parent": "neck",
					"pivot": [0, 19.55658, 1.98278],
					"rotation": [-27.5, 0, 0],
					"cubes": [
						{"origin": [-2.575, 16.72074, -2.62002], "size": [5, 10, 5], "pivot": [0, 23.87551, -3.30741], "rotation": [25, 0, 0], "uv": [56, 89]}
					]
				},
				{
					"name": "head",
					"parent": "neck2",
					"pivot": [0, 28.55658, -2.01722],
					"cubes": [
						{"origin": [-5, 26.55658, -7.01722], "size": [10, 11, 10], "pivot": [0, 29.55658, -2.01722], "rotation": [10, 0, 0], "uv": [0, 111]}
					]
				},
				{
					"name": "eyes",
					"parent": "head",
					"pivot": [0, 31.67209, -6.87575],
					"rotation": [10, 0, 0],
					"cubes": [
						{
							"origin": [-3.5, 30.79709, -7.87575],
							"size": [2.25, 1.75, 2],
							"uv": {
								"north": {"uv": [2, 43], "uv_size": [2, 2]},
								"east": {"uv": [0, 43], "uv_size": [2, 2]},
								"south": {"uv": [6, 43], "uv_size": [2, 2]},
								"west": {"uv": [4, 43], "uv_size": [2, 2]},
								"up": {"uv": [2, 41], "uv_size": [2, 2]},
								"down": {"uv": [4, 43], "uv_size": [2, -2]}
							}
						},
						{
							"origin": [1.25, 30.79709, -7.87575],
							"size": [2.25, 1.75, 2],
							"uv": {
								"north": {"uv": [4, 43], "uv_size": [-2, 2]},
								"east": {"uv": [6, 43], "uv_size": [-2, 2]},
								"south": {"uv": [8, 43], "uv_size": [-2, 2]},
								"west": {"uv": [2, 43], "uv_size": [-2, 2]},
								"up": {"uv": [4, 41], "uv_size": [-2, 2]},
								"down": {"uv": [6, 43], "uv_size": [-2, -2]}
							}
						}
					]
				},
				{
					"name": "pupils",
					"parent": "eyes",
					"pivot": [0, 31.67209, -6.87575]
				},
				{
					"name": "1",
					"parent": "pupils",
					"pivot": [0, 31.67209, -6.87575],
					"cubes": [
						{"origin": [-2.85, 31.17209, -8.12575], "size": [1, 1, 1], "uv": [0, 46]}
					]
				},
				{
					"name": "2",
					"parent": "pupils",
					"pivot": [0, 31.67209, -6.87575],
					"cubes": [
						{"origin": [1.85, 31.17209, -8.12575], "size": [1, 1, 1], "uv": [0, 46], "mirror": true}
					]
				},
				{
					"name": "mouth",
					"parent": "head",
					"pivot": [0, 28.58158, -1.99222],
					"cubes": [
						{
							"origin": [-4.975, 27.48158, -6.99222],
							"size": [9.9, 3.1, 4],
							"pivot": [0, 29.58158, -1.99222],
							"rotation": [10, 0, 0],
							"uv": {
								"north": {"uv": [46, 135], "uv_size": [10, 3]},
								"east": {"uv": [42, 135], "uv_size": [4, 3]},
								"south": {"uv": [60, 135], "uv_size": [10, 3]},
								"west": {"uv": [56, 135], "uv_size": [4, 3]},
								"up": {"uv": [46, 131], "uv_size": [10, 4]},
								"down": {"uv": [56, 135], "uv_size": [10, -4]}
							}
						},
						{
							"origin": [-5, 26.55658, -7.01722],
							"size": [10, 5, 5],
							"pivot": [0, 29.55658, -2.01722],
							"rotation": [10, 0, 0],
							"uv": {
								"north": {"uv": [47, 144], "uv_size": [10, 5]},
								"east": {"uv": [42, 144], "uv_size": [5, 5]},
								"south": {"uv": [62, 144], "uv_size": [10, 5]},
								"west": {"uv": [57, 144], "uv_size": [5, 5]},
								"up": {"uv": [47, 139], "uv_size": [10, 5]},
								"down": {"uv": [57, 144], "uv_size": [10, -5]}
							}
						}
					]
				},
				{
					"name": "upper_mouth",
					"parent": "mouth",
					"pivot": [0, 28.58158, -1.99222],
					"cubes": [
						{
							"origin": [-4, 29.05658, -7.01722],
							"size": [8, 2, 0],
							"pivot": [0, 29.55658, -2.01722],
							"rotation": [10, 0, 0],
							"uv": {
								"north": {"uv": [0, 142], "uv_size": [8, 2]},
								"east": {"uv": [0, 142], "uv_size": [0, 2]},
								"south": {"uv": [8, 142], "uv_size": [8, 2]},
								"west": {"uv": [8, 142], "uv_size": [0, 2]},
								"up": {"uv": [0, 142], "uv_size": [8, 0]},
								"down": {"uv": [8, 142], "uv_size": [8, 0]}
							}
						}
					]
				},
				{
					"name": "lower_mouth2",
					"parent": "mouth",
					"pivot": [0, 28.58158, -1.99222],
					"cubes": [
						{
							"origin": [-4, 27.05658, -7.01722],
							"size": [8, 2, 0],
							"pivot": [0, 29.55658, -2.01722],
							"rotation": [10, 0, 0],
							"uv": {
								"north": {"uv": [0, 144], "uv_size": [8, -2]},
								"east": {"uv": [0, 142], "uv_size": [0, 2]},
								"south": {"uv": [8, 142], "uv_size": [8, 2]},
								"west": {"uv": [8, 142], "uv_size": [0, 2]},
								"up": {"uv": [0, 142], "uv_size": [8, 0]},
								"down": {"uv": [8, 142], "uv_size": [8, 0]}
							}
						}
					]
				},
				{
					"name": "teeth",
					"parent": "head",
					"pivot": [0, 28.55658, -3.01722]
				},
				{
					"name": "upper",
					"parent": "teeth",
					"pivot": [0, 29.05658, -2.01722],
					"cubes": [
						{"origin": [-3, 28.86015, -6.2625], "size": [6, 2, 4], "pivot": [0, 29.86015, -4.2625], "rotation": [-170, 0, 0], "uv": [35, 56]}
					]
				},
				{
					"name": "lower",
					"parent": "teeth",
					"pivot": [0, 29.20658, -2.01722],
					"cubes": [
						{"origin": [-3, 26.89053, -5.9152], "size": [6, 2, 4], "pivot": [0, 27.89053, -3.9152], "rotation": [170, 0, 180], "uv": [35, 56]}
					]
				},
				{
					"name": "shield_front3",
					"parent": "head",
					"pivot": [0.5, 9.5, -5.75],
					"rotation": [89.99999, -82.5, -89.99999],
					"cubes": [
						{"origin": [0.5, 31.5, -10.75], "size": [6, 1, 1], "uv": [151, 0], "mirror": true},
						{"origin": [-0.26102, 25.20557, -10.75], "size": [4, 12, 11], "inflate": -0.1, "pivot": [0.23898, 34.70557, -5.25], "rotation": [0, 0, -2.5], "uv": [226, 35], "mirror": true},
						{"origin": [0.5, 31.5, -0.75], "size": [6, 1, 1], "uv": [151, 0], "mirror": true}
					]
				},
				{
					"name": "left_arm",
					"parent": "toilet",
					"pivot": [9, 20, -2],
					"rotation": [0, 0, -45]
				},
				{
					"name": "left_arm2",
					"parent": "left_arm",
					"pivot": [14, 20.25, -0.75],
					"rotation": [25.04133, 8.69345, -28.2825],
					"cubes": [
						{
							"origin": [12.77818, 15.07881, -2.1492],
							"size": [2.1, 5.6, 2.8],
							"pivot": [12.60318, 19.97881, -1.0992],
							"rotation": [-17.5, 0, -20],
							"uv": {
								"north": {"uv": [249, 168], "uv_size": [-3, 8]},
								"east": {"uv": [253, 168], "uv_size": [-4, 8]},
								"south": {"uv": [256, 168], "uv_size": [-3, 8]},
								"west": {"uv": [246, 168], "uv_size": [-4, 8]},
								"up": {"uv": [249, 164], "uv_size": [-3, 4]},
								"down": {"uv": [252, 168], "uv_size": [-3, -4]}
							}
						}
					]
				},
				{
					"name": "left_arm3",
					"parent": "left_arm2",
					"pivot": [15.15318, 16.77881, -2.6492],
					"rotation": [27.19615, 21.22001, 47.24188],
					"cubes": [
						{
							"origin": [13.63112, -2.05836, -1.24438],
							"size": [2.1, 10.5, 2.8],
							"pivot": [14.85612, 12.29164, 0.15562],
							"rotation": [-145.46655, 7.65103, 15.57204],
							"uv": {
								"north": {"uv": [249, 192], "uv_size": [-3, 15]},
								"east": {"uv": [253, 192], "uv_size": [-4, 15]},
								"south": {"uv": [256, 192], "uv_size": [-3, 15]},
								"west": {"uv": [246, 192], "uv_size": [-4, 15]},
								"up": {"uv": [249, 188], "uv_size": [-3, 4]},
								"down": {"uv": [252, 192], "uv_size": [-3, -4]}
							}
						},
						{
							"origin": [13.57112, -7.36836, -1.30438],
							"size": [2.22, 5.72, 2.92],
							"inflate": -0.2,
							"pivot": [14.85612, 12.29164, 0.15562],
							"rotation": [-145.46655, 7.65103, 15.57204],
							"uv": {
								"north": {"uv": [228, 227], "uv_size": [-3, 8]},
								"east": {"uv": [232, 227], "uv_size": [-4, 8]},
								"south": {"uv": [235, 227], "uv_size": [-3, 8]},
								"west": {"uv": [225, 227], "uv_size": [-4, 8]},
								"up": {"uv": [228, 223], "uv_size": [-3, 4]},
								"down": {"uv": [231, 227], "uv_size": [-3, -4]}
							}
						},
						{
							"origin": [13.69112, -1.29836, -1.18438],
							"size": [1.98, 1.98, 2.68],
							"inflate": 0.2,
							"pivot": [14.85612, 12.29164, 0.15562],
							"rotation": [-145.46655, 7.65103, 15.57204],
							"uv": {
								"north": {"uv": [225, 191], "uv_size": [-3, 3]},
								"east": {"uv": [229, 191], "uv_size": [-4, 3]},
								"south": {"uv": [232, 191], "uv_size": [-3, 3]},
								"west": {"uv": [222, 191], "uv_size": [-4, 3]},
								"up": {"uv": [225, 187], "uv_size": [-3, 4]},
								"down": {"uv": [228, 191], "uv_size": [-3, -4]}
							}
						},
						{
							"origin": [17.78462, 26.60936, -11.89987],
							"size": [2.22, 2.22, 2.92],
							"inflate": -0.2,
							"pivot": [17.49462, 27.71936, -10.43987],
							"rotation": [170.73839, 34.18317, -79.6627],
							"uv": {
								"north": {"uv": [225, 191], "uv_size": [-3, 3]},
								"east": {"uv": [229, 191], "uv_size": [-4, 3]},
								"south": {"uv": [232, 191], "uv_size": [-3, 3]},
								"west": {"uv": [222, 191], "uv_size": [-4, 3]},
								"up": {"uv": [225, 187], "uv_size": [-3, 4]},
								"down": {"uv": [228, 191], "uv_size": [-3, -4]}
							}
						},
						{
							"origin": [18.54462, 25.96936, -10.78987],
							"size": [0.7, 2.8, 0.7],
							"pivot": [17.49462, 27.71936, -10.43987],
							"rotation": [170.73839, 34.18317, -79.6627],
							"uv": {
								"north": {"uv": [203, 188], "uv_size": [-1, 4]},
								"east": {"uv": [204, 188], "uv_size": [-1, 4]},
								"south": {"uv": [205, 188], "uv_size": [-1, 4]},
								"west": {"uv": [202, 188], "uv_size": [-1, 4]},
								"up": {"uv": [203, 187], "uv_size": [-1, 1]},
								"down": {"uv": [204, 188], "uv_size": [-1, -1]}
							}
						},
						{
							"origin": [14.68112, -2.75836, -5.44438],
							"size": [0, 2.8, 11.2],
							"pivot": [14.85612, 12.29164, 0.15562],
							"rotation": [-145.46655, 7.65103, 15.57204],
							"uv": {
								"north": {"uv": [221, 207], "uv_size": [0, 4]},
								"east": {"uv": [237, 207], "uv_size": [-16, 4]},
								"south": {"uv": [237, 207], "uv_size": [0, 4]},
								"west": {"uv": [221, 207], "uv_size": [-16, 4]},
								"up": {"uv": [221, 191], "uv_size": [0, 16]},
								"down": {"uv": [221, 207], "uv_size": [0, -16]}
							}
						}
					]
				},
				{
					"name": "saw2",
					"parent": "left_arm3",
					"pivot": [16.95612, 29.09164, -11.11438],
					"rotation": [-58.16465, 5.6108, 14.96307],
					"cubes": [
						{
							"origin": [16.53612, 24.47164, -15.73438],
							"size": [0, 9.24, 9.24],
							"uv": {
								"north": {"uv": [173, 237], "uv_size": [0, 11]},
								"east": {"uv": [184, 237], "uv_size": [-11, 11]},
								"south": {"uv": [184, 237], "uv_size": [0, 11]},
								"west": {"uv": [173, 237], "uv_size": [-11, 11]},
								"up": {"uv": [173, 226], "uv_size": [0, 11]},
								"down": {"uv": [173, 237], "uv_size": [0, -11]}
							}
						}
					]
				},
				{
					"name": "shield_front",
					"parent": "left_arm",
					"pivot": [11.25296, 20.60173, 0.12739],
					"rotation": [0.75239, 2.13291, -162.47029],
					"cubes": [
						{"origin": [9.87269, 19.65355, -3.37261], "size": [6, 1, 1], "uv": [151, 0], "mirror": true},
						{"origin": [8.97269, 18.90355, -5.37261], "size": [1, 3, 9], "inflate": -0.1, "pivot": [14.87269, 20.65355, 0.12739], "rotation": [0, 0, -12.5], "uv": [165, 48], "mirror": true},
						{"origin": [9.37269, 20.3415, -5.37261], "size": [1, 5, 9], "pivot": [9.87658, 24.8415, 0.62739], "rotation": [0, 0, 7.5], "uv": [165, 45], "mirror": true},
						{"origin": [9.87269, 19.65355, 0.62739], "size": [6, 1, 1], "uv": [151, 0], "mirror": true}
					]
				},
				{
					"name": "right_arm",
					"parent": "toilet",
					"pivot": [-9, 20, -2],
					"rotation": [0, 0, 45]
				},
				{
					"name": "right_arm2",
					"parent": "right_arm",
					"pivot": [-14, 20.25, -0.75],
					"rotation": [25.04133, -8.69345, 28.2825],
					"cubes": [
						{
							"origin": [-14.87818, 15.07881, -2.1492],
							"size": [2.1, 5.6, 2.8],
							"pivot": [-12.60318, 19.97881, -1.0992],
							"rotation": [-17.5, 0, 20],
							"uv": {
								"north": {"uv": [246, 168], "uv_size": [3, 8]},
								"east": {"uv": [242, 168], "uv_size": [4, 8]},
								"south": {"uv": [253, 168], "uv_size": [3, 8]},
								"west": {"uv": [249, 168], "uv_size": [4, 8]},
								"up": {"uv": [246, 164], "uv_size": [3, 4]},
								"down": {"uv": [249, 168], "uv_size": [3, -4]}
							}
						}
					]
				},
				{
					"name": "right_arm3",
					"parent": "right_arm2",
					"pivot": [-15.15318, 16.77881, -2.6492],
					"rotation": [27.19615, -21.22001, -47.24188],
					"cubes": [
						{
							"origin": [-15.73112, -2.05836, -1.24438],
							"size": [2.1, 10.5, 2.8],
							"pivot": [-14.85612, 12.29164, 0.15562],
							"rotation": [-145.46655, -7.65103, -15.57204],
							"uv": {
								"north": {"uv": [246, 192], "uv_size": [3, 15]},
								"east": {"uv": [242, 192], "uv_size": [4, 15]},
								"south": {"uv": [253, 192], "uv_size": [3, 15]},
								"west": {"uv": [249, 192], "uv_size": [4, 15]},
								"up": {"uv": [246, 188], "uv_size": [3, 4]},
								"down": {"uv": [249, 192], "uv_size": [3, -4]}
							}
						},
						{
							"origin": [-15.79112, -7.36836, -1.30438],
							"size": [2.22, 5.72, 2.92],
							"inflate": -0.2,
							"pivot": [-14.85612, 12.29164, 0.15562],
							"rotation": [-145.46655, -7.65103, -15.57204],
							"uv": {
								"north": {"uv": [225, 227], "uv_size": [3, 8]},
								"east": {"uv": [221, 227], "uv_size": [4, 8]},
								"south": {"uv": [232, 227], "uv_size": [3, 8]},
								"west": {"uv": [228, 227], "uv_size": [4, 8]},
								"up": {"uv": [225, 223], "uv_size": [3, 4]},
								"down": {"uv": [228, 227], "uv_size": [3, -4]}
							}
						},
						{
							"origin": [-15.67112, -1.29836, -1.18438],
							"size": [1.98, 1.98, 2.68],
							"inflate": 0.2,
							"pivot": [-14.85612, 12.29164, 0.15562],
							"rotation": [-145.46655, -7.65103, -15.57204],
							"uv": {
								"north": {"uv": [222, 191], "uv_size": [3, 3]},
								"east": {"uv": [218, 191], "uv_size": [4, 3]},
								"south": {"uv": [229, 191], "uv_size": [3, 3]},
								"west": {"uv": [225, 191], "uv_size": [4, 3]},
								"up": {"uv": [222, 187], "uv_size": [3, 4]},
								"down": {"uv": [225, 191], "uv_size": [3, -4]}
							}
						},
						{
							"origin": [-20.00462, 26.60936, -11.89987],
							"size": [2.22, 2.22, 2.92],
							"inflate": -0.2,
							"pivot": [-17.49462, 27.71936, -10.43987],
							"rotation": [170.73839, -34.18317, 79.6627],
							"uv": {
								"north": {"uv": [222, 191], "uv_size": [3, 3]},
								"east": {"uv": [218, 191], "uv_size": [4, 3]},
								"south": {"uv": [229, 191], "uv_size": [3, 3]},
								"west": {"uv": [225, 191], "uv_size": [4, 3]},
								"up": {"uv": [222, 187], "uv_size": [3, 4]},
								"down": {"uv": [225, 191], "uv_size": [3, -4]}
							}
						},
						{
							"origin": [-19.24462, 25.96936, -10.78987],
							"size": [0.7, 2.8, 0.7],
							"pivot": [-17.49462, 27.71936, -10.43987],
							"rotation": [170.73839, -34.18317, 79.6627],
							"uv": {
								"north": {"uv": [202, 188], "uv_size": [1, 4]},
								"east": {"uv": [201, 188], "uv_size": [1, 4]},
								"south": {"uv": [204, 188], "uv_size": [1, 4]},
								"west": {"uv": [203, 188], "uv_size": [1, 4]},
								"up": {"uv": [202, 187], "uv_size": [1, 1]},
								"down": {"uv": [203, 188], "uv_size": [1, -1]}
							}
						},
						{
							"origin": [-14.68112, -2.75836, -5.44438],
							"size": [0, 2.8, 11.2],
							"pivot": [-14.85612, 12.29164, 0.15562],
							"rotation": [-145.46655, -7.65103, -15.57204],
							"uv": {
								"north": {"uv": [221, 207], "uv_size": [0, 4]},
								"east": {"uv": [205, 207], "uv_size": [16, 4]},
								"south": {"uv": [237, 207], "uv_size": [0, 4]},
								"west": {"uv": [221, 207], "uv_size": [16, 4]},
								"up": {"uv": [221, 191], "uv_size": [0, 16]},
								"down": {"uv": [221, 207], "uv_size": [0, -16]}
							}
						}
					]
				},
				{
					"name": "saw3",
					"parent": "right_arm3",
					"pivot": [-16.95612, 29.09164, -11.11438],
					"rotation": [-58.16465, -5.6108, -14.96307],
					"cubes": [
						{
							"origin": [-16.53612, 24.47164, -15.73438],
							"size": [0, 9.24, 9.24],
							"uv": {
								"north": {"uv": [173, 237], "uv_size": [0, 11]},
								"east": {"uv": [162, 237], "uv_size": [11, 11]},
								"south": {"uv": [184, 237], "uv_size": [0, 11]},
								"west": {"uv": [173, 237], "uv_size": [11, 11]},
								"up": {"uv": [173, 226], "uv_size": [0, 11]},
								"down": {"uv": [173, 237], "uv_size": [0, -11]}
							}
						}
					]
				},
				{
					"name": "shield_front2",
					"parent": "right_arm",
					"pivot": [-11.25296, 20.60173, 0.12739],
					"rotation": [0.75239, -2.13291, 162.47029],
					"cubes": [
						{"origin": [-15.87269, 19.65355, -3.37261], "size": [6, 1, 1], "uv": [151, 0]},
						{"origin": [-9.97269, 18.90355, -5.37261], "size": [1, 3, 9], "inflate": -0.1, "pivot": [-14.87269, 20.65355, 0.12739], "rotation": [0, 0, 12.5], "uv": [165, 48]},
						{"origin": [-10.37269, 20.3415, -5.37261], "size": [1, 5, 9], "pivot": [-9.87658, 24.8415, 0.62739], "rotation": [0, 0, -7.5], "uv": [165, 45]},
						{"origin": [-15.87269, 19.65355, 0.62739], "size": [6, 1, 1], "uv": [151, 0]}
					]
				},
				{
					"name": "left_arm4",
					"parent": "toilet",
					"pivot": [8, 13, -1],
					"cubes": [
						{
							"origin": [6.46148, 10.00529, -3],
							"size": [4, 5, 5],
							"pivot": [8.46148, 12.50529, -0.5],
							"rotation": [0, 0, 7.5],
							"uv": {
								"north": {"uv": [245, 154], "uv_size": [-4, 5]},
								"east": {"uv": [250, 154], "uv_size": [-5, 5]},
								"south": {"uv": [254, 154], "uv_size": [-4, 5]},
								"west": {"uv": [241, 154], "uv_size": [-5, 5]},
								"up": {"uv": [245, 149], "uv_size": [-4, 5]},
								"down": {"uv": [249, 154], "uv_size": [-4, -5]}
							}
						}
					]
				},
				{
					"name": "left_arm5",
					"parent": "left_arm4",
					"pivot": [10, 13.25, -0.75],
					"rotation": [26.391, -1.17326, -7.99171],
					"cubes": [
						{
							"origin": [8.77818, 8.07881, -2.1492],
							"size": [2.1, 5.6, 2.8],
							"pivot": [8.60318, 12.97881, -1.0992],
							"rotation": [0, 0, -20],
							"uv": {
								"north": {"uv": [249, 168], "uv_size": [-3, 8]},
								"east": {"uv": [253, 168], "uv_size": [-4, 8]},
								"south": {"uv": [256, 168], "uv_size": [-3, 8]},
								"west": {"uv": [246, 168], "uv_size": [-4, 8]},
								"up": {"uv": [249, 164], "uv_size": [-3, 4]},
								"down": {"uv": [252, 168], "uv_size": [-3, -4]}
							}
						}
					]
				},
				{
					"name": "left_arm6",
					"parent": "left_arm5",
					"pivot": [11.40318, 8.77881, -0.3992],
					"rotation": [26.391, -1.17326, -7.99171],
					"cubes": [
						{
							"origin": [9.86064, -9.61396, 0.11002],
							"size": [2.1, 10.5, 2.8],
							"pivot": [11.08564, 4.73604, 1.51002],
							"rotation": [-145.46655, 7.65103, 15.57204],
							"uv": {
								"north": {"uv": [249, 192], "uv_size": [-3, 15]},
								"east": {"uv": [253, 192], "uv_size": [-4, 15]},
								"south": {"uv": [256, 192], "uv_size": [-3, 15]},
								"west": {"uv": [246, 192], "uv_size": [-4, 15]},
								"up": {"uv": [249, 188], "uv_size": [-3, 4]},
								"down": {"uv": [252, 192], "uv_size": [-3, -4]}
							}
						},
						{
							"origin": [9.80064, -14.92396, 0.05002],
							"size": [2.22, 5.72, 2.92],
							"inflate": -0.2,
							"pivot": [11.08564, 4.73604, 1.51002],
							"rotation": [-145.46655, 7.65103, 15.57204],
							"uv": {
								"north": {"uv": [228, 227], "uv_size": [-3, 8]},
								"east": {"uv": [232, 227], "uv_size": [-4, 8]},
								"south": {"uv": [235, 227], "uv_size": [-3, 8]},
								"west": {"uv": [225, 227], "uv_size": [-4, 8]},
								"up": {"uv": [228, 223], "uv_size": [-3, 4]},
								"down": {"uv": [231, 227], "uv_size": [-3, -4]}
							}
						},
						{
							"origin": [9.92064, -8.85396, 0.17002],
							"size": [1.98, 1.98, 2.68],
							"inflate": 0.2,
							"pivot": [11.08564, 4.73604, 1.51002],
							"rotation": [-145.46655, 7.65103, 15.57204],
							"uv": {
								"north": {"uv": [225, 191], "uv_size": [-3, 3]},
								"east": {"uv": [229, 191], "uv_size": [-4, 3]},
								"south": {"uv": [232, 191], "uv_size": [-3, 3]},
								"west": {"uv": [222, 191], "uv_size": [-4, 3]},
								"up": {"uv": [225, 187], "uv_size": [-3, 4]},
								"down": {"uv": [228, 191], "uv_size": [-3, -4]}
							}
						},
						{
							"origin": [14.01415, 19.05376, -10.54546],
							"size": [2.22, 2.22, 2.92],
							"inflate": -0.2,
							"pivot": [13.72415, 20.16376, -9.08546],
							"rotation": [170.73839, 34.18317, -79.6627],
							"uv": {
								"north": {"uv": [225, 191], "uv_size": [-3, 3]},
								"east": {"uv": [229, 191], "uv_size": [-4, 3]},
								"south": {"uv": [232, 191], "uv_size": [-3, 3]},
								"west": {"uv": [222, 191], "uv_size": [-4, 3]},
								"up": {"uv": [225, 187], "uv_size": [-3, 4]},
								"down": {"uv": [228, 191], "uv_size": [-3, -4]}
							}
						},
						{
							"origin": [14.77415, 18.41376, -9.43546],
							"size": [0.7, 2.8, 0.7],
							"pivot": [13.72415, 20.16376, -9.08546],
							"rotation": [170.73839, 34.18317, -79.6627],
							"uv": {
								"north": {"uv": [203, 188], "uv_size": [-1, 4]},
								"east": {"uv": [204, 188], "uv_size": [-1, 4]},
								"south": {"uv": [205, 188], "uv_size": [-1, 4]},
								"west": {"uv": [202, 188], "uv_size": [-1, 4]},
								"up": {"uv": [203, 187], "uv_size": [-1, 1]},
								"down": {"uv": [204, 188], "uv_size": [-1, -1]}
							}
						},
						{
							"origin": [10.91064, -10.31396, -4.08998],
							"size": [0, 2.8, 11.2],
							"pivot": [11.08564, 4.73604, 1.51002],
							"rotation": [-145.46655, 7.65103, 15.57204],
							"uv": {
								"north": {"uv": [221, 207], "uv_size": [0, 4]},
								"east": {"uv": [237, 207], "uv_size": [-16, 4]},
								"south": {"uv": [237, 207], "uv_size": [0, 4]},
								"west": {"uv": [221, 207], "uv_size": [-16, 4]},
								"up": {"uv": [221, 191], "uv_size": [0, 16]},
								"down": {"uv": [221, 207], "uv_size": [0, -16]}
							}
						}
					]
				},
				{
					"name": "saw4",
					"parent": "left_arm6",
					"pivot": [13.18564, 21.53604, -9.75998],
					"rotation": [-58.16465, 5.6108, 14.96307],
					"cubes": [
						{
							"origin": [12.76564, 16.91604, -14.37998],
							"size": [0, 9.24, 9.24],
							"uv": {
								"north": {"uv": [173, 237], "uv_size": [0, 11]},
								"east": {"uv": [184, 237], "uv_size": [-11, 11]},
								"south": {"uv": [184, 237], "uv_size": [0, 11]},
								"west": {"uv": [173, 237], "uv_size": [-11, 11]},
								"up": {"uv": [173, 226], "uv_size": [0, 11]},
								"down": {"uv": [173, 237], "uv_size": [0, -11]}
							}
						}
					]
				},
				{
					"name": "right_arm4",
					"parent": "toilet",
					"pivot": [-8, 13, -1],
					"cubes": [
						{
							"origin": [-10.46148, 10.00529, -3],
							"size": [4, 5, 5],
							"pivot": [-8.46148, 12.50529, -0.5],
							"rotation": [0, 0, -7.5],
							"uv": {
								"north": {"uv": [241, 154], "uv_size": [4, 5]},
								"east": {"uv": [236, 154], "uv_size": [5, 5]},
								"south": {"uv": [250, 154], "uv_size": [4, 5]},
								"west": {"uv": [245, 154], "uv_size": [5, 5]},
								"up": {"uv": [241, 149], "uv_size": [4, 5]},
								"down": {"uv": [245, 154], "uv_size": [4, -5]}
							}
						}
					]
				},
				{
					"name": "right_arm5",
					"parent": "right_arm4",
					"pivot": [-10, 13.25, -0.75],
					"rotation": [26.391, 1.17326, 7.99171],
					"cubes": [
						{
							"origin": [-10.87818, 8.07881, -2.1492],
							"size": [2.1, 5.6, 2.8],
							"pivot": [-8.60318, 12.97881, -1.0992],
							"rotation": [0, 0, 20],
							"uv": {
								"north": {"uv": [246, 168], "uv_size": [3, 8]},
								"east": {"uv": [242, 168], "uv_size": [4, 8]},
								"south": {"uv": [253, 168], "uv_size": [3, 8]},
								"west": {"uv": [249, 168], "uv_size": [4, 8]},
								"up": {"uv": [246, 164], "uv_size": [3, 4]},
								"down": {"uv": [249, 168], "uv_size": [3, -4]}
							}
						}
					]
				},
				{
					"name": "right_arm6",
					"parent": "right_arm5",
					"pivot": [-11.40318, 8.77881, -0.3992],
					"rotation": [26.391, 1.17326, 7.99171],
					"cubes": [
						{
							"origin": [-11.96064, -9.61396, 0.11002],
							"size": [2.1, 10.5, 2.8],
							"pivot": [-11.08564, 4.73604, 1.51002],
							"rotation": [-145.46655, -7.65103, -15.57204],
							"uv": {
								"north": {"uv": [246, 192], "uv_size": [3, 15]},
								"east": {"uv": [242, 192], "uv_size": [4, 15]},
								"south": {"uv": [253, 192], "uv_size": [3, 15]},
								"west": {"uv": [249, 192], "uv_size": [4, 15]},
								"up": {"uv": [246, 188], "uv_size": [3, 4]},
								"down": {"uv": [249, 192], "uv_size": [3, -4]}
							}
						},
						{
							"origin": [-12.02064, -14.92396, 0.05002],
							"size": [2.22, 5.72, 2.92],
							"inflate": -0.2,
							"pivot": [-11.08564, 4.73604, 1.51002],
							"rotation": [-145.46655, -7.65103, -15.57204],
							"uv": {
								"north": {"uv": [225, 227], "uv_size": [3, 8]},
								"east": {"uv": [221, 227], "uv_size": [4, 8]},
								"south": {"uv": [232, 227], "uv_size": [3, 8]},
								"west": {"uv": [228, 227], "uv_size": [4, 8]},
								"up": {"uv": [225, 223], "uv_size": [3, 4]},
								"down": {"uv": [228, 227], "uv_size": [3, -4]}
							}
						},
						{
							"origin": [-11.90064, -8.85396, 0.17002],
							"size": [1.98, 1.98, 2.68],
							"inflate": 0.2,
							"pivot": [-11.08564, 4.73604, 1.51002],
							"rotation": [-145.46655, -7.65103, -15.57204],
							"uv": {
								"north": {"uv": [222, 191], "uv_size": [3, 3]},
								"east": {"uv": [218, 191], "uv_size": [4, 3]},
								"south": {"uv": [229, 191], "uv_size": [3, 3]},
								"west": {"uv": [225, 191], "uv_size": [4, 3]},
								"up": {"uv": [222, 187], "uv_size": [3, 4]},
								"down": {"uv": [225, 191], "uv_size": [3, -4]}
							}
						},
						{
							"origin": [-16.23415, 19.05376, -10.54546],
							"size": [2.22, 2.22, 2.92],
							"inflate": -0.2,
							"pivot": [-13.72415, 20.16376, -9.08546],
							"rotation": [170.73839, -34.18317, 79.6627],
							"uv": {
								"north": {"uv": [222, 191], "uv_size": [3, 3]},
								"east": {"uv": [218, 191], "uv_size": [4, 3]},
								"south": {"uv": [229, 191], "uv_size": [3, 3]},
								"west": {"uv": [225, 191], "uv_size": [4, 3]},
								"up": {"uv": [222, 187], "uv_size": [3, 4]},
								"down": {"uv": [225, 191], "uv_size": [3, -4]}
							}
						},
						{
							"origin": [-15.47415, 18.41376, -9.43546],
							"size": [0.7, 2.8, 0.7],
							"pivot": [-13.72415, 20.16376, -9.08546],
							"rotation": [170.73839, -34.18317, 79.6627],
							"uv": {
								"north": {"uv": [202, 188], "uv_size": [1, 4]},
								"east": {"uv": [201, 188], "uv_size": [1, 4]},
								"south": {"uv": [204, 188], "uv_size": [1, 4]},
								"west": {"uv": [203, 188], "uv_size": [1, 4]},
								"up": {"uv": [202, 187], "uv_size": [1, 1]},
								"down": {"uv": [203, 188], "uv_size": [1, -1]}
							}
						},
						{
							"origin": [-10.91064, -10.31396, -4.08998],
							"size": [0, 2.8, 11.2],
							"pivot": [-11.08564, 4.73604, 1.51002],
							"rotation": [-145.46655, -7.65103, -15.57204],
							"uv": {
								"north": {"uv": [221, 207], "uv_size": [0, 4]},
								"east": {"uv": [205, 207], "uv_size": [16, 4]},
								"south": {"uv": [237, 207], "uv_size": [0, 4]},
								"west": {"uv": [221, 207], "uv_size": [16, 4]},
								"up": {"uv": [221, 191], "uv_size": [0, 16]},
								"down": {"uv": [221, 207], "uv_size": [0, -16]}
							}
						}
					]
				},
				{
					"name": "saw5",
					"parent": "right_arm6",
					"pivot": [-13.18564, 21.53604, -9.75998],
					"rotation": [-58.16465, -5.6108, -14.96307],
					"cubes": [
						{
							"origin": [-12.76564, 16.91604, -14.37998],
							"size": [0, 9.24, 9.24],
							"uv": {
								"north": {"uv": [173, 237], "uv_size": [0, 11]},
								"east": {"uv": [162, 237], "uv_size": [11, 11]},
								"south": {"uv": [184, 237], "uv_size": [0, 11]},
								"west": {"uv": [173, 237], "uv_size": [11, 11]},
								"up": {"uv": [173, 226], "uv_size": [0, 11]},
								"down": {"uv": [173, 237], "uv_size": [0, -11]}
							}
						}
					]
				}
			]
		}
	]
}