{
    "scheme": "1.3",
    "name": "mouth/attachment",
    "texture": [ 64, 32 ],
    "providesObj": true,
    "providesMtl": true,
    "legacyObj": false,
    "limbs": {
        "fang_up_a": {
            "size": [ 0, 0, 0 ],
            "texture": [ 0, 0 ],
            "anchor": [ 0.5, 0.5, 0.5 ],
            "origin": [ 0.0, 0.0, 0.0 ],
            "parent": "anchor"
        },
        "attachment_c": {
            "size": [ 0, 0, 0 ],
            "texture": [ 0, 0 ],
            "anchor": [ 0.5, 0.5, 0.5 ],
            "origin": [ 0.0, 0.0, 0.0 ],
            "parent": "anchor"
        },
        "anchor": {
            "size": [ 0, 0, 0 ],
            "texture": [ 0, 0 ],
            "anchor": [ 0.5, 0.5, 0.5 ],
            "origin": [ 0.0, 0.0, 0.0 ]
        },
        "fang_down_b": {
            "size": [ 0, 0, 0 ],
            "texture": [ 0, 0 ],
            "anchor": [ 0.5, 0.5, 0.5 ],
            "origin": [ 0.0, 0.0, 0.0 ],
            "parent": "anchor"
        }
    },
    "poses": {
        "standing": {
            "size": [ 1.0, 1.0, 1.0 ],
            "limbs": {
                "fang_up_a": {
                    "scale": [ 0.0, 0.0, 0.0 ]
                },
                "anchor": {
                    "translate": [ 0.0, -0.016, 0.0 ]
                },
                "fang_down_b": {
                    "scale": [ 0.0, 1.0, 0.0 ]
                }
            }
        },
        "pout_left": {
            "size": [ 1.0, 1.0, 1.0 ],
            "shapes": [
                {
                    "name": "side_mouth_bend_up",
                    "value": 1.0,
                    "relative": true
                },
                {
                    "name": "side_mouth_bend_down",
                    "value": -1.0,
                    "relative": true
                } ],
            "limbs": {
                "fang_up_a": {
                    "scale": [ 0.0, 0.0, 0.0 ]
                },
                "attachment_c": {
                    "rotate": [ 0.0, 0.0, -90.0 ]
                },
                "anchor": {
                    "translate": [ 0.0, -0.016, 0.0 ]
                },
                "fang_down_b": {
                    "scale": [ 0.0, 1.0, 0.0 ]
                }
            }
        },
        "pout_right": {
            "size": [ 1.0, 1.0, 1.0 ],
            "shapes": [
                {
                    "name": "side_mouth_bend_up",
                    "value": 1.0,
                    "relative": true
                },
                {
                    "name": "side_mouth_bend_down",
                    "value": -1.0,
                    "relative": true
                } ],
            "limbs": {
                "fang_up_a": {
                    "scale": [ 0.0, 0.0, 0.0 ]
                },
                "attachment_c": {
                    "rotate": [ 0.0, 0.0, 90.0 ]
                },
                "anchor": {
                    "translate": [ 0.0, -0.016, 0.0 ]
                },
                "fang_down_b": {
                    "scale": [ 0.0, 1.0, 0.0 ]
                }
            }
        },
        "fang_up": {
            "size": [ 1.0, 1.0, 1.0 ],
            "limbs": {
                "attachment_c": {
                    "scale": [ 0.0, 0.0, 0.0 ]
                },
                "anchor": {
                    "translate": [ 0.0, -0.016, 0.0 ]
                },
                "fang_down_b": {
                    "scale": [ 0.0, 0.0, 0.0 ]
                }
            }
        },
        "fang_down": {
            "size": [ 1.0, 1.0, 1.0 ],
            "limbs": {
                "fang_up_a": {
                    "scale": [ 0.0, 0.0, 0.0 ]
                },
                "attachment_c": {
                    "scale": [ 0.0, 0.0, 0.0 ]
                },
                "anchor": {
                    "translate": [ 0.0, -0.016, 0.0 ]
                }
            }
        }
    }
}