{
	"format_version": "1.12.0",
	"minecraft:geometry": [
		{
			"description": {
				"identifier": "geometry.ic_skibidi_fg_rockets",
				"texture_width": 256,
				"texture_height": 256,
				"visible_bounds_width": 8,
				"visible_bounds_height": 4.5,
				"visible_bounds_offset": [0, 1.75, 0]
			},
			"bones": [
				{
					"name": "toilet",
					"pivot": [0, 0, 0],
					"cubes": [
						{"origin": [-5, 2, -5], "size": [10, 7, 10], "uv": [0, 72]},
						{"origin": [-6, 0, -6], "size": [12, 4, 12], "uv": [48, 57]},
						{"origin": [-7, 9, -7], "size": [14, 3, 14], "uv": [0, 37]},
						{"origin": [-9, 11, -7.5], "size": [9, 3, 15], "pivot": [0, 21, 0], "rotation": [0, 0, -77.5], "uv": [0, 54]},
						{"origin": [0, 11, -7.5], "size": [9, 3, 15], "pivot": [0, 21, 0], "rotation": [0, 0, 77.5], "uv": [0, 54], "mirror": true},
						{"origin": [-7.5, 11, -9], "size": [15, 3, 9], "pivot": [0, 21, 0], "rotation": [77.5, 0, 0], "uv": [58, 23]},
						{"origin": [-7.5, 11, 0], "size": [15, 3, 9], "pivot": [0, 21, 0], "rotation": [-77.5, 0, 0], "uv": [58, 11]},
						{"origin": [-8, 17.16026, -9.29852], "size": [16, 4, 2], "pivot": [0, 19.16026, -8.29852], "rotation": [-90, 0, 0], "uv": [68, 0]},
						{"origin": [-8, 17.16026, 7.29852], "size": [16, 4, 2], "pivot": [0, 19.16026, 8.29852], "rotation": [90, 0, 0], "uv": [68, 0]},
						{"origin": [7.27352, 17.16026, -8], "size": [2, 4, 16], "pivot": [8.29852, 19.16026, 0], "rotation": [0, 0, -90], "uv": [24, 73]},
						{"origin": [8.02352, -16.83974, -7], "size": [1, 38, 14], "pivot": [8.29852, 20.16026, 0], "rotation": [0, 0, -90], "uv": [226, 204]},
						{"origin": [10.02352, -9.83974, -9], "size": [2, 31, 18], "pivot": [8.29852, 20.16026, 0], "rotation": [-0.00702, 0.24689, -95.01224], "uv": [125, 144]},
						{"origin": [37.58488, 23.9537, -9.02494], "size": [2, 15, 18], "inflate": -0.1, "pivot": [42.08488, 27.9537, -0.02494], "rotation": [-179.92215, 0.2344, -75.01207], "uv": [125, 144]},
						{"origin": [-12.02352, -9.83974, -9], "size": [2, 31, 18], "pivot": [-8.29852, 20.16026, 0], "rotation": [-0.00702, -0.24689, 95.01224], "uv": [125, 144], "mirror": true},
						{"origin": [-39.58488, 23.9537, -9.02494], "size": [2, 15, 18], "inflate": -0.1, "pivot": [-42.08488, 27.9537, -0.02494], "rotation": [-179.92215, -0.2344, 75.01207], "uv": [125, 144], "mirror": true},
						{"origin": [-9.02352, -16.83974, -7], "size": [1, 38, 14], "pivot": [-8.29852, 20.16026, 0], "rotation": [0, 0, 90], "uv": [226, 204], "mirror": true},
						{"origin": [-9.27352, 17.16026, -8], "size": [2, 4, 16], "pivot": [-8.29852, 19.16026, 0], "rotation": [0, 0, 90], "uv": [24, 73]}
					]
				},
				{
					"name": "shield_front4",
					"parent": "toilet",
					"pivot": [0.5, 15, -7],
					"rotation": [89.99999, -82.5, -89.99999],
					"cubes": [
						{"origin": [-4.5, 14, -12], "size": [6, 1, 1], "uv": [165, 56], "mirror": true},
						{"origin": [-5.4, 11.25, -13.5], "size": [1, 5, 14], "inflate": -0.1, "pivot": [0.5, 15, -7], "rotation": [0, 0, -12.5], "uv": [174, 99], "mirror": true},
						{"origin": [-5, 14.68795, -13.5], "size": [1, 9, 14], "pivot": [-4.49611, 19.18795, -6.5], "rotation": [0, 0, 7.5], "uv": [174, 96], "mirror": true},
						{"origin": [-4.5, 14, -2], "size": [6, 1, 1], "uv": [165, 56], "mirror": true}
					]
				},
				{
					"name": "lid1",
					"parent": "toilet",
					"pivot": [0, 21, 9],
					"cubes": [
						{"origin": [-8, 18.16026, -9.29852], "size": [16, 4, 1], "pivot": [0, 20.16026, -8.29852], "rotation": [-90, 0, 0], "uv": [97, 11]},
						{"origin": [-9.27352, 18.16026, -8], "size": [1, 4, 16], "pivot": [-8.29852, 20.16026, 0], "rotation": [0, 0, 90], "uv": [80, 57]},
						{"origin": [-8, 18.16026, 8.29852], "size": [16, 4, 1], "pivot": [0, 20.16026, 8.29852], "rotation": [90, 0, 0], "uv": [97, 11], "mirror": true},
						{"origin": [8.27352, 18.16026, -8], "size": [1, 4, 16], "pivot": [8.29852, 20.16026, 0], "rotation": [0, 0, -90], "uv": [80, 57]}
					]
				},
				{
					"name": "back",
					"parent": "toilet",
					"pivot": [0, 21, 11],
					"cubes": [
						{"origin": [-11.5, 17, 10], "size": [23, 20, 6], "uv": [0, 11]},
						{"origin": [-15, 36, 9], "size": [30, 3, 8], "uv": [0, 0]},
						{"origin": [8.77514, 18.3438, 9.975], "size": [5, 20, 6], "pivot": [2.42514, 29.1438, 13], "rotation": [0, 0, 7.5], "uv": [32, 93], "mirror": true},
						{"origin": [-13.77514, 18.3438, 9.975], "size": [5, 20, 6], "pivot": [-2.42514, 29.1438, 13], "rotation": [0, 0, -7.5], "uv": [32, 93]}
					]
				},
				{
					"name": "rocket",
					"parent": "back",
					"pivot": [0, 27.61551, 10.92191],
					"cubes": [
						{"origin": [-14.5, 31, 12], "size": [1, 7, 2], "uv": [0, 209]},
						{"origin": [-14.5, 22, 12], "size": [1, 7, 2], "uv": [0, 209]},
						{"origin": [-18.4, 27, 11], "size": [4, 15, 4], "uv": [0, 237]},
						{"origin": [-18.4, 19, 11], "size": [4, 15, 4], "inflate": -0.3, "uv": [0, 237]},
						{"origin": [-18.4, 17, 11], "size": [4, 3, 4], "inflate": 0.3, "uv": [53, 246]},
						{"origin": [-18.4, 13.75, 11], "size": [4, 3, 4], "uv": [39, 249]},
						{"origin": [-18.4, 39, 11], "size": [4, 3, 4], "inflate": 0.4, "uv": [20, 249]},
						{"origin": [13.5, 31, 12], "size": [1, 7, 2], "uv": [0, 209], "mirror": true},
						{"origin": [13.5, 22, 12], "size": [1, 7, 2], "uv": [0, 209], "mirror": true},
						{"origin": [14.4, 27, 11], "size": [4, 15, 4], "uv": [0, 237], "mirror": true},
						{"origin": [14.4, 19, 11], "size": [4, 15, 4], "inflate": -0.3, "uv": [0, 237], "mirror": true},
						{"origin": [14.4, 17, 11], "size": [4, 3, 4], "inflate": 0.3, "uv": [53, 246], "mirror": true},
						{"origin": [14.4, 13.75, 11], "size": [4, 3, 4], "uv": [39, 249], "mirror": true},
						{"origin": [14.4, 39, 11], "size": [4, 3, 4], "inflate": 0.4, "uv": [20, 249], "mirror": true}
					],
					"locators": {
						"thrust": {
							"offset": [-15.75, 16, 11.75],
							"rotation": [0, -90, 180]
						},
						"thrust2": {
							"offset": [15.75, 16, 11.75],
							"rotation": [0, 90, -180]
						}
					}
				},
				{
					"name": "lid2",
					"parent": "toilet",
					"pivot": [0, 20, 10],
					"cubes": [
						{"origin": [-8, 23, 7], "size": [16, 14, 2], "uv": [74, 35]},
						{"origin": [-7, 37, 7], "size": [14, 3, 2], "uv": [44, 73]},
						{"origin": [-6, 40, 7], "size": [12, 3, 2], "uv": [44, 82]},
						{"origin": [-7, 21, 7], "size": [14, 2, 2], "uv": [44, 78]}
					]
				},
				{
					"name": "flush",
					"parent": "toilet",
					"pivot": [0, 39, 13],
					"cubes": [
						{"origin": [-1, 38, 12], "size": [2, 2, 2], "uv": [0, 0]}
					]
				},
				{
					"name": "neck",
					"parent": "toilet",
					"pivot": [0, 12, 5.675],
					"rotation": [15, 0, 0],
					"cubes": [
						{"origin": [-2.5, 9.34478, 1.52888], "size": [5, 10, 5], "pivot": [0, 15.49954, 0.84149], "rotation": [25, 0, 0], "uv": [77, 89]}
					]
				},
				{
					"name": "neck2",
					"parent": "neck",
					"pivot": [0, 19.55658, 1.98278],
					"rotation": [-27.5, 0, 0],
					"cubes": [
						{"origin": [-2.575, 16.72074, -2.62002], "size": [5, 10, 5], "pivot": [0, 23.87551, -3.30741], "rotation": [25, 0, 0], "uv": [56, 89]}
					]
				},
				{
					"name": "head",
					"parent": "neck2",
					"pivot": [0, 28.55658, -2.01722],
					"cubes": [
						{"origin": [-5, 26.55658, -7.01722], "size": [10, 12, 10], "pivot": [0, 29.55658, -2.01722], "rotation": [10, 0, 0], "uv": [0, 111]}
					]
				},
				{
					"name": "eyes",
					"parent": "head",
					"pivot": [0, 31.67209, -6.87575],
					"rotation": [10, 0, 0],
					"cubes": [
						{
							"origin": [-3.5, 30.79709, -7.87575],
							"size": [2.25, 1.75, 2],
							"uv": {
								"north": {"uv": [2, 43], "uv_size": [2, 2]},
								"east": {"uv": [0, 43], "uv_size": [2, 2]},
								"south": {"uv": [6, 43], "uv_size": [2, 2]},
								"west": {"uv": [4, 43], "uv_size": [2, 2]},
								"up": {"uv": [2, 41], "uv_size": [2, 2]},
								"down": {"uv": [4, 43], "uv_size": [2, -2]}
							}
						},
						{
							"origin": [1.25, 30.79709, -7.87575],
							"size": [2.25, 1.75, 2],
							"uv": {
								"north": {"uv": [4, 43], "uv_size": [-2, 2]},
								"east": {"uv": [6, 43], "uv_size": [-2, 2]},
								"south": {"uv": [8, 43], "uv_size": [-2, 2]},
								"west": {"uv": [2, 43], "uv_size": [-2, 2]},
								"up": {"uv": [4, 41], "uv_size": [-2, 2]},
								"down": {"uv": [6, 43], "uv_size": [-2, -2]}
							}
						}
					]
				},
				{
					"name": "pupils",
					"parent": "eyes",
					"pivot": [0, 31.67209, -6.87575]
				},
				{
					"name": "1",
					"parent": "pupils",
					"pivot": [0, 31.67209, -6.87575],
					"cubes": [
						{"origin": [-2.85, 31.17209, -8.12575], "size": [1, 1, 1], "uv": [0, 46]}
					]
				},
				{
					"name": "2",
					"parent": "pupils",
					"pivot": [0, 31.67209, -6.87575],
					"cubes": [
						{"origin": [1.85, 31.17209, -8.12575], "size": [1, 1, 1], "uv": [0, 46], "mirror": true}
					]
				},
				{
					"name": "laser",
					"parent": "eyes",
					"pivot": [0, 31.67209, -5.87575],
					"cubes": [
						{
							"origin": [-3.5, 30.79709, -6.87575],
							"size": [2.25, 1.75, 2],
							"inflate": 0.3,
							"uv": {
								"north": {"uv": [250, 83], "uv_size": [2, 1]},
								"east": {"uv": [248, 83], "uv_size": [2, 1]},
								"south": {"uv": [254, 83], "uv_size": [2, 1]},
								"west": {"uv": [252, 83], "uv_size": [2, 1]},
								"up": {"uv": [250, 81], "uv_size": [2, 2]},
								"down": {"uv": [252, 83], "uv_size": [2, -2]}
							}
						},
						{
							"origin": [1.25, 30.79709, -6.87575],
							"size": [2.25, 1.75, 2],
							"inflate": 0.3,
							"uv": {
								"north": {"uv": [252, 83], "uv_size": [-2, 1]},
								"east": {"uv": [254, 83], "uv_size": [-2, 1]},
								"south": {"uv": [256, 83], "uv_size": [-2, 1]},
								"west": {"uv": [250, 83], "uv_size": [-2, 1]},
								"up": {"uv": [252, 81], "uv_size": [-2, 2]},
								"down": {"uv": [254, 83], "uv_size": [-2, -2]}
							}
						}
					]
				},
				{
					"name": "blast",
					"parent": "eyes",
					"pivot": [0, 31.67209, -6.87575],
					"cubes": [
						{
							"origin": [-2.95, 31.19709, -7.87575],
							"size": [1, 1, 2],
							"inflate": -0.3,
							"uv": {
								"north": {"uv": [250, 83], "uv_size": [2, 1]},
								"east": {"uv": [248, 83], "uv_size": [2, 1]},
								"south": {"uv": [254, 83], "uv_size": [2, 1]},
								"west": {"uv": [252, 83], "uv_size": [2, 1]},
								"up": {"uv": [250, 81], "uv_size": [2, 2]},
								"down": {"uv": [252, 83], "uv_size": [2, -2]}
							}
						},
						{
							"origin": [1.95, 31.19709, -7.87575],
							"size": [1, 1, 2],
							"inflate": -0.3,
							"uv": {
								"north": {"uv": [252, 83], "uv_size": [-2, 1]},
								"east": {"uv": [254, 83], "uv_size": [-2, 1]},
								"south": {"uv": [256, 83], "uv_size": [-2, 1]},
								"west": {"uv": [250, 83], "uv_size": [-2, 1]},
								"up": {"uv": [252, 81], "uv_size": [-2, 2]},
								"down": {"uv": [254, 83], "uv_size": [-2, -2]}
							}
						}
					]
				},
				{
					"name": "mouth",
					"parent": "head",
					"pivot": [0, 28.58158, -1.99222],
					"cubes": [
						{
							"origin": [-4.975, 27.48158, -6.99222],
							"size": [9.9, 3.1, 4],
							"pivot": [0, 29.58158, -1.99222],
							"rotation": [10, 0, 0],
							"uv": {
								"north": {"uv": [46, 135], "uv_size": [10, 3]},
								"east": {"uv": [42, 135], "uv_size": [4, 3]},
								"south": {"uv": [60, 135], "uv_size": [10, 3]},
								"west": {"uv": [56, 135], "uv_size": [4, 3]},
								"up": {"uv": [46, 131], "uv_size": [10, 4]},
								"down": {"uv": [56, 135], "uv_size": [10, -4]}
							}
						},
						{
							"origin": [-5, 26.55658, -7.01722],
							"size": [10, 5, 5],
							"pivot": [0, 29.55658, -2.01722],
							"rotation": [10, 0, 0],
							"uv": {
								"north": {"uv": [47, 144], "uv_size": [10, 5]},
								"east": {"uv": [42, 144], "uv_size": [5, 5]},
								"south": {"uv": [62, 144], "uv_size": [10, 5]},
								"west": {"uv": [57, 144], "uv_size": [5, 5]},
								"up": {"uv": [47, 139], "uv_size": [10, 5]},
								"down": {"uv": [57, 144], "uv_size": [10, -5]}
							}
						}
					]
				},
				{
					"name": "upper_mouth",
					"parent": "mouth",
					"pivot": [0, 28.58158, -1.99222],
					"cubes": [
						{
							"origin": [-4, 29.05658, -7.01722],
							"size": [8, 2, 0],
							"pivot": [0, 29.55658, -2.01722],
							"rotation": [10, 0, 0],
							"uv": {
								"north": {"uv": [0, 142], "uv_size": [8, 2]},
								"east": {"uv": [0, 142], "uv_size": [0, 2]},
								"south": {"uv": [8, 142], "uv_size": [8, 2]},
								"west": {"uv": [8, 142], "uv_size": [0, 2]},
								"up": {"uv": [0, 142], "uv_size": [8, 0]},
								"down": {"uv": [8, 142], "uv_size": [8, 0]}
							}
						}
					]
				},
				{
					"name": "lower_mouth2",
					"parent": "mouth",
					"pivot": [0, 28.58158, -1.99222],
					"cubes": [
						{
							"origin": [-4, 27.05658, -7.01722],
							"size": [8, 2, 0],
							"pivot": [0, 29.55658, -2.01722],
							"rotation": [10, 0, 0],
							"uv": {
								"north": {"uv": [0, 144], "uv_size": [8, -2]},
								"east": {"uv": [0, 142], "uv_size": [0, 2]},
								"south": {"uv": [8, 142], "uv_size": [8, 2]},
								"west": {"uv": [8, 142], "uv_size": [0, 2]},
								"up": {"uv": [0, 142], "uv_size": [8, 0]},
								"down": {"uv": [8, 142], "uv_size": [8, 0]}
							}
						}
					]
				},
				{
					"name": "teeth",
					"parent": "head",
					"pivot": [0, 28.55658, -3.01722]
				},
				{
					"name": "upper",
					"parent": "teeth",
					"pivot": [0, 29.05658, -2.01722],
					"cubes": [
						{"origin": [-3, 28.86015, -6.2625], "size": [6, 2, 4], "pivot": [0, 29.86015, -4.2625], "rotation": [-170, 0, 0], "uv": [35, 56]}
					]
				},
				{
					"name": "lower",
					"parent": "teeth",
					"pivot": [0, 29.20658, -2.01722],
					"cubes": [
						{"origin": [-3, 26.89053, -5.9152], "size": [6, 2, 4], "pivot": [0, 27.89053, -3.9152], "rotation": [170, 0, 180], "uv": [35, 56]}
					]
				},
				{
					"name": "glasses",
					"parent": "head",
					"pivot": [0, 31.55658, -8.01722],
					"cubes": [
						{"origin": [-5.5, 30.05658, -8.26722], "size": [11, 3, 6], "pivot": [0, 31.55658, -8.01722], "rotation": [10, 0, 0], "uv": [219, 148]}
					]
				},
				{
					"name": "rocket1",
					"parent": "toilet",
					"pivot": [1, 1, 1],
					"cubes": [
						{"origin": [-0.97648, 4.16026, -14], "size": [9, 9, 24], "pivot": [9.29852, 20.16026, 1], "rotation": [0, 0, -90], "uv": [143, 179]},
						{"origin": [4.02352, 5.16026, -14], "size": [3, 3, 15], "pivot": [9.29852, 20.16026, 1], "rotation": [0, 0, -90], "uv": [153, 215]},
						{"origin": [17.29852, 14.88526, -14], "size": [3, 3, 15], "pivot": [18.79852, 16.38526, -6.5], "rotation": [0, 0, -180], "uv": [153, 215]},
						{"origin": [21.29852, 10.88526, -14], "size": [3, 3, 15], "uv": [153, 215]},
						{"origin": [19.29852, 8.88526, -14], "size": [3, 3, 15], "pivot": [20.79852, 12.38526, -6.5], "rotation": [0, 0, 90], "uv": [153, 215]},
						{"origin": [8.02352, 8.16026, -6], "size": [1, 2, 12], "pivot": [9.29852, 20.16026, 0], "rotation": [0, 0, -90], "uv": [199, 242]},
						{"origin": [10.02352, 7.16026, -4], "size": [4, 1, 6], "pivot": [9.29852, 20.16026, 0], "rotation": [0, 0, -90], "uv": [173, 249]},
						{"origin": [10.02352, -3.83974, -4], "size": [4, 1, 6], "pivot": [9.29852, 20.16026, 0], "rotation": [0, 0, -90], "uv": [173, 249]}
					]
				},
				{
					"name": "rocket2",
					"parent": "rocket1",
					"pivot": [18.75, 16.4, -10],
					"rotation": [-90, 0, 0],
					"cubes": [
						{
							"origin": [17.46, 14.25, -11.29],
							"size": [2.58, 3.44, 2.58],
							"uv": {
								"north": {"uv": [94, 236], "uv_size": [3, 4]},
								"east": {"uv": [91, 236], "uv_size": [3, 4]},
								"south": {"uv": [100, 236], "uv_size": [3, 4]},
								"west": {"uv": [97, 236], "uv_size": [3, 4]},
								"up": {"uv": [94, 233], "uv_size": [3, 3]},
								"down": {"uv": [97, 236], "uv_size": [3, -3]}
							}
						},
						{
							"origin": [17.432, 17.662, -11.318],
							"size": [2.636, 1.776, 2.636],
							"inflate": -0.2,
							"uv": {
								"north": {"uv": [94, 254], "uv_size": [3, 2]},
								"east": {"uv": [91, 254], "uv_size": [3, 2]},
								"south": {"uv": [100, 254], "uv_size": [3, 2]},
								"west": {"uv": [97, 254], "uv_size": [3, 2]},
								"up": {"uv": [94, 251], "uv_size": [3, 3]},
								"down": {"uv": [97, 254], "uv_size": [3, -3]}
							}
						},
						{
							"origin": [17.89, 12.96, -10.86],
							"size": [1.72, 3.44, 1.72],
							"pivot": [18.75, 13.39, -10],
							"rotation": [0, -45, 0],
							"uv": {
								"north": {"uv": [97, 245], "uv_size": [2, 4]},
								"east": {"uv": [95, 245], "uv_size": [2, 4]},
								"south": {"uv": [101, 245], "uv_size": [2, 4]},
								"west": {"uv": [99, 245], "uv_size": [2, 4]},
								"up": {"uv": [97, 243], "uv_size": [2, 2]},
								"down": {"uv": [99, 245], "uv_size": [2, -2]}
							}
						}
					]
				},
				{
					"name": "rocket3",
					"parent": "rocket1",
					"pivot": [22.75, 16.4, -10],
					"rotation": [-90, 0, 0],
					"cubes": [
						{
							"origin": [21.46, 14.25, -11.29],
							"size": [2.58, 3.44, 2.58],
							"uv": {
								"north": {"uv": [94, 236], "uv_size": [3, 4]},
								"east": {"uv": [91, 236], "uv_size": [3, 4]},
								"south": {"uv": [100, 236], "uv_size": [3, 4]},
								"west": {"uv": [97, 236], "uv_size": [3, 4]},
								"up": {"uv": [94, 233], "uv_size": [3, 3]},
								"down": {"uv": [97, 236], "uv_size": [3, -3]}
							}
						},
						{
							"origin": [21.432, 17.662, -11.318],
							"size": [2.636, 1.776, 2.636],
							"inflate": -0.2,
							"uv": {
								"north": {"uv": [94, 254], "uv_size": [3, 2]},
								"east": {"uv": [91, 254], "uv_size": [3, 2]},
								"south": {"uv": [100, 254], "uv_size": [3, 2]},
								"west": {"uv": [97, 254], "uv_size": [3, 2]},
								"up": {"uv": [94, 251], "uv_size": [3, 3]},
								"down": {"uv": [97, 254], "uv_size": [3, -3]}
							}
						},
						{
							"origin": [21.89, 12.96, -10.86],
							"size": [1.72, 3.44, 1.72],
							"pivot": [22.75, 13.39, -10],
							"rotation": [0, -45, 0],
							"uv": {
								"north": {"uv": [97, 245], "uv_size": [2, 4]},
								"east": {"uv": [95, 245], "uv_size": [2, 4]},
								"south": {"uv": [101, 245], "uv_size": [2, 4]},
								"west": {"uv": [99, 245], "uv_size": [2, 4]},
								"up": {"uv": [97, 243], "uv_size": [2, 2]},
								"down": {"uv": [99, 245], "uv_size": [2, -2]}
							}
						}
					]
				},
				{
					"name": "rocket4",
					"parent": "rocket1",
					"pivot": [22.75, 12.4, -10],
					"rotation": [-90, 0, 0],
					"cubes": [
						{
							"origin": [21.46, 10.25, -11.29],
							"size": [2.58, 3.44, 2.58],
							"uv": {
								"north": {"uv": [94, 236], "uv_size": [3, 4]},
								"east": {"uv": [91, 236], "uv_size": [3, 4]},
								"south": {"uv": [100, 236], "uv_size": [3, 4]},
								"west": {"uv": [97, 236], "uv_size": [3, 4]},
								"up": {"uv": [94, 233], "uv_size": [3, 3]},
								"down": {"uv": [97, 236], "uv_size": [3, -3]}
							}
						},
						{
							"origin": [21.432, 13.662, -11.318],
							"size": [2.636, 1.776, 2.636],
							"inflate": -0.2,
							"uv": {
								"north": {"uv": [94, 254], "uv_size": [3, 2]},
								"east": {"uv": [91, 254], "uv_size": [3, 2]},
								"south": {"uv": [100, 254], "uv_size": [3, 2]},
								"west": {"uv": [97, 254], "uv_size": [3, 2]},
								"up": {"uv": [94, 251], "uv_size": [3, 3]},
								"down": {"uv": [97, 254], "uv_size": [3, -3]}
							}
						},
						{
							"origin": [21.89, 8.96, -10.86],
							"size": [1.72, 3.44, 1.72],
							"pivot": [22.75, 9.39, -10],
							"rotation": [0, -45, 0],
							"uv": {
								"north": {"uv": [97, 245], "uv_size": [2, 4]},
								"east": {"uv": [95, 245], "uv_size": [2, 4]},
								"south": {"uv": [101, 245], "uv_size": [2, 4]},
								"west": {"uv": [99, 245], "uv_size": [2, 4]},
								"up": {"uv": [97, 243], "uv_size": [2, 2]},
								"down": {"uv": [99, 245], "uv_size": [2, -2]}
							}
						}
					]
				},
				{
					"name": "rocket5",
					"parent": "rocket1",
					"pivot": [18.75, 12.4, -10],
					"rotation": [-90, 0, 0],
					"cubes": [
						{
							"origin": [17.46, 10.25, -11.29],
							"size": [2.58, 3.44, 2.58],
							"uv": {
								"north": {"uv": [94, 236], "uv_size": [3, 4]},
								"east": {"uv": [91, 236], "uv_size": [3, 4]},
								"south": {"uv": [100, 236], "uv_size": [3, 4]},
								"west": {"uv": [97, 236], "uv_size": [3, 4]},
								"up": {"uv": [94, 233], "uv_size": [3, 3]},
								"down": {"uv": [97, 236], "uv_size": [3, -3]}
							}
						},
						{
							"origin": [17.432, 13.662, -11.318],
							"size": [2.636, 1.776, 2.636],
							"inflate": -0.2,
							"uv": {
								"north": {"uv": [94, 254], "uv_size": [3, 2]},
								"east": {"uv": [91, 254], "uv_size": [3, 2]},
								"south": {"uv": [100, 254], "uv_size": [3, 2]},
								"west": {"uv": [97, 254], "uv_size": [3, 2]},
								"up": {"uv": [94, 251], "uv_size": [3, 3]},
								"down": {"uv": [97, 254], "uv_size": [3, -3]}
							}
						},
						{
							"origin": [17.89, 8.96, -10.86],
							"size": [1.72, 3.44, 1.72],
							"pivot": [18.75, 9.39, -10],
							"rotation": [0, -45, 0],
							"uv": {
								"north": {"uv": [97, 245], "uv_size": [2, 4]},
								"east": {"uv": [95, 245], "uv_size": [2, 4]},
								"south": {"uv": [101, 245], "uv_size": [2, 4]},
								"west": {"uv": [99, 245], "uv_size": [2, 4]},
								"up": {"uv": [97, 243], "uv_size": [2, 2]},
								"down": {"uv": [99, 245], "uv_size": [2, -2]}
							}
						}
					]
				},
				{
					"name": "rocket11",
					"parent": "toilet",
					"pivot": [-1, 1, 1],
					"cubes": [
						{"origin": [-8.02352, 4.16026, -14], "size": [9, 9, 24], "pivot": [-9.29852, 20.16026, 1], "rotation": [0, 0, 90], "uv": [143, 179], "mirror": true},
						{"origin": [-7.02352, 5.16026, -14], "size": [3, 3, 15], "pivot": [-9.29852, 20.16026, 1], "rotation": [0, 0, 90], "uv": [153, 215], "mirror": true},
						{"origin": [-20.29852, 14.88526, -14], "size": [3, 3, 15], "pivot": [-18.79852, 16.38526, -6.5], "rotation": [0, 0, 180], "uv": [153, 215], "mirror": true},
						{"origin": [-24.29852, 10.88526, -14], "size": [3, 3, 15], "uv": [153, 215], "mirror": true},
						{"origin": [-22.29852, 8.88526, -14], "size": [3, 3, 15], "pivot": [-20.79852, 12.38526, -6.5], "rotation": [0, 0, -90], "uv": [153, 215], "mirror": true},
						{"origin": [-9.02352, 8.16026, -6], "size": [1, 2, 12], "pivot": [-9.29852, 20.16026, 0], "rotation": [0, 0, 90], "uv": [199, 242], "mirror": true},
						{"origin": [-14.02352, 7.16026, -4], "size": [4, 1, 6], "pivot": [-9.29852, 20.16026, 0], "rotation": [0, 0, 90], "uv": [173, 249], "mirror": true},
						{"origin": [-14.02352, -3.83974, -4], "size": [4, 1, 6], "pivot": [-9.29852, 20.16026, 0], "rotation": [0, 0, 90], "uv": [173, 249], "mirror": true}
					]
				},
				{
					"name": "rocket12",
					"parent": "rocket11",
					"pivot": [-18.75, 16.4, -10],
					"rotation": [-90, 0, 0],
					"cubes": [
						{
							"origin": [-20.04, 14.25, -11.29],
							"size": [2.58, 3.44, 2.58],
							"uv": {
								"north": {"uv": [97, 236], "uv_size": [-3, 4]},
								"east": {"uv": [100, 236], "uv_size": [-3, 4]},
								"south": {"uv": [103, 236], "uv_size": [-3, 4]},
								"west": {"uv": [94, 236], "uv_size": [-3, 4]},
								"up": {"uv": [97, 233], "uv_size": [-3, 3]},
								"down": {"uv": [100, 236], "uv_size": [-3, -3]}
							}
						},
						{
							"origin": [-20.068, 17.662, -11.318],
							"size": [2.636, 1.776, 2.636],
							"inflate": -0.2,
							"uv": {
								"north": {"uv": [97, 254], "uv_size": [-3, 2]},
								"east": {"uv": [100, 254], "uv_size": [-3, 2]},
								"south": {"uv": [103, 254], "uv_size": [-3, 2]},
								"west": {"uv": [94, 254], "uv_size": [-3, 2]},
								"up": {"uv": [97, 251], "uv_size": [-3, 3]},
								"down": {"uv": [100, 254], "uv_size": [-3, -3]}
							}
						},
						{
							"origin": [-19.61, 12.96, -10.86],
							"size": [1.72, 3.44, 1.72],
							"pivot": [-18.75, 13.39, -10],
							"rotation": [0, 45, 0],
							"uv": {
								"north": {"uv": [99, 245], "uv_size": [-2, 4]},
								"east": {"uv": [101, 245], "uv_size": [-2, 4]},
								"south": {"uv": [103, 245], "uv_size": [-2, 4]},
								"west": {"uv": [97, 245], "uv_size": [-2, 4]},
								"up": {"uv": [99, 243], "uv_size": [-2, 2]},
								"down": {"uv": [101, 245], "uv_size": [-2, -2]}
							}
						}
					]
				},
				{
					"name": "rocket13",
					"parent": "rocket11",
					"pivot": [-22.75, 16.4, -10],
					"rotation": [-90, 0, 0],
					"cubes": [
						{
							"origin": [-24.04, 14.25, -11.29],
							"size": [2.58, 3.44, 2.58],
							"uv": {
								"north": {"uv": [97, 236], "uv_size": [-3, 4]},
								"east": {"uv": [100, 236], "uv_size": [-3, 4]},
								"south": {"uv": [103, 236], "uv_size": [-3, 4]},
								"west": {"uv": [94, 236], "uv_size": [-3, 4]},
								"up": {"uv": [97, 233], "uv_size": [-3, 3]},
								"down": {"uv": [100, 236], "uv_size": [-3, -3]}
							}
						},
						{
							"origin": [-24.068, 17.662, -11.318],
							"size": [2.636, 1.776, 2.636],
							"inflate": -0.2,
							"uv": {
								"north": {"uv": [97, 254], "uv_size": [-3, 2]},
								"east": {"uv": [100, 254], "uv_size": [-3, 2]},
								"south": {"uv": [103, 254], "uv_size": [-3, 2]},
								"west": {"uv": [94, 254], "uv_size": [-3, 2]},
								"up": {"uv": [97, 251], "uv_size": [-3, 3]},
								"down": {"uv": [100, 254], "uv_size": [-3, -3]}
							}
						},
						{
							"origin": [-23.61, 12.96, -10.86],
							"size": [1.72, 3.44, 1.72],
							"pivot": [-22.75, 13.39, -10],
							"rotation": [0, 45, 0],
							"uv": {
								"north": {"uv": [99, 245], "uv_size": [-2, 4]},
								"east": {"uv": [101, 245], "uv_size": [-2, 4]},
								"south": {"uv": [103, 245], "uv_size": [-2, 4]},
								"west": {"uv": [97, 245], "uv_size": [-2, 4]},
								"up": {"uv": [99, 243], "uv_size": [-2, 2]},
								"down": {"uv": [101, 245], "uv_size": [-2, -2]}
							}
						}
					]
				},
				{
					"name": "rocket14",
					"parent": "rocket11",
					"pivot": [-22.75, 12.4, -10],
					"rotation": [-90, 0, 0],
					"cubes": [
						{
							"origin": [-24.04, 10.25, -11.29],
							"size": [2.58, 3.44, 2.58],
							"uv": {
								"north": {"uv": [97, 236], "uv_size": [-3, 4]},
								"east": {"uv": [100, 236], "uv_size": [-3, 4]},
								"south": {"uv": [103, 236], "uv_size": [-3, 4]},
								"west": {"uv": [94, 236], "uv_size": [-3, 4]},
								"up": {"uv": [97, 233], "uv_size": [-3, 3]},
								"down": {"uv": [100, 236], "uv_size": [-3, -3]}
							}
						},
						{
							"origin": [-24.068, 13.662, -11.318],
							"size": [2.636, 1.776, 2.636],
							"inflate": -0.2,
							"uv": {
								"north": {"uv": [97, 254], "uv_size": [-3, 2]},
								"east": {"uv": [100, 254], "uv_size": [-3, 2]},
								"south": {"uv": [103, 254], "uv_size": [-3, 2]},
								"west": {"uv": [94, 254], "uv_size": [-3, 2]},
								"up": {"uv": [97, 251], "uv_size": [-3, 3]},
								"down": {"uv": [100, 254], "uv_size": [-3, -3]}
							}
						},
						{
							"origin": [-23.61, 8.96, -10.86],
							"size": [1.72, 3.44, 1.72],
							"pivot": [-22.75, 9.39, -10],
							"rotation": [0, 45, 0],
							"uv": {
								"north": {"uv": [99, 245], "uv_size": [-2, 4]},
								"east": {"uv": [101, 245], "uv_size": [-2, 4]},
								"south": {"uv": [103, 245], "uv_size": [-2, 4]},
								"west": {"uv": [97, 245], "uv_size": [-2, 4]},
								"up": {"uv": [99, 243], "uv_size": [-2, 2]},
								"down": {"uv": [101, 245], "uv_size": [-2, -2]}
							}
						}
					]
				},
				{
					"name": "rocket15",
					"parent": "rocket11",
					"pivot": [-18.75, 12.4, -10],
					"rotation": [-90, 0, 0],
					"cubes": [
						{
							"origin": [-20.04, 10.25, -11.29],
							"size": [2.58, 3.44, 2.58],
							"uv": {
								"north": {"uv": [97, 236], "uv_size": [-3, 4]},
								"east": {"uv": [100, 236], "uv_size": [-3, 4]},
								"south": {"uv": [103, 236], "uv_size": [-3, 4]},
								"west": {"uv": [94, 236], "uv_size": [-3, 4]},
								"up": {"uv": [97, 233], "uv_size": [-3, 3]},
								"down": {"uv": [100, 236], "uv_size": [-3, -3]}
							}
						},
						{
							"origin": [-20.068, 13.662, -11.318],
							"size": [2.636, 1.776, 2.636],
							"inflate": -0.2,
							"uv": {
								"north": {"uv": [97, 254], "uv_size": [-3, 2]},
								"east": {"uv": [100, 254], "uv_size": [-3, 2]},
								"south": {"uv": [103, 254], "uv_size": [-3, 2]},
								"west": {"uv": [94, 254], "uv_size": [-3, 2]},
								"up": {"uv": [97, 251], "uv_size": [-3, 3]},
								"down": {"uv": [100, 254], "uv_size": [-3, -3]}
							}
						},
						{
							"origin": [-19.61, 8.96, -10.86],
							"size": [1.72, 3.44, 1.72],
							"pivot": [-18.75, 9.39, -10],
							"rotation": [0, 45, 0],
							"uv": {
								"north": {"uv": [99, 245], "uv_size": [-2, 4]},
								"east": {"uv": [101, 245], "uv_size": [-2, 4]},
								"south": {"uv": [103, 245], "uv_size": [-2, 4]},
								"west": {"uv": [97, 245], "uv_size": [-2, 4]},
								"up": {"uv": [99, 243], "uv_size": [-2, 2]},
								"down": {"uv": [101, 245], "uv_size": [-2, -2]}
							}
						}
					]
				},
				{
					"name": "rocket6",
					"parent": "toilet",
					"pivot": [15, 1, 1],
					"cubes": [
						{"origin": [13.02352, 4.16026, -14], "size": [9, 9, 24], "pivot": [23.29852, 20.16026, 1], "rotation": [0, 0, -90], "uv": [143, 179]},
						{"origin": [18.02352, 5.16026, -14], "size": [3, 3, 15], "pivot": [23.29852, 20.16026, 1], "rotation": [0, 0, -90], "uv": [153, 215]},
						{"origin": [31.29852, 14.88526, -14], "size": [3, 3, 15], "pivot": [32.79852, 16.38526, -6.5], "rotation": [0, 0, -180], "uv": [153, 215]},
						{"origin": [35.29852, 10.88526, -14], "size": [3, 3, 15], "uv": [153, 215]},
						{"origin": [33.29852, 8.88526, -14], "size": [3, 3, 15], "pivot": [34.79852, 12.38526, -6.5], "rotation": [0, 0, 90], "uv": [153, 215]},
						{"origin": [22.02352, 8.16026, -6], "size": [1, 2, 12], "pivot": [23.29852, 20.16026, 0], "rotation": [0, 0, -90], "uv": [199, 242]}
					]
				},
				{
					"name": "rocket7",
					"parent": "rocket6",
					"pivot": [32.75, 16.4, -10],
					"rotation": [-90, 0, 0],
					"cubes": [
						{
							"origin": [31.46, 14.25, -11.29],
							"size": [2.58, 3.44, 2.58],
							"uv": {
								"north": {"uv": [94, 236], "uv_size": [3, 4]},
								"east": {"uv": [91, 236], "uv_size": [3, 4]},
								"south": {"uv": [100, 236], "uv_size": [3, 4]},
								"west": {"uv": [97, 236], "uv_size": [3, 4]},
								"up": {"uv": [94, 233], "uv_size": [3, 3]},
								"down": {"uv": [97, 236], "uv_size": [3, -3]}
							}
						},
						{
							"origin": [31.432, 17.662, -11.318],
							"size": [2.636, 1.776, 2.636],
							"inflate": -0.2,
							"uv": {
								"north": {"uv": [94, 254], "uv_size": [3, 2]},
								"east": {"uv": [91, 254], "uv_size": [3, 2]},
								"south": {"uv": [100, 254], "uv_size": [3, 2]},
								"west": {"uv": [97, 254], "uv_size": [3, 2]},
								"up": {"uv": [94, 251], "uv_size": [3, 3]},
								"down": {"uv": [97, 254], "uv_size": [3, -3]}
							}
						},
						{
							"origin": [31.89, 12.96, -10.86],
							"size": [1.72, 3.44, 1.72],
							"pivot": [32.75, 13.39, -10],
							"rotation": [0, -45, 0],
							"uv": {
								"north": {"uv": [97, 245], "uv_size": [2, 4]},
								"east": {"uv": [95, 245], "uv_size": [2, 4]},
								"south": {"uv": [101, 245], "uv_size": [2, 4]},
								"west": {"uv": [99, 245], "uv_size": [2, 4]},
								"up": {"uv": [97, 243], "uv_size": [2, 2]},
								"down": {"uv": [99, 245], "uv_size": [2, -2]}
							}
						}
					]
				},
				{
					"name": "rocket8",
					"parent": "rocket6",
					"pivot": [36.75, 16.4, -10],
					"rotation": [-90, 0, 0],
					"cubes": [
						{
							"origin": [35.46, 14.25, -11.29],
							"size": [2.58, 3.44, 2.58],
							"uv": {
								"north": {"uv": [94, 236], "uv_size": [3, 4]},
								"east": {"uv": [91, 236], "uv_size": [3, 4]},
								"south": {"uv": [100, 236], "uv_size": [3, 4]},
								"west": {"uv": [97, 236], "uv_size": [3, 4]},
								"up": {"uv": [94, 233], "uv_size": [3, 3]},
								"down": {"uv": [97, 236], "uv_size": [3, -3]}
							}
						},
						{
							"origin": [35.432, 17.662, -11.318],
							"size": [2.636, 1.776, 2.636],
							"inflate": -0.2,
							"uv": {
								"north": {"uv": [94, 254], "uv_size": [3, 2]},
								"east": {"uv": [91, 254], "uv_size": [3, 2]},
								"south": {"uv": [100, 254], "uv_size": [3, 2]},
								"west": {"uv": [97, 254], "uv_size": [3, 2]},
								"up": {"uv": [94, 251], "uv_size": [3, 3]},
								"down": {"uv": [97, 254], "uv_size": [3, -3]}
							}
						},
						{
							"origin": [35.89, 12.96, -10.86],
							"size": [1.72, 3.44, 1.72],
							"pivot": [36.75, 13.39, -10],
							"rotation": [0, -45, 0],
							"uv": {
								"north": {"uv": [97, 245], "uv_size": [2, 4]},
								"east": {"uv": [95, 245], "uv_size": [2, 4]},
								"south": {"uv": [101, 245], "uv_size": [2, 4]},
								"west": {"uv": [99, 245], "uv_size": [2, 4]},
								"up": {"uv": [97, 243], "uv_size": [2, 2]},
								"down": {"uv": [99, 245], "uv_size": [2, -2]}
							}
						}
					]
				},
				{
					"name": "rocket9",
					"parent": "rocket6",
					"pivot": [36.75, 12.4, -10],
					"rotation": [-90, 0, 0],
					"cubes": [
						{
							"origin": [35.46, 10.25, -11.29],
							"size": [2.58, 3.44, 2.58],
							"uv": {
								"north": {"uv": [94, 236], "uv_size": [3, 4]},
								"east": {"uv": [91, 236], "uv_size": [3, 4]},
								"south": {"uv": [100, 236], "uv_size": [3, 4]},
								"west": {"uv": [97, 236], "uv_size": [3, 4]},
								"up": {"uv": [94, 233], "uv_size": [3, 3]},
								"down": {"uv": [97, 236], "uv_size": [3, -3]}
							}
						},
						{
							"origin": [35.432, 13.662, -11.318],
							"size": [2.636, 1.776, 2.636],
							"inflate": -0.2,
							"uv": {
								"north": {"uv": [94, 254], "uv_size": [3, 2]},
								"east": {"uv": [91, 254], "uv_size": [3, 2]},
								"south": {"uv": [100, 254], "uv_size": [3, 2]},
								"west": {"uv": [97, 254], "uv_size": [3, 2]},
								"up": {"uv": [94, 251], "uv_size": [3, 3]},
								"down": {"uv": [97, 254], "uv_size": [3, -3]}
							}
						},
						{
							"origin": [35.89, 8.96, -10.86],
							"size": [1.72, 3.44, 1.72],
							"pivot": [36.75, 9.39, -10],
							"rotation": [0, -45, 0],
							"uv": {
								"north": {"uv": [97, 245], "uv_size": [2, 4]},
								"east": {"uv": [95, 245], "uv_size": [2, 4]},
								"south": {"uv": [101, 245], "uv_size": [2, 4]},
								"west": {"uv": [99, 245], "uv_size": [2, 4]},
								"up": {"uv": [97, 243], "uv_size": [2, 2]},
								"down": {"uv": [99, 245], "uv_size": [2, -2]}
							}
						}
					]
				},
				{
					"name": "rocket10",
					"parent": "rocket6",
					"pivot": [32.75, 12.4, -10],
					"rotation": [-90, 0, 0],
					"cubes": [
						{
							"origin": [31.46, 10.25, -11.29],
							"size": [2.58, 3.44, 2.58],
							"uv": {
								"north": {"uv": [94, 236], "uv_size": [3, 4]},
								"east": {"uv": [91, 236], "uv_size": [3, 4]},
								"south": {"uv": [100, 236], "uv_size": [3, 4]},
								"west": {"uv": [97, 236], "uv_size": [3, 4]},
								"up": {"uv": [94, 233], "uv_size": [3, 3]},
								"down": {"uv": [97, 236], "uv_size": [3, -3]}
							}
						},
						{
							"origin": [31.432, 13.662, -11.318],
							"size": [2.636, 1.776, 2.636],
							"inflate": -0.2,
							"uv": {
								"north": {"uv": [94, 254], "uv_size": [3, 2]},
								"east": {"uv": [91, 254], "uv_size": [3, 2]},
								"south": {"uv": [100, 254], "uv_size": [3, 2]},
								"west": {"uv": [97, 254], "uv_size": [3, 2]},
								"up": {"uv": [94, 251], "uv_size": [3, 3]},
								"down": {"uv": [97, 254], "uv_size": [3, -3]}
							}
						},
						{
							"origin": [31.89, 8.96, -10.86],
							"size": [1.72, 3.44, 1.72],
							"pivot": [32.75, 9.39, -10],
							"rotation": [0, -45, 0],
							"uv": {
								"north": {"uv": [97, 245], "uv_size": [2, 4]},
								"east": {"uv": [95, 245], "uv_size": [2, 4]},
								"south": {"uv": [101, 245], "uv_size": [2, 4]},
								"west": {"uv": [99, 245], "uv_size": [2, 4]},
								"up": {"uv": [97, 243], "uv_size": [2, 2]},
								"down": {"uv": [99, 245], "uv_size": [2, -2]}
							}
						}
					]
				},
				{
					"name": "rocket16",
					"parent": "toilet",
					"pivot": [-15, 1, 1],
					"cubes": [
						{"origin": [-22.02352, 4.16026, -14], "size": [9, 9, 24], "pivot": [-23.29852, 20.16026, 1], "rotation": [0, 0, 90], "uv": [143, 179], "mirror": true},
						{"origin": [-21.02352, 5.16026, -14], "size": [3, 3, 15], "pivot": [-23.29852, 20.16026, 1], "rotation": [0, 0, 90], "uv": [153, 215], "mirror": true},
						{"origin": [-34.29852, 14.88526, -14], "size": [3, 3, 15], "pivot": [-32.79852, 16.38526, -6.5], "rotation": [0, 0, 180], "uv": [153, 215], "mirror": true},
						{"origin": [-38.29852, 10.88526, -14], "size": [3, 3, 15], "uv": [153, 215], "mirror": true},
						{"origin": [-36.29852, 8.88526, -14], "size": [3, 3, 15], "pivot": [-34.79852, 12.38526, -6.5], "rotation": [0, 0, -90], "uv": [153, 215], "mirror": true},
						{"origin": [-23.02352, 8.16026, -6], "size": [1, 2, 12], "pivot": [-23.29852, 20.16026, 0], "rotation": [0, 0, 90], "uv": [199, 242], "mirror": true}
					]
				},
				{
					"name": "rocket17",
					"parent": "rocket16",
					"pivot": [-32.75, 16.4, -10],
					"rotation": [-90, 0, 0],
					"cubes": [
						{
							"origin": [-34.04, 14.25, -11.29],
							"size": [2.58, 3.44, 2.58],
							"uv": {
								"north": {"uv": [97, 236], "uv_size": [-3, 4]},
								"east": {"uv": [100, 236], "uv_size": [-3, 4]},
								"south": {"uv": [103, 236], "uv_size": [-3, 4]},
								"west": {"uv": [94, 236], "uv_size": [-3, 4]},
								"up": {"uv": [97, 233], "uv_size": [-3, 3]},
								"down": {"uv": [100, 236], "uv_size": [-3, -3]}
							}
						},
						{
							"origin": [-34.068, 17.662, -11.318],
							"size": [2.636, 1.776, 2.636],
							"inflate": -0.2,
							"uv": {
								"north": {"uv": [97, 254], "uv_size": [-3, 2]},
								"east": {"uv": [100, 254], "uv_size": [-3, 2]},
								"south": {"uv": [103, 254], "uv_size": [-3, 2]},
								"west": {"uv": [94, 254], "uv_size": [-3, 2]},
								"up": {"uv": [97, 251], "uv_size": [-3, 3]},
								"down": {"uv": [100, 254], "uv_size": [-3, -3]}
							}
						},
						{
							"origin": [-33.61, 12.96, -10.86],
							"size": [1.72, 3.44, 1.72],
							"pivot": [-32.75, 13.39, -10],
							"rotation": [0, 45, 0],
							"uv": {
								"north": {"uv": [99, 245], "uv_size": [-2, 4]},
								"east": {"uv": [101, 245], "uv_size": [-2, 4]},
								"south": {"uv": [103, 245], "uv_size": [-2, 4]},
								"west": {"uv": [97, 245], "uv_size": [-2, 4]},
								"up": {"uv": [99, 243], "uv_size": [-2, 2]},
								"down": {"uv": [101, 245], "uv_size": [-2, -2]}
							}
						}
					]
				},
				{
					"name": "rocket18",
					"parent": "rocket16",
					"pivot": [-36.75, 16.4, -10],
					"rotation": [-90, 0, 0],
					"cubes": [
						{
							"origin": [-38.04, 14.25, -11.29],
							"size": [2.58, 3.44, 2.58],
							"uv": {
								"north": {"uv": [97, 236], "uv_size": [-3, 4]},
								"east": {"uv": [100, 236], "uv_size": [-3, 4]},
								"south": {"uv": [103, 236], "uv_size": [-3, 4]},
								"west": {"uv": [94, 236], "uv_size": [-3, 4]},
								"up": {"uv": [97, 233], "uv_size": [-3, 3]},
								"down": {"uv": [100, 236], "uv_size": [-3, -3]}
							}
						},
						{
							"origin": [-38.068, 17.662, -11.318],
							"size": [2.636, 1.776, 2.636],
							"inflate": -0.2,
							"uv": {
								"north": {"uv": [97, 254], "uv_size": [-3, 2]},
								"east": {"uv": [100, 254], "uv_size": [-3, 2]},
								"south": {"uv": [103, 254], "uv_size": [-3, 2]},
								"west": {"uv": [94, 254], "uv_size": [-3, 2]},
								"up": {"uv": [97, 251], "uv_size": [-3, 3]},
								"down": {"uv": [100, 254], "uv_size": [-3, -3]}
							}
						},
						{
							"origin": [-37.61, 12.96, -10.86],
							"size": [1.72, 3.44, 1.72],
							"pivot": [-36.75, 13.39, -10],
							"rotation": [0, 45, 0],
							"uv": {
								"north": {"uv": [99, 245], "uv_size": [-2, 4]},
								"east": {"uv": [101, 245], "uv_size": [-2, 4]},
								"south": {"uv": [103, 245], "uv_size": [-2, 4]},
								"west": {"uv": [97, 245], "uv_size": [-2, 4]},
								"up": {"uv": [99, 243], "uv_size": [-2, 2]},
								"down": {"uv": [101, 245], "uv_size": [-2, -2]}
							}
						}
					]
				},
				{
					"name": "rocket19",
					"parent": "rocket16",
					"pivot": [-36.75, 12.4, -10],
					"rotation": [-90, 0, 0],
					"cubes": [
						{
							"origin": [-38.04, 10.25, -11.29],
							"size": [2.58, 3.44, 2.58],
							"uv": {
								"north": {"uv": [97, 236], "uv_size": [-3, 4]},
								"east": {"uv": [100, 236], "uv_size": [-3, 4]},
								"south": {"uv": [103, 236], "uv_size": [-3, 4]},
								"west": {"uv": [94, 236], "uv_size": [-3, 4]},
								"up": {"uv": [97, 233], "uv_size": [-3, 3]},
								"down": {"uv": [100, 236], "uv_size": [-3, -3]}
							}
						},
						{
							"origin": [-38.068, 13.662, -11.318],
							"size": [2.636, 1.776, 2.636],
							"inflate": -0.2,
							"uv": {
								"north": {"uv": [97, 254], "uv_size": [-3, 2]},
								"east": {"uv": [100, 254], "uv_size": [-3, 2]},
								"south": {"uv": [103, 254], "uv_size": [-3, 2]},
								"west": {"uv": [94, 254], "uv_size": [-3, 2]},
								"up": {"uv": [97, 251], "uv_size": [-3, 3]},
								"down": {"uv": [100, 254], "uv_size": [-3, -3]}
							}
						},
						{
							"origin": [-37.61, 8.96, -10.86],
							"size": [1.72, 3.44, 1.72],
							"pivot": [-36.75, 9.39, -10],
							"rotation": [0, 45, 0],
							"uv": {
								"north": {"uv": [99, 245], "uv_size": [-2, 4]},
								"east": {"uv": [101, 245], "uv_size": [-2, 4]},
								"south": {"uv": [103, 245], "uv_size": [-2, 4]},
								"west": {"uv": [97, 245], "uv_size": [-2, 4]},
								"up": {"uv": [99, 243], "uv_size": [-2, 2]},
								"down": {"uv": [101, 245], "uv_size": [-2, -2]}
							}
						}
					]
				},
				{
					"name": "rocket20",
					"parent": "rocket16",
					"pivot": [-32.75, 12.4, -10],
					"rotation": [-90, 0, 0],
					"cubes": [
						{
							"origin": [-34.04, 10.25, -11.29],
							"size": [2.58, 3.44, 2.58],
							"uv": {
								"north": {"uv": [97, 236], "uv_size": [-3, 4]},
								"east": {"uv": [100, 236], "uv_size": [-3, 4]},
								"south": {"uv": [103, 236], "uv_size": [-3, 4]},
								"west": {"uv": [94, 236], "uv_size": [-3, 4]},
								"up": {"uv": [97, 233], "uv_size": [-3, 3]},
								"down": {"uv": [100, 236], "uv_size": [-3, -3]}
							}
						},
						{
							"origin": [-34.068, 13.662, -11.318],
							"size": [2.636, 1.776, 2.636],
							"inflate": -0.2,
							"uv": {
								"north": {"uv": [97, 254], "uv_size": [-3, 2]},
								"east": {"uv": [100, 254], "uv_size": [-3, 2]},
								"south": {"uv": [103, 254], "uv_size": [-3, 2]},
								"west": {"uv": [94, 254], "uv_size": [-3, 2]},
								"up": {"uv": [97, 251], "uv_size": [-3, 3]},
								"down": {"uv": [100, 254], "uv_size": [-3, -3]}
							}
						},
						{
							"origin": [-33.61, 8.96, -10.86],
							"size": [1.72, 3.44, 1.72],
							"pivot": [-32.75, 9.39, -10],
							"rotation": [0, 45, 0],
							"uv": {
								"north": {"uv": [99, 245], "uv_size": [-2, 4]},
								"east": {"uv": [101, 245], "uv_size": [-2, 4]},
								"south": {"uv": [103, 245], "uv_size": [-2, 4]},
								"west": {"uv": [97, 245], "uv_size": [-2, 4]},
								"up": {"uv": [99, 243], "uv_size": [-2, 2]},
								"down": {"uv": [101, 245], "uv_size": [-2, -2]}
							}
						}
					]
				}
			]
		}
	]
}