{
	"format_version": "1.12.0",
	"minecraft:geometry": [
		{
			"description": {
				"identifier": "geometry.gojidraw_parasite_toilet",
				"texture_width": 256,
				"texture_height": 256,
				"visible_bounds_width": 8,
				"visible_bounds_height": 15,
				"visible_bounds_offset": [0, 2.5, 0]
			},
			"bones": [
				{
					"name": "Root",
					"pivot": [0, 12, 0]
				},
				{
					"name": "bone",
					"parent": "Root",
					"pivot": [0, 8, 1],
					"cubes": [
						{"origin": [-6, 4, -4], "size": [12, 8, 12], "uv": [0, 69]},
						{"origin": [-2, 0, -3], "size": [4, 4, 25], "uv": [0, 40]},
						{"origin": [-2, 4, -6], "size": [4, 8, 32], "uv": [0, 0]},
						{"origin": [-1.9, -1.6, 22], "size": [3.8, 5.7, 4], "pivot": [0, 4, 26], "rotation": [-45, 0, 0], "uv": [72, 22]},
						{"origin": [-2, 12, 22], "size": [4, 8, 4], "uv": [33, 40]},
						{"origin": [-1.9, -1, -6], "size": [3.8, 5, 3], "pivot": [0, 4, -6], "rotation": [37, 0, 0], "uv": [0, 69]},
						{"origin": [-9, 12, 11], "size": [18, 11, 11], "uv": [40, 0]},
						{"origin": [-9, 18, 22], "size": [18, 5, 10], "uv": [58, 58]},
						{"origin": [-4, 23, 22], "size": [8, 16, 6], "uv": [228, 234]},
						{"origin": [-4, 22, 22], "size": [8, 17, 6], "pivot": [0, 39, 28], "rotation": [12.5, 0, 0], "uv": [228, 234]},
						{"origin": [-4, 22, 22], "size": [8, 17, 6], "pivot": [0, 39, 22], "rotation": [-12.5, 0, 0], "uv": [228, 234]},
						{"origin": [-4, 22, 22], "size": [8, 17, 6], "pivot": [-4, 39, 28], "rotation": [0, 0, 15], "uv": [228, 234]},
						{"origin": [-4, 22, 22], "size": [8, 17, 6], "pivot": [4, 39, 28], "rotation": [0, 0, -15], "uv": [228, 234], "mirror": true},
						{"origin": [-2, 28, 23], "size": [4, 25, 4], "uv": [0, 89]},
						{"origin": [-2.5, 52, 22.5], "size": [5, 3, 5], "uv": [74, 94]},
						{"origin": [-13.01, 46, 23], "size": [1, 4, 4], "uv": [58, 60]},
						{"origin": [-13, 47, 24], "size": [11, 2, 2], "uv": [33, 60]},
						{"origin": [2, 43, 24], "size": [11, 2, 2], "pivot": [7.5, 37, 25], "rotation": [0, 180, 0], "uv": [33, 60]},
						{"origin": [-7, 4, 8], "size": [14, 8, 6], "uv": [77, 41]},
						{"origin": [-6.9, 12, 8], "size": [13.8, 8, 6], "pivot": [0, 12, 8], "rotation": [-25, 0, 0], "uv": [92, 73]},
						{"origin": [-7, 12, 9], "size": [14, 11, 2], "uv": [0, 15]},
						{"origin": [-9, 14, -7], "size": [2, 9, 18], "uv": [30, 71]},
						{"origin": [7, 14, -7], "size": [2, 9, 18], "uv": [30, 71], "mirror": true},
						{"origin": [-9, 11, -7], "size": [2, 3.1, 18], "pivot": [-9, 14, 1], "rotation": [0, 0, -47.5], "uv": [70, 73]},
						{"origin": [7, 11, -7], "size": [2, 3.1, 18], "pivot": [9, 14, 1], "rotation": [0, 0, 47.5], "uv": [70, 73], "mirror": true},
						{"origin": [-9, 14.1, -9.9], "size": [2, 8.8, 2.9], "pivot": [-9, 18, -7], "rotation": [0, -45.1, 0], "uv": [40, 0]},
						{"origin": [7, 14.1, -9.9], "size": [2, 8.8, 2.9], "pivot": [9, 18, -7], "rotation": [0, 45.1, 0], "uv": [40, 0], "mirror": true},
						{"origin": [-7, 14, -9], "size": [14, 9, 2], "uv": [52, 73]},
						{"origin": [-7, 11.5, -9], "size": [14, 2.5, 2], "pivot": [0, 14.5, -9], "rotation": [40, 0, 0], "uv": [0, 28]},
						{"origin": [-7, 12, -7], "size": [14, 2, 16], "uv": [33, 40]}
					]
				},
				{
					"name": "Nuck",
					"parent": "bone",
					"pivot": [0, 19, 3.5],
					"cubes": [
						{"origin": [-4, 13, -0.5], "size": [8, 8, 7], "pivot": [0, 20, 3.5], "rotation": [25, 0, 0], "uv": [0, 0]}
					]
				},
				{
					"name": "Nuck2",
					"parent": "Nuck",
					"pivot": [0, 22, 3.5],
					"cubes": [
						{"origin": [-3, 19, -0.5], "size": [6, 12, 6], "uv": [0, 40]}
					]
				},
				{
					"name": "Head",
					"parent": "Nuck2",
					"pivot": [0, 28.46054, 1.91044],
					"cubes": [
						{"origin": [-4.5, 26, -2.9], "size": [9, 3, 7], "pivot": [0, 27.5, 0.6], "rotation": [0, 180, 0], "uv": [40, 22]},
						{"origin": [-4.5, 26, 3.1], "size": [9, 4, 1], "pivot": [0, 26.5, 4.1], "rotation": [-27.5, 0, 0], "uv": [0, 60]},
						{"origin": [-4.70007, 26.05243, -2.8], "size": [1, 3, 7], "pivot": [-4.20007, 27.55243, 0.7], "rotation": [-180, 0, 172.5], "uv": [16, 91], "mirror": true},
						{"origin": [3.70007, 26.05243, -2.8], "size": [1, 3, 7], "pivot": [4.20007, 27.55243, 0.7], "rotation": [-180, 0, -172.5], "uv": [16, 91]},
						{"origin": [-5, 29, -3], "size": [10, 10, 9], "pivot": [0, 34, 1.5], "rotation": [0, 180, 0], "uv": [77, 22]},
						{"origin": [-7, 29, -5.99], "size": [2, 3, 4], "pivot": [-5, 29, -2.5], "rotation": [180, 0, 147.5], "uv": [36, 69]},
						{"origin": [5, 29, -5.99], "size": [2, 3, 4], "pivot": [5, 29, -2.5], "rotation": [180, 0, -147.5], "uv": [36, 69], "mirror": true},
						{"origin": [-5, 39, -3], "size": [10, 1, 9], "uv": [87, 0]},
						{"origin": [-1, 31, -3], "size": [2, 4, 1], "pivot": [0, 35, -3], "rotation": [-12.5, 0, 0], "uv": [0, 0]},
						{"origin": [-4, 33, -3.1], "size": [2.5, 2, 2], "pivot": [-2.75, 34, -2.1], "rotation": [0, 180, 0], "uv": [0, 77], "mirror": true},
						{"origin": [1.5, 33, -3.1], "size": [2.5, 2, 2], "pivot": [2.75, 34, -2.1], "rotation": [0, -180, 0], "uv": [0, 77]}
					]
				},
				{
					"name": "Tongue",
					"parent": "Head",
					"pivot": [0, 29, -3.4],
					"cubes": [
						{"origin": [-1, 28, -2.9], "size": [2, 2, 11], "pivot": [0, 27.5, 0.6], "rotation": [0, 180, 0], "uv": [59, 94]},
						{"origin": [-1, 28, 12.1], "size": [2, 2, 1], "pivot": [0, 27.5, 0.6], "rotation": [0, 180, 0], "uv": [0, 40]}
					]
				},
				{
					"name": "Tongue2",
					"parent": "Tongue",
					"pivot": [0, 29, -7],
					"cubes": [
						{"origin": [-1, 30, -10.9], "size": [2, 2, 2], "pivot": [0, 29, -11], "rotation": [180, 0, 90], "uv": [36, 76]},
						{"origin": [-1, 30, -10.9], "size": [2, 2, 2], "pivot": [0, 29, -11], "rotation": [180, 0, -90], "uv": [36, 76], "mirror": true},
						{"origin": [-1, 30, -10.9], "size": [2, 2, 2], "pivot": [0, 29, -11], "rotation": [-180, 0, 0], "uv": [36, 76]},
						{"origin": [-1, 30, -10.9], "size": [2, 2, 2], "pivot": [0, 29, -11], "rotation": [0, 180, 0], "uv": [36, 76]},
						{"origin": [-0.5, 28.6, -16], "size": [1, 1, 5], "pivot": [0, 27.5, -11.4], "rotation": [0, 180, 0], "uv": [70, 84]}
					]
				},
				{
					"name": "M2",
					"parent": "Head",
					"pivot": [0, 29.5, -3.1],
					"cubes": [
						{"origin": [-3, 30, -3.1], "size": [6, 1, 0], "uv": [33, 55]}
					]
				},
				{
					"name": "M",
					"parent": "Head",
					"pivot": [0, 28, -3.1],
					"cubes": [
						{"origin": [-2.5, 26, -3.1], "size": [5, 2, 0], "uv": [44, 69]}
					]
				},
				{
					"name": "Left_eye_b",
					"parent": "Head",
					"pivot": [2.53691, 35.93688, -3.1],
					"cubes": [
						{"origin": [2.5, 35.5, -3.1], "size": [2, 1, 0], "uv": [0, 5]},
						{"origin": [0.5, 35.5, -3.1], "size": [2, 1, 0], "pivot": [2.5, 36.5, -3.1], "rotation": [0, 0, -7.5], "uv": [0, 5]}
					]
				},
				{
					"name": "Right_eye_b",
					"parent": "Head",
					"pivot": [-2.53691, 35.93688, -3.1],
					"cubes": [
						{"origin": [-4.5, 35.5, -3.1], "size": [2, 1, 0], "uv": [0, 5], "mirror": true},
						{"origin": [-2.5, 35.5, -3.1], "size": [2, 1, 0], "pivot": [-2.5, 36.5, -3.1], "rotation": [0, 0, 7.5], "uv": [0, 5], "mirror": true}
					]
				},
				{
					"name": "Black_left",
					"parent": "Head",
					"pivot": [-2.65, 34, -2.2],
					"cubes": [
						{"origin": [-3.3, 33.5, -3.2], "size": [1.1, 1, 2], "pivot": [-2.7, 34, -2.2], "rotation": [0, 180, 0], "uv": [23, 4], "mirror": true}
					]
				},
				{
					"name": "Black_right",
					"parent": "Head",
					"pivot": [2.65, 34, -2.2],
					"cubes": [
						{"origin": [2.2, 33.5, -3.2], "size": [1.1, 1, 2], "pivot": [2.7, 34, -2.2], "rotation": [0, -180, 0], "uv": [23, 4]}
					]
				},
				{
					"name": "left_leg",
					"parent": "Root",
					"pivot": [5.5, 12.25, -4],
					"rotation": [0, 22.5, 5],
					"cubes": [
						{"origin": [3, 12, -4.25], "size": [16, 1, 1], "inflate": 0.25, "pivot": [6, 13, -4], "rotation": [-15.6249, 7.98133, -31.09681], "uv": [33, 58]},
						{"origin": [19.25, 11.5, -4.75], "size": [2, 2, 2], "inflate": 0.25, "pivot": [6, 13, -4], "rotation": [-15.6249, 7.98133, -31.09681], "uv": [65, 22]}
					]
				},
				{
					"name": "left_leg2",
					"parent": "left_leg",
					"pivot": [18.75, 20, -6],
					"cubes": [
						{"origin": [19.75, 19.75, -6.25], "size": [11, 1, 1], "inflate": 0.25, "pivot": [18.75, 20.25, -6], "rotation": [12.02501, 12.80911, 76.3547], "uv": [0, 58]},
						{"origin": [30.75, 19.25, -6.75], "size": [2, 2, 2], "inflate": 0.25, "pivot": [18.75, 20.25, -6], "rotation": [12.02501, 12.80911, 76.3547], "uv": [23, 0]}
					]
				},
				{
					"name": "left_leg3",
					"parent": "left_leg2",
					"pivot": [22.26653, 6.56024, -8.85412],
					"rotation": [0.47479, -17.22575, 16.86612],
					"cubes": [
						{"origin": [20.21591, 5.28598, -10.33525], "size": [6, 0, 3], "pivot": [23.71591, 4.53598, -10.33525], "rotation": [-55.49274, 2.1832, 72.8795], "uv": [30, 52]}
					]
				},
				{
					"name": "right_leg",
					"parent": "Root",
					"pivot": [-5.5, 12.25, -4],
					"rotation": [0, -22.5, -5],
					"cubes": [
						{"origin": [-19, 12, -4.25], "size": [16, 1, 1], "inflate": 0.25, "pivot": [-6, 13, -4], "rotation": [-15.6249, -7.98133, 31.09681], "uv": [33, 58], "mirror": true},
						{"origin": [-21.25, 11.5, -4.75], "size": [2, 2, 2], "inflate": 0.25, "pivot": [-6, 13, -4], "rotation": [-15.6249, -7.98133, 31.09681], "uv": [65, 22], "mirror": true}
					]
				},
				{
					"name": "right_leg2",
					"parent": "right_leg",
					"pivot": [-18.75, 20, -6],
					"cubes": [
						{"origin": [-30.75, 19.75, -6.25], "size": [11, 1, 1], "inflate": 0.25, "pivot": [-18.75, 20.25, -6], "rotation": [12.02501, -12.80911, -76.3547], "uv": [0, 58], "mirror": true},
						{"origin": [-32.75, 19.25, -6.75], "size": [2, 2, 2], "inflate": 0.25, "pivot": [-18.75, 20.25, -6], "rotation": [12.02501, -12.80911, -76.3547], "uv": [23, 0], "mirror": true}
					]
				},
				{
					"name": "right_leg3",
					"parent": "right_leg2",
					"pivot": [-22.26653, 6.56024, -8.85412],
					"rotation": [0.47479, 17.22575, -16.86612],
					"cubes": [
						{"origin": [-26.21591, 5.28598, -10.33525], "size": [6, 0, 3], "pivot": [-23.71591, 4.53598, -10.33525], "rotation": [-55.49274, -2.1832, -72.8795], "uv": [30, 52], "mirror": true}
					]
				},
				{
					"name": "right_leg4",
					"parent": "Root",
					"pivot": [-8.5, 14.25, 13],
					"rotation": [0, 35, -5],
					"cubes": [
						{"origin": [-17.14107, 11.40708, 13.47877], "size": [16, 1, 1], "inflate": 0.25, "pivot": [-1.53249, 12.74614, 7.24183], "rotation": [-15.6249, -7.98133, 31.09681], "uv": [33, 58], "mirror": true},
						{"origin": [-19.39107, 10.90708, 12.97877], "size": [2, 2, 2], "inflate": 0.25, "pivot": [-1.53249, 12.74614, 7.24183], "rotation": [-15.6249, -7.98133, 31.09681], "uv": [65, 22], "mirror": true}
					]
				},
				{
					"name": "right_leg5",
					"parent": "right_leg4",
					"pivot": [-14.28249, 19.74614, 5.24183],
					"rotation": [0, 25, 0],
					"cubes": [
						{"origin": [-26.90107, 24.48085, 9.86728], "size": [11, 1, 1], "inflate": 0.25, "pivot": [-14.28249, 19.99614, 5.24183], "rotation": [12.02501, -12.80911, -76.3547], "uv": [0, 58], "mirror": true},
						{"origin": [-28.90107, 23.98085, 9.36728], "size": [2, 2, 2], "inflate": 0.25, "pivot": [-14.28249, 19.99614, 5.24183], "rotation": [12.02501, -12.80911, -76.3547], "uv": [23, 0], "mirror": true}
					]
				},
				{
					"name": "right_leg6",
					"parent": "right_leg5",
					"pivot": [-17.79902, 6.30638, 2.38771],
					"rotation": [0.47479, 17.22575, -16.86612],
					"cubes": [
						{"origin": [-21.95411, 10.24288, -3.76307], "size": [6, 0, 3], "pivot": [-19.2484, 4.28212, 0.90658], "rotation": [-55.49274, -2.1832, -72.8795], "uv": [30, 52], "mirror": true}
					]
				},
				{
					"name": "left_leg4",
					"parent": "Root",
					"pivot": [8.5, 14.25, 13],
					"rotation": [0, -35, 5],
					"cubes": [
						{"origin": [1.14107, 11.40708, 13.47877], "size": [16, 1, 1], "inflate": 0.25, "pivot": [1.53249, 12.74614, 7.24183], "rotation": [-15.6249, 7.98133, -31.09681], "uv": [33, 58]},
						{"origin": [17.39107, 10.90708, 12.97877], "size": [2, 2, 2], "inflate": 0.25, "pivot": [1.53249, 12.74614, 7.24183], "rotation": [-15.6249, 7.98133, -31.09681], "uv": [65, 22]}
					]
				},
				{
					"name": "left_leg5",
					"parent": "left_leg4",
					"pivot": [14.28249, 19.74614, 5.24183],
					"rotation": [0, -25, 0],
					"cubes": [
						{"origin": [15.90107, 24.48085, 9.86728], "size": [11, 1, 1], "inflate": 0.25, "pivot": [14.28249, 19.99614, 5.24183], "rotation": [12.02501, 12.80911, 76.3547], "uv": [0, 58]},
						{"origin": [26.90107, 23.98085, 9.36728], "size": [2, 2, 2], "inflate": 0.25, "pivot": [14.28249, 19.99614, 5.24183], "rotation": [12.02501, 12.80911, 76.3547], "uv": [23, 0]}
					]
				},
				{
					"name": "left_leg6",
					"parent": "left_leg5",
					"pivot": [17.79902, 6.30638, 2.38771],
					"rotation": [0.47479, -17.22575, 16.86612],
					"cubes": [
						{"origin": [15.95411, 10.24288, -3.76307], "size": [6, 0, 3], "pivot": [19.2484, 4.28212, 0.90658], "rotation": [-55.49274, 2.1832, 72.8795], "uv": [30, 52]}
					]
				}
			]
		}
	]
}