{
	"format_version": "1.8.0",
	"animations": {
		"animation.glitch_trail": {
			"loop": true,
			"animation_length": 1,
			"particle_effects": {
				"0.0": {
					"effect": "electric_spark",
					"locator": "trail"
				}
			}
		},
		"animation.human.look_at_target": {
			"loop": true,
			"bones": {
				"left_arm": {
					"rotation": ["-query.target_x_rotation * 0.35", 0, 0]
				},
				"right_arm": {
					"rotation": ["-query.target_x_rotation * 0.3", 0, 0]
				},
				"waist": {
					"rotation": ["query.target_x_rotation * 0.4", "query.target_y_rotation * 0.15", 0]
				},
				"head": {
					"rotation": ["query.target_x_rotation * 0.6", "query.target_y_rotation * 0.85", "query.target_y_rotation * 0.1"]
				}
			}
		},
		"animation.ic_plunger_glitch.idle": {
			"loop": true,
			"animation_length": 4,
			"bones": {
				"toilet": {
					"rotation": {
						"0.0": {
							"post": [7.5, 0, 0],
							"lerp_mode": "catmullrom"
						},
						"1.125": {
							"post": [5, 0, 0],
							"lerp_mode": "catmullrom"
						},
						"2.0833": {
							"post": [10, 0, 0],
							"lerp_mode": "catmullrom"
						},
						"3.1667": {
							"post": [5, 0, 0],
							"lerp_mode": "catmullrom"
						},
						"4.0": {
							"post": [7.5, 0, 0],
							"lerp_mode": "catmullrom"
						}
					},
					"position": {
						"0.0": {
							"post": [0, 5, 0],
							"lerp_mode": "catmullrom"
						},
						"2.0": {
							"post": [0, 7, 0],
							"lerp_mode": "catmullrom"
						},
						"4.0": {
							"post": [0, 5, 0],
							"lerp_mode": "catmullrom"
						}
					}
				},
				"rocket": {
					"rotation": {
						"0.0": {
							"post": [-7.5, 0, 0],
							"lerp_mode": "catmullrom"
						},
						"1.125": {
							"post": [-2.5, 0, 0],
							"lerp_mode": "catmullrom"
						},
						"2.125": {
							"post": [-10, 0, 0],
							"lerp_mode": "catmullrom"
						},
						"3.2083": {
							"post": [-5, 0, 0],
							"lerp_mode": "catmullrom"
						},
						"4.0": {
							"post": [-7.5, 0, 0],
							"lerp_mode": "catmullrom"
						}
					}
				},
				"neck2": {
					"position": {
						"0.0": [-0.5, 0, 0],
						"0.0417": [0.5, 0, 0],
						"0.0833": [-0.5, 0, 0],
						"0.125": [0.5, 0, 0],
						"0.1667": [-0.5, 0, 0],
						"0.2083": [0.5, 0, 0],
						"0.25": [-0.5, 0, 0],
						"0.2917": [0.5, 0, 0],
						"0.3333": [-0.5, 0, 0],
						"0.375": [0.5, 0, 0],
						"0.4167": [-0.5, 0, 0],
						"0.4583": [0.5, 0, 0],
						"0.5": [-0.5, 0, 0],
						"0.5417": [0.5, 0, 0],
						"0.5833": [-0.5, 0, 0],
						"0.625": [0.5, 0, 0],
						"0.6667": [-0.5, 0, 0],
						"0.7083": [0.5, 0, 0],
						"0.75": [-0.5, 0, 0],
						"0.7917": [0.5, 0, 0],
						"0.8333": [-0.5, 0, 0],
						"0.875": [0.5, 0, 0],
						"0.9167": [-0.5, 0, 0],
						"0.9583": [0.5, 0, 0],
						"1.0": [-0.5, 0, 0],
						"1.0417": [0.5, 0, 0],
						"1.0833": [-0.5, 0, 0],
						"1.125": [0.5, 0, 0],
						"1.1667": [-0.5, 0, 0],
						"1.2083": [0.5, 0, 0],
						"1.25": [-0.5, 0, 0],
						"1.2917": [0.5, 0, 0],
						"1.3333": [-0.5, 0, 0],
						"1.375": [0.5, 0, 0],
						"1.4167": [-0.5, 0, 0],
						"1.4583": [0.5, 0, 0],
						"1.5": [-0.5, 0, 0],
						"1.5417": [0.5, 0, 0],
						"1.5833": [-0.5, 0, 0],
						"1.625": [0.5, 0, 0],
						"1.6667": [-0.5, 0, 0],
						"1.7083": [0.5, 0, 0],
						"1.75": [-0.5, 0, 0],
						"1.7917": [0.5, 0, 0],
						"1.8333": [-0.5, 0, 0],
						"1.875": [0.5, 0, 0],
						"1.9167": [-0.5, 0, 0],
						"1.9583": [0.5, 0, 0],
						"2.0": [-0.5, 0, 0],
						"2.0417": [0.5, 0, 0],
						"2.0833": [-0.5, 0, 0],
						"2.125": [0.5, 0, 0],
						"2.1667": [-0.5, 0, 0],
						"2.2083": [0.5, 0, 0],
						"2.25": [-0.5, 0, 0],
						"2.2917": [0.5, 0, 0],
						"2.3333": [-0.5, 0, 0],
						"2.375": [0.5, 0, 0],
						"2.4167": [-0.5, 0, 0],
						"2.4583": [0.5, 0, 0],
						"2.5": [-0.5, 0, 0],
						"2.5417": [0.5, 0, 0],
						"2.5833": [-0.5, 0, 0],
						"2.625": [0.5, 0, 0],
						"2.6667": [-0.5, 0, 0],
						"2.7083": [0.5, 0, 0],
						"2.75": [-0.5, 0, 0],
						"2.7917": [0.5, 0, 0],
						"2.8333": [-0.5, 0, 0],
						"2.875": [0.5, 0, 0],
						"2.9167": [-0.5, 0, 0],
						"2.9583": [0.5, 0, 0],
						"3.0": [-0.5, 0, 0],
						"3.0417": [0.5, 0, 0],
						"3.0833": [-0.5, 0, 0],
						"3.125": [0.5, 0, 0],
						"3.1667": [-0.5, 0, 0],
						"3.2083": [0.5, 0, 0],
						"3.25": [-0.5, 0, 0],
						"3.2917": [0.5, 0, 0],
						"3.3333": [-0.5, 0, 0],
						"3.375": [0.5, 0, 0],
						"3.4167": [-0.5, 0, 0],
						"3.4583": [0.5, 0, 0],
						"3.5": [-0.5, 0, 0],
						"3.5417": [0.5, 0, 0],
						"3.5833": [-0.5, 0, 0],
						"3.625": [0.5, 0, 0],
						"3.6667": [-0.5, 0, 0],
						"3.7083": [0.5, 0, 0],
						"3.75": [-0.5, 0, 0],
						"3.7917": [0.5, 0, 0],
						"3.8333": [-0.5, 0, 0],
						"3.875": [0.5, 0, 0],
						"3.9167": [-0.5, 0, 0],
						"3.9583": [0.5, 0, 0],
						"4.0": [-0.5, 0, 0]
					}
				},
				"shield_front": {
					"rotation": {
						"0.0": {
							"post": [0, 0, 0],
							"lerp_mode": "catmullrom"
						},
						"0.7917": {
							"post": [5, 0, 0],
							"lerp_mode": "catmullrom"
						},
						"1.9167": {
							"post": [-2.5, 0, 0],
							"lerp_mode": "catmullrom"
						},
						"3.0417": {
							"post": [7.5, 0, 0],
							"lerp_mode": "catmullrom"
						},
						"4.0": {
							"post": [0, 0, 0],
							"lerp_mode": "catmullrom"
						}
					}
				},
				"shield_front2": {
					"rotation": {
						"0.0": {
							"post": [0, 0, 0],
							"lerp_mode": "catmullrom"
						},
						"1.0": {
							"post": [5, 0, 0],
							"lerp_mode": "catmullrom"
						},
						"2.125": {
							"post": [-2.5, 0, 0],
							"lerp_mode": "catmullrom"
						},
						"3.25": {
							"post": [7.5, 0, 0],
							"lerp_mode": "catmullrom"
						},
						"4.0833": {
							"post": [0, 0, 0],
							"lerp_mode": "catmullrom"
						}
					}
				},
				"shield_front3": {
					"rotation": {
						"0.0": {
							"post": [5, 0, 0],
							"lerp_mode": "catmullrom"
						},
						"1.125": {
							"post": [-2.5, 0, 0],
							"lerp_mode": "catmullrom"
						},
						"2.25": {
							"post": [7.5, 0, 0],
							"lerp_mode": "catmullrom"
						},
						"3.2917": {
							"post": [0, 0, 0],
							"lerp_mode": "catmullrom"
						},
						"4.0": {
							"post": [5, 0, 0],
							"lerp_mode": "catmullrom"
						}
					}
				},
				"waist": {
					"rotation": {
						"0.0": {
							"post": [0.6, 0, 0],
							"lerp_mode": "catmullrom"
						},
						"1.0": {
							"post": [0, 0, 1.5],
							"lerp_mode": "catmullrom"
						},
						"1.8333": [2.5, 0, 0],
						"2.75": {
							"pre": [2.49762, 0.10901, -2.49762],
							"post": [2.49762, 0.10901, -2.49762],
							"lerp_mode": "catmullrom"
						},
						"4.0": {
							"post": [0.6, 0, 0],
							"lerp_mode": "catmullrom"
						}
					},
					"position": {
						"0.0": {
							"post": [0, -0.12, 0],
							"lerp_mode": "catmullrom"
						},
						"0.5": {
							"post": [0, 0, 0],
							"lerp_mode": "catmullrom"
						},
						"2.25": [0, -0.5, 0],
						"2.75": [0, -0.5, 0],
						"4.0": {
							"pre": [0, -0.12, 0],
							"post": [0, -0.12, 0],
							"lerp_mode": "catmullrom"
						}
					}
				},
				"leftArm": {
					"rotation": {
						"0.0": {
							"post": [0, 0, 4.26],
							"lerp_mode": "catmullrom"
						},
						"0.5": {
							"post": [0, 0, 2.34],
							"lerp_mode": "catmullrom"
						},
						"1.1667": {
							"post": [0, 0, 5],
							"lerp_mode": "catmullrom"
						},
						"1.8333": {
							"post": [0, 0, 2.5],
							"lerp_mode": "catmullrom"
						},
						"2.5": {
							"post": [0, 0, 4.75],
							"lerp_mode": "catmullrom"
						},
						"3.25": {
							"post": [0, 0, 2.5],
							"lerp_mode": "catmullrom"
						},
						"4.0": {
							"post": [0, 0, 4.26],
							"lerp_mode": "catmullrom"
						}
					},
					"position": {
						"0.0": [0, -0.08, 0],
						"0.9167": [0, 0, 0],
						"1.8333": [0, -0.25, 0],
						"3.0": [0, -0.25, 0],
						"4.0": [0, -0.08, 0]
					}
				},
				"rightArm": {
					"rotation": {
						"0.0": {
							"post": [0, 0, 4.26],
							"lerp_mode": "catmullrom"
						},
						"0.5": {
							"post": [0, 0, 2.34],
							"lerp_mode": "catmullrom"
						},
						"1.1667": {
							"post": [0, 0, 5],
							"lerp_mode": "catmullrom"
						},
						"1.8333": {
							"post": [0, 0, 2.5],
							"lerp_mode": "catmullrom"
						},
						"2.5": {
							"post": [0, 0, 4.75],
							"lerp_mode": "catmullrom"
						},
						"3.25": {
							"post": [0, 0, 2.5],
							"lerp_mode": "catmullrom"
						},
						"4.0": {
							"post": [0, 0, 4.26],
							"lerp_mode": "catmullrom"
						}
					},
					"position": {
						"0.0": [0, -0.08, 0],
						"0.9167": [0, 0, 0],
						"1.8333": [0, -0.25, 0],
						"3.0": [0, -0.25, 0],
						"4.0": [0, -0.08, 0]
					}
				},
				"plunger_left": {
					"rotation": {
						"0.0": {
							"post": [0, 0, 0],
							"lerp_mode": "catmullrom"
						},
						"0.4167": {
							"post": [-5, 0, 0],
							"lerp_mode": "catmullrom"
						},
						"1.4583": {
							"post": [2.5, 0, 0],
							"lerp_mode": "catmullrom"
						},
						"2.375": {
							"post": [-2.5, 0, 0],
							"lerp_mode": "catmullrom"
						},
						"3.1667": {
							"post": [-7.5, 0, 0],
							"lerp_mode": "catmullrom"
						},
						"4.0": {
							"post": [0, 0, 0],
							"lerp_mode": "catmullrom"
						}
					}
				},
				"plunger_right": {
					"rotation": {
						"0.0": {
							"post": [0, 0, 0],
							"lerp_mode": "catmullrom"
						},
						"0.6667": {
							"post": [-5, 0, 0],
							"lerp_mode": "catmullrom"
						},
						"1.25": {
							"post": [2.5, 0, 0],
							"lerp_mode": "catmullrom"
						},
						"2.2083": {
							"post": [-2.5, 0, 0],
							"lerp_mode": "catmullrom"
						},
						"3.3333": {
							"post": [-7.5, 0, 0],
							"lerp_mode": "catmullrom"
						},
						"4.0": {
							"post": [0, 0, 0],
							"lerp_mode": "catmullrom"
						}
					}
				}
			}
		}
	}
}