{
	"format_version": "1.12.0",
	"minecraft:geometry": [
		{
			"description": {
				"identifier": "geometry.ic_plunger_glitch",
				"texture_width": 256,
				"texture_height": 256,
				"visible_bounds_width": 8,
				"visible_bounds_height": 4.5,
				"visible_bounds_offset": [0, 1.75, 0]
			},
			"bones": [
				{
					"name": "toilet",
					"pivot": [0, 0, 0],
					"cubes": [
						{"origin": [-5, 4, -5], "size": [10, 7, 10], "uv": [0, 72]},
						{
							"origin": [-24, 4, 0],
							"size": [48, 15, 0],
							"uv": {
								"north": {"uv": [208, 188], "uv_size": [48, 15]},
								"east": {"uv": [228, 152], "uv_size": [0, 15]},
								"south": {"uv": [208, 171], "uv_size": [48, 15]},
								"west": {"uv": [208, 171], "uv_size": [0, 15]},
								"up": {"uv": [208, 165], "uv_size": [48, 0]},
								"down": {"uv": [208, 171], "uv_size": [48, 0]}
							}
						},
						{"origin": [-6, 0, -6], "size": [12, 4, 12], "uv": [48, 57]},
						{"origin": [-7, 11, -7], "size": [14, 3, 14], "uv": [0, 37]},
						{"origin": [4.5, 14, -23], "size": [1, 1, 16], "pivot": [6.5, 14.5, -17.25], "rotation": [0.6574, 7.4713, 5.04292], "uv": [0, 158]},
						{"origin": [5, 14.5, -28], "size": [2, 0, 21], "pivot": [6.5, 14.5, -17.25], "rotation": [0.6574, 7.4713, 5.04292], "uv": [2, 149]},
						{"origin": [-7, 14.5, -28], "size": [2, 0, 21], "pivot": [-6.5, 14.5, -17.25], "rotation": [0.98448, -7.43547, -7.56397], "uv": [2, 149], "mirror": true},
						{"origin": [-5.5, 14, -23], "size": [1, 1, 16], "pivot": [-6.5, 14.5, -17.25], "rotation": [0.98448, -7.43547, -7.56397], "uv": [0, 158], "mirror": true},
						{"origin": [-22.19405, 14.5, -20.78239], "size": [2, 0, 21], "pivot": [-20.69405, 14.5, -9.03239], "rotation": [-0.16399, -14.76689, 10.34527], "uv": [2, 149], "mirror": true},
						{"origin": [-20.69405, 14, -15.78239], "size": [1, 1, 16], "pivot": [-20.69405, 14.5, -9.03239], "rotation": [-0.16399, -14.76689, 10.34527], "uv": [0, 158], "mirror": true},
						{"origin": [20.19405, 14.5, -20.78239], "size": [2, 0, 21], "pivot": [20.69405, 14.5, -9.03239], "rotation": [1.17956, 15.1594, -5.06284], "uv": [2, 149]},
						{"origin": [19.69405, 14, -15.78239], "size": [1, 1, 16], "pivot": [20.69405, 14.5, -9.03239], "rotation": [1.17956, 15.1594, -5.06284], "uv": [0, 158]},
						{"origin": [-7, 11, -7.5], "size": [7, 3, 15], "pivot": [0, 21, 0], "rotation": [0, 0, -77.5], "uv": [0, 54]},
						{"origin": [0, 11, -7.5], "size": [7, 3, 15], "pivot": [0, 21, 0], "rotation": [0, 0, 77.5], "uv": [0, 54], "mirror": true},
						{"origin": [-7.5, 11, -7], "size": [15, 3, 7], "pivot": [0, 21, 0], "rotation": [77.5, 0, 0], "uv": [60, 25]},
						{"origin": [-7.5, 11, 0], "size": [15, 3, 7], "pivot": [0, 21, 0], "rotation": [-77.5, 0, 0], "uv": [60, 13]},
						{"origin": [-8, 17.16026, -9.29852], "size": [16, 4, 2], "pivot": [0, 19.16026, -8.29852], "rotation": [-90, 0, 0], "uv": [68, 0]},
						{"origin": [-8, 17.16026, 7.29852], "size": [16, 4, 2], "pivot": [0, 19.16026, 8.29852], "rotation": [90, 0, 0], "uv": [68, 0]},
						{"origin": [7.27352, 17.16026, -8], "size": [2, 4, 16], "pivot": [8.29852, 19.16026, 0], "rotation": [0, 0, -90], "uv": [24, 73]},
						{"origin": [-9.27352, 17.16026, -8], "size": [2, 4, 16], "pivot": [-8.29852, 19.16026, 0], "rotation": [0, 0, 90], "uv": [24, 73]},
						{"origin": [22, 11, -1], "size": [2, 5, 2], "uv": [248, 103]},
						{"origin": [-24, 11, -1], "size": [2, 5, 2], "uv": [248, 103], "mirror": true}
					],
					"locators": {
						"trail": [0, 16, 0]
					}
				},
				{
					"name": "lid1",
					"parent": "toilet",
					"pivot": [0, 21, 9],
					"cubes": [
						{"origin": [-8, 18.16026, -9.29852], "size": [16, 4, 1], "pivot": [0, 20.16026, -8.29852], "rotation": [-90, 0, 0], "uv": [97, 11]},
						{"origin": [-9.27352, 18.16026, -8], "size": [1, 4, 16], "pivot": [-8.29852, 20.16026, 0], "rotation": [0, 0, 90], "uv": [80, 57]},
						{"origin": [-8, 18.16026, 8.29852], "size": [16, 4, 1], "pivot": [0, 20.16026, 8.29852], "rotation": [90, 0, 0], "uv": [97, 11], "mirror": true},
						{"origin": [8.27352, 18.16026, -8], "size": [1, 4, 16], "pivot": [8.29852, 20.16026, 0], "rotation": [0, 0, -90], "uv": [80, 57]},
						{"origin": [8.27352, 14.16026, -5], "size": [8, 5, 5], "pivot": [8.29852, 20.16026, 0], "rotation": [0, 0, -82.5], "uv": [113, 83]},
						{"origin": [-16.27352, 14.16026, -5], "size": [8, 5, 5], "pivot": [-8.29852, 20.16026, 0], "rotation": [0, 0, 82.5], "uv": [113, 83], "mirror": true}
					]
				},
				{
					"name": "back",
					"parent": "toilet",
					"pivot": [0, 21, 11],
					"cubes": [
						{"origin": [-11.5, 17, 8], "size": [23, 20, 6], "uv": [0, 11]},
						{"origin": [-7.5, 18, 14], "size": [14, 18, 3], "uv": [163, 0]},
						{"origin": [-11, 33, 6], "size": [22, 3, 8], "pivot": [0, 37.5, 13], "rotation": [-77.5, 0, 0], "uv": [0, 0]},
						{"origin": [9.77514, 18.3438, 9.975], "size": [4, 20, 6], "pivot": [2.42514, 29.1438, 13], "rotation": [0, 27.5, 7.5], "uv": [32, 93], "mirror": true},
						{"origin": [-13.77514, 18.3438, 9.975], "size": [4, 20, 6], "pivot": [-2.42514, 29.1438, 13], "rotation": [0, -25, -7.5], "uv": [32, 93]},
						{"origin": [-1, 33, 17], "size": [2, 2, 1], "uv": [1, 1]},
						{"origin": [3, 1, 17.5], "size": [2, 65, 0], "pivot": [0, 29.5, 17.5], "rotation": [0, 0, -65], "uv": [119, 141]},
						{"origin": [-5, 1, 17.425], "size": [2, 65, 0], "pivot": [0, 29.5, 17.5], "rotation": [0, 0, 65], "uv": [119, 141], "mirror": true}
					]
				},
				{
					"name": "shield_front",
					"parent": "toilet",
					"pivot": [0, 7, -4],
					"cubes": [
						{"origin": [-3.5, 7, -11], "size": [7, 1, 7], "pivot": [0, 7, -4], "rotation": [12.5, 0, 0], "uv": [228, 0]},
						{"origin": [-4.5, 3, -11], "size": [9, 5, 1], "pivot": [0, 7, -4], "rotation": [20, 0, 0], "uv": [236, 26]},
						{"origin": [-4.5, 5.31579, -10.94653], "size": [9, 15, 1], "inflate": 0.1, "pivot": [0, 7.81579, -10.19653], "rotation": [6, 0, 0], "uv": [236, 38]}
					]
				},
				{
					"name": "shield_front2",
					"parent": "toilet",
					"pivot": [1, 7, 0],
					"rotation": [0, -57.5, 0],
					"cubes": [
						{"origin": [-2.5, 7, -8.75], "size": [7, 1, 7], "inflate": -0.1, "pivot": [1, 7, -5], "rotation": [12.5, 0, 0], "uv": [228, 0]},
						{"origin": [-2.5, 7, -11.75], "size": [7, 1, 7], "pivot": [1, 7, -5], "rotation": [12.5, 0, 0], "uv": [228, 0]},
						{"origin": [-3.5, 3, -12], "size": [9, 5, 1], "pivot": [1, 7, -5], "rotation": [20, 0, 0], "uv": [236, 26]},
						{"origin": [-3.5, 5.31579, -11.94653], "size": [9, 15, 1], "inflate": 0.1, "pivot": [1, 7.81579, -11.19653], "rotation": [6, 0, 0], "uv": [236, 38]}
					]
				},
				{
					"name": "shield_front3",
					"parent": "toilet",
					"pivot": [-1, 7, 0],
					"rotation": [0, 57.5, 0],
					"cubes": [
						{"origin": [-4.5, 7, -8.75], "size": [7, 1, 7], "inflate": -0.1, "pivot": [-1, 7, -5], "rotation": [12.5, 0, 0], "uv": [228, 0], "mirror": true},
						{"origin": [-4.5, 7, -11.75], "size": [7, 1, 7], "pivot": [-1, 7, -5], "rotation": [12.5, 0, 0], "uv": [228, 0], "mirror": true},
						{"origin": [-5.5, 3, -12], "size": [9, 5, 1], "pivot": [-1, 7, -5], "rotation": [20, 0, 0], "uv": [236, 26], "mirror": true},
						{"origin": [-5.5, 5.31579, -11.94653], "size": [9, 15, 1], "inflate": 0.1, "pivot": [-1, 7.81579, -11.19653], "rotation": [6, 0, 0], "uv": [236, 38], "mirror": true}
					]
				},
				{
					"name": "root",
					"parent": "toilet",
					"pivot": [0, 7, -1]
				},
				{
					"name": "waist",
					"parent": "root",
					"pivot": [0, 19, -1],
					"rotation": [15, 0, 0]
				},
				{
					"name": "body",
					"parent": "waist",
					"pivot": [0, 31, -1],
					"cubes": [
						{"origin": [-4, 19, -3], "size": [8, 12, 4], "uv": [128, 160]}
					]
				},
				{
					"name": "neck",
					"parent": "body",
					"pivot": [0, 30, -1],
					"cubes": [
						{"origin": [-1.05, 29, -2.25], "size": [2, 4, 2], "uv": [128, 128]}
					]
				},
				{
					"name": "head",
					"parent": "neck",
					"pivot": [-0.05, 30.5, -1.1],
					"cubes": [
						{"origin": [-2.96038, 27.93841, -7.29193], "size": [3, 3, 3], "pivot": [-2.46038, 29.93841, -5.79193], "rotation": [95.00474, 2.49048, 0.21802], "uv": [244, 135]},
						{"origin": [-2.5, 31.5, -6.5], "size": [5, 5, 8], "uv": [128, 144]},
						{"origin": [-3.55, 30.75, -3], "size": [1, 3, 3], "uv": [248, 128]}
					],
					"locators": {
						"lead_hold": [0, 34, -3]
					}
				},
				{
					"name": "hat",
					"parent": "head",
					"pivot": [1.95, 28, -2.5],
					"cubes": [
						{
							"origin": [-2.5, 31.5, -6.14],
							"size": [5, 5, 8],
							"inflate": 0.5,
							"uv": {
								"north": {"uv": [136, 136], "uv_size": [5, 5]},
								"east": {"uv": [128, 136], "uv_size": [8, 5]},
								"south": {"uv": [149, 136], "uv_size": [5, 5]},
								"west": {"uv": [141, 136], "uv_size": [8, 5]},
								"up": {"uv": [136, 128], "uv_size": [5, 8]},
								"down": {"uv": [141, 136], "uv_size": [5, -8]}
							}
						}
					]
				},
				{
					"name": "leftArm",
					"parent": "body",
					"pivot": [5, 28.5, -1],
					"rotation": [0, -7.5, -60],
					"cubes": [
						{"origin": [4, 18.5, -3], "size": [3, 12, 4], "uv": [184, 128]}
					]
				},
				{
					"name": "leftSleeve",
					"parent": "leftArm",
					"pivot": [5, 28.5, -1],
					"cubes": [
						{"origin": [4, 18.5, -3], "size": [3, 12, 4], "inflate": 0.25, "uv": [200, 128]}
					]
				},
				{
					"name": "leftItem",
					"parent": "leftArm",
					"pivot": [6, 21.5, 0]
				},
				{
					"name": "rightArm",
					"parent": "body",
					"pivot": [-5, 28.5, -1],
					"rotation": [-1.10693, 12.45167, 54.87924],
					"cubes": [
						{"origin": [-7, 18.5, -3], "size": [3, 12, 4], "uv": [160, 178]}
					]
				},
				{
					"name": "rightSleeve",
					"parent": "rightArm",
					"pivot": [-5, 28.5, -1],
					"cubes": [
						{"origin": [-7, 18.5, -3], "size": [3, 12, 4], "inflate": 0.25, "uv": [176, 178]}
					]
				},
				{
					"name": "rightItem",
					"parent": "rightArm",
					"pivot": [-6, 21.5, -1]
				},
				{
					"name": "jacket",
					"parent": "body",
					"pivot": [0, 31, -1],
					"cubes": [
						{"origin": [-4, 18, -3], "size": [8, 13, 4], "inflate": 0.1, "uv": [156, 156]}
					]
				},
				{
					"name": "jetpack",
					"parent": "jacket",
					"pivot": [0, 26, 2],
					"cubes": [
						{"origin": [-2.5, 25, 2.5], "size": [5, 5, 2], "uv": [148, 240]},
						{"origin": [-2.5, 25, 3.5], "size": [5, 5, 2], "inflate": -0.3, "uv": [148, 240]},
						{"origin": [3, 23, 2.25], "size": [3, 8, 3], "inflate": -0.3, "uv": [128, 239]},
						{"origin": [3, 21, 2.25], "size": [3, 3, 3], "inflate": -0.2, "uv": [128, 232]},
						{"origin": [3, 22.5, 2.25], "size": [3, 2, 3], "inflate": -0.1, "uv": [141, 233]},
						{"origin": [3, 18.5, 2.25], "size": [3, 3, 3], "inflate": -0.1, "uv": [140, 247]},
						{"origin": [3, 30.5, 2.25], "size": [3, 2, 3], "inflate": -0.1, "uv": [128, 251]},
						{"origin": [-6, 23, 2.25], "size": [3, 8, 3], "inflate": -0.3, "uv": [128, 239], "mirror": true},
						{"origin": [-6, 22.5, 2.25], "size": [3, 2, 3], "inflate": -0.1, "uv": [141, 233], "mirror": true},
						{"origin": [-6, 21, 2.25], "size": [3, 3, 3], "inflate": -0.2, "uv": [128, 232], "mirror": true},
						{"origin": [-6, 18.5, 2.25], "size": [3, 3, 3], "inflate": -0.1, "uv": [140, 247], "mirror": true},
						{"origin": [-6, 30.5, 2.25], "size": [3, 2, 3], "inflate": -0.1, "uv": [128, 251], "mirror": true},
						{"origin": [-3.5, 21.5, 2], "size": [7, 9, 1], "uv": [128, 221]},
						{"origin": [-3.5, 21.5, 1], "size": [7, 9, 1], "inflate": 0.2, "uv": [128, 221]},
						{"origin": [-2, 21.5, 2.75], "size": [4, 4, 1], "pivot": [0, 26, 2.5], "rotation": [-7.5, 0, 0], "uv": [128, 194]},
						{"origin": [-2, 22, 3.75], "size": [4, 4, 1], "pivot": [0, 26, 2.5], "rotation": [-7.5, 0, 0], "uv": [152, 251]}
					],
					"locators": {
						"thrust": {
							"offset": [4.5, 20.75, 3.75],
							"rotation": [180, 0, 0]
						},
						"thrust2": {
							"offset": [-4.5, 20.75, 3.75],
							"rotation": [180, 0, 0]
						}
					}
				},
				{
					"name": "cape",
					"parent": "body",
					"pivot": [0, 31, -4]
				},
				{
					"name": "rightleg",
					"parent": "root",
					"pivot": [-1.9, 19, -1],
					"cubes": [
						{"origin": [-3.9, 7, -3], "size": [4, 12, 4], "uv": [144, 176]}
					]
				},
				{
					"name": "rightPants",
					"parent": "rightleg",
					"pivot": [-1.9, 19, -1],
					"cubes": [
						{"origin": [-3.9, 7, -3], "size": [4, 12, 4], "inflate": 0.25, "uv": [128, 176]}
					]
				},
				{
					"name": "leftleg",
					"parent": "root",
					"pivot": [1.9, 19, -1],
					"cubes": [
						{"origin": [-0.1, 7, -3], "size": [4, 12, 4], "uv": [172, 140]}
					]
				},
				{
					"name": "leftPants",
					"parent": "leftleg",
					"pivot": [1.9, 19, -1],
					"cubes": [
						{"origin": [-0.1, 7, -3], "size": [4, 12, 4], "inflate": 0.25, "uv": [160, 128]}
					]
				},
				{
					"name": "plunger2",
					"parent": "toilet",
					"pivot": [4, 31, 15.5],
					"rotation": [-90, 0, 0],
					"cubes": [
						{"origin": [3.5, 30.5, 2.5], "size": [1, 1, 18], "inflate": 0.1, "uv": [218, 237]},
						{"origin": [3, 30, 1.45], "size": [2, 2, 1], "inflate": 0.1, "uv": [218, 245]},
						{"origin": [1.5, 28.5, -1.5], "size": [5, 5, 3], "inflate": 0.1, "uv": [218, 237]}
					]
				},
				{
					"name": "plunger3",
					"parent": "toilet",
					"pivot": [-5, 31, 15.5],
					"rotation": [-90, 0, 0],
					"cubes": [
						{"origin": [-5.5, 30.5, 2.5], "size": [1, 1, 18], "inflate": 0.1, "uv": [218, 237]},
						{"origin": [-6, 30, 1.45], "size": [2, 2, 1], "inflate": 0.1, "uv": [218, 245]},
						{"origin": [-7.5, 28.5, -1.5], "size": [5, 5, 3], "inflate": 0.1, "uv": [218, 237]}
					]
				},
				{
					"name": "plunger_left",
					"parent": "toilet",
					"pivot": [14, 33, 6],
					"cubes": [
						{"origin": [14, 32, -8], "size": [2, 2, 18], "inflate": 0.1, "uv": [115, 22]},
						{"origin": [13.5, 31.5, 9], "size": [3, 3, 7], "inflate": 0.1, "uv": [129, 0]},
						{"origin": [12, 32.5, 8], "size": [2, 1, 6], "uv": [155, 39]},
						{"origin": [13.5, 31.5, -6], "size": [3, 3, 2], "inflate": 0.1, "uv": [129, 49]}
					]
				},
				{
					"name": "plunger",
					"parent": "plunger_left",
					"pivot": [15, 33, 2],
					"cubes": [
						{"origin": [14.5, 32.5, -11], "size": [1, 1, 18], "inflate": 0.1, "uv": [218, 237]},
						{"origin": [14, 32, -12.05], "size": [2, 2, 1], "inflate": 0.1, "uv": [218, 245]},
						{"origin": [12.5, 30.5, -15], "size": [5, 5, 3], "inflate": 0.1, "uv": [218, 237]}
					]
				},
				{
					"name": "plunger_right",
					"parent": "toilet",
					"pivot": [-14, 33, 6],
					"cubes": [
						{"origin": [-16, 32, -8], "size": [2, 2, 18], "inflate": 0.1, "uv": [115, 22], "mirror": true},
						{"origin": [-16.5, 31.5, 9], "size": [3, 3, 7], "inflate": 0.1, "uv": [129, 0], "mirror": true},
						{"origin": [-14, 32.5, 8], "size": [2, 1, 6], "uv": [155, 39], "mirror": true},
						{"origin": [-16.5, 31.5, -6], "size": [3, 3, 2], "inflate": 0.1, "uv": [129, 49], "mirror": true}
					]
				},
				{
					"name": "plunger4",
					"parent": "plunger_right",
					"pivot": [-15, 33, 2],
					"cubes": [
						{"origin": [-15.5, 32.5, -11], "size": [1, 1, 18], "inflate": 0.1, "uv": [218, 237], "mirror": true},
						{"origin": [-16, 32, -12.05], "size": [2, 2, 1], "inflate": 0.1, "uv": [218, 245], "mirror": true},
						{"origin": [-17.5, 30.5, -15], "size": [5, 5, 3], "inflate": 0.1, "uv": [218, 237], "mirror": true}
					]
				}
			]
		}
	]
}