{
	"format_version": "1.8.0",
	"animations": {
		"animation.human.infected2": {
			"loop": true,
			"animation_length": 1,
			"particle_effects": {
				"0.0": {
					"effect": "electric_spark",
					"locator": "spark"
				}
			}
		},
		"animation.human.infected": {
			"loop": true,
			"animation_length": 0.1667,
			"bones": {
				"head": {
					"rotation": {
						"0.0": [7.50186, 2.80485, -2.15234],
						"0.0833": [7.72503, -2.46854, -0.32997],
						"0.1667": [7.50186, 2.80485, -2.15234]
					}
				},
				"leftArm": {
					"rotation": {
						"0.0": [0, 0, -2.5],
						"0.0833": [0, 0, -5],
						"0.1667": [0, 0, -2.5]
					}
				},
				"rightArm": {
					"rotation": {
						"0.0": [0, 0, 2.5],
						"0.0833": [0, 0, 5],
						"0.1667": [0, 0, 2.5]
					}
				},
				"left_arm": {
					"rotation": {
						"0.0": [0, 0, -2.5],
						"0.0833": [0, 0, -5],
						"0.1667": [0, 0, -2.5]
					}
				},
				"right_arm": {
					"rotation": {
						"0.0": [0, 0, 2.5],
						"0.0833": [0, 0, 5],
						"0.1667": [0, 0, 2.5]
					}
				}
			}
		},
		"animation.human.jump": {
			"animation_length": 2,
			"bones": {
				"waist": {
					"rotation": {
						"0.0": {
							"post": [0, 0, 0],
							"lerp_mode": "catmullrom"
						},
						"0.125": {
							"post": [12.5, 0, 0],
							"lerp_mode": "catmullrom"
						},
						"0.3333": {
							"post": [2.5, 0, 0],
							"lerp_mode": "catmullrom"
						},
						"2.0": {
							"post": [0, 0, 0],
							"lerp_mode": "catmullrom"
						}
					}
				}
			}
		},
		"animation.big_human.idle": {
			"loop": true,
			"animation_length": 4,
			"bones": {
				"waist": {
					"rotation": {
						"0.0": {
							"post": [0.6, 0, 0],
							"lerp_mode": "catmullrom"
						},
						"1.0": {
							"post": [0, 0, 1.5],
							"lerp_mode": "catmullrom"
						},
						"1.8333": [2.5, 0, 0],
						"2.75": {
							"pre": [2.49762, 0.10901, -2.49762],
							"post": [2.49762, 0.10901, -2.49762],
							"lerp_mode": "catmullrom"
						},
						"4.0": {
							"post": [0.6, 0, 0],
							"lerp_mode": "catmullrom"
						}
					},
					"position": {
						"0.0": {
							"post": [0, -0.12, 0],
							"lerp_mode": "catmullrom"
						},
						"0.5": {
							"post": [0, 0, 0],
							"lerp_mode": "catmullrom"
						},
						"2.25": [0, -0.5, 0],
						"2.75": [0, -0.5, 0],
						"4.0": {
							"pre": [0, -0.12, 0],
							"post": [0, -0.12, 0],
							"lerp_mode": "catmullrom"
						}
					}
				},
				"leftArm": {
					"rotation": {
						"0.0": {
							"post": [0, 0, -4.26],
							"lerp_mode": "catmullrom"
						},
						"0.5": {
							"post": [0, 0, -7.29],
							"lerp_mode": "catmullrom"
						},
						"1.1667": {
							"post": [0, 0, -5],
							"lerp_mode": "catmullrom"
						},
						"2.5": {
							"post": [0, 0, 0],
							"lerp_mode": "catmullrom"
						},
						"3.5": {
							"post": [0, 0, -2.5],
							"lerp_mode": "catmullrom"
						},
						"4.0": {
							"post": [0, 0, -4.26],
							"lerp_mode": "catmullrom"
						}
					},
					"position": {
						"0.0": [0, -0.08, 0],
						"1.0": [0, 0, 0],
						"2.5": [0, -0.25, 0],
						"3.5": [0, -0.25, 0],
						"4.0": [0, -0.08, 0]
					}
				},
				"rightArm": {
					"rotation": {
						"0.0": {
							"post": [0, 0, 4.26],
							"lerp_mode": "catmullrom"
						},
						"0.5": {
							"post": [0, 0, 2.34],
							"lerp_mode": "catmullrom"
						},
						"1.1667": {
							"post": [0, 0, 5],
							"lerp_mode": "catmullrom"
						},
						"1.8333": {
							"post": [0, 0, 2.5],
							"lerp_mode": "catmullrom"
						},
						"2.5": {
							"post": [0, 0, 4.75],
							"lerp_mode": "catmullrom"
						},
						"3.25": {
							"post": [0, 0, 2.5],
							"lerp_mode": "catmullrom"
						},
						"4.0": {
							"post": [0, 0, 4.26],
							"lerp_mode": "catmullrom"
						}
					},
					"position": {
						"0.0": [0, -0.08, 0],
						"0.9167": [0, 0, 0],
						"1.8333": [0, -0.25, 0],
						"3.0": [0, -0.25, 0],
						"4.0": [0, -0.08, 0]
					}
				},
				"rightleg": {
					"rotation": [0, 5, 2.5]
				},
				"leftleg": {
					"rotation": [0, -5, -2.5],
					"position": [0, 0, 0]
				},
				"left_arm": {
					"rotation": {
						"0.0": {
							"post": [2.5, 0, -4.26],
							"lerp_mode": "catmullrom"
						},
						"0.5": {
							"post": [0, 0, -7.29],
							"lerp_mode": "catmullrom"
						},
						"1.1667": {
							"post": [0, 0, -5],
							"lerp_mode": "catmullrom"
						},
						"2.5": {
							"post": [0, 0, 0],
							"lerp_mode": "catmullrom"
						},
						"3.5": {
							"post": [0, 0, -2.5],
							"lerp_mode": "catmullrom"
						},
						"4.0": {
							"post": [2.5, 0, -4.26],
							"lerp_mode": "catmullrom"
						}
					},
					"position": {
						"0.0": [0, -0.08, 0],
						"1.0": [0, 0, 0],
						"2.5": [0, -0.25, 0],
						"3.5": [0, -0.25, 0],
						"4.0": [0, -0.08, 0]
					}
				},
				"left_arm2": {
					"rotation": {
						"0.0": {
							"post": [-12.48146, 0.64975, 4.93851],
							"lerp_mode": "catmullrom"
						},
						"2.0": {
							"post": [-2.48146, 0.64975, 4.93851],
							"lerp_mode": "catmullrom"
						},
						"4.0": {
							"post": [-12.48146, 0.64975, 4.93851],
							"lerp_mode": "catmullrom"
						}
					}
				},
				"right_arm": {
					"rotation": {
						"0.0": {
							"post": [0, 0, 4.26],
							"lerp_mode": "catmullrom"
						},
						"0.5": {
							"post": [0, 0, 2.34],
							"lerp_mode": "catmullrom"
						},
						"1.1667": {
							"post": [0, 0, 5],
							"lerp_mode": "catmullrom"
						},
						"1.8333": {
							"post": [0, 0, 2.5],
							"lerp_mode": "catmullrom"
						},
						"2.5": {
							"post": [0, 0, 4.75],
							"lerp_mode": "catmullrom"
						},
						"3.25": {
							"post": [0, 0, 2.5],
							"lerp_mode": "catmullrom"
						},
						"4.0": {
							"post": [0, 0, 4.26],
							"lerp_mode": "catmullrom"
						}
					},
					"position": {
						"0.0": [0, -0.08, 0],
						"0.9167": [0, 0, 0],
						"1.8333": [0, -0.25, 0],
						"3.0": [0, -0.25, 0],
						"4.0": [0, -0.08, 0]
					}
				},
				"right_arm2": {
					"rotation": {
						"0.0": {
							"post": [-4.98107, -0.43523, -4.98107],
							"lerp_mode": "catmullrom"
						},
						"2.0": {
							"post": [0.0095, -0.21782, -4.99527],
							"lerp_mode": "catmullrom"
						},
						"4.0": {
							"post": [-4.98107, -0.43523, -4.98107],
							"lerp_mode": "catmullrom"
						}
					}
				},
				"left_leg": {
					"rotation": [-4.89088, -2.49762, -2.50238]
				},
				"left_leg2": {
					"rotation": [5, 0, 0]
				},
				"right_leg": {
					"rotation": [-4.89088, 2.49762, 2.50238]
				},
				"right_leg2": {
					"rotation": [5, 0, 0]
				},
				"tentacle_left": {
					"rotation": {
						"0.0": {
							"post": [0, 0, 0],
							"lerp_mode": "catmullrom"
						},
						"1.9167": {
							"post": [1.03509, -2.52259, -2.29431],
							"lerp_mode": "catmullrom"
						},
						"4.0": {
							"post": [0, 0, -0.31],
							"lerp_mode": "catmullrom"
						}
					}
				},
				"tentacle_right": {
					"rotation": {
						"0.0": {
							"post": [0, 0, 0],
							"lerp_mode": "catmullrom"
						},
						"2.0": {
							"post": [0, 0, 5],
							"lerp_mode": "catmullrom"
						},
						"4.0": {
							"post": [0, 0, -0.31],
							"lerp_mode": "catmullrom"
						}
					}
				},
				"tentacle_left2": {
					"rotation": {
						"0.0": {
							"post": [0, 0, 0],
							"lerp_mode": "catmullrom"
						},
						"1.8333": {
							"post": [0, 0, 5],
							"lerp_mode": "catmullrom"
						},
						"4.0": {
							"post": [0, 0, -0.31],
							"lerp_mode": "catmullrom"
						}
					}
				},
				"tentacle_right2": {
					"rotation": {
						"0.0": {
							"post": [0, 0, 0],
							"lerp_mode": "catmullrom"
						},
						"2.1667": {
							"post": [0.22748, 2.39619, 1.75162],
							"lerp_mode": "catmullrom"
						},
						"4.0": {
							"post": [0, 0, -0.31],
							"lerp_mode": "catmullrom"
						}
					}
				}
			}
		},
		"animation.big_human.walk": {
			"loop": true,
			"animation_length": 2,
			"anim_time_update": "query.anim_time + query.delta_time * (query.ground_speed/2.0) * (query.is_on_ground ? 1.0 : 0.3)",
			"bones": {
				"waist": {
					"position": {
						"0.0": {
							"post": [0, 0, 0],
							"lerp_mode": "catmullrom"
						},
						"0.5": {
							"post": [0, -2, 0],
							"lerp_mode": "catmullrom"
						},
						"1.0": {
							"post": [0, 0, 0],
							"lerp_mode": "catmullrom"
						},
						"1.5": {
							"post": [0, -2, 0],
							"lerp_mode": "catmullrom"
						},
						"2.0": {
							"post": [0, 0, 0],
							"lerp_mode": "catmullrom"
						},
						"2.5": {
							"post": [0, -2, 0],
							"lerp_mode": "catmullrom"
						}
					}
				},
				"body": {
					"rotation": [12.5, 0, 0],
					"position": {
						"0.0": {
							"post": [0, 0, 0],
							"lerp_mode": "catmullrom"
						},
						"0.25": {
							"post": [0, 0, 0],
							"lerp_mode": "catmullrom"
						},
						"0.5417": {
							"post": [0, -1, 0],
							"lerp_mode": "catmullrom"
						},
						"0.8333": {
							"post": [0, 0, 0],
							"lerp_mode": "catmullrom"
						},
						"1.0": {
							"post": [0, 0, 0],
							"lerp_mode": "catmullrom"
						},
						"1.25": {
							"post": [0, 0, 0],
							"lerp_mode": "catmullrom"
						},
						"1.5417": {
							"post": [0, -1, 0],
							"lerp_mode": "catmullrom"
						},
						"1.8333": {
							"post": [0, 0, 0],
							"lerp_mode": "catmullrom"
						},
						"2.0": {
							"post": [0, 0, 0],
							"lerp_mode": "catmullrom"
						}
					}
				},
				"left_arm": {
					"rotation": [-7.49294, -0.32621, -2.47864]
				},
				"left_arm2": {
					"rotation": [-10, 0, 0]
				},
				"right_arm": {
					"rotation": [-9.99067, 0.43399, 2.46207]
				},
				"right_arm2": {
					"rotation": [-10, 0, 0]
				},
				"left_leg": {
					"rotation": {
						"0.0": [0, 0, 0],
						"0.5": {
							"pre": [27.5, 0, 0],
							"post": [27.5, 0, 0],
							"lerp_mode": "catmullrom"
						},
						"1.0": {
							"post": [-27.5, 0, 0],
							"lerp_mode": "catmullrom"
						},
						"1.5": [-30, 0, 0],
						"2.0": [0, 0, 0]
					},
					"position": {
						"0.0": [0, 0, 0],
						"0.5": {
							"pre": [0, -2, 0],
							"post": [0, -2, 0],
							"lerp_mode": "catmullrom"
						},
						"1.0": {
							"post": [0, 1, 0],
							"lerp_mode": "catmullrom"
						},
						"1.5": [0, -1, 0],
						"2.0": [0, 0, 0]
					}
				},
				"left_leg2": {
					"rotation": {
						"0.0": [2.5, 0, 0],
						"0.5": {
							"pre": [10, 0, 0],
							"post": [10, 0, 0],
							"lerp_mode": "catmullrom"
						},
						"1.0": {
							"post": [62.5, 0, 0],
							"lerp_mode": "catmullrom"
						},
						"1.5": [2.5, 0, 0],
						"2.0": [2.5, 0, 0]
					}
				},
				"right_leg": {
					"rotation": {
						"0.0": {
							"post": [-27.5, 0, 0],
							"lerp_mode": "catmullrom"
						},
						"0.5": [-30, 0, 0],
						"1.0": [0, 0, 0],
						"1.5": {
							"pre": [27.5, 0, 0],
							"post": [27.5, 0, 0],
							"lerp_mode": "catmullrom"
						},
						"2.0": {
							"post": [-27.5, 0, 0],
							"lerp_mode": "catmullrom"
						}
					},
					"position": {
						"0.0": {
							"post": [0, 1, 0],
							"lerp_mode": "catmullrom"
						},
						"0.5": [0, -1, 0],
						"1.0": [0, 0, 0],
						"1.5": {
							"pre": [0, -2, 0],
							"post": [0, -2, 0],
							"lerp_mode": "catmullrom"
						},
						"2.0": {
							"post": [0, 1, 0],
							"lerp_mode": "catmullrom"
						}
					}
				},
				"right_leg2": {
					"rotation": {
						"0.0": {
							"post": [62.5, 0, 0],
							"lerp_mode": "catmullrom"
						},
						"0.5": [2.5, 0, 0],
						"1.0": [2.5, 0, 0],
						"1.5": {
							"pre": [10, 0, 0],
							"post": [10, 0, 0],
							"lerp_mode": "catmullrom"
						},
						"2.0": {
							"post": [62.5, 0, 0],
							"lerp_mode": "catmullrom"
						}
					}
				}
			}
		},
		"animation.big_human.look_at_target": {
			"loop": true,
			"bones": {
				"body": {
					"rotation": ["query.target_x_rotation * 0.4", "query.target_y_rotation * 0.15", 0]
				},
				"left_arm": {
					"rotation": ["-query.target_x_rotation * 0.35", 0, 0]
				},
				"right_arm": {
					"rotation": ["-query.target_x_rotation * 0.3", 0, 0]
				},
				"head": {
					"rotation": ["query.target_x_rotation * 0.6", "query.target_y_rotation * 0.85", "query.target_y_rotation * 0.1"]
				}
			}
		},
		"animation.plunger.attack2": {
			"animation_length": 1.5,
			"bones": {
				"waist": {
					"rotation": {
						"0.0": [0, 0, 0],
						"0.25": {
							"pre": [-5.17544, 14.94159, -1.3378],
							"post": [-5.17544, 14.94159, -1.3378],
							"lerp_mode": "catmullrom"
						},
						"0.5417": {
							"post": [-5.17544, 14.94159, -1.3378],
							"lerp_mode": "catmullrom"
						},
						"0.75": {
							"post": [10.56887, -17.22081, -3.16173],
							"lerp_mode": "catmullrom"
						},
						"1.5": [0, 0, 0]
					}
				},
				"head": {
					"rotation": {
						"0.0": {
							"post": [0, 0, 0],
							"lerp_mode": "catmullrom"
						},
						"0.2083": {
							"post": [18.29388, -16.66577, -5.41615],
							"lerp_mode": "catmullrom"
						},
						"0.5": {
							"post": [17.89807, -11.91276, -3.81397],
							"lerp_mode": "catmullrom"
						},
						"0.8333": {
							"post": [11.1462, 17.83336, 3.66209],
							"lerp_mode": "catmullrom"
						},
						"1.5": {
							"post": [0, 0, 0],
							"lerp_mode": "catmullrom"
						}
					}
				},
				"rightArm": {
					"rotation": {
						"0.0": {
							"post": [0, 0, 0],
							"lerp_mode": "catmullrom"
						},
						"0.2083": {
							"post": [29.21946, 0.32917, 22.04296],
							"lerp_mode": "catmullrom"
						},
						"0.5417": {
							"post": [29.22, 0.33, 22.04],
							"lerp_mode": "catmullrom"
						},
						"0.7083": {
							"post": [-50.98735, -4.4058, 27.86103],
							"lerp_mode": "catmullrom"
						},
						"1.0": {
							"post": [-50.99, -4.41, 27.86],
							"lerp_mode": "catmullrom"
						},
						"1.5": {
							"post": [0, 0, 0],
							"lerp_mode": "catmullrom"
						}
					}
				},
				"plunger2": {
					"rotation": {
						"0.0": [0, 0, 0],
						"0.5417": {
							"pre": [0, 0, 0],
							"post": [0, 0, 0],
							"lerp_mode": "catmullrom"
						},
						"0.7083": {
							"post": [52.5, 0, 0],
							"lerp_mode": "catmullrom"
						},
						"1.0": {
							"post": [52.5, 0, 0],
							"lerp_mode": "catmullrom"
						},
						"1.25": [0, 0, 0],
						"1.5": [0, 0, 0]
					}
				}
			}
		},
		"animation.big_human.leap": {
			"loop": true,
			"bones": {
				"root": {
					"rotation": [57.5, 0, 0],
					"position": [0, 12, 23]
				},
				"waist": {
					"rotation": [-7.5, 0, 0]
				},
				"head": {
					"rotation": [-15, 0, 0]
				},
				"leftArm": {
					"rotation": [-121.35696, -32.19063, -1.5831]
				},
				"plunger": {
					"rotation": [177.46148, -9.99038, 0.44067]
				},
				"rightArm": {
					"rotation": [-112.05157, 24.11509, 10.91959]
				},
				"plunger2": {
					"rotation": [169.91547, 7.38542, -1.30962]
				},
				"rightleg": {
					"rotation": [20, 0, 0]
				},
				"leftleg": {
					"rotation": [37.5, 0, 0]
				},
				"body": {
					"rotation": [-10, 0, 0]
				},
				"left_arm": {
					"rotation": [-92.5, 0, -10]
				},
				"left_arm2": {
					"rotation": [-85, 0, 0]
				},
				"right_arm": {
					"rotation": [-94.95744, 0.65182, 17.47178]
				},
				"right_arm2": {
					"rotation": [-72.5, 0, 0]
				},
				"left_leg": {
					"rotation": [-40, 0, 0]
				},
				"left_leg2": {
					"rotation": [40, 0, 0]
				},
				"right_leg": {
					"rotation": [-50, 0, 0]
				},
				"right_leg2": {
					"rotation": [47.5, 0, 0]
				}
			}
		},
		"animation.big_cameraman.rocket_fire": {
			"loop": true,
			"bones": {
				"waist": {
					"rotation": [2.5, 0, 0]
				},
				"body": {
					"rotation": [-2.5, 0, 0]
				},
				"left_arm": {
					"rotation": [-32.37431, 1.53891, -6.8978]
				},
				"left_arm2": {
					"rotation": [-90, 0, 0]
				},
				"leftItem": {
					"rotation": [32.5, 0, 0]
				},
				"right_arm": {
					"rotation": [-24.8253, -3.64682, 9.95051]
				},
				"right_arm2": {
					"rotation": [-100, 0, 0]
				},
				"rightItem": {
					"rotation": [35, 0, 0]
				}
			}
		},
		"animation.big_human.fly": {
			"loop": true,
			"animation_length": 2,
			"bones": {
				"root": {
					"rotation": [0, 0, 0],
					"position": {
						"0.0": {
							"post": [0, 6, 0],
							"lerp_mode": "catmullrom"
						},
						"1.0417": {
							"post": [0, 1, 0],
							"lerp_mode": "catmullrom"
						},
						"2.0": {
							"post": [0, 6, 0],
							"lerp_mode": "catmullrom"
						}
					}
				},
				"waist": {
					"rotation": [5, 0, 0]
				},
				"body": {
					"rotation": [5, 0, 0]
				},
				"left_arm": {
					"rotation": [4.99527, 0.21782, -7.4905]
				},
				"left_arm2": {
					"rotation": [0, 0, 5]
				},
				"right_arm": {
					"rotation": [5, 0, 7.5]
				},
				"right_arm2": {
					"rotation": [-2.4905, -0.21782, -4.99527]
				},
				"left_leg": {
					"rotation": [-52.5, 0, 0],
					"position": [0, 2, 0]
				},
				"left_leg2": {
					"rotation": [67.5, 0, 0]
				},
				"right_leg": {
					"rotation": [-2.5, 0, 0]
				},
				"right_leg2": {
					"rotation": [15, 0, 0]
				}
			},
			"particle_effects": {
				"0.0": {
					"effect": "rocket_flame",
					"locator": "thruster"
				},
				"0.0833": {
					"effect": "rocket_flame",
					"locator": "thruster2"
				}
			}
		}
	}
}