{
	"format_version": "1.12.0",
	"minecraft:geometry": [
		{
			"description": {
				"identifier": "geometry.ic_skibidi_ufo",
				"texture_width": 256,
				"texture_height": 256,
				"visible_bounds_width": 6,
				"visible_bounds_height": 5.5,
				"visible_bounds_offset": [0, 2.25, 0]
			},
			"bones": [
				{
					"name": "toilet",
					"pivot": [0, 26, 0],
					"cubes": [
						{"origin": [-5, 28, -5], "size": [10, 7, 10], "uv": [0, 72]},
						{"origin": [-6, 26, -6], "size": [12, 4, 12], "uv": [48, 57]},
						{"origin": [-7, 35, -7], "size": [14, 3, 14], "uv": [0, 37]},
						{"origin": [-9, 37, -7.5], "size": [9, 3, 15], "pivot": [0, 47, 0], "rotation": [0, 0, -77.5], "uv": [0, 54]},
						{"origin": [0, 37, -7.5], "size": [9, 3, 15], "pivot": [0, 47, 0], "rotation": [0, 0, 77.5], "uv": [0, 54], "mirror": true},
						{"origin": [-7.5, 37, -9], "size": [15, 3, 9], "pivot": [0, 47, 0], "rotation": [77.5, 0, 0], "uv": [58, 23]},
						{"origin": [-7.5, 37, 0], "size": [15, 3, 9], "pivot": [0, 47, 0], "rotation": [-77.5, 0, 0], "uv": [58, 11]},
						{"origin": [-8, 43.16026, -9.29852], "size": [16, 4, 2], "pivot": [0, 45.16026, -8.29852], "rotation": [-90, 0, 0], "uv": [68, 0]},
						{"origin": [-8, 43.16026, 7.29852], "size": [16, 4, 2], "pivot": [0, 45.16026, 8.29852], "rotation": [90, 0, 0], "uv": [68, 0]},
						{"origin": [7.27352, 43.16026, -8], "size": [2, 4, 16], "pivot": [8.29852, 45.16026, 0], "rotation": [0, 0, -90], "uv": [24, 73]},
						{"origin": [-9.27352, 43.16026, -8], "size": [2, 4, 16], "pivot": [-8.29852, 45.16026, 0], "rotation": [0, 0, 90], "uv": [24, 73]},
						{"origin": [-8, 17, -8], "size": [16, 15, 16], "uv": [60, 136]}
					]
				},
				{
					"name": "lid1",
					"parent": "toilet",
					"pivot": [0, 47, 9],
					"cubes": [
						{"origin": [-8, 44.16026, -9.29852], "size": [16, 4, 1], "pivot": [0, 46.16026, -8.29852], "rotation": [-90, 0, 0], "uv": [97, 11]},
						{"origin": [-9.27352, 44.16026, -8], "size": [1, 4, 16], "pivot": [-8.29852, 46.16026, 0], "rotation": [0, 0, 90], "uv": [80, 57]},
						{"origin": [-8, 44.16026, 8.29852], "size": [16, 4, 1], "pivot": [0, 46.16026, 8.29852], "rotation": [90, 0, 0], "uv": [97, 11], "mirror": true},
						{"origin": [8.27352, 44.16026, -8], "size": [1, 4, 16], "pivot": [8.29852, 46.16026, 0], "rotation": [0, 0, -90], "uv": [80, 57]}
					]
				},
				{
					"name": "back",
					"parent": "toilet",
					"pivot": [0, 47, 11],
					"cubes": [
						{"origin": [-11.5, 43, 10], "size": [23, 20, 6], "uv": [0, 11]},
						{"origin": [-15, 62, 9], "size": [30, 3, 8], "uv": [0, 0]},
						{"origin": [8.77514, 44.3438, 9.975], "size": [5, 20, 6], "pivot": [2.42514, 55.1438, 13], "rotation": [0, 0, 7.5], "uv": [32, 93], "mirror": true},
						{"origin": [-13.77514, 44.3438, 9.975], "size": [5, 20, 6], "pivot": [-2.42514, 55.1438, 13], "rotation": [0, 0, -7.5], "uv": [32, 93]}
					]
				},
				{
					"name": "lid2",
					"parent": "toilet",
					"pivot": [0, 46, 10],
					"cubes": [
						{"origin": [-8, 49, 7], "size": [16, 14, 2], "uv": [74, 35]},
						{"origin": [-7, 63, 7], "size": [14, 3, 2], "uv": [44, 73]},
						{"origin": [-6, 66, 7], "size": [12, 3, 2], "uv": [44, 82]},
						{"origin": [-7, 47, 7], "size": [14, 2, 2], "uv": [44, 78]}
					]
				},
				{
					"name": "flush",
					"parent": "toilet",
					"pivot": [0, 65, 13],
					"cubes": [
						{"origin": [-1, 64, 12], "size": [2, 2, 2], "uv": [0, 0]}
					]
				},
				{
					"name": "neck",
					"parent": "toilet",
					"pivot": [0, 38, 5.675],
					"rotation": [15, 0, 0],
					"cubes": [
						{"origin": [-2.5, 35.34478, 1.52888], "size": [5, 10, 5], "pivot": [0, 41.49954, 0.84149], "rotation": [25, 0, 0], "uv": [77, 89]}
					]
				},
				{
					"name": "neck2",
					"parent": "neck",
					"pivot": [0, 45.55658, 1.98278],
					"rotation": [-27.5, 0, 0],
					"cubes": [
						{"origin": [-2.575, 42.72074, -2.62002], "size": [5, 10, 5], "pivot": [0, 49.87551, -3.30741], "rotation": [25, 0, 0], "uv": [56, 89]}
					]
				},
				{
					"name": "head",
					"parent": "neck2",
					"pivot": [0, 54.55658, -2.01722],
					"cubes": [
						{"origin": [-5, 52.55658, -7.01722], "size": [10, 11, 10], "pivot": [0, 55.55658, -2.01722], "rotation": [10, 0, 0], "uv": [0, 111]}
					]
				},
				{
					"name": "eyes",
					"parent": "head",
					"pivot": [0, 57.67209, -6.87575],
					"rotation": [10, 0, 0],
					"cubes": [
						{
							"origin": [-3.5, 56.79709, -7.87575],
							"size": [2.25, 1.75, 2],
							"uv": {
								"north": {"uv": [2, 43], "uv_size": [2, 2]},
								"east": {"uv": [0, 43], "uv_size": [2, 2]},
								"south": {"uv": [6, 43], "uv_size": [2, 2]},
								"west": {"uv": [4, 43], "uv_size": [2, 2]},
								"up": {"uv": [2, 41], "uv_size": [2, 2]},
								"down": {"uv": [4, 43], "uv_size": [2, -2]}
							}
						},
						{
							"origin": [1.25, 56.79709, -7.87575],
							"size": [2.25, 1.75, 2],
							"uv": {
								"north": {"uv": [4, 43], "uv_size": [-2, 2]},
								"east": {"uv": [6, 43], "uv_size": [-2, 2]},
								"south": {"uv": [8, 43], "uv_size": [-2, 2]},
								"west": {"uv": [2, 43], "uv_size": [-2, 2]},
								"up": {"uv": [4, 41], "uv_size": [-2, 2]},
								"down": {"uv": [6, 43], "uv_size": [-2, -2]}
							}
						}
					]
				},
				{
					"name": "pupils",
					"parent": "eyes",
					"pivot": [0, 57.67209, -6.87575]
				},
				{
					"name": "1",
					"parent": "pupils",
					"pivot": [0, 57.67209, -6.87575],
					"cubes": [
						{"origin": [-2.85, 57.17209, -8.12575], "size": [1, 1, 1], "uv": [0, 46]}
					]
				},
				{
					"name": "2",
					"parent": "pupils",
					"pivot": [0, 57.67209, -6.87575],
					"cubes": [
						{"origin": [1.85, 57.17209, -8.12575], "size": [1, 1, 1], "uv": [0, 46], "mirror": true}
					]
				},
				{
					"name": "mouth",
					"parent": "head",
					"pivot": [0, 54.58158, -1.99222],
					"cubes": [
						{
							"origin": [-4.975, 53.48158, -6.99222],
							"size": [9.9, 3.1, 4],
							"pivot": [0, 55.58158, -1.99222],
							"rotation": [10, 0, 0],
							"uv": {
								"north": {"uv": [46, 135], "uv_size": [10, 3]},
								"east": {"uv": [42, 135], "uv_size": [4, 3]},
								"south": {"uv": [60, 135], "uv_size": [10, 3]},
								"west": {"uv": [56, 135], "uv_size": [4, 3]},
								"up": {"uv": [46, 131], "uv_size": [10, 4]},
								"down": {"uv": [56, 135], "uv_size": [10, -4]}
							}
						},
						{
							"origin": [-5, 52.55658, -7.01722],
							"size": [10, 5, 5],
							"pivot": [0, 55.55658, -2.01722],
							"rotation": [10, 0, 0],
							"uv": {
								"north": {"uv": [47, 144], "uv_size": [10, 5]},
								"east": {"uv": [42, 144], "uv_size": [5, 5]},
								"south": {"uv": [62, 144], "uv_size": [10, 5]},
								"west": {"uv": [57, 144], "uv_size": [5, 5]},
								"up": {"uv": [47, 139], "uv_size": [10, 5]},
								"down": {"uv": [57, 144], "uv_size": [10, -5]}
							}
						}
					]
				},
				{
					"name": "upper_mouth",
					"parent": "mouth",
					"pivot": [0, 54.58158, -1.99222],
					"cubes": [
						{
							"origin": [-4, 55.05658, -7.01722],
							"size": [8, 2, 0],
							"pivot": [0, 55.55658, -2.01722],
							"rotation": [10, 0, 0],
							"uv": {
								"north": {"uv": [0, 142], "uv_size": [8, 2]},
								"east": {"uv": [0, 142], "uv_size": [0, 2]},
								"south": {"uv": [8, 142], "uv_size": [8, 2]},
								"west": {"uv": [8, 142], "uv_size": [0, 2]},
								"up": {"uv": [0, 142], "uv_size": [8, 0]},
								"down": {"uv": [8, 142], "uv_size": [8, 0]}
							}
						}
					]
				},
				{
					"name": "lower_mouth2",
					"parent": "mouth",
					"pivot": [0, 54.58158, -1.99222],
					"cubes": [
						{
							"origin": [-4, 53.05658, -7.01722],
							"size": [8, 2, 0],
							"pivot": [0, 55.55658, -2.01722],
							"rotation": [10, 0, 0],
							"uv": {
								"north": {"uv": [0, 144], "uv_size": [8, -2]},
								"east": {"uv": [0, 142], "uv_size": [0, 2]},
								"south": {"uv": [8, 142], "uv_size": [8, 2]},
								"west": {"uv": [8, 142], "uv_size": [0, 2]},
								"up": {"uv": [0, 142], "uv_size": [8, 0]},
								"down": {"uv": [8, 142], "uv_size": [8, 0]}
							}
						}
					]
				},
				{
					"name": "teeth",
					"parent": "head",
					"pivot": [0, 54.55658, -3.01722]
				},
				{
					"name": "upper",
					"parent": "teeth",
					"pivot": [0, 55.05658, -2.01722],
					"cubes": [
						{"origin": [-3, 54.86015, -6.2625], "size": [6, 2, 4], "pivot": [0, 55.86015, -4.2625], "rotation": [-170, 0, 0], "uv": [35, 56]}
					]
				},
				{
					"name": "lower",
					"parent": "teeth",
					"pivot": [0, 55.20658, -2.01722],
					"cubes": [
						{"origin": [-3, 52.89053, -5.9152], "size": [6, 2, 4], "pivot": [0, 53.89053, -3.9152], "rotation": [170, 0, 180], "uv": [35, 56]}
					]
				},
				{
					"name": "hat",
					"parent": "head",
					"pivot": [0, 54.55658, -2.01722],
					"cubes": [
						{"origin": [-5.5, 58.80658, -7.51722], "size": [11, 6, 11], "pivot": [0, 54.55658, -2.01722], "rotation": [10, 0, 0], "uv": [212, 0]},
						{"origin": [-6.15614, 63.46378, -5.41086], "size": [3, 6, 3], "inflate": -0.3, "pivot": [-4.65614, 66.71378, -4.16086], "rotation": [12.50574, -44.65745, -36.72167], "uv": [194, 0]},
						{"origin": [-1.5, 64.11288, -5.73123], "size": [3, 6, 3], "inflate": -0.3, "pivot": [0, 67.11288, -4.23123], "rotation": [17.0883, -53.77546, -13.92809], "uv": [194, 0]},
						{"origin": [-7.77072, 58.54201, -4.74894], "size": [3, 6, 3], "inflate": -0.3, "pivot": [-6.27072, 61.54201, -3.24894], "rotation": [0.51462, -32.50828, -87.81451], "uv": [194, 0]},
						{"origin": [3.15614, 63.46378, -5.91086], "size": [3, 6, 3], "inflate": -0.3, "pivot": [4.65614, 66.71378, -4.16086], "rotation": [14.25622, -51.28315, 16.64747], "uv": [194, 0], "mirror": true},
						{"origin": [4.77072, 58.54201, -4.74894], "size": [3, 6, 3], "inflate": -0.3, "pivot": [6.27072, 61.54201, -3.24894], "rotation": [0.86768, -59.98783, 86.78658], "uv": [194, 0], "mirror": true}
					]
				},
				{
					"name": "ring",
					"parent": "toilet",
					"pivot": [0, 37.69811, -0.93396],
					"cubes": [
						{"origin": [-13, 26.5, -13], "size": [26, 15, 26], "uv": [78, 91]},
						{"origin": [-13, 20, -13], "size": [26, 15, 26], "inflate": -3, "uv": [78, 91]},
						{"origin": [-4, 29, -27], "size": [8, 12, 14], "uv": [115, 65]},
						{"origin": [0, 41, -27], "size": [0, 8, 14], "uv": [119, 41]},
						{"origin": [-3, 30.5, -27.5], "size": [6, 9, 1], "uv": [152, 67]},
						{"origin": [-3, 29, -27], "size": [8, 12, 14], "inflate": 0.1, "pivot": [0, 24, -1], "rotation": [0, -20, 0], "uv": [115, 65]},
						{"origin": [-2, 30.5, -27.5], "size": [6, 9, 1], "inflate": 0.1, "pivot": [0, 24, -1], "rotation": [0, -20, 0], "uv": [152, 67]},
						{"origin": [1, 41, -27], "size": [0, 8, 14], "inflate": 0.1, "pivot": [0, 24, -1], "rotation": [0, -20, 0], "uv": [119, 41]},
						{"origin": [-4, 29, -27], "size": [8, 12, 14], "pivot": [0, 24, -1], "rotation": [0, -45, 0], "uv": [115, 65]},
						{"origin": [-3, 30.5, -27.5], "size": [6, 9, 1], "pivot": [0, 24, -1], "rotation": [0, -45, 0], "uv": [152, 67]},
						{"origin": [0, 41, -27], "size": [0, 8, 14], "pivot": [0, 24, -1], "rotation": [0, -45, 0], "uv": [119, 41]},
						{"origin": [1, 41, -27], "size": [0, 8, 14], "inflate": 0.1, "pivot": [0, 24, -1], "rotation": [0, -65, 0], "uv": [119, 41]},
						{"origin": [-2, 30.5, -27.5], "size": [6, 9, 1], "inflate": 0.1, "pivot": [0, 24, -1], "rotation": [0, -65, 0], "uv": [152, 67]},
						{"origin": [-3, 29, -27], "size": [8, 12, 14], "inflate": 0.1, "pivot": [0, 24, -1], "rotation": [0, -65, 0], "uv": [115, 65]},
						{"origin": [-4, 29, -27], "size": [8, 12, 14], "pivot": [0, 24, -1], "rotation": [0, -90, 0], "uv": [115, 65]},
						{"origin": [-3, 30.5, -27.5], "size": [6, 9, 1], "pivot": [0, 24, -1], "rotation": [0, -90, 0], "uv": [152, 67]},
						{"origin": [0, 41, -27], "size": [0, 8, 14], "pivot": [0, 24, -1], "rotation": [0, -90, 0], "uv": [119, 41]},
						{"origin": [1, 41, -27], "size": [0, 8, 14], "inflate": 0.1, "pivot": [0, 24, -1], "rotation": [-180, -70, 180], "uv": [119, 41]},
						{"origin": [-2, 30.5, -27.5], "size": [6, 9, 1], "inflate": 0.1, "pivot": [0, 24, -1], "rotation": [-180, -70, 180], "uv": [152, 67]},
						{"origin": [-3, 29, -27], "size": [8, 12, 14], "inflate": 0.1, "pivot": [0, 24, -1], "rotation": [-180, -70, 180], "uv": [115, 65]},
						{"origin": [-4, 29, -27], "size": [8, 12, 14], "pivot": [0, 24, -1], "rotation": [-180, -45, 180], "uv": [115, 65]},
						{"origin": [-3, 30.5, -27.5], "size": [6, 9, 1], "pivot": [0, 24, -1], "rotation": [-180, -45, 180], "uv": [152, 67]},
						{"origin": [0, 41, -27], "size": [0, 8, 14], "pivot": [0, 24, -1], "rotation": [-180, -45, 180], "uv": [119, 41]},
						{"origin": [1, 41, -27], "size": [0, 8, 14], "inflate": 0.1, "pivot": [0, 24, -1], "rotation": [-180, -25, 180], "uv": [119, 41]},
						{"origin": [-2, 30.5, -27.5], "size": [6, 9, 1], "inflate": 0.1, "pivot": [0, 24, -1], "rotation": [-180, -25, 180], "uv": [152, 67]},
						{"origin": [-3, 29, -27], "size": [8, 12, 14], "inflate": 0.1, "pivot": [0, 24, -1], "rotation": [-180, -25, 180], "uv": [115, 65]},
						{"origin": [-4, 29, -27], "size": [8, 12, 14], "pivot": [0, 24, -1], "rotation": [-180, 0, 180], "uv": [115, 65]},
						{"origin": [-3, 30.5, -27.5], "size": [6, 9, 1], "pivot": [0, 24, -1], "rotation": [-180, 0, 180], "uv": [152, 67]},
						{"origin": [0, 41, -27], "size": [0, 8, 14], "pivot": [0, 24, -1], "rotation": [-180, 0, 180], "uv": [119, 41]},
						{"origin": [1, 41, -27], "size": [0, 8, 14], "inflate": 0.1, "pivot": [0, 24, -1], "rotation": [-180, 20, 180], "uv": [119, 41]},
						{"origin": [-2, 30.5, -27.5], "size": [6, 9, 1], "inflate": 0.1, "pivot": [0, 24, -1], "rotation": [-180, 20, 180], "uv": [152, 67]},
						{"origin": [-3, 29, -27], "size": [8, 12, 14], "inflate": 0.1, "pivot": [0, 24, -1], "rotation": [-180, 20, 180], "uv": [115, 65]},
						{"origin": [-4, 29, -27], "size": [8, 12, 14], "pivot": [0, 24, -1], "rotation": [-180, 45, 180], "uv": [115, 65]},
						{"origin": [-3, 30.5, -27.5], "size": [6, 9, 1], "pivot": [0, 24, -1], "rotation": [-180, 45, 180], "uv": [152, 67]},
						{"origin": [0, 41, -27], "size": [0, 8, 14], "pivot": [0, 24, -1], "rotation": [-180, 45, 180], "uv": [119, 41]},
						{"origin": [1, 41, -27], "size": [0, 8, 14], "inflate": 0.1, "pivot": [0, 24, -1], "rotation": [-180, 65, 180], "uv": [119, 41]},
						{"origin": [-2, 30.5, -27.5], "size": [6, 9, 1], "inflate": 0.1, "pivot": [0, 24, -1], "rotation": [-180, 65, 180], "uv": [152, 67]},
						{"origin": [-3, 29, -27], "size": [8, 12, 14], "inflate": 0.1, "pivot": [0, 24, -1], "rotation": [-180, 65, 180], "uv": [115, 65]},
						{"origin": [-4, 29, -27], "size": [8, 12, 14], "pivot": [0, 24, -1], "rotation": [0, 90, 0], "uv": [115, 65]},
						{"origin": [-3, 30.5, -27.5], "size": [6, 9, 1], "pivot": [0, 24, -1], "rotation": [0, 90, 0], "uv": [152, 67]},
						{"origin": [0, 41, -27], "size": [0, 8, 14], "pivot": [0, 24, -1], "rotation": [0, 90, 0], "uv": [119, 41]},
						{"origin": [1, 41, -27], "size": [0, 8, 14], "inflate": 0.1, "pivot": [0, 24, -1], "rotation": [0, 70, 0], "uv": [119, 41]},
						{"origin": [-2, 30.5, -27.5], "size": [6, 9, 1], "inflate": 0.1, "pivot": [0, 24, -1], "rotation": [0, 70, 0], "uv": [152, 67]},
						{"origin": [-3, 29, -27], "size": [8, 12, 14], "inflate": 0.1, "pivot": [0, 24, -1], "rotation": [0, 70, 0], "uv": [115, 65]},
						{"origin": [-4, 29, -27], "size": [8, 12, 14], "pivot": [0, 24, -1], "rotation": [0, 45, 0], "uv": [115, 65]},
						{"origin": [-3, 30.5, -27.5], "size": [6, 9, 1], "pivot": [0, 24, -1], "rotation": [0, 45, 0], "uv": [152, 67]},
						{"origin": [0, 41, -27], "size": [0, 8, 14], "pivot": [0, 24, -1], "rotation": [0, 45, 0], "uv": [119, 41]},
						{"origin": [1, 41, -27], "size": [0, 8, 14], "inflate": 0.1, "pivot": [0, 24, -1], "rotation": [0, 25, 0], "uv": [119, 41]},
						{"origin": [-2, 30.5, -27.5], "size": [6, 9, 1], "inflate": 0.1, "pivot": [0, 24, -1], "rotation": [0, 25, 0], "uv": [152, 67]},
						{"origin": [-3, 29, -27], "size": [8, 12, 14], "inflate": 0.1, "pivot": [0, 24, -1], "rotation": [0, 25, 0], "uv": [115, 65]},
						{"origin": [-31.5, 35, -33], "size": [63, 0, 63], "uv": [67, 193]}
					]
				},
				{
					"name": "laser_gun",
					"parent": "toilet",
					"pivot": [0, 18, 2],
					"cubes": [
						{"origin": [-1.5, 3.0177, 6.57091], "size": [3, 16, 3], "pivot": [0, 17.0177, 7.57091], "rotation": [55, 0, 0], "uv": [244, 34]},
						{"origin": [-1.5, 19.0177, 10.57091], "size": [3, 9, 3], "pivot": [0, 17.0177, 7.57091], "rotation": [127.5, 0, 0], "uv": [244, 34]},
						{"origin": [0, 7.98581, 5.27261], "size": [0, 13, 11], "pivot": [0, 13.98581, 12.77261], "rotation": [90, 0, 0], "uv": [233, 50]},
						{"origin": [-1.6, 8.98581, 7.27261], "size": [3.1, 16, 3], "inflate": 0.1, "pivot": [0, 14.98581, 12.77261], "rotation": [87.7758, 0, 0], "uv": [230, 33]},
						{"origin": [-1.6, 15.98581, 7.27261], "size": [3.1, 16, 3], "pivot": [0, 14.98581, 12.77261], "rotation": [87.7758, 0, 0], "uv": [230, 33]},
						{"origin": [-2.5, -7.57258, 1.45458], "size": [5, 16, 1], "inflate": 0.1, "pivot": [0, 7.68627, 0.43237], "rotation": [84.7758, 0, 0], "uv": [201, 38]},
						{"origin": [-2.5, 0.48534, 5.66833], "size": [5, 13, 1], "pivot": [0, 6.98534, 6.16833], "rotation": [85.2758, 0, 0], "uv": [201, 38]},
						{"origin": [-2.5, 4.71982, -0.64715], "size": [5, 6, 1], "inflate": 0.2, "pivot": [0, 7.68627, 0.43237], "rotation": [17.2758, 0, 0], "uv": [201, 38]},
						{"origin": [-2.5, 9.2947, -20.99167], "size": [5, 6, 1], "inflate": 0.1, "pivot": [0, 10.7947, -19.99167], "rotation": [24.7758, 0, 0], "uv": [201, 38]},
						{"origin": [-2.5, -10.57258, -0.54542], "size": [5, 16, 1], "pivot": [0, 7.68627, 0.43237], "rotation": [84.7758, 0, 0], "uv": [201, 38]},
						{"origin": [-2.5, -5.57258, -1.54542], "size": [5, 13, 2], "inflate": 0.1, "pivot": [0, 7.68627, 0.43237], "rotation": [84.7758, 0, 0], "uv": [186, 36]},
						{"origin": [-2.5, 8.42742, -1.54542], "size": [5, 19, 4], "inflate": 0.1, "pivot": [0, 7.68627, 0.43237], "rotation": [84.7758, 0, 0], "uv": [168, 34]},
						{"origin": [-1, 13.42742, -5.54542], "size": [2, 15, 4], "pivot": [0, 7.68627, 0.43237], "rotation": [84.7758, 0, 0], "uv": [151, 36]},
						{"origin": [-0.5, -2.7077, -29.46261], "size": [1, 15, 4], "pivot": [0, 7.2923, -27.96261], "rotation": [84.2758, 0, 0], "uv": [135, 34]},
						{"origin": [0, -0.7077, -30.46261], "size": [0, 11, 2], "pivot": [0, 7.2923, -27.96261], "rotation": [84.2758, 0, 0], "uv": [128, 36]},
						{"origin": [-0.5, 8.99558, -26.52755], "size": [1, 15, 4], "pivot": [0, 16.49558, -24.52755], "rotation": [95.7242, 0, 180], "uv": [135, 34]},
						{"origin": [0, 10.99558, -27.52755], "size": [0, 11, 2], "pivot": [0, 16.49558, -24.52755], "rotation": [95.7242, 0, 180], "uv": [128, 36]},
						{"origin": [0, -0.00442, -26.77755], "size": [0, 11, 2], "pivot": [0, 16.49558, -24.52755], "rotation": [95.7242, 0, 180], "uv": [128, 36]},
						{"origin": [-2.6, 6.15941, -10.6703], "size": [5.1, 18, 2], "inflate": 0.1, "pivot": [-0.05, 14.15941, -9.6703], "rotation": [83.7758, 0, 0], "uv": [166, 10]},
						{"origin": [-2.6, 8.15941, -18.6703], "size": [5.1, 18, 2], "inflate": -0.1, "pivot": [-0.05, 15.15941, -9.6703], "rotation": [84.7758, 0, 0], "uv": [166, 10]},
						{"origin": [-2.6, 6.15941, -7.6703], "size": [5.1, 17, 1], "pivot": [-0.05, 14.15941, -9.6703], "rotation": [96.2758, 0, 0], "uv": [184, 13]},
						{"origin": [-1.50204, 8.69429, -6.76586], "size": [3, 19, 3], "inflate": 0.1, "pivot": [-0.40204, 11.69429, -5.36586], "rotation": [83.7758, 0, 0], "uv": [216, 32]},
						{"origin": [-1.50204, 26.69429, -8.76586], "size": [3, 13, 3], "inflate": 0.2, "pivot": [-0.40204, 11.69429, -5.36586], "rotation": [83.7758, 0, 0], "uv": [166, 79]},
						{"origin": [-1.50204, 26.69429, -8.76586], "size": [3, 13, 3], "inflate": 0.3, "pivot": [-0.40204, 11.69429, -5.36586], "rotation": [83.7758, 0, 0], "uv": [180, 78]},
						{"origin": [-2.00204, 39.69429, -9.26586], "size": [4, 2, 4], "pivot": [-0.40204, 11.69429, -5.36586], "rotation": [83.7758, 0, 0], "uv": [179, 67]}
					]
				}
			]
		}
	]
}