{
	"format_version": "1.8.0",
	"animations": {
		"animation.big_human.leap": {
			"loop": true,
			"bones": {
				"root": {
					"rotation": [57.5, 0, 0],
					"position": [0, 12, 23]
				},
				"waist": {
					"rotation": [-7.5, 0, 0]
				},
				"head": {
					"rotation": [-15, 0, 0]
				},
				"leftArm": {
					"rotation": [-121.35696, -32.19063, -1.5831]
				},
				"plunger": {
					"rotation": [177.46148, -9.99038, 0.44067]
				},
				"rightArm": {
					"rotation": [-112.05157, 24.11509, 10.91959]
				},
				"plunger2": {
					"rotation": [169.91547, 7.38542, -1.30962]
				},
				"rightleg": {
					"rotation": [20, 0, 0]
				},
				"leftleg": {
					"rotation": [37.5, 0, 0]
				},
				"body": {
					"rotation": [-10, 0, 0]
				},
				"left_arm": {
					"rotation": [-92.5, 0, -10]
				},
				"left_arm2": {
					"rotation": [-85, 0, 0]
				},
				"right_arm": {
					"rotation": [-94.95744, 0.65182, 17.47178]
				},
				"right_arm2": {
					"rotation": [-72.5, 0, 0]
				},
				"left_leg": {
					"rotation": [-40, 0, 0]
				},
				"left_leg2": {
					"rotation": [40, 0, 0]
				},
				"right_leg": {
					"rotation": [-50, 0, 0]
				},
				"right_leg2": {
					"rotation": [47.5, 0, 0]
				}
			}
		},
		"animation.titan.default": {
			"loop": true,
			"bones": {
				"root": {
					"position": [0, 42, 0],
					"scale": 3.6
				}
			}
		},
		"animation.titan.look_at_target": {
			"loop": true,
			"bones": {
				"body": {
					"rotation": ["query.target_x_rotation * 0.3", "query.target_y_rotation * 0.35", 0]
				},
				"left_arm": {
					"rotation": ["-query.target_x_rotation * 0.2", 0, 0]
				},
				"right_arm": {
					"rotation": ["-query.target_x_rotation * 0.2", 0, 0]
				},
				"head": {
					"rotation": ["query.target_x_rotation * 0.25", "query.target_y_rotation * 0.5", "query.target_y_rotation * 0.0"]
				},
				"waist": {
					"rotation": ["query.target_x_rotation * 0.3", "query.target_y_rotation * 0.2", 0]
				}
			}
		},
		"animation.titan.fly2": {
			"loop": true,
			"animation_length": 3,
			"bones": {
				"root": {
					"rotation": [0, 0, 0],
					"position": {
						"0.0": [0, 11, 0],
						"1.5": {
							"pre": [0, 16, 0],
							"post": [0, 16, 0],
							"lerp_mode": "catmullrom"
						},
						"3.0": [0, 11, 0]
					}
				},
				"waist": {
					"rotation": [10, 0, 0]
				},
				"left_arm": {
					"rotation": [18.17043, -3.50795, -5.07658]
				},
				"left_arm2": {
					"rotation": [-35, 0, 0]
				},
				"right_arm": {
					"rotation": [14.70727, 7.1259, 4.28113]
				},
				"right_arm2": {
					"rotation": [-25, 0, 0]
				},
				"camera_1": {
					"rotation": [7.5, 0, 0]
				},
				"camera_2": {
					"rotation": [-5, 0, 0]
				},
				"head": {
					"rotation": [7.5, 0, 0]
				},
				"rocket": {
					"rotation": [0, 0, 0]
				},
				"left_leg": {
					"rotation": [-37.5, 0, 0]
				},
				"left_leg2": {
					"rotation": [72.5, 0, 0]
				},
				"right_leg": {
					"rotation": [10, 0, 0]
				},
				"right_leg2": {
					"rotation": [17.5, 0, 0]
				}
			},
			"particle_effects": {
				"0.0": {
					"effect": "rocket_flame",
					"locator": "thrust"
				},
				"0.0417": {
					"effect": "rocket_flame",
					"locator": "thrust2"
				}
			}
		},
		"animation.titan.fly3": {
			"loop": true,
			"animation_length": 3,
			"bones": {
				"root": {
					"rotation": [57.5, 0, 0],
					"position": {
						"0.0": [0, 9, 18],
						"1.4583": {
							"pre": [0, 11, 18],
							"post": [0, 11, 18],
							"lerp_mode": "catmullrom"
						},
						"3.0": [0, 9, 18]
					}
				},
				"waist": {
					"rotation": [0, 0, 0]
				},
				"left_arm": {
					"rotation": {
						"0.0": {
							"post": [-5.55367, -11.08856, -9.94888],
							"lerp_mode": "catmullrom"
						},
						"1.0833": {
							"post": [-10.55, -11.09, -9.95],
							"lerp_mode": "catmullrom"
						},
						"2.3333": {
							"post": [3.02, -11.09, -9.95],
							"lerp_mode": "catmullrom"
						},
						"3.0": {
							"post": [-5.55367, -11.08856, -9.94888],
							"lerp_mode": "catmullrom"
						}
					}
				},
				"left_arm2": {
					"rotation": [-30, 0, 0]
				},
				"right_arm": {
					"rotation": {
						"0.0": {
							"post": [-5.57148, 10.11908, 10.98532],
							"lerp_mode": "catmullrom"
						},
						"0.8333": {
							"post": [-13.07, 10.12, 10.99],
							"lerp_mode": "catmullrom"
						},
						"2.2083": {
							"post": [1.75, 10.12, 10.99],
							"lerp_mode": "catmullrom"
						},
						"3.0": {
							"post": [-5.57148, 10.11908, 10.98532],
							"lerp_mode": "catmullrom"
						}
					}
				},
				"right_arm2": {
					"rotation": [-35, 0, 0]
				},
				"camera_1": {
					"rotation": [-27.5, 0, 0]
				},
				"camera_2": {
					"rotation": [-22.5, 0, 0]
				},
				"head": {
					"rotation": [-37.5, 0, 0]
				},
				"rocket": {
					"rotation": [17.5, 0, 0]
				},
				"left_leg": {
					"rotation": [17.5, 0, 0]
				},
				"left_leg2": {
					"rotation": [22.5, 0, 0]
				},
				"right_leg": {
					"rotation": [32.5, 0, 0]
				},
				"right_leg2": {
					"rotation": [17.5, 0, 0]
				},
				"body": {
					"rotation": [15, 0, 0]
				},
				"left_big_wing": {
					"rotation": [0, 0, -72.5]
				},
				"right_big_wing": {
					"rotation": [0, 0, 72.5]
				},
				"right_small_wing": {
					"rotation": [0, 0, 55]
				},
				"left_small_wing": {
					"rotation": [0, 0, -55]
				}
			},
			"particle_effects": {
				"0.0": {
					"effect": "rocket_flame",
					"locator": "thrust"
				},
				"0.0417": {
					"effect": "rocket_flame",
					"locator": "thrust2"
				}
			}
		},
		"animation.titan.charge": {
			"loop": true,
			"animation_length": 0.0417,
			"bones": {
				"root": {
					"rotation": [57.5, 0, 0],
					"position": [0, 9, 32]
				},
				"waist": {
					"rotation": [0, 0, 0]
				},
				"left_arm": {
					"rotation": {
						"0.0": {
							"post": [-115.55367, -11.08856, -9.94888],
							"lerp_mode": "catmullrom"
						},
						"0.0417": {
							"post": [-115.55, -11.09, -9.95],
							"lerp_mode": "catmullrom"
						}
					}
				},
				"left_arm2": {
					"rotation": [-30, 0, 0]
				},
				"right_arm": {
					"rotation": {
						"0.0": {
							"post": [-115.57148, 10.11908, 10.98532],
							"lerp_mode": "catmullrom"
						},
						"0.0417": {
							"post": [-115.57, 10.12, 10.99],
							"lerp_mode": "catmullrom"
						}
					}
				},
				"right_arm2": {
					"rotation": [-35, 0, 0]
				},
				"camera_1": {
					"rotation": [-27.5, 0, 0]
				},
				"camera_2": {
					"rotation": [-22.5, 0, 0]
				},
				"head": {
					"rotation": [-37.5, 0, 0]
				},
				"rocket": {
					"rotation": [17.5, 0, 0]
				},
				"left_leg": {
					"rotation": [17.5, 0, 0]
				},
				"left_leg2": {
					"rotation": [22.5, 0, 0]
				},
				"right_leg": {
					"rotation": [32.5, 0, 0]
				},
				"right_leg2": {
					"rotation": [17.5, 0, 0]
				},
				"body": {
					"rotation": [15, 0, 0]
				},
				"left_big_wing": {
					"rotation": [0, 0, -72.5]
				},
				"right_big_wing": {
					"rotation": [0, 0, 72.5]
				},
				"right_small_wing": {
					"rotation": [0, 0, 55]
				},
				"left_small_wing": {
					"rotation": [0, 0, -55]
				}
			},
			"particle_effects": {
				"0.0": {
					"effect": "rocket_flame",
					"locator": "thrust"
				},
				"0.0417": {
					"effect": "rocket_flame",
					"locator": "thrust2"
				}
			}
		},
		"animation.titan.walk": {
			"loop": true,
			"animation_length": 2,
			"anim_time_update": "query.anim_time + query.delta_time  * (query.ground_speed /17) * (query.is_on_ground ? 1.0 : 0.3)",
			"bones": {
				"waist": {
					"rotation": [0, 0, 0.01],
					"position": {
						"0.0": {
							"post": [0, 0, 0],
							"lerp_mode": "catmullrom"
						},
						"0.5": {
							"post": [0, -2, 0],
							"lerp_mode": "catmullrom"
						},
						"1.0": {
							"post": [0, 0, 0],
							"lerp_mode": "catmullrom"
						},
						"1.5": {
							"post": [0, -2, 0],
							"lerp_mode": "catmullrom"
						},
						"2.0": {
							"post": [0, 0, 0],
							"lerp_mode": "catmullrom"
						}
					}
				},
				"body": {
					"rotation": [12.5, 0, 0],
					"position": {
						"0.0": {
							"post": [0, 0, 0],
							"lerp_mode": "catmullrom"
						},
						"0.25": {
							"post": [0, 0, 0],
							"lerp_mode": "catmullrom"
						},
						"0.5417": {
							"post": [0, -1, 0],
							"lerp_mode": "catmullrom"
						},
						"0.8333": {
							"post": [0, 0, 0],
							"lerp_mode": "catmullrom"
						},
						"1.0": {
							"post": [0, 0, 0],
							"lerp_mode": "catmullrom"
						},
						"1.25": {
							"post": [0, 0, 0],
							"lerp_mode": "catmullrom"
						},
						"1.5417": {
							"post": [0, -1, 0],
							"lerp_mode": "catmullrom"
						},
						"1.8333": {
							"post": [0, 0, 0],
							"lerp_mode": "catmullrom"
						},
						"2.0": {
							"post": [0, 0, 0],
							"lerp_mode": "catmullrom"
						}
					}
				},
				"left_arm": {
					"rotation": {
						"0.0": {
							"post": [-9.99067, -0.43399, -2.46207],
							"lerp_mode": "catmullrom"
						},
						"0.5": {
							"post": [-14.99067, -0.43399, -2.46207],
							"lerp_mode": "catmullrom"
						},
						"1.0": {
							"post": [-9.99067, -0.43399, -2.46207],
							"lerp_mode": "catmullrom"
						},
						"1.5": {
							"post": [-4.99067, -0.43399, -2.46207],
							"lerp_mode": "catmullrom"
						},
						"2.0": {
							"post": [-9.99067, -0.43399, -2.46207],
							"lerp_mode": "catmullrom"
						}
					}
				},
				"left_arm2": {
					"rotation": [-10, 0, 0]
				},
				"right_arm": {
					"rotation": {
						"0.0": {
							"post": [-9.99067, 0.43399, 2.46207],
							"lerp_mode": "catmullrom"
						},
						"0.5": {
							"post": [-4.99067, 0.43399, 2.46207],
							"lerp_mode": "catmullrom"
						},
						"1.0": {
							"post": [-9.99067, 0.43399, 2.46207],
							"lerp_mode": "catmullrom"
						},
						"1.5": {
							"post": [-14.99067, 0.43399, 2.46207],
							"lerp_mode": "catmullrom"
						},
						"2.0": {
							"post": [-9.99067, 0.43399, 2.46207],
							"lerp_mode": "catmullrom"
						}
					}
				},
				"right_arm2": {
					"rotation": [-10, 0, 0]
				},
				"left_leg": {
					"rotation": {
						"0.0": [0, 0, 0],
						"0.5": {
							"pre": [27.5, 0, 0],
							"post": [27.5, 0, 0],
							"lerp_mode": "catmullrom"
						},
						"1.0": {
							"post": [-27.5, 0, 0],
							"lerp_mode": "catmullrom"
						},
						"1.5": [-30, 0, 0],
						"2.0": [0, 0, 0]
					},
					"position": {
						"0.0": [0, 0, 0],
						"0.5": {
							"pre": [0, -4, 0],
							"post": [0, -4, 0],
							"lerp_mode": "catmullrom"
						},
						"1.0": {
							"post": [0, 1, 0],
							"lerp_mode": "catmullrom"
						},
						"1.5": [0, -3, 0],
						"2.0": [0, 0, 0]
					}
				},
				"left_leg2": {
					"rotation": {
						"0.0": [2.5, 0, 0],
						"0.5": {
							"pre": [10, 0, 0],
							"post": [10, 0, 0],
							"lerp_mode": "catmullrom"
						},
						"1.0": {
							"post": [62.5, 0, 0],
							"lerp_mode": "catmullrom"
						},
						"1.5": [2.5, 0, 0],
						"2.0": [2.5, 0, 0]
					}
				},
				"right_leg": {
					"rotation": {
						"0.0": {
							"post": [-27.5, 0, 0],
							"lerp_mode": "catmullrom"
						},
						"0.5": [-30, 0, 0],
						"1.0": [0, 0, 0],
						"1.5": {
							"pre": [27.5, 0, 0],
							"post": [27.5, 0, 0],
							"lerp_mode": "catmullrom"
						},
						"2.0": {
							"post": [-27.5, 0, 0],
							"lerp_mode": "catmullrom"
						}
					},
					"position": {
						"0.0": {
							"post": [0, 1, 0],
							"lerp_mode": "catmullrom"
						},
						"0.5": [0, -3, 0],
						"1.0": [0, 0, 0],
						"1.5": {
							"pre": [0, -4, 0],
							"post": [0, -4, 0],
							"lerp_mode": "catmullrom"
						},
						"2.0": {
							"post": [0, 1, 0],
							"lerp_mode": "catmullrom"
						}
					}
				},
				"right_leg2": {
					"rotation": {
						"0.0": {
							"post": [62.5, 0, 0],
							"lerp_mode": "catmullrom"
						},
						"0.5": [2.5, 0, 0],
						"1.0": [2.5, 0, 0],
						"1.5": {
							"pre": [10, 0, 0],
							"post": [10, 0, 0],
							"lerp_mode": "catmullrom"
						},
						"2.0": {
							"post": [62.5, 0, 0],
							"lerp_mode": "catmullrom"
						}
					}
				},
				"tentacle_left": {
					"rotation": {
						"0.0": {
							"post": [0, 0, 2.5],
							"lerp_mode": "catmullrom"
						},
						"0.3333": {
							"post": [0, 0, 2.5],
							"lerp_mode": "catmullrom"
						},
						"0.5833": {
							"post": [0, 0, -2.5],
							"lerp_mode": "catmullrom"
						},
						"1.0833": {
							"post": [0, 0, 2.5],
							"lerp_mode": "catmullrom"
						},
						"1.3333": {
							"post": [0, 0, 2.5],
							"lerp_mode": "catmullrom"
						},
						"1.5833": {
							"post": [0, 0, -2.5],
							"lerp_mode": "catmullrom"
						},
						"2.0": {
							"post": [0, 0, 2.5],
							"lerp_mode": "catmullrom"
						}
					}
				},
				"tentacle_right": {
					"rotation": {
						"0.0": {
							"post": [0, 0, -2.5],
							"lerp_mode": "catmullrom"
						},
						"0.25": {
							"post": [0, 0, -2.5],
							"lerp_mode": "catmullrom"
						},
						"0.5": {
							"post": [0, 0, 2.5],
							"lerp_mode": "catmullrom"
						},
						"1.0": {
							"post": [0, 0, -2.5],
							"lerp_mode": "catmullrom"
						},
						"1.25": {
							"post": [0, 0, -2.5],
							"lerp_mode": "catmullrom"
						},
						"1.5": {
							"post": [0, 0, 2.5],
							"lerp_mode": "catmullrom"
						},
						"2.0": {
							"post": [0, 0, -2.5],
							"lerp_mode": "catmullrom"
						}
					}
				},
				"tentacle_left2": {
					"rotation": {
						"0.0": {
							"post": [0, 0, 2.5],
							"lerp_mode": "catmullrom"
						},
						"0.2083": {
							"post": [0, 0, 2.5],
							"lerp_mode": "catmullrom"
						},
						"0.4583": {
							"post": [0, 0, -2.5],
							"lerp_mode": "catmullrom"
						},
						"0.9583": {
							"post": [0, 0, 2.5],
							"lerp_mode": "catmullrom"
						},
						"1.2083": {
							"post": [0, 0, 2.5],
							"lerp_mode": "catmullrom"
						},
						"1.4583": {
							"post": [0, 0, -2.5],
							"lerp_mode": "catmullrom"
						},
						"2.0": {
							"post": [0, 0, 2.5],
							"lerp_mode": "catmullrom"
						}
					}
				},
				"tentacle_right2": {
					"rotation": {
						"0.0": {
							"post": [0, 0, -2.5],
							"lerp_mode": "catmullrom"
						},
						"0.375": {
							"post": [0, 0, -2.5],
							"lerp_mode": "catmullrom"
						},
						"0.625": {
							"post": [0, 0, 2.5],
							"lerp_mode": "catmullrom"
						},
						"1.125": {
							"post": [0, 0, -2.5],
							"lerp_mode": "catmullrom"
						},
						"1.375": {
							"post": [0, 0, -2.5],
							"lerp_mode": "catmullrom"
						},
						"1.625": {
							"post": [0, 0, 2.5],
							"lerp_mode": "catmullrom"
						},
						"2.0": {
							"post": [0, 0, -2.5],
							"lerp_mode": "catmullrom"
						}
					}
				},
				"head": {
					"rotation": [-5, 0, 0]
				}
			}
		},
		"animation.titan.attack1": {
			"loop": true,
			"animation_length": 2.1667,
			"bones": {
				"waist": {
					"rotation": {
						"0.0": {
							"post": [0, 0, 0],
							"lerp_mode": "catmullrom"
						},
						"0.5": {
							"post": [-5, 0, 0],
							"lerp_mode": "catmullrom"
						},
						"1.125": {
							"post": [-5, 0, 0],
							"lerp_mode": "catmullrom"
						},
						"1.5": {
							"post": [35, 0, 0],
							"lerp_mode": "catmullrom"
						},
						"2.1667": {
							"post": [0, 0, 0],
							"lerp_mode": "catmullrom"
						}
					},
					"position": {
						"0.0": {
							"post": [0, 0, 0],
							"lerp_mode": "catmullrom"
						},
						"1.125": {
							"post": [0, 0, 0],
							"lerp_mode": "catmullrom"
						},
						"1.5": {
							"post": [0, -2, 0],
							"lerp_mode": "catmullrom"
						},
						"2.1667": {
							"post": [0, 0, 0],
							"lerp_mode": "catmullrom"
						}
					}
				},
				"left_arm": {
					"rotation": {
						"0.0": {
							"post": [0, 0, 0],
							"lerp_mode": "catmullrom"
						},
						"0.5": {
							"post": [-90, 0, 0],
							"lerp_mode": "catmullrom"
						},
						"1.125": {
							"post": [-90, 0, 0],
							"lerp_mode": "catmullrom"
						},
						"1.5": {
							"post": [-35, 0, 0],
							"lerp_mode": "catmullrom"
						},
						"2.1667": {
							"post": [0, 0, 0],
							"lerp_mode": "catmullrom"
						}
					}
				},
				"left_arm2": {
					"rotation": {
						"0.0": {
							"post": [0, 0, 0],
							"lerp_mode": "catmullrom"
						},
						"0.5417": {
							"post": [-85, 0, 0],
							"lerp_mode": "catmullrom"
						},
						"1.125": {
							"post": [-85, 0, 0],
							"lerp_mode": "catmullrom"
						},
						"1.5": {
							"post": [-15, 0, 0],
							"lerp_mode": "catmullrom"
						},
						"2.1667": {
							"post": [0, 0, 0],
							"lerp_mode": "catmullrom"
						}
					}
				},
				"head": {
					"rotation": {
						"0.0": {
							"post": [0, 0, 0],
							"lerp_mode": "catmullrom"
						},
						"0.375": {
							"post": [17.5, 0, 0],
							"lerp_mode": "catmullrom"
						},
						"1.125": {
							"post": [17.5, 0, 0],
							"lerp_mode": "catmullrom"
						},
						"1.5": {
							"post": [12.5, 0, 0],
							"lerp_mode": "catmullrom"
						},
						"2.1667": {
							"post": [0, 0, 0],
							"lerp_mode": "catmullrom"
						}
					}
				}
			}
		},
		"animation.titan.attack2": {
			"loop": true,
			"animation_length": 2.1667,
			"bones": {
				"waist": {
					"rotation": {
						"0.0": {
							"post": [0, 0, 0],
							"lerp_mode": "catmullrom"
						},
						"0.5": {
							"post": [-5, 0, 0],
							"lerp_mode": "catmullrom"
						},
						"1.125": {
							"post": [-5, 0, 0],
							"lerp_mode": "catmullrom"
						},
						"1.5": {
							"post": [35, 0, 0],
							"lerp_mode": "catmullrom"
						},
						"2.1667": {
							"post": [0, 0, 0],
							"lerp_mode": "catmullrom"
						}
					},
					"position": {
						"0.0": {
							"post": [0, 0, 0],
							"lerp_mode": "catmullrom"
						},
						"1.125": {
							"post": [0, 0, 0],
							"lerp_mode": "catmullrom"
						},
						"1.5": {
							"post": [0, -2, 0],
							"lerp_mode": "catmullrom"
						},
						"2.1667": {
							"post": [0, 0, 0],
							"lerp_mode": "catmullrom"
						}
					}
				},
				"head": {
					"rotation": {
						"0.0": {
							"post": [0, 0, 0],
							"lerp_mode": "catmullrom"
						},
						"0.375": {
							"post": [17.5, 0, 0],
							"lerp_mode": "catmullrom"
						},
						"1.125": {
							"post": [17.5, 0, 0],
							"lerp_mode": "catmullrom"
						},
						"1.5": {
							"post": [12.5, 0, 0],
							"lerp_mode": "catmullrom"
						},
						"2.1667": {
							"post": [0, 0, 0],
							"lerp_mode": "catmullrom"
						}
					}
				},
				"right_arm": {
					"rotation": {
						"0.0": {
							"post": [0, 0, 0],
							"lerp_mode": "catmullrom"
						},
						"0.5": {
							"post": [-90, 0, 0],
							"lerp_mode": "catmullrom"
						},
						"1.125": {
							"post": [-90, 0, 0],
							"lerp_mode": "catmullrom"
						},
						"1.5": {
							"post": [-35, 0, 0],
							"lerp_mode": "catmullrom"
						},
						"2.1667": {
							"post": [0, 0, 0],
							"lerp_mode": "catmullrom"
						}
					}
				},
				"right_arm2": {
					"rotation": {
						"0.0": {
							"post": [0, 0, 0],
							"lerp_mode": "catmullrom"
						},
						"0.5417": {
							"post": [-85, 0, 0],
							"lerp_mode": "catmullrom"
						},
						"1.125": {
							"post": [-85, 0, 0],
							"lerp_mode": "catmullrom"
						},
						"1.5": {
							"post": [-15, 0, 0],
							"lerp_mode": "catmullrom"
						},
						"2.1667": {
							"post": [0, 0, 0],
							"lerp_mode": "catmullrom"
						}
					}
				}
			},
			"particle_effects": {
				"0.0": {
					"effect": "hammer_trail",
					"locator": "thrust3"
				}
			}
		},
		"animation.titan.attack3": {
			"animation_length": 2.5,
			"bones": {
				"waist": {
					"rotation": {
						"0.0": [0, 0, 0],
						"0.5": {
							"pre": [0, 12.5, 0],
							"post": [0, 12.5, 0],
							"lerp_mode": "catmullrom"
						},
						"1.125": {
							"post": [0, 15, 0],
							"lerp_mode": "catmullrom"
						},
						"1.5": {
							"post": [0, -12.5, 0],
							"lerp_mode": "catmullrom"
						},
						"2.0833": {
							"post": [0, -12.5, 0],
							"lerp_mode": "catmullrom"
						},
						"2.5": [0, 0, 0]
					}
				},
				"body": {
					"rotation": {
						"0.0": [0, 0, 0],
						"0.5": {
							"pre": [0, 12.5, 0],
							"post": [0, 12.5, 0],
							"lerp_mode": "catmullrom"
						},
						"1.125": {
							"post": [0, 15, 0],
							"lerp_mode": "catmullrom"
						},
						"1.5": {
							"post": [0, -12.5, 0],
							"lerp_mode": "catmullrom"
						},
						"2.0833": {
							"post": [0, -12.5, 0],
							"lerp_mode": "catmullrom"
						},
						"2.5": [0, 0, 0]
					}
				},
				"right_arm": {
					"rotation": {
						"0.0": {
							"post": [0, 0, 0],
							"lerp_mode": "catmullrom"
						},
						"0.6667": {
							"post": [4.43839, -4.46375, 41.83501],
							"lerp_mode": "catmullrom"
						},
						"1.2083": {
							"post": [2.13365, -5.92016, 66.89774],
							"lerp_mode": "catmullrom"
						},
						"1.75": {
							"post": [-103.38493, -23.53806, 87.63672],
							"lerp_mode": "catmullrom"
						},
						"2.1667": {
							"post": [-14.19937, -18.87858, 4.24402],
							"lerp_mode": "catmullrom"
						},
						"2.5": {
							"post": [0, 0, 0],
							"lerp_mode": "catmullrom"
						}
					},
					"position": {
						"0.0": {
							"post": [0, 0, 0],
							"lerp_mode": "catmullrom"
						},
						"0.6667": {
							"post": [0, -2, 0],
							"lerp_mode": "catmullrom"
						},
						"1.2083": {
							"post": [0, -4, 0],
							"lerp_mode": "catmullrom"
						},
						"1.75": {
							"post": [-3, -4, 0],
							"lerp_mode": "catmullrom"
						},
						"2.5": {
							"post": [0, 0, 0],
							"lerp_mode": "catmullrom"
						}
					}
				},
				"right_arm2": {
					"rotation": {
						"0.0": {
							"post": [0, 0, 0],
							"lerp_mode": "catmullrom"
						},
						"0.6667": {
							"post": [-77.5, 0, 0],
							"lerp_mode": "catmullrom"
						},
						"1.25": {
							"post": [-77.5, 0, 0],
							"lerp_mode": "catmullrom"
						},
						"1.75": {
							"post": [-17.5, 0, 0],
							"lerp_mode": "catmullrom"
						},
						"2.5": {
							"post": [0, 0, 0],
							"lerp_mode": "catmullrom"
						}
					}
				},
				"head": {
					"rotation": {
						"0.0": {
							"post": [0, 0, 0],
							"lerp_mode": "catmullrom"
						},
						"0.625": {
							"post": [0, -27.5, 0],
							"lerp_mode": "catmullrom"
						},
						"1.7083": {
							"post": [0, 2.5, 0],
							"lerp_mode": "catmullrom"
						},
						"2.5": {
							"post": [0, 0, 0],
							"lerp_mode": "catmullrom"
						}
					}
				}
			}
		},
		"animation.titan.attack4": {
			"animation_length": 2.5,
			"bones": {
				"waist": {
					"rotation": {
						"0.0": [0, 0, 0],
						"0.5833": {
							"pre": [0, -12.5, 0],
							"post": [0, -12.5, 0],
							"lerp_mode": "catmullrom"
						},
						"1.1667": {
							"post": [0, -12.5, 0],
							"lerp_mode": "catmullrom"
						},
						"1.5417": {
							"post": [0, 15, 0],
							"lerp_mode": "catmullrom"
						},
						"2.1667": {
							"post": [0, 12.5, 0],
							"lerp_mode": "catmullrom"
						},
						"2.5": [0, 0, 0]
					}
				},
				"body": {
					"rotation": {
						"0.0": [0, 0, 0],
						"0.4167": {
							"pre": [0, -12.5, 0],
							"post": [0, -12.5, 0],
							"lerp_mode": "catmullrom"
						},
						"1.0": {
							"post": [0, -12.5, 0],
							"lerp_mode": "catmullrom"
						},
						"1.375": {
							"post": [0, 15, 0],
							"lerp_mode": "catmullrom"
						},
						"2.0": {
							"post": [0, 12.5, 0],
							"lerp_mode": "catmullrom"
						},
						"2.5": [0, 0, 0]
					}
				},
				"right_arm": {
					"rotation": {
						"0.0": {
							"post": [0, 0, 0],
							"lerp_mode": "catmullrom"
						},
						"0.9167": {
							"post": [-103.38493, -23.53806, 87.63672],
							"lerp_mode": "catmullrom"
						},
						"1.4583": {
							"post": [2.13365, -5.92016, 66.89774],
							"lerp_mode": "catmullrom"
						},
						"2.0": {
							"post": [4.43839, -4.46375, 41.83501],
							"lerp_mode": "catmullrom"
						},
						"2.5": {
							"post": [0, 0, 0],
							"lerp_mode": "catmullrom"
						}
					},
					"position": {
						"0.0": {
							"post": [0, 0, 0],
							"lerp_mode": "catmullrom"
						},
						"0.9167": {
							"post": [-3, -4, 0],
							"lerp_mode": "catmullrom"
						},
						"1.4583": {
							"post": [0, -4, 0],
							"lerp_mode": "catmullrom"
						},
						"2.0": {
							"post": [0, -2, 0],
							"lerp_mode": "catmullrom"
						},
						"2.5": {
							"post": [0, 0, 0],
							"lerp_mode": "catmullrom"
						}
					}
				},
				"right_arm2": {
					"rotation": {
						"0.0": {
							"post": [0, 0, 0],
							"lerp_mode": "catmullrom"
						},
						"0.9167": {
							"post": [-40, 0, 0],
							"lerp_mode": "catmullrom"
						},
						"1.2083": {
							"post": [-7.5, 0, 0],
							"lerp_mode": "catmullrom"
						},
						"2.0": {
							"post": [-77.5, 0, 0],
							"lerp_mode": "catmullrom"
						},
						"2.5": {
							"post": [0, 0, 0],
							"lerp_mode": "catmullrom"
						}
					}
				},
				"head": {
					"rotation": {
						"0.0": {
							"post": [0, 0, 0],
							"lerp_mode": "catmullrom"
						},
						"0.75": {
							"post": [0, 27.5, 0],
							"lerp_mode": "catmullrom"
						},
						"1.5417": {
							"post": [0, -22.5, 0],
							"lerp_mode": "catmullrom"
						},
						"2.5": {
							"post": [0, 0, 0],
							"lerp_mode": "catmullrom"
						}
					}
				}
			},
			"particle_effects": {
				"0.9583": {
					"effect": "hammer_trail",
					"locator": "thrust3"
				}
			}
		},
		"animation.titan.fire": {
			"loop": true,
			"animation_length": 1,
			"bones": {
				"waist": {
					"rotation": [5, 0, 0]
				},
				"body": {
					"rotation": [2.5, 0, 0]
				},
				"left_arm": {
					"rotation": [-5, 0, -5]
				},
				"left_arm2": {
					"rotation": [-7.5, 0, 0]
				},
				"right_arm": {
					"rotation": [-5, 0, 5]
				},
				"right_arm2": {
					"rotation": [-7.5, 0, 0]
				},
				"head": {
					"rotation": [-2.5, 0, 0]
				},
				"spike1": {
					"rotation": [0, -15, 0]
				},
				"spike_12": {
					"rotation": [0, -62.5, 0]
				},
				"spike2": {
					"rotation": [0, 20, 0]
				},
				"spike_2": {
					"rotation": [0, 50, 0]
				},
				"spike3": {
					"rotation": [0, 25, 0]
				},
				"spike_3": {
					"rotation": [0, 35, 0]
				}
			},
			"sound_effects": {
				"0.0101": {
					"effect": "breath"
				}
			},
			"particle_effects": {
				"0.0": {
					"effect": "camera_flame",
					"locator": "flame"
				}
			}
		},
		"animation.titan.shoot": {
			"loop": true,
			"bones": {
				"left_arm": {
					"rotation": ["-69.7 - (query.target_y_rotation * 0.25)", "6.8542 + (query.target_x_rotation * 0.3)", -85.22396],
					"position": [1, -5, 0]
				},
				"left_arm2": {
					"rotation": ["-17.5- (query.target_y_rotation * 0.25)", 0, 0]
				},
				"power": {
					"position": [0, -3, 0]
				},
				"laser": {
					"rotation": [-180, 0, 0],
					"position": [0, -4, 0]
				}
			}
		},
		"animation.titan.shoot3": {
			"loop": true,
			"bones": {
				"power": {
					"position": [0, -3, 0]
				},
				"camera_1": {
					"rotation": [-82.5, 0, 0]
				},
				"camera_2": {
					"rotation": [-82.5, 0, 0]
				},
				"gun_left": {
					"rotation": [90, 0, 0]
				},
				"gun_right": {
					"rotation": [92.5, 0, 0]
				}
			}
		},
		"animation.titan.infected": {
			"loop": true,
			"animation_length": 1,
			"bones": {
				"head": {
					"rotation": {
						"0.0": [0, 0, -2.5],
						"0.0833": [0, 0, 2.5],
						"0.1667": [0, 0, -2.5],
						"0.25": [0, 0, 2.5],
						"0.3333": [0, 0, -2.5],
						"0.4167": [0, 0, 2.5],
						"0.5": [0, 0, -2.5],
						"0.5833": [0, 0, 2.5],
						"0.6667": [0, 0, -2.5],
						"0.75": [0, 0, 2.5],
						"0.8333": [0, 0, -2.5],
						"0.9167": [0, 0, 2.5],
						"1.0": [0, 0, -2.5]
					}
				},
				"infected_core": {
					"position": [0, 0, -2]
				},
				"normal_core": {
					"position": [0, 0, 2]
				}
			},
			"particle_effects": {
				"0.0": {
					"effect": "electric_spark",
					"locator": "spark9"
				},
				"0.0417": {
					"effect": "electric_spark",
					"locator": "spark8"
				},
				"0.0833": {
					"effect": "electric_spark",
					"locator": "spark7"
				},
				"0.125": {
					"effect": "electric_spark",
					"locator": "spark6"
				},
				"0.1667": {
					"effect": "electric_spark",
					"locator": "spark5"
				},
				"0.2083": {
					"effect": "electric_spark",
					"locator": "spark4"
				},
				"0.25": {
					"effect": "electric_spark",
					"locator": "spark3"
				},
				"0.2917": {
					"effect": "electric_spark",
					"locator": "spark2"
				},
				"0.3333": {
					"effect": "electric_spark",
					"locator": "spark"
				}
			}
		},
		"animation.ic_titan.holo_shield_off": {
			"loop": true,
			"bones": {
				"shield_aura": {
					"scale": 0
				}
			}
		},
		"animation.ic_titan.holo_shield_on": {
			"loop": true,
			"bones": {
				"shield_aura": {
					"scale": 1
				},
				"right_arm": {
					"rotation": [-65.37562, -8.98563, 0.60702]
				},
				"right_arm2": {
					"rotation": [0, -30, -70]
				},
				"shield3": {
					"rotation": [82.52822, 0.65182, 4.95744]
				}
			}
		},
		"animation.titan.idle_remastered": {
			"loop": true,
			"animation_length": 4,
			"bones": {
				"waist": {
					"rotation": [5, 0, 0]
				},
				"body": {
					"rotation": [12.5, 0, 0],
					"position": {
						"0.0": {
							"post": [0, 0, 0],
							"lerp_mode": "catmullrom"
						},
						"2.0417": {
							"post": [0, -1, 0],
							"lerp_mode": "catmullrom"
						},
						"4.0": {
							"post": [0, 0, 0],
							"lerp_mode": "catmullrom"
						}
					}
				},
				"left_arm": {
					"rotation": {
						"0.0": {
							"post": [-4.98848, -0.54094, -7.44081],
							"lerp_mode": "catmullrom"
						},
						"1.9583": {
							"post": [-0.01427, 0.2174, -7.50954],
							"lerp_mode": "catmullrom"
						},
						"4.0": {
							"post": [-4.98848, -0.54094, -7.44081],
							"lerp_mode": "catmullrom"
						}
					}
				},
				"left_arm2": {
					"rotation": [-37.25984, 0.02871, 1.06828]
				},
				"right_arm": {
					"rotation": {
						"0.0": {
							"post": [-4.98848, 0.54094, 7.44081],
							"lerp_mode": "catmullrom"
						},
						"2.1667": {
							"post": [-0.01427, -0.2174, 7.50954],
							"lerp_mode": "catmullrom"
						},
						"4.0": {
							"post": [-4.98848, 0.54094, 7.44081],
							"lerp_mode": "catmullrom"
						}
					}
				},
				"right_arm2": {
					"rotation": [-37.5, 0, 0]
				},
				"head": {
					"rotation": {
						"0.0": {
							"post": [-2.5, 0, 0],
							"lerp_mode": "catmullrom"
						},
						"2.0833": {
							"post": [2.5, 0, 0],
							"lerp_mode": "catmullrom"
						},
						"4.0": {
							"post": [-2.5, 0, 0],
							"lerp_mode": "catmullrom"
						}
					}
				},
				"ear": {
					"rotation": {
						"0.0": [0, 0, 32.5],
						"0.5": [0, 0, 32.5],
						"0.7917": [0, 0, -32.5],
						"2.3333": [0, 0, -32.5],
						"2.5833": [0, 0, 32.5],
						"4.0": [0, 0, 32.5]
					}
				},
				"ear2": {
					"rotation": {
						"0.0": [0, 0, -32.5],
						"0.5": [0, 0, -32.5],
						"0.7917": [0, 0, 32.5],
						"2.3333": [0, 0, 32.5],
						"2.5833": [0, 0, -32.5],
						"4.0": [0, 0, -32.5]
					}
				},
				"left_leg": {
					"rotation": [-2.5, -5, -2.5]
				},
				"left_leg2": {
					"rotation": [5, 0, 0]
				},
				"right_leg": {
					"rotation": [-2.5, 5, 2.5]
				},
				"right_leg2": {
					"rotation": [5, 0, 0]
				},
				"left_leggings": {
					"rotation": {
						"0.0": {
							"post": [0, 0, 0],
							"lerp_mode": "catmullrom"
						},
						"1.0": {
							"post": [0, 0, -2.5],
							"lerp_mode": "catmullrom"
						},
						"2.7083": {
							"post": [0, 0, 2.5],
							"lerp_mode": "catmullrom"
						},
						"4.0": {
							"post": [0, 0, 0],
							"lerp_mode": "catmullrom"
						}
					}
				},
				"right_leggings": {
					"rotation": {
						"0.0": {
							"post": [0, 0, 0],
							"lerp_mode": "catmullrom"
						},
						"1.0417": {
							"post": [0, 0, -2.5],
							"lerp_mode": "catmullrom"
						},
						"2.6667": {
							"post": [0, 0, 2.5],
							"lerp_mode": "catmullrom"
						},
						"4.0": {
							"post": [0, 0, 0],
							"lerp_mode": "catmullrom"
						}
					}
				}
			}
		}
	}
}