{
	"format_version": "1.12.0",
	"minecraft:geometry": [
		{
			"description": {
				"identifier": "geometry.custom.skin",
				"texture_width": 64,
				"texture_height": 64,
				"visible_bounds_width": 4,
				"visible_bounds_height": 5.5,
				"visible_bounds_offset": [0, 1.25, 0]
			},
			"bones": [
				{
					"name": "Anchor",
					"pivot": [0, 0, 0]
				},
				{
					"name": "Body",
					"parent": "Anchor",
					"pivot": [0, 12, 0]
				},
				{
					"name": "Torso",
					"parent": "Body",
					"pivot": [0, 12, 0],
					"cubes": [
						{
							"origin": [-4, 12, -2],
							"size": [8, 6.001, 4],
							"inflate": -0.001,
							"uv": {
								"north": {"uv": [20, 26], "uv_size": [8, 6]},
								"east": {"uv": [16, 26], "uv_size": [4, 6]},
								"south": {"uv": [32, 26], "uv_size": [8, 6]},
								"west": {"uv": [28, 26], "uv_size": [4, 6]},
								"up": {"uv": [56, 32], "uv_size": [8, 4]},
								"down": {"uv": [36, 20], "uv_size": [-8, -4]}
							}
						}
					]
				},
				{
					"name": "BodyUpper",
					"parent": "Torso",
					"pivot": [0, 18, 0],
					"cubes": [
						{
							"origin": [-4, 18, -2],
							"size": [8, 6, 4],
							"uv": {
								"north": {"uv": [20, 20], "uv_size": [8, 6]},
								"east": {"uv": [16, 20], "uv_size": [4, 6]},
								"south": {"uv": [32, 20], "uv_size": [8, 6]},
								"west": {"uv": [28, 20], "uv_size": [4, 6]},
								"up": {"uv": [20, 16], "uv_size": [8, 4]},
								"down": {"uv": [64, 32], "uv_size": [-8, -4]}
							}
						}
					]
				},
				{
					"name": "JacketUpper",
					"parent": "BodyUpper",
					"pivot": [0, 12, 0],
					"cubes": [
						{
							"origin": [-4, 18.2, -2],
							"size": [8, 6, 4],
							"inflate": 0.25,
							"uv": {
								"north": {"uv": [20, 36], "uv_size": [8, 6]},
								"east": {"uv": [16, 36], "uv_size": [4, 6]},
								"south": {"uv": [32, 36], "uv_size": [8, 6]},
								"west": {"uv": [28, 36], "uv_size": [4, 6]},
								"up": {"uv": [28, 36], "uv_size": [-8, -4]},
								"down": {"uv": [0, 0], "uv_size": [0, 0]}
							}
						}
					]
				},
				{
					"name": "Head",
					"parent": "BodyUpper",
					"pivot": [0, 24, 0],
					"cubes": [
						{
							"origin": [-4, 24, -4],
							"size": [8, 8, 8],
							"uv": {
								"north": {"uv": [8, 8], "uv_size": [8, 8]},
								"east": {"uv": [0, 8], "uv_size": [8, 8]},
								"south": {"uv": [24, 8], "uv_size": [8, 8]},
								"west": {"uv": [16, 8], "uv_size": [8, 8]},
								"up": {"uv": [8, 0], "uv_size": [8, 8]},
								"down": {"uv": [16, 8], "uv_size": [8, -8]}
							}
						},
						{
							"origin": [-4, 24, -4],
							"size": [8, 8, 8],
							"inflate": 0.5,
							"uv": {
								"north": {"uv": [40, 8], "uv_size": [8, 8]},
								"east": {"uv": [32, 8], "uv_size": [8, 8]},
								"south": {"uv": [56, 8], "uv_size": [8, 8]},
								"west": {"uv": [48, 8], "uv_size": [8, 8]},
								"up": {"uv": [40, 0], "uv_size": [8, 8]},
								"down": {"uv": [56, 8], "uv_size": [-8, -8]}
							}
						}
					]
				},
				{
					"name": "LeftArm",
					"parent": "BodyUpper",
					"pivot": [6, 22, 0],
					"cubes": [
						{
							"origin": [4, 18, -2],
							"size": [4, 6, 4],
							"uv": {
								"north": {"uv": [36, 52], "uv_size": [4, 6]},
								"east": {"uv": [32, 52], "uv_size": [4, 6]},
								"south": {"uv": [44, 52], "uv_size": [4, 6]},
								"west": {"uv": [40, 52], "uv_size": [4, 6]},
								"up": {"uv": [36, 48], "uv_size": [4, 4]},
								"down": {"uv": [48, 52], "uv_size": [-4, -4]}
							}
						},
						{
							"origin": [4, 18, -2],
							"size": [4, 6, 4],
							"inflate": 0.25,
							"uv": {
								"north": {"uv": [52, 52], "uv_size": [4, 5]},
								"east": {"uv": [48, 52], "uv_size": [4, 5]},
								"south": {"uv": [60, 52], "uv_size": [4, 5]},
								"west": {"uv": [56, 52], "uv_size": [4, 5]},
								"up": {"uv": [52, 48], "uv_size": [4, 4]},
								"down": {"uv": [64, 52], "uv_size": [-4, -4]}
							}
						}
					]
				},
				{
					"name": "LeftFist",
					"parent": "LeftArm",
					"pivot": [6, 18, 2],
					"cubes": [
						{
							"origin": [4, 12, -2],
							"size": [4, 6.001, 4],
							"inflate": -0.001,
							"uv": {
								"north": {"uv": [36, 58], "uv_size": [4, 6]},
								"east": {"uv": [32, 58], "uv_size": [4, 6]},
								"south": {"uv": [44, 58], "uv_size": [4, 6]},
								"west": {"uv": [40, 58], "uv_size": [4, 6]},
								"up": {"uv": [44, 48], "uv_size": [4, 4]},
								"down": {"uv": [40, 52], "uv_size": [4, -4]}
							}
						},
						{
							"origin": [4, 11.5, -2],
							"size": [4, 6, 4],
							"inflate": 0.25,
							"uv": {
								"north": {"uv": [52, 57], "uv_size": [4, 7]},
								"east": {"uv": [48, 57], "uv_size": [4, 7]},
								"south": {"uv": [60, 57], "uv_size": [4, 7]},
								"west": {"uv": [56, 57], "uv_size": [4, 7]},
								"up": {"uv": [60, 48], "uv_size": [4, 4]},
								"down": {"uv": [56, 52], "uv_size": [4, -4]}
							}
						}
					]
				},
				{
					"name": "RightArm",
					"parent": "BodyUpper",
					"pivot": [-6, 22, 0],
					"cubes": [
						{
							"origin": [-8, 18, -2],
							"size": [4, 6, 4],
							"uv": {
								"north": {"uv": [44, 20], "uv_size": [4, 6]},
								"east": {"uv": [40, 20], "uv_size": [4, 6]},
								"south": {"uv": [52, 20], "uv_size": [4, 6]},
								"west": {"uv": [48, 20], "uv_size": [4, 6]},
								"up": {"uv": [44, 16], "uv_size": [4, 4]},
								"down": {"uv": [56, 20], "uv_size": [-4, -4]}
							}
						},
						{
							"origin": [-8, 18, -2],
							"size": [4, 6, 4],
							"inflate": 0.25,
							"uv": {
								"north": {"uv": [44, 36], "uv_size": [4, 5]},
								"east": {"uv": [40, 36], "uv_size": [4, 5]},
								"south": {"uv": [52, 36], "uv_size": [4, 5]},
								"west": {"uv": [48, 36], "uv_size": [4, 5]},
								"up": {"uv": [44, 32], "uv_size": [4, 4]},
								"down": {"uv": [56, 36], "uv_size": [-4, -4]}
							}
						}
					]
				},
				{
					"name": "RightFist",
					"parent": "RightArm",
					"pivot": [-6, 18, 2],
					"cubes": [
						{
							"origin": [-8, 12, -2],
							"size": [4, 6.001, 4],
							"inflate": -0.001,
							"uv": {
								"north": {"uv": [44, 26], "uv_size": [4, 6]},
								"east": {"uv": [40, 26], "uv_size": [4, 6]},
								"south": {"uv": [52, 26], "uv_size": [4, 6]},
								"west": {"uv": [48, 26], "uv_size": [4, 6]},
								"up": {"uv": [52, 16], "uv_size": [4, 4]},
								"down": {"uv": [48, 20], "uv_size": [4, -4]}
							}
						},
						{
							"origin": [-8, 11.5, -2],
							"size": [4, 6, 4],
							"inflate": 0.25,
							"uv": {
								"north": {"uv": [44, 41], "uv_size": [4, 7]},
								"east": {"uv": [40, 41], "uv_size": [4, 7]},
								"south": {"uv": [52, 41], "uv_size": [4, 7]},
								"west": {"uv": [48, 41], "uv_size": [4, 7]},
								"up": {"uv": [52, 32], "uv_size": [4, 4]},
								"down": {"uv": [48, 36], "uv_size": [4, -4]}
							}
						}
					]
				},
				{
					"name": "JacketLower",
					"parent": "Torso",
					"pivot": [0, 12, 0],
					"cubes": [
						{
							"origin": [-4, 11.75, -2],
							"size": [8, 6, 4],
							"inflate": 0.25,
							"uv": {
								"north": {"uv": [20, 42], "uv_size": [8, 6]},
								"east": {"uv": [16, 42], "uv_size": [4, 6]},
								"south": {"uv": [32, 42], "uv_size": [8, 6]},
								"west": {"uv": [28, 42], "uv_size": [4, 6]},
								"up": {"uv": [0, 0], "uv_size": [0, 0]},
								"down": {"uv": [20, 36], "uv_size": [8, -4]}
							}
						}
					]
				},
				{
					"name": "LeftLeg",
					"parent": "Body",
					"pivot": [1.9, 12, 0],
					"cubes": [
						{
							"origin": [0, 7, -2],
							"size": [3.95, 5, 4],
							"uv": {
								"north": {"uv": [20, 52], "uv_size": [4, 5]},
								"east": {"uv": [16, 52], "uv_size": [4, 5]},
								"south": {"uv": [28, 52], "uv_size": [4, 5]},
								"west": {"uv": [24, 52], "uv_size": [4, 5]},
								"up": {"uv": [20, 48], "uv_size": [4, 4]},
								"down": {"uv": [19, 52], "uv_size": [-3, -4]}
							}
						},
						{
							"origin": [-0.1, 7, -2],
							"size": [4, 5, 3.9],
							"inflate": 0.25,
							"uv": {
								"north": {"uv": [4, 52], "uv_size": [4, 5]},
								"east": {"uv": [0, 52], "uv_size": [4, 5]},
								"south": {"uv": [12, 52], "uv_size": [4, 5]},
								"west": {"uv": [8, 52], "uv_size": [4, 5]},
								"up": {"uv": [4, 48], "uv_size": [4, 4]},
								"down": {"uv": [4, 52], "uv_size": [-4, -4]}
							}
						}
					]
				},
				{
					"name": "LeftLegDown",
					"parent": "LeftLeg",
					"pivot": [1.9, 7, -2],
					"cubes": [
						{
							"origin": [0, 0, -2],
							"size": [3.95, 7.001, 4],
							"inflate": -0.001,
							"uv": {
								"north": {"uv": [20, 57], "uv_size": [4, 7]},
								"east": {"uv": [16, 57], "uv_size": [4, 7]},
								"south": {"uv": [28, 57], "uv_size": [4, 7]},
								"west": {"uv": [24, 57], "uv_size": [4, 7]},
								"up": {"uv": [16, 48], "uv_size": [3, 4]},
								"down": {"uv": [23.994, 51.994], "uv_size": [4, -4]}
							}
						},
						{
							"origin": [-0.1, -0.5, -2],
							"size": [4, 7, 3.9],
							"inflate": 0.25,
							"uv": {
								"north": {"uv": [4, 57], "uv_size": [4, 7]},
								"east": {"uv": [0, 57], "uv_size": [4, 7]},
								"south": {"uv": [12, 57], "uv_size": [4, 7]},
								"west": {"uv": [8, 57], "uv_size": [4, 7]},
								"up": {"uv": [0, 48], "uv_size": [4, 4]},
								"down": {"uv": [8, 52], "uv_size": [4, -4]}
							}
						}
					]
				},
				{
					"name": "RightLeg",
					"parent": "Body",
					"pivot": [-1.9, 12, 0],
					"cubes": [
						{
							"origin": [-3.95, 7, -2],
							"size": [3.95, 5, 4],
							"uv": {
								"north": {"uv": [4, 20], "uv_size": [4, 5]},
								"east": {"uv": [0, 20], "uv_size": [4, 5]},
								"south": {"uv": [12, 20], "uv_size": [4, 5]},
								"west": {"uv": [8, 20], "uv_size": [4, 5]},
								"up": {"uv": [4, 16], "uv_size": [4, 4]},
								"down": {"uv": [3, 20], "uv_size": [-3, -4]}
							}
						},
						{
							"origin": [-3.9, 7, -2],
							"size": [4, 5, 4],
							"inflate": 0.25,
							"uv": {
								"north": {"uv": [4, 36], "uv_size": [4, 5]},
								"east": {"uv": [0, 36], "uv_size": [4, 5]},
								"south": {"uv": [12, 36], "uv_size": [4, 5]},
								"west": {"uv": [8, 36], "uv_size": [4, 5]},
								"up": {"uv": [4, 32], "uv_size": [4, 4]},
								"down": {"uv": [4, 36], "uv_size": [-4, -4]}
							}
						}
					]
				},
				{
					"name": "RightLegDown",
					"parent": "RightLeg",
					"pivot": [-1.9, 7, -2],
					"cubes": [
						{
							"origin": [-3.95, 0, -2],
							"size": [3.95, 7.001, 4],
							"inflate": -0.001,
							"uv": {
								"north": {"uv": [4, 25], "uv_size": [4, 7]},
								"east": {"uv": [0, 25], "uv_size": [4, 7]},
								"south": {"uv": [12, 25], "uv_size": [4, 7]},
								"west": {"uv": [8, 25], "uv_size": [4, 7]},
								"up": {"uv": [0, 16], "uv_size": [3, 4]},
								"down": {"uv": [8, 20], "uv_size": [4, -4]}
							}
						},
						{
							"origin": [-3.9, -0.5, -2],
							"size": [4, 7, 4],
							"inflate": 0.25,
							"uv": {
								"north": {"uv": [4, 41], "uv_size": [4, 7]},
								"east": {"uv": [0, 41], "uv_size": [4, 7]},
								"south": {"uv": [12, 41], "uv_size": [4, 7]},
								"west": {"uv": [8, 41], "uv_size": [4, 7]},
								"up": {"uv": [0, 32], "uv_size": [4, 4]},
								"down": {"uv": [8, 36], "uv_size": [4, -4]}
							}
						}
					]
				}
			]
		}
	]
}