{
    "scheme": "1.3",
    "name": "model.json",
    "texture": [ 64, 32 ],
    "providesObj": true,
    "legacyObj": false,
    "limbs": {
        "anchor": {
            "size": [ 4, 4, 4 ],
            "texture": [ 0, 0 ],
            "anchor": [ 0.5, 0.5, 0.5 ],
            "origin": [ 0.0, 0.0, 0.0 ],
            "specular": 0,
            "opacity": 0.0
        },
        "Camera": {
            "size": [ 4, 4, 4 ],
            "texture": [ 0, 0 ],
            "anchor": [ 0.5, 0.5, 0.5 ],
            "origin": [ -0.010273185, 0.119935036, -0.08435501 ],
            "specular": 0,
            "parent": "anchor",
            "smooth": true
        },
        "Flash": {
            "size": [ 4, 4, 4 ],
            "texture": [ 0, 0 ],
            "anchor": [ 0.5, 0.5, 0.5 ],
            "origin": [ -0.009583512, 0.33542547, -0.043125957 ],
            "specular": 0,
            "parent": "Camera",
            "smooth": true
        }
    },
    "poses": {
        "standing": {
            "size": [ 0.6, 1.8, 0.6 ],
            "limbs": {
                "Camera": {
                    "translate": [ -0.16437095, 1.9189606, 1.3496802 ]
                },
                "Flash": {
                    "translate": [ 0.002914, 3.448, -0.653735 ]
                }
            }
        },
        "flying": {
            "size": [ 0.6, 1.8, 0.6 ],
            "limbs": {
                "Camera": {
                    "translate": [ -0.16437095, 1.9189606, 1.3496802 ]
                },
                "Flash": {
                    "translate": [ -0.1533362, 5.3668075, 0.6900153 ]
                }
            }
        },
        "sneaking": {
            "size": [ 0.6, 1.8, 0.6 ],
            "limbs": {
                "Camera": {
                    "translate": [ -0.16437095, 1.9189606, 1.3496802 ]
                },
                "Flash": {
                    "translate": [ -0.1533362, 5.3668075, 0.6900153 ]
                }
            }
        },
        "sleeping": {
            "size": [ 0.6, 1.8, 0.6 ],
            "limbs": {
                "Camera": {
                    "translate": [ -0.16437095, 1.9189606, 1.3496802 ]
                },
                "Flash": {
                    "translate": [ -0.1533362, 5.3668075, 0.6900153 ]
                }
            }
        }
    }
}