{
	"format_version": "1.8.0",
	"animations": {
		"running": {
			"loop": true,
			"animation_length": 1,
			"bones": {
				"right_leg": {
					"rotation": {
						"vector": ["math.cos(query.anim_time * 720) * 50", 0, 0]
					},
					"position": {
						"vector": [0, 0, 0]
					}
				},
				"left_leg": {
					"rotation": {
						"vector": ["-math.cos(query.anim_time * 720) * 60", 0, 0]
					},
					"position": {
						"vector": [0, 0, 0]
					}
				},
				"head": {
					"rotation": {
						"vector": ["query.head_pitch", "query.head_yaw", 0]
					},
					"position": {
						"vector": [0, 0, 0]
					}
				},
				"left_arm": {
					"rotation": {
						"vector": ["math.cos(query.anim_time * 720) * 45", 0, 0]
					}
				},
				"right_arm": {
					"rotation": {
						"vector": ["-math.cos(query.anim_time * 720) * 45", 0, 0]
					}
				},
				"body": {
					"rotation": {
						"vector": [0, 0, 0]
					},
					"position": {
						"vector": [0, 0, 0]
					}
				}
			}
		},
		"idle": {
			"loop": true,
			"bones": {
				"head": {
					"rotation": {
						"vector": ["query.head_pitch", "query.head_yaw", 0]
					},
					"position": {
						"vector": [0, 0, 0]
					}
				},
				"left_arm": {
					"rotation": {
						"vector": ["math.cos(query.anim_time * 135) * 2", 0, "math.sin(query.anim_time * 135) * 2"]
					}
				},
				"right_arm": {
					"rotation": {
						"vector": ["-math.cos(query.anim_time * 135) * 2", 0, "-math.sin(query.anim_time * 135) * 2"]
					}
				},
				"body": {
					"rotation": {
						"vector": [0, 0, 0]
					},
					"position": {
						"vector": [0, 0, 0]
					}
				},
				"right_leg": {
					"rotation": {
						"vector": [0, 0, 0]
					},
					"position": {
						"vector": [0, 0, 0]
					}
				},
				"left_leg": {
					"rotation": {
						"vector": [0, 0, 0]
					},
					"position": {
						"vector": [0, 0, 0]
					}
				}
			}
		},
		"swipe": {
			"animation_length": 0.3,
			"bones": {
				"left_arm": {
					"rotation": {
						"0.0": {
							"vector": [0, 0, 0]
						},
						"0.1": {
							"vector": [-138.75, 33.75, 0],
							"easing": "easeOutCirc"
						},
						"0.2": {
							"vector": [-87.5, -27.5, 0],
							"easing": "easeInQuad"
						},
						"0.3": {
							"vector": [0, 0, 0]
						}
					}
				},
				"right_arm": {
					"rotation": {
						"0.0": {
							"vector": [0, 0, 0]
						},
						"0.1": {
							"vector": [15, 0, 0],
							"easing": "easeOutSine"
						},
						"0.2": {
							"vector": [-15, 0, 0],
							"easing": "easeInSine"
						},
						"0.3": {
							"vector": [0, 0, 0],
							"easing": "easeInSine"
						}
					}
				},
				"torso": {
					"rotation": {
						"0.0": {
							"vector": [0, 0, 0]
						},
						"0.1": {
							"vector": [0, 15, 0],
							"easing": "easeInOutSine"
						},
						"0.2": {
							"vector": [0, -15, 0],
							"easing": "easeInOutSine"
						},
						"0.3": {
							"vector": [0, 0, 0],
							"easing": "easeInOutSine"
						}
					}
				}
			}
		},
		"crouching_idle": {
			"loop": true,
			"bones": {
				"body": {
					"rotation": {
						"vector": [28.64, 0, 0]
					},
					"position": {
						"vector": [0, -3.5, 0]
					}
				},
				"right_leg": {
					"rotation": {
						"vector": [-28.64, 0, 0]
					},
					"position": {
						"vector": [0, 2.4, -0.8]
					}
				},
				"left_leg": {
					"rotation": {
						"vector": [-28.64, 0, 0]
					},
					"position": {
						"vector": [0, 2.4, -0.8]
					}
				},
				"head": {
					"rotation": {
						"vector": ["query.head_pitch", "query.head_yaw", 0]
					},
					"position": {
						"vector": [0, -3.5, 0]
					}
				},
				"left_arm": {
					"rotation": {
						"vector": ["-5.74 + math.cos(query.anim_time * 135) * 2", 0, "math.sin(query.anim_time * 135) * 2"]
					}
				},
				"right_arm": {
					"rotation": {
						"vector": ["-5.74 - math.cos(query.anim_time * 135) * 2", 0, "-math.sin(query.anim_time * 135) * 2"]
					}
				}
			}
		},
		"crouching": {
			"loop": true,
			"animation_length": 2,
			"bones": {
				"body": {
					"rotation": {
						"vector": [28.64, 0, 0]
					},
					"position": {
						"vector": [0, -3.5, 0]
					}
				},
				"right_leg": {
					"rotation": {
						"vector": ["-28.64 + math.cos(query.anim_time * 180) * 25", 0, 0]
					},
					"position": {
						"vector": [0, 2.4, -0.8]
					}
				},
				"left_leg": {
					"rotation": {
						"vector": ["-28.64 - math.cos(query.anim_time * 180) * 25", 0, 0]
					},
					"position": {
						"vector": [0, 2.4, -0.8]
					}
				},
				"head": {
					"rotation": {
						"vector": ["query.head_pitch", "query.head_yaw", 0]
					},
					"position": {
						"vector": [0, -3.5, 0]
					}
				},
				"left_arm": {
					"rotation": {
						"vector": ["-5.74 + math.cos(query.anim_time * 180) * 25", 0, 0]
					}
				},
				"right_arm": {
					"rotation": {
						"vector": ["-5.74 - math.cos(query.anim_time * 180) * 25", 0, 0]
					}
				}
			}
		}
	},
	"geckolib_format_version": 2
}