{
	"format_version": "1.8.0",
	"animations": {
		"animation.gojidraw_upgrade_astro_detainer.looking": {
			"loop": true,
			"animation_length": 3,
			"bones": {
				"Root": {
					"rotation": {
						"vector": ["query.target_x_rotation * 0.3", "query.target_y_rotation * 0.2", 0]
					},
					"position": {
						"0.0": {
							"vector": [-1, 0, 0]
						},
						"0.25": {
							"vector": [-0.89, 0, 0]
						},
						"1.5": {
							"vector": [1, 0, 0]
						},
						"1.75": {
							"vector": [0.89, 0, 0]
						},
						"3.0": {
							"vector": [-1, 0, 0]
						}
					}
				},
				"Head": {
					"rotation": {
						"vector": ["query.target_x_rotation * 0.3", "query.target_y_rotation * 0.2", 0]
					}
				},
				"Circle": {
					"position": {
						"vector": [0, -8, 0]
					},
					"scale": {
						"vector": [1, 0.6, 1]
					}
				},
				"Y": {
					"position": {
						"vector": [0, 1, 0]
					},
					"scale": {
						"vector": [1, 0.4, 2]
					}
				},
				"Y2": {
					"position": {
						"vector": [0, 1, 0]
					},
					"scale": {
						"vector": [1, 0.4, 2]
					}
				},
				"Y3": {
					"position": {
						"vector": [0, 1, 0]
					},
					"scale": {
						"vector": [1, 0.4, 2]
					}
				},
				"saw2": {
					"rotation": {
						"0.0": {
							"vector": [0, 0, 0]
						},
						"3.0": {
							"vector": [0, 0, 1440]
						}
					}
				},
				"saw4": {
					"rotation": {
						"0.0": {
							"vector": [0, 0, 0]
						},
						"3.0": {
							"vector": [0, 0, 1440]
						}
					}
				},
				"saw5": {
					"rotation": {
						"0.0": {
							"vector": [0, 0, 0]
						},
						"3.0": {
							"vector": [0, 0, 1440]
						}
					}
				},
				"saw3": {
					"rotation": {
						"0.0": {
							"vector": [0, 0, 0]
						},
						"3.0": {
							"vector": [0, 0, 1440]
						}
					}
				}
			}
		},
		"animation.gojidraw_g_clone_buzzsaw.attack": {
			"animation_length": 1.4583,
			"bones": {
				"Toilet": {
					"rotation": {
						"0.0": {
							"post": {
								"vector": [0, 0, 0]
							},
							"lerp_mode": "catmullrom"
						},
						"0.3333": {
							"post": {
								"vector": [-5, 0, 0]
							},
							"lerp_mode": "catmullrom"
						},
						"0.5833": {
							"post": {
								"vector": [-7.5, 0, 0]
							},
							"lerp_mode": "catmullrom"
						},
						"0.75": {
							"post": {
								"vector": [12.5, 0, 0]
							},
							"lerp_mode": "catmullrom"
						},
						"1.0": {
							"post": {
								"vector": [10, 0, 0]
							},
							"lerp_mode": "catmullrom"
						},
						"1.4583": {
							"post": {
								"vector": [0, 0, 0]
							},
							"lerp_mode": "catmullrom"
						}
					},
					"position": {
						"0.0": {
							"post": {
								"vector": [0, 0, 0]
							},
							"lerp_mode": "catmullrom"
						},
						"0.3333": {
							"post": {
								"vector": [0, 3, 10]
							},
							"lerp_mode": "catmullrom"
						},
						"0.5833": {
							"post": {
								"vector": [0, 3, 8]
							},
							"lerp_mode": "catmullrom"
						},
						"0.75": {
							"post": {
								"vector": [0, 3, 2]
							},
							"lerp_mode": "catmullrom"
						},
						"1.0": {
							"post": {
								"vector": [0, 3, -1]
							},
							"lerp_mode": "catmullrom"
						},
						"1.4583": {
							"post": {
								"vector": [0, 0, 0]
							},
							"lerp_mode": "catmullrom"
						}
					}
				},
				"Rightarm": {
					"rotation": {
						"0.0": {
							"post": {
								"vector": [0, 0, 0]
							},
							"lerp_mode": "catmullrom"
						},
						"0.3333": {
							"post": {
								"vector": [-52.5, 0, 0]
							},
							"lerp_mode": "catmullrom"
						},
						"0.5833": {
							"post": {
								"vector": [-62.40276, 1.00963, -2.3638]
							},
							"lerp_mode": "catmullrom"
						},
						"0.75": {
							"post": {
								"vector": [2.5, 0, 0]
							},
							"lerp_mode": "catmullrom"
						},
						"1.0": {
							"post": {
								"vector": [19.98861, -0.14546, 0.1857]
							},
							"lerp_mode": "catmullrom"
						},
						"1.4583": {
							"post": {
								"vector": [0, 0, 0]
							},
							"lerp_mode": "catmullrom"
						}
					},
					"position": {
						"vector": [0, 0, 0]
					}
				},
				"D4": {
					"rotation": {
						"0.0": {
							"post": {
								"vector": [0, 0, 0]
							},
							"lerp_mode": "catmullrom"
						},
						"0.3333": {
							"post": {
								"vector": [84.2734, -41.6574, 82.96841]
							},
							"lerp_mode": "catmullrom"
						},
						"0.5833": {
							"post": {
								"vector": [77.92793, -16.9123, 75.67919]
							},
							"lerp_mode": "catmullrom"
						},
						"0.75": {
							"post": {
								"vector": [84.72616, -46.63444, 83.6273]
							},
							"lerp_mode": "catmullrom"
						},
						"1.0": {
							"post": {
								"vector": [76.22648, -14.47533, 73.88862]
							},
							"lerp_mode": "catmullrom"
						},
						"1.4583": {
							"post": {
								"vector": [0, 0, 0]
							},
							"lerp_mode": "catmullrom"
						}
					}
				},
				"Rightarm2": {
					"rotation": {
						"0.0": {
							"post": {
								"vector": [0, 0, 0]
							},
							"lerp_mode": "catmullrom"
						},
						"0.3333": {
							"post": {
								"vector": [-52.5, 0, 0]
							},
							"lerp_mode": "catmullrom"
						},
						"0.5833": {
							"post": {
								"vector": [-62.40276, 1.00963, -2.3638]
							},
							"lerp_mode": "catmullrom"
						},
						"0.75": {
							"post": {
								"vector": [2.5, 0, 0]
							},
							"lerp_mode": "catmullrom"
						},
						"1.0": {
							"post": {
								"vector": [19.98861, -0.14546, 0.1857]
							},
							"lerp_mode": "catmullrom"
						},
						"1.4583": {
							"post": {
								"vector": [0, 0, 0]
							},
							"lerp_mode": "catmullrom"
						}
					},
					"position": {
						"vector": [0, 0, 0]
					}
				},
				"D3": {
					"rotation": {
						"0.0": {
							"post": {
								"vector": [0, 0, 0]
							},
							"lerp_mode": "catmullrom"
						},
						"0.3333": {
							"post": {
								"vector": [84.2734, -41.6574, 82.96841]
							},
							"lerp_mode": "catmullrom"
						},
						"0.5833": {
							"post": {
								"vector": [77.92793, -16.9123, 75.67919]
							},
							"lerp_mode": "catmullrom"
						},
						"0.75": {
							"post": {
								"vector": [84.72616, -46.63444, 83.6273]
							},
							"lerp_mode": "catmullrom"
						},
						"1.0": {
							"post": {
								"vector": [76.22648, -14.47533, 73.88862]
							},
							"lerp_mode": "catmullrom"
						},
						"1.4583": {
							"post": {
								"vector": [0, 0, 0]
							},
							"lerp_mode": "catmullrom"
						}
					}
				},
				"Leftarm2": {
					"rotation": {
						"0.0": {
							"post": {
								"vector": [0, 0, 0]
							},
							"lerp_mode": "catmullrom"
						},
						"0.3333": {
							"post": {
								"vector": [-52.5, 0, 0]
							},
							"lerp_mode": "catmullrom"
						},
						"0.5833": {
							"post": {
								"vector": [-62.40276, -1.00963, 2.3638]
							},
							"lerp_mode": "catmullrom"
						},
						"0.75": {
							"post": {
								"vector": [2.5, 0, 0]
							},
							"lerp_mode": "catmullrom"
						},
						"1.0": {
							"post": {
								"vector": [19.98861, 0.14546, -0.1857]
							},
							"lerp_mode": "catmullrom"
						},
						"1.4583": {
							"post": {
								"vector": [0, 0, 0]
							},
							"lerp_mode": "catmullrom"
						}
					},
					"position": {
						"vector": [0, 0, 0]
					}
				},
				"D5": {
					"rotation": {
						"0.0": {
							"post": {
								"vector": [0, 0, 0]
							},
							"lerp_mode": "catmullrom"
						},
						"0.3333": {
							"post": {
								"vector": [84.2734, 41.6574, -82.96841]
							},
							"lerp_mode": "catmullrom"
						},
						"0.5833": {
							"post": {
								"vector": [77.92793, 16.9123, -75.67919]
							},
							"lerp_mode": "catmullrom"
						},
						"0.75": {
							"post": {
								"vector": [84.72616, 46.63444, -83.6273]
							},
							"lerp_mode": "catmullrom"
						},
						"1.0": {
							"post": {
								"vector": [76.22648, 14.47533, -73.88862]
							},
							"lerp_mode": "catmullrom"
						},
						"1.4583": {
							"post": {
								"vector": [0, 0, 0]
							},
							"lerp_mode": "catmullrom"
						}
					}
				},
				"Leftarm": {
					"rotation": {
						"0.0": {
							"post": {
								"vector": [0, 0, 0]
							},
							"lerp_mode": "catmullrom"
						},
						"0.3333": {
							"post": {
								"vector": [-52.5, 0, 0]
							},
							"lerp_mode": "catmullrom"
						},
						"0.5833": {
							"post": {
								"vector": [-62.40276, -1.00963, 2.3638]
							},
							"lerp_mode": "catmullrom"
						},
						"0.75": {
							"post": {
								"vector": [2.5, 0, 0]
							},
							"lerp_mode": "catmullrom"
						},
						"1.0": {
							"post": {
								"vector": [19.98861, 0.14546, -0.1857]
							},
							"lerp_mode": "catmullrom"
						},
						"1.4583": {
							"post": {
								"vector": [0, 0, 0]
							},
							"lerp_mode": "catmullrom"
						}
					},
					"position": {
						"vector": [0, 0, 0]
					}
				},
				"D2": {
					"rotation": {
						"0.0": {
							"post": {
								"vector": [0, 0, 0]
							},
							"lerp_mode": "catmullrom"
						},
						"0.3333": {
							"post": {
								"vector": [84.2734, 41.6574, -82.96841]
							},
							"lerp_mode": "catmullrom"
						},
						"0.5833": {
							"post": {
								"vector": [77.92793, 16.9123, -75.67919]
							},
							"lerp_mode": "catmullrom"
						},
						"0.75": {
							"post": {
								"vector": [84.72616, 46.63444, -83.6273]
							},
							"lerp_mode": "catmullrom"
						},
						"1.0": {
							"post": {
								"vector": [76.22648, 14.47533, -73.88862]
							},
							"lerp_mode": "catmullrom"
						},
						"1.4583": {
							"post": {
								"vector": [0, 0, 0]
							},
							"lerp_mode": "catmullrom"
						}
					}
				},
				"Head": {
					"rotation": {
						"0.0": {
							"post": {
								"vector": [0, 0, 0]
							},
							"lerp_mode": "catmullrom"
						},
						"0.3333": {
							"post": {
								"vector": [-5, 0, 0]
							},
							"lerp_mode": "catmullrom"
						},
						"0.5833": {
							"post": {
								"vector": [-7.5, 0, 0]
							},
							"lerp_mode": "catmullrom"
						},
						"0.75": {
							"post": {
								"vector": [12.5, 0, 0]
							},
							"lerp_mode": "catmullrom"
						},
						"1.0": {
							"post": {
								"vector": [10, 0, 0]
							},
							"lerp_mode": "catmullrom"
						},
						"1.4583": {
							"post": {
								"vector": [0, 0, 0]
							},
							"lerp_mode": "catmullrom"
						}
					}
				},
				"saw2": {
					"rotation": {
						"0.0": {
							"vector": [0, 0, 0]
						},
						"1.4583": {
							"vector": [0, 0, 720]
						}
					}
				},
				"saw4": {
					"rotation": {
						"0.0": {
							"vector": [0, 0, 0]
						},
						"1.4583": {
							"vector": [0, 0, 720]
						}
					}
				},
				"saw5": {
					"rotation": {
						"0.0": {
							"vector": [0, 0, 0]
						},
						"1.4583": {
							"vector": [0, 0, 720]
						}
					}
				},
				"saw3": {
					"rotation": {
						"0.0": {
							"vector": [0, 0, 0]
						},
						"1.4583": {
							"vector": [0, 0, 720]
						}
					}
				}
			}
		},
		"animation.gojidraw_g_clone_buzzsaw.saw": {
			"loop": true,
			"animation_length": 4,
			"bones": {
				"Rightarm": {
					"rotation": {
						"0.0": {
							"post": {
								"vector": [0, 0, -17.5]
							},
							"lerp_mode": "catmullrom"
						},
						"2.0": {
							"post": {
								"vector": [0, 0, -27.5]
							},
							"lerp_mode": "catmullrom"
						},
						"4.0": {
							"post": {
								"vector": [0, 0, -17.5]
							},
							"lerp_mode": "catmullrom"
						}
					},
					"position": {
						"vector": [0, 0, 0]
					},
					"scale": {
						"vector": [1.3, 1.3, 1.3]
					}
				},
				"D4": {
					"rotation": {
						"0.0": {
							"post": {
								"vector": [10, 0, 0]
							},
							"lerp_mode": "catmullrom"
						},
						"2.0": {
							"post": {
								"vector": [105.13849, -0.37529, 85.28697]
							},
							"lerp_mode": "catmullrom"
						},
						"4.0": {
							"post": {
								"vector": [10, 0, 0]
							},
							"lerp_mode": "catmullrom"
						}
					}
				},
				"saw2": {
					"rotation": {
						"0.0": {
							"vector": [0, 0, 0]
						},
						"4.0": {
							"vector": [0, 0, 4320]
						}
					}
				},
				"Rightarm2": {
					"rotation": {
						"0.0": {
							"post": {
								"vector": [0, 0, 0]
							},
							"lerp_mode": "catmullrom"
						},
						"2.0": {
							"post": {
								"vector": [0, 0, -7.5]
							},
							"lerp_mode": "catmullrom"
						},
						"4.0": {
							"post": {
								"vector": [0, 0, 0]
							},
							"lerp_mode": "catmullrom"
						}
					},
					"position": {
						"vector": [0, 0, 0]
					},
					"scale": {
						"vector": [1.3, 1.3, 1.3]
					}
				},
				"D3": {
					"rotation": {
						"0.0": {
							"post": {
								"vector": [2.5, 0, 0]
							},
							"lerp_mode": "catmullrom"
						},
						"2.0833": {
							"post": {
								"vector": [-5, 0, 0]
							},
							"lerp_mode": "catmullrom"
						},
						"4.0": {
							"post": {
								"vector": [2.5, 0, 0]
							},
							"lerp_mode": "catmullrom"
						}
					}
				},
				"saw4": {
					"rotation": {
						"0.0": {
							"vector": [0, 0, 0]
						},
						"4.0": {
							"vector": [0, 0, 4320]
						}
					}
				},
				"Leftarm2": {
					"rotation": {
						"0.0": {
							"post": {
								"vector": [0, 0, 0]
							},
							"lerp_mode": "catmullrom"
						},
						"2.0": {
							"post": {
								"vector": [0, 0, 7.5]
							},
							"lerp_mode": "catmullrom"
						},
						"4.0": {
							"post": {
								"vector": [0, 0, 0]
							},
							"lerp_mode": "catmullrom"
						}
					},
					"position": {
						"vector": [0, 0, 0]
					},
					"scale": {
						"vector": [1.3, 1.3, 1.3]
					}
				},
				"D5": {
					"rotation": {
						"0.0": {
							"post": {
								"vector": [2.5, 0, 0]
							},
							"lerp_mode": "catmullrom"
						},
						"2.0833": {
							"post": {
								"vector": [-5, 0, 0]
							},
							"lerp_mode": "catmullrom"
						},
						"4.0": {
							"post": {
								"vector": [2.5, 0, 0]
							},
							"lerp_mode": "catmullrom"
						}
					}
				},
				"saw5": {
					"rotation": {
						"0.0": {
							"vector": [0, 0, 0]
						},
						"4.0": {
							"vector": [0, 0, 4320]
						}
					}
				},
				"Leftarm": {
					"rotation": {
						"0.0": {
							"post": {
								"vector": [0, 0, 17.5]
							},
							"lerp_mode": "catmullrom"
						},
						"2.0": {
							"post": {
								"vector": [0, 0, 22.5]
							},
							"lerp_mode": "catmullrom"
						},
						"4.0": {
							"post": {
								"vector": [0, 0, 17.5]
							},
							"lerp_mode": "catmullrom"
						}
					},
					"position": {
						"vector": [0, 0, 0]
					},
					"scale": {
						"vector": [1.3, 1.3, 1.3]
					}
				},
				"D2": {
					"rotation": {
						"0.0": {
							"post": {
								"vector": [10, 0, 0]
							},
							"lerp_mode": "catmullrom"
						},
						"2.0": {
							"post": {
								"vector": [105.13849, 0.37529, -85.28697]
							},
							"lerp_mode": "catmullrom"
						},
						"4.0": {
							"post": {
								"vector": [10, 0, 0]
							},
							"lerp_mode": "catmullrom"
						}
					}
				},
				"saw3": {
					"rotation": {
						"0.0": {
							"vector": [0, 0, 0]
						},
						"4.0": {
							"vector": [0, 0, 4320]
						}
					}
				}
			}
		},
		"animation.gojidraw_g_toilet.calm": {
			"loop": true,
			"animation_length": 8.1667,
			"bones": {
				"Head": {
					"rotation": {
						"0.0": {
							"post": {
								"vector": [0, 0, 0]
							},
							"lerp_mode": "catmullrom"
						},
						"0.5": {
							"post": {
								"vector": [0, 0, 0]
							},
							"lerp_mode": "catmullrom"
						},
						"0.75": {
							"post": {
								"vector": [0, 15, 0]
							},
							"lerp_mode": "catmullrom"
						},
						"1.0": {
							"post": {
								"vector": [0, -7.5, 0]
							},
							"lerp_mode": "catmullrom"
						},
						"1.25": {
							"post": {
								"vector": [0, 10, 0]
							},
							"lerp_mode": "catmullrom"
						},
						"1.5": {
							"post": {
								"vector": [0, 0, 0]
							},
							"lerp_mode": "catmullrom"
						},
						"2.5417": {
							"vector": [0, -0.04, 0]
						},
						"2.6667": {
							"vector": [0, 0, 0]
						},
						"3.125": {
							"pre": {
								"vector": [0, 0, -360]
							},
							"post": {
								"vector": [0, 0, -360]
							},
							"lerp_mode": "catmullrom"
						},
						"3.25": {
							"vector": [0, 0, -360]
						},
						"3.2917": {
							"vector": [0, 12.5, -360]
						},
						"3.375": {
							"vector": [0, 0, -360]
						},
						"3.5833": {
							"vector": [0, 0, -360]
						},
						"3.6667": {
							"vector": [0, 0, -360]
						},
						"3.7083": {
							"vector": [0, -12.5, -360]
						},
						"3.8333": {
							"vector": [0, 0, -360]
						},
						"4.0": {
							"vector": [0, 0, -360]
						},
						"4.0417": {"pre": {"vector": [0, 0, -360]}, "post": {"vector": [0, 0, 0]}},
						"4.5417": {
							"pre": {
								"vector": [0, 0, 0]
							},
							"post": {
								"vector": [0, 0, 0]
							},
							"lerp_mode": "catmullrom"
						},
						"4.7917": {
							"post": {
								"vector": [0, 15, 0]
							},
							"lerp_mode": "catmullrom"
						},
						"5.0417": {
							"post": {
								"vector": [0, -7.5, 0]
							},
							"lerp_mode": "catmullrom"
						},
						"5.2917": {
							"post": {
								"vector": [0, 10, 0]
							},
							"lerp_mode": "catmullrom"
						},
						"5.5417": {
							"post": {
								"vector": [0, 0, 0]
							},
							"lerp_mode": "catmullrom"
						},
						"6.5833": {
							"vector": [0, -0.04, 0]
						},
						"6.7083": {
							"vector": [0, 0, 0]
						},
						"7.1667": {
							"pre": {
								"vector": [0, 0, -360]
							},
							"post": {
								"vector": [0, 0, -360]
							},
							"lerp_mode": "catmullrom"
						},
						"7.2917": {
							"vector": [0, 0, -360]
						},
						"7.3333": {
							"vector": [0, 12.5, -360]
						},
						"7.4167": {
							"vector": [0, 0, -360]
						},
						"7.625": {
							"vector": [0, 0, -360]
						},
						"7.7083": {
							"vector": [0, 0, -360]
						},
						"7.75": {
							"vector": [0, -12.5, -360]
						},
						"7.875": {
							"vector": [0, 0, -360]
						},
						"8.0417": {
							"vector": [0, 0, -360]
						},
						"8.0833": {
							"vector": [0, 0, -360]
						},
						"8.1667": {"pre": {"vector": [0, 0, -360]}, "post": {"vector": [0, 0, 0]}}
					},
					"position": {
						"0.0": {
							"post": {
								"vector": [0, 0, 0]
							},
							"lerp_mode": "catmullrom"
						},
						"0.5": {
							"post": {
								"vector": [0, 0, 0]
							},
							"lerp_mode": "catmullrom"
						},
						"1.5": {
							"post": {
								"vector": [0, 0, 0]
							},
							"lerp_mode": "catmullrom"
						},
						"2.5417": {
							"post": {
								"vector": [0, 0, 0]
							},
							"lerp_mode": "catmullrom"
						},
						"2.6667": {
							"post": {
								"vector": [0, 0, 0]
							},
							"lerp_mode": "catmullrom"
						},
						"3.125": {
							"post": {
								"vector": [0, 0, 0]
							},
							"lerp_mode": "catmullrom"
						},
						"3.25": {
							"post": {
								"vector": [0, 0, 0]
							},
							"lerp_mode": "catmullrom"
						},
						"3.2917": {
							"post": {
								"vector": [0, 1, 0]
							},
							"lerp_mode": "catmullrom"
						},
						"3.5417": {
							"post": {
								"vector": [0, 1, 0]
							},
							"lerp_mode": "catmullrom"
						},
						"3.5833": {
							"post": {
								"vector": [0, 0, 0]
							},
							"lerp_mode": "catmullrom"
						},
						"3.6667": {
							"post": {
								"vector": [0, 0, 0]
							},
							"lerp_mode": "catmullrom"
						},
						"3.7083": {
							"post": {
								"vector": [0, 1, 0]
							},
							"lerp_mode": "catmullrom"
						},
						"3.9583": {
							"post": {
								"vector": [0, 1, 0]
							},
							"lerp_mode": "catmullrom"
						},
						"4.0": {
							"post": {
								"vector": [0, 0, 0]
							},
							"lerp_mode": "catmullrom"
						},
						"4.0417": {
							"post": {
								"vector": [0, 0, 0]
							},
							"lerp_mode": "catmullrom"
						},
						"4.5417": {
							"post": {
								"vector": [0, 0, 0]
							},
							"lerp_mode": "catmullrom"
						},
						"5.5417": {
							"post": {
								"vector": [0, 0, 0]
							},
							"lerp_mode": "catmullrom"
						},
						"6.5833": {
							"post": {
								"vector": [0, 0, 0]
							},
							"lerp_mode": "catmullrom"
						},
						"6.7083": {
							"post": {
								"vector": [0, 0, 0]
							},
							"lerp_mode": "catmullrom"
						},
						"7.1667": {
							"post": {
								"vector": [0, 0, 0]
							},
							"lerp_mode": "catmullrom"
						},
						"7.2917": {
							"post": {
								"vector": [0, 0, 0]
							},
							"lerp_mode": "catmullrom"
						},
						"7.3333": {
							"post": {
								"vector": [0, 1, 0]
							},
							"lerp_mode": "catmullrom"
						},
						"7.5833": {
							"post": {
								"vector": [0, 1, 0]
							},
							"lerp_mode": "catmullrom"
						},
						"7.625": {
							"post": {
								"vector": [0, 0, 0]
							},
							"lerp_mode": "catmullrom"
						},
						"7.7083": {
							"post": {
								"vector": [0, 0, 0]
							},
							"lerp_mode": "catmullrom"
						},
						"7.75": {
							"post": {
								"vector": [0, 1, 0]
							},
							"lerp_mode": "catmullrom"
						},
						"8.0": {
							"post": {
								"vector": [0, 1, 0]
							},
							"lerp_mode": "catmullrom"
						},
						"8.0417": {
							"post": {
								"vector": [0, 0, 0]
							},
							"lerp_mode": "catmullrom"
						},
						"8.0833": {
							"post": {
								"vector": [0, 0, 0]
							},
							"lerp_mode": "catmullrom"
						},
						"8.1667": {
							"post": {
								"vector": [0, 0, 0]
							},
							"lerp_mode": "catmullrom"
						}
					}
				},
				"M2": {
					"rotation": {
						"0.0": {
							"post": {
								"vector": [0, 0, 0]
							},
							"lerp_mode": "catmullrom"
						},
						"0.25": {
							"post": {
								"vector": [0, 0, 0]
							},
							"lerp_mode": "catmullrom"
						},
						"0.375": {
							"post": {
								"vector": [0, 0, 0]
							},
							"lerp_mode": "catmullrom"
						},
						"0.5": {
							"post": {
								"vector": [0, 0, 0]
							},
							"lerp_mode": "catmullrom"
						},
						"0.6667": {
							"post": {
								"vector": [0, 0, 0]
							},
							"lerp_mode": "catmullrom"
						},
						"0.7917": {
							"post": {
								"vector": [0, 0, 0]
							},
							"lerp_mode": "catmullrom"
						},
						"0.9167": {
							"post": {
								"vector": [0, 0, 0]
							},
							"lerp_mode": "catmullrom"
						},
						"1.0417": {
							"post": {
								"vector": [0, 0, 0]
							},
							"lerp_mode": "catmullrom"
						},
						"1.1667": {
							"post": {
								"vector": [0, 0, 0]
							},
							"lerp_mode": "catmullrom"
						},
						"1.2917": {
							"post": {
								"vector": [0, 0, 0]
							},
							"lerp_mode": "catmullrom"
						},
						"1.4167": {
							"post": {
								"vector": [0, 0, 0]
							},
							"lerp_mode": "catmullrom"
						},
						"1.5417": {
							"post": {
								"vector": [0, 0, 0]
							},
							"lerp_mode": "catmullrom"
						},
						"1.625": {
							"post": {
								"vector": [0, 0, 0]
							},
							"lerp_mode": "catmullrom"
						},
						"1.75": {
							"post": {
								"vector": [0, 0, 0]
							},
							"lerp_mode": "catmullrom"
						},
						"1.8333": {
							"post": {
								"vector": [0, 0, 0]
							},
							"lerp_mode": "catmullrom"
						},
						"1.9583": {
							"post": {
								"vector": [0, 0, 0]
							},
							"lerp_mode": "catmullrom"
						},
						"2.2083": {
							"post": {
								"vector": [0, 0, 0]
							},
							"lerp_mode": "catmullrom"
						},
						"2.3333": {
							"post": {
								"vector": [0, 0, 0]
							},
							"lerp_mode": "catmullrom"
						},
						"2.4583": {
							"post": {
								"vector": [0, 0, 0]
							},
							"lerp_mode": "catmullrom"
						},
						"2.625": {
							"post": {
								"vector": [0, 0, 0]
							},
							"lerp_mode": "catmullrom"
						},
						"2.75": {
							"post": {
								"vector": [0, 0, 0]
							},
							"lerp_mode": "catmullrom"
						},
						"2.875": {
							"post": {
								"vector": [0, 0, 0]
							},
							"lerp_mode": "catmullrom"
						},
						"3.0": {
							"post": {
								"vector": [0, 0, 0]
							},
							"lerp_mode": "catmullrom"
						},
						"3.125": {
							"post": {
								"vector": [0, 0, 0]
							},
							"lerp_mode": "catmullrom"
						},
						"3.25": {
							"post": {
								"vector": [0, 0, 0]
							},
							"lerp_mode": "catmullrom"
						},
						"4.0833": {
							"post": {
								"vector": [0, 0, 0]
							},
							"lerp_mode": "catmullrom"
						},
						"4.3333": {
							"post": {
								"vector": [0, 0, 0]
							},
							"lerp_mode": "catmullrom"
						},
						"4.4583": {
							"post": {
								"vector": [0, 0, 0]
							},
							"lerp_mode": "catmullrom"
						},
						"4.5833": {
							"post": {
								"vector": [0, 0, 0]
							},
							"lerp_mode": "catmullrom"
						},
						"4.75": {
							"post": {
								"vector": [0, 0, 0]
							},
							"lerp_mode": "catmullrom"
						},
						"4.875": {
							"post": {
								"vector": [0, 0, 0]
							},
							"lerp_mode": "catmullrom"
						},
						"5.0": {
							"post": {
								"vector": [0, 0, 0]
							},
							"lerp_mode": "catmullrom"
						},
						"5.125": {
							"post": {
								"vector": [0, 0, 0]
							},
							"lerp_mode": "catmullrom"
						},
						"5.25": {
							"post": {
								"vector": [0, 0, 0]
							},
							"lerp_mode": "catmullrom"
						},
						"5.375": {
							"post": {
								"vector": [0, 0, 0]
							},
							"lerp_mode": "catmullrom"
						},
						"5.5": {
							"post": {
								"vector": [0, 0, 0]
							},
							"lerp_mode": "catmullrom"
						},
						"5.625": {
							"post": {
								"vector": [0, 0, 0]
							},
							"lerp_mode": "catmullrom"
						},
						"5.7083": {
							"post": {
								"vector": [0, 0, 0]
							},
							"lerp_mode": "catmullrom"
						},
						"5.8333": {
							"post": {
								"vector": [0, 0, 0]
							},
							"lerp_mode": "catmullrom"
						},
						"5.9167": {
							"post": {
								"vector": [0, 0, 0]
							},
							"lerp_mode": "catmullrom"
						},
						"6.0417": {
							"post": {
								"vector": [0, 0, 0]
							},
							"lerp_mode": "catmullrom"
						},
						"6.2917": {
							"post": {
								"vector": [0, 0, 0]
							},
							"lerp_mode": "catmullrom"
						},
						"6.4167": {
							"post": {
								"vector": [0, 0, 0]
							},
							"lerp_mode": "catmullrom"
						},
						"6.5417": {
							"post": {
								"vector": [0, 0, 0]
							},
							"lerp_mode": "catmullrom"
						},
						"6.7083": {
							"post": {
								"vector": [0, 0, 0]
							},
							"lerp_mode": "catmullrom"
						},
						"6.8333": {
							"post": {
								"vector": [0, 0, 0]
							},
							"lerp_mode": "catmullrom"
						},
						"6.9583": {
							"post": {
								"vector": [0, 0, 0]
							},
							"lerp_mode": "catmullrom"
						},
						"7.0833": {
							"post": {
								"vector": [0, 0, 0]
							},
							"lerp_mode": "catmullrom"
						},
						"7.2083": {
							"post": {
								"vector": [0, 0, 0]
							},
							"lerp_mode": "catmullrom"
						},
						"7.3333": {
							"post": {
								"vector": [0, 0, 0]
							},
							"lerp_mode": "catmullrom"
						}
					},
					"position": {
						"0.0": {
							"vector": [0, 0, 0]
						},
						"0.25": {
							"vector": [0, -1, 0]
						},
						"0.375": {
							"vector": [0, 0, 0]
						},
						"0.5": {
							"vector": [0, -1, 0]
						},
						"0.6667": {
							"vector": [0, 0, 0]
						},
						"0.7917": {
							"vector": [0, -1, 0]
						},
						"0.9167": {
							"vector": [0, 0, 0]
						},
						"1.0417": {
							"vector": [0, -1, 0]
						},
						"1.1667": {
							"vector": [0, 0, 0]
						},
						"1.2917": {
							"vector": [0, -1, 0]
						},
						"1.4167": {
							"vector": [0, 0, 0]
						},
						"1.5417": {
							"vector": [0, -1, 0]
						},
						"1.625": {
							"vector": [0, 0, 0]
						},
						"1.75": {
							"vector": [0, -1, 0]
						},
						"1.8333": {
							"vector": [0, 0, 0]
						},
						"1.9583": {
							"vector": [0, -1, 0]
						},
						"2.2083": {
							"vector": [0, 0, 0]
						},
						"2.3333": {
							"vector": [0, 0, 0]
						},
						"2.4583": {
							"vector": [0, -1, 0]
						},
						"2.625": {
							"vector": [0, 0, 0]
						},
						"2.75": {
							"vector": [0, -1, 0]
						},
						"2.875": {
							"vector": [0, 0, 0]
						},
						"3.0": {
							"vector": [0, -1, 0]
						},
						"3.125": {
							"vector": [0, 0, 0]
						},
						"3.25": {
							"vector": [0, 0, 0]
						},
						"4.0833": {
							"vector": [0, 0, 0]
						},
						"4.3333": {
							"vector": [0, -2, 0]
						},
						"4.4583": {
							"vector": [0, -1, 0]
						},
						"4.5833": {
							"vector": [0, 0, 0]
						},
						"4.75": {
							"vector": [0, 0, 0]
						},
						"4.875": {
							"vector": [0, -1, 0]
						},
						"5.0": {
							"vector": [0, 0, 0]
						},
						"5.125": {
							"vector": [0, -1, 0]
						},
						"5.25": {
							"vector": [0, -1, 0]
						},
						"5.375": {
							"vector": [0, -1, 0]
						},
						"5.5": {
							"vector": [0, 0, 0]
						},
						"5.625": {
							"vector": [0, 0, 0]
						},
						"5.7083": {
							"vector": [0, 0, 0]
						},
						"5.8333": {
							"vector": [0, -1, 0]
						},
						"5.9167": {
							"vector": [0, 0, 0]
						},
						"6.0417": {
							"vector": [0, -1, 0]
						},
						"6.2917": {
							"vector": [0, 0, 0]
						},
						"6.4167": {
							"vector": [0, 0, 0]
						},
						"6.5417": {
							"vector": [0, 0, 0]
						},
						"6.7083": {
							"vector": [0, -1, 0]
						},
						"6.8333": {
							"vector": [0, -1, 0]
						},
						"6.9583": {
							"vector": [0, -1, 0]
						},
						"7.0833": {
							"vector": [0, -1, 0]
						},
						"7.2083": {
							"vector": [0, 0, 0]
						},
						"7.3333": {
							"vector": [0, 0, 0]
						}
					},
					"scale": {
						"0.0": {
							"vector": [1, 1, 1]
						},
						"7.2917": {
							"vector": [1, 1, 1]
						},
						"7.3333": {
							"vector": [1.3, 1, 1]
						},
						"7.4167": {
							"vector": [1, 1, 1]
						},
						"7.7083": {
							"vector": [1, 1, 1]
						},
						"7.75": {
							"vector": [1.3, 1, 1]
						},
						"7.8333": {
							"vector": [1, 1, 1]
						}
					}
				},
				"M": {
					"rotation": {
						"0.0": {
							"post": {
								"vector": [0, 0, 0]
							},
							"lerp_mode": "catmullrom"
						},
						"0.25": {
							"post": {
								"vector": [0, 0, 0]
							},
							"lerp_mode": "catmullrom"
						},
						"0.375": {
							"post": {
								"vector": [0, 0, 0]
							},
							"lerp_mode": "catmullrom"
						},
						"0.5": {
							"post": {
								"vector": [0, 0, 0]
							},
							"lerp_mode": "catmullrom"
						},
						"0.6667": {
							"post": {
								"vector": [0, 0, 0]
							},
							"lerp_mode": "catmullrom"
						},
						"0.7917": {
							"post": {
								"vector": [0, 0, 0]
							},
							"lerp_mode": "catmullrom"
						},
						"0.9167": {
							"post": {
								"vector": [0, 0, 0]
							},
							"lerp_mode": "catmullrom"
						},
						"1.0417": {
							"post": {
								"vector": [0, 0, 0]
							},
							"lerp_mode": "catmullrom"
						},
						"1.1667": {
							"post": {
								"vector": [0, 0, 0]
							},
							"lerp_mode": "catmullrom"
						},
						"1.2917": {
							"post": {
								"vector": [0, 0, 0]
							},
							"lerp_mode": "catmullrom"
						},
						"1.4167": {
							"post": {
								"vector": [0, 0, 0]
							},
							"lerp_mode": "catmullrom"
						},
						"1.5417": {
							"post": {
								"vector": [0, 0, 0]
							},
							"lerp_mode": "catmullrom"
						},
						"1.625": {
							"post": {
								"vector": [0, 0, 0]
							},
							"lerp_mode": "catmullrom"
						},
						"1.75": {
							"post": {
								"vector": [0, 0, 0]
							},
							"lerp_mode": "catmullrom"
						},
						"1.8333": {
							"post": {
								"vector": [0, 0, 0]
							},
							"lerp_mode": "catmullrom"
						},
						"1.9583": {
							"post": {
								"vector": [0, 0, 0]
							},
							"lerp_mode": "catmullrom"
						},
						"2.2083": {
							"post": {
								"vector": [0, 0, 0]
							},
							"lerp_mode": "catmullrom"
						},
						"2.3333": {
							"post": {
								"vector": [0, 0, 0]
							},
							"lerp_mode": "catmullrom"
						},
						"2.4583": {
							"post": {
								"vector": [0, 0, 0]
							},
							"lerp_mode": "catmullrom"
						},
						"2.625": {
							"post": {
								"vector": [0, 0, 0]
							},
							"lerp_mode": "catmullrom"
						},
						"2.75": {
							"post": {
								"vector": [0, 0, 0]
							},
							"lerp_mode": "catmullrom"
						},
						"2.875": {
							"post": {
								"vector": [0, 0, 0]
							},
							"lerp_mode": "catmullrom"
						},
						"3.0": {
							"post": {
								"vector": [0, 0, 0]
							},
							"lerp_mode": "catmullrom"
						},
						"3.125": {
							"post": {
								"vector": [0, 0, 0]
							},
							"lerp_mode": "catmullrom"
						},
						"3.25": {
							"post": {
								"vector": [0, 0, 0]
							},
							"lerp_mode": "catmullrom"
						},
						"4.0833": {
							"post": {
								"vector": [0, 0, 0]
							},
							"lerp_mode": "catmullrom"
						},
						"4.3333": {
							"post": {
								"vector": [0, 0, 0]
							},
							"lerp_mode": "catmullrom"
						},
						"4.4583": {
							"post": {
								"vector": [0, 0, 0]
							},
							"lerp_mode": "catmullrom"
						},
						"4.5833": {
							"post": {
								"vector": [0, 0, 0]
							},
							"lerp_mode": "catmullrom"
						},
						"4.75": {
							"post": {
								"vector": [0, 0, 0]
							},
							"lerp_mode": "catmullrom"
						},
						"4.875": {
							"post": {
								"vector": [0, 0, 0]
							},
							"lerp_mode": "catmullrom"
						},
						"5.0": {
							"post": {
								"vector": [0, 0, 0]
							},
							"lerp_mode": "catmullrom"
						},
						"5.125": {
							"post": {
								"vector": [0, 0, 0]
							},
							"lerp_mode": "catmullrom"
						},
						"5.25": {
							"post": {
								"vector": [0, 0, 0]
							},
							"lerp_mode": "catmullrom"
						},
						"5.375": {
							"post": {
								"vector": [0, 0, 0]
							},
							"lerp_mode": "catmullrom"
						},
						"5.5": {
							"post": {
								"vector": [0, 0, 0]
							},
							"lerp_mode": "catmullrom"
						},
						"5.625": {
							"post": {
								"vector": [0, 0, 0]
							},
							"lerp_mode": "catmullrom"
						},
						"5.7083": {
							"post": {
								"vector": [0, 0, 0]
							},
							"lerp_mode": "catmullrom"
						},
						"5.8333": {
							"post": {
								"vector": [0, 0, 0]
							},
							"lerp_mode": "catmullrom"
						},
						"5.9167": {
							"post": {
								"vector": [0, 0, 0]
							},
							"lerp_mode": "catmullrom"
						},
						"6.0417": {
							"post": {
								"vector": [0, 0, 0]
							},
							"lerp_mode": "catmullrom"
						},
						"6.2917": {
							"post": {
								"vector": [0, 0, 0]
							},
							"lerp_mode": "catmullrom"
						},
						"6.4167": {
							"post": {
								"vector": [0, 0, 0]
							},
							"lerp_mode": "catmullrom"
						},
						"6.5417": {
							"post": {
								"vector": [0, 0, 0]
							},
							"lerp_mode": "catmullrom"
						},
						"6.7083": {
							"post": {
								"vector": [0, 0, 0]
							},
							"lerp_mode": "catmullrom"
						},
						"6.8333": {
							"post": {
								"vector": [0, 0, 0]
							},
							"lerp_mode": "catmullrom"
						},
						"6.9583": {
							"post": {
								"vector": [0, 0, 0]
							},
							"lerp_mode": "catmullrom"
						},
						"7.0833": {
							"post": {
								"vector": [0, 0, 0]
							},
							"lerp_mode": "catmullrom"
						},
						"7.2083": {
							"post": {
								"vector": [0, 0, 0]
							},
							"lerp_mode": "catmullrom"
						},
						"7.3333": {
							"post": {
								"vector": [0, 0, 0]
							},
							"lerp_mode": "catmullrom"
						}
					},
					"position": {
						"0.0": {
							"vector": [0, 0, 0]
						},
						"0.25": {
							"vector": [0, 1, 0]
						},
						"0.375": {
							"vector": [0, 0, 0]
						},
						"0.5": {
							"vector": [0, 1, 0]
						},
						"0.6667": {
							"vector": [0, 0, 0]
						},
						"0.7917": {
							"vector": [0, 1, 0]
						},
						"0.9167": {
							"vector": [0, 0, 0]
						},
						"1.0417": {
							"vector": [0, 1, 0]
						},
						"1.1667": {
							"vector": [0, 0, 0]
						},
						"1.2917": {
							"vector": [0, 1, 0]
						},
						"1.4167": {
							"vector": [0, 0, 0]
						},
						"1.5417": {
							"vector": [0, 1, 0]
						},
						"1.625": {
							"vector": [0, 0, 0]
						},
						"1.75": {
							"vector": [0, 1, 0]
						},
						"1.8333": {
							"vector": [0, 0, 0]
						},
						"1.9583": {
							"vector": [0, 1, 0]
						},
						"2.2083": {
							"vector": [0, 0, 0]
						},
						"2.3333": {
							"vector": [0, 0, 0]
						},
						"2.4583": {
							"vector": [0, 1, 0]
						},
						"2.625": {
							"vector": [0, 0, 0]
						},
						"2.75": {
							"vector": [0, 1, 0]
						},
						"2.875": {
							"vector": [0, 0, 0]
						},
						"3.0": {
							"vector": [0, 1, 0]
						},
						"3.125": {
							"vector": [0, 0, 0]
						},
						"3.25": {
							"vector": [0, 0, 0]
						},
						"4.0833": {
							"vector": [0, 0, 0]
						},
						"4.3333": {
							"vector": [0, 1, 0]
						},
						"4.4583": {
							"vector": [0, 0, 0]
						},
						"4.5833": {
							"vector": [0, 0, 0]
						},
						"4.75": {
							"vector": [0, 0, 0]
						},
						"4.875": {
							"vector": [0, 1, 0]
						},
						"5.0": {
							"vector": [0, 0, 0]
						},
						"5.125": {
							"vector": [0, 1, 0]
						},
						"5.25": {
							"vector": [0, 1, 0]
						},
						"5.375": {
							"vector": [0, 1, 0]
						},
						"5.5": {
							"vector": [0, 1, 0]
						},
						"5.7083": {
							"vector": [0, 0, 0]
						}
					}
				},
				"Shield": {
					"position": {
						"vector": [0, 0, 5]
					},
					"scale": {
						"vector": [0, 0, 0]
					}
				},
				"eye_brow": {
					"position": {
						"0.0": {
							"vector": [0, 0, 0]
						},
						"0.125": {
							"vector": [0, 1, 0]
						},
						"0.2917": {
							"vector": [0, 0, 0]
						},
						"3.25": {
							"vector": [0, 0, 0]
						},
						"3.375": {
							"vector": [0, 1, 0]
						},
						"3.5833": {
							"vector": [0, 0, 0]
						},
						"3.75": {
							"vector": [0, 1, 0]
						},
						"3.9583": {
							"vector": [0, 0, 0]
						},
						"4.1667": {
							"vector": [0, 1, 0]
						},
						"4.4583": {
							"vector": [0, 0, 0]
						},
						"7.375": {
							"vector": [0, 0, 0]
						},
						"7.5": {
							"vector": [0, 1, 0]
						},
						"7.7083": {
							"vector": [0, 0, 0]
						},
						"7.875": {
							"vector": [0, 1, 0]
						},
						"8.0": {
							"vector": [0, 0, 0]
						}
					}
				},
				"eye_brow2": {
					"position": {
						"0.0": {
							"vector": [0, 0, 0]
						},
						"0.125": {
							"vector": [0, 1, 0]
						},
						"0.2917": {
							"vector": [0, 0, 0]
						},
						"3.25": {
							"vector": [0, 0, 0]
						},
						"3.375": {
							"vector": [0, 1, 0]
						},
						"3.5833": {
							"vector": [0, 0, 0]
						},
						"3.75": {
							"vector": [0, 1, 0]
						},
						"3.9583": {
							"vector": [0, 0, 0]
						},
						"4.1667": {
							"vector": [0, 1, 0]
						},
						"4.4583": {
							"vector": [0, 0, 0]
						},
						"7.375": {
							"vector": [0, 0, 0]
						},
						"7.5": {
							"vector": [0, 1, 0]
						},
						"7.7083": {
							"vector": [0, 0, 0]
						},
						"7.875": {
							"vector": [0, 1, 0]
						},
						"8.0": {
							"vector": [0, 0, 0]
						}
					}
				},
				"saw2": {
					"rotation": {
						"0.0": {
							"vector": [0, 0, 0]
						},
						"8.1667": {
							"vector": [0, 0, 3600]
						}
					}
				},
				"saw4": {
					"rotation": {
						"0.0": {
							"vector": [0, 0, 0]
						},
						"8.1667": {
							"vector": [0, 0, 3600]
						}
					}
				},
				"saw5": {
					"rotation": {
						"0.0": {
							"vector": [0, 0, 0]
						},
						"8.1667": {
							"vector": [0, 0, 3600]
						}
					}
				},
				"saw3": {
					"rotation": {
						"0.0": {
							"vector": [0, 0, 0]
						},
						"8.1667": {
							"vector": [0, 0, 3600]
						}
					}
				}
			},
			"sound_effects": {
				"0.0": {
					"effect": "sing"
				}
			}
		},
		"animation.gojidraw_g_toilet.fly": {
			"loop": true,
			"animation_length": 4,
			"bones": {
				"Toilet": {
					"rotation": {
						"0.0": {
							"vector": ["-2.5 + query.target_x_rotation * 0.5", "query.target_y_rotation * 0.5", "query.target_y_rotation * 0.1"]
						},
						"1.1667": {
							"vector": ["2.5+query.target_x_rotation * 0.5", "query.target_y_rotation * 0.5", "query.target_y_rotation * 0.1"]
						},
						"2.125": {
							"vector": ["-2.5 + query.target_x_rotation * 0.5", "query.target_y_rotation * 0.5", "query.target_y_rotation * 0.1"]
						},
						"3.0417": {
							"vector": ["2.5+query.target_x_rotation * 0.5", "query.target_y_rotation * 0.5", "query.target_y_rotation * 0.1"]
						},
						"4.0": {
							"vector": ["-2.5 + query.target_x_rotation * 0.5", "query.target_y_rotation * 0.5", "query.target_y_rotation * 0.1"]
						}
					},
					"position": {
						"0.0": {
							"post": {
								"vector": [2, 20, 0]
							},
							"lerp_mode": "catmullrom"
						},
						"1.0833": {
							"post": {
								"vector": [-1, 17, 0]
							},
							"lerp_mode": "catmullrom"
						},
						"2.0417": {
							"post": {
								"vector": [0, 21, 0]
							},
							"lerp_mode": "catmullrom"
						},
						"3.0": {
							"post": {
								"vector": [4, 16, 0]
							},
							"lerp_mode": "catmullrom"
						},
						"4.0": {
							"post": {
								"vector": [2, 20, 0]
							},
							"lerp_mode": "catmullrom"
						}
					}
				},
				"saw2": {
					"rotation": {
						"0.0": {
							"vector": [0, 0, 0]
						},
						"4.0": {
							"vector": [0, 0, 2880]
						}
					}
				},
				"saw4": {
					"rotation": {
						"0.0": {
							"vector": [0, 0, 0]
						},
						"4.0": {
							"vector": [0, 0, 2880]
						}
					}
				},
				"saw5": {
					"rotation": {
						"0.0": {
							"vector": [0, 0, 0]
						},
						"4.0": {
							"vector": [0, 0, 2880]
						}
					}
				},
				"saw3": {
					"rotation": {
						"0.0": {
							"vector": [0, 0, 0]
						},
						"4.0": {
							"vector": [0, 0, 2880]
						}
					}
				}
			},
			"particle_effects": {
				"0.0": {
					"effect": "flame",
					"locator": "e3"
				},
				"0.0417": {
					"effect": "flame",
					"locator": "e4"
				},
				"0.0833": {
					"effect": "flame2",
					"locator": "e2"
				},
				"0.125": {
					"effect": "flame2",
					"locator": "e"
				}
			}
		},
		"animation.gojidraw_g_toilet.walk": {
			"loop": true,
			"animation_length": 0.6667,
			"bones": {
				"Toilet": {
					"rotation": {
						"vector": [10, 0, 0]
					}
				},
				"Jetpack": {
					"rotation": {
						"vector": [15, 0, 0]
					},
					"position": {
						"vector": [0, 1, -2]
					}
				},
				"Head": {
					"rotation": {
						"vector": [-7.5, 0, 0]
					}
				},
				"saw2": {
					"rotation": {
						"0.0": {
							"vector": [0, 0, 0]
						},
						"0.6667": {
							"vector": [0, 0, 360]
						}
					}
				},
				"saw4": {
					"rotation": {
						"0.0": {
							"vector": [0, 0, 0]
						},
						"0.6667": {
							"vector": [0, 0, 360]
						}
					}
				},
				"saw5": {
					"rotation": {
						"0.0": {
							"vector": [0, 0, 0]
						},
						"0.6667": {
							"vector": [0, 0, 360]
						}
					}
				},
				"saw3": {
					"rotation": {
						"0.0": {
							"vector": [0, 0, 0]
						},
						"0.6667": {
							"vector": [0, 0, 360]
						}
					}
				}
			}
		},
		"animation.gojidraw_g_toilet.angry_phase3_4": {
			"loop": true,
			"animation_length": 1.0833,
			"bones": {
				"right_laser4": {
					"position": {
						"vector": [0, 0, -15000]
					},
					"scale": {
						"vector": [2.5, 2.5, 5000]
					}
				},
				"left_laser4": {
					"position": {
						"vector": [0, 0, -15000]
					},
					"scale": {
						"vector": [2.5, 2.5, 5000]
					}
				},
				"eye_brow": {
					"position": {
						"vector": [0, 1, 0]
					}
				},
				"eye_brow2": {
					"position": {
						"vector": [0, 1, 0]
					}
				},
				"M": {
					"position": {
						"0.0": {
							"vector": [0, 1, 0]
						},
						"0.1667": {
							"vector": [0, 0, 0]
						},
						"0.3333": {
							"vector": [0, 1, 0]
						},
						"0.5": {
							"vector": [0, 0, 0]
						},
						"0.75": {
							"vector": [0, 1, 0]
						},
						"0.9167": {
							"vector": [0, 0, 0]
						},
						"1.0833": {
							"vector": [0, 1, 0]
						}
					}
				},
				"M2": {
					"position": {
						"0.0": {
							"vector": [0, -1, 0]
						},
						"0.1667": {
							"vector": [0, 0, 0]
						},
						"0.3333": {
							"vector": [0, -1, 0]
						},
						"0.5": {
							"vector": [0, 0, 0]
						},
						"0.75": {
							"vector": [0, -1, 0]
						},
						"0.9167": {
							"vector": [0, 0, 0]
						},
						"1.0833": {
							"vector": [0, -1, 0]
						}
					}
				},
				"right_laser3": {
					"position": {
						"vector": [0, 0, -15000]
					},
					"scale": {
						"vector": [2.5, 2.5, 5000]
					}
				},
				"left_laser3": {
					"position": {
						"vector": [0, 0, -15000]
					},
					"scale": {
						"vector": [2.5, 2.5, 5000]
					}
				},
				"right_laser2": {
					"position": {
						"vector": [0, 0, -15000]
					},
					"scale": {
						"vector": [2.5, 2.5, 5000]
					}
				},
				"left_laser2": {
					"position": {
						"vector": [0, 0, -15000]
					},
					"scale": {
						"vector": [2.5, 2.5, 5000]
					}
				},
				"saw2": {
					"rotation": {
						"0.0": {
							"vector": [0, 0, 0]
						},
						"1.0833": {
							"vector": [0, 0, 720]
						}
					}
				},
				"saw4": {
					"rotation": {
						"0.0": {
							"vector": [0, 0, 0]
						},
						"1.0833": {
							"vector": [0, 0, 720]
						}
					}
				},
				"saw5": {
					"rotation": {
						"0.0": {
							"vector": [0, 0, 0]
						},
						"1.0833": {
							"vector": [0, 0, 720]
						}
					}
				},
				"saw3": {
					"rotation": {
						"0.0": {
							"vector": [0, 0, 0]
						},
						"1.0833": {
							"vector": [0, 0, 720]
						}
					}
				}
			}
		}
	},
	"geckolib_format_version": 2
}