{
	"format_version": "1.8.0",
	"animations": {
		"animation.gojidraw_astro_destructor.looking": {
			"loop": true,
			"bones": {
				"Toilet": {
					"rotation": {
						"vector": ["query.target_x_rotation * 0.3", "query.target_y_rotation * 0.2", 0]
					}
				},
				"Head": {
					"rotation": {
						"vector": ["query.target_x_rotation * 0.3", "query.target_y_rotation * 0.2", 0]
					}
				}
			}
		},
		"animation.gojidraw_astro_obliterator.fly_st": {
			"loop": true,
			"animation_length": 4,
			"bones": {
				"Toilet": {
					"rotation": {
						"0.0": {
							"vector": ["-2.5 + query.target_x_rotation * 0.5", "query.target_y_rotation * 0.5", "query.target_y_rotation * 0.1"]
						},
						"1.1667": {
							"vector": ["2.5+query.target_x_rotation * 0.5", "query.target_y_rotation * 0.5", "query.target_y_rotation * 0.1"]
						},
						"2.125": {
							"vector": ["-2.5 + query.target_x_rotation * 0.5", "query.target_y_rotation * 0.5", "query.target_y_rotation * 0.1"]
						},
						"3.0417": {
							"vector": ["2.5+query.target_x_rotation * 0.5", "query.target_y_rotation * 0.5", "query.target_y_rotation * 0.1"]
						},
						"4.0": {
							"vector": ["-2.5 + query.target_x_rotation * 0.5", "query.target_y_rotation * 0.5", "query.target_y_rotation * 0.1"]
						}
					},
					"position": {
						"0.0": {
							"post": {
								"vector": [2, -2, 0]
							},
							"lerp_mode": "catmullrom"
						},
						"1.0833": {
							"post": {
								"vector": [-1, -5, 0]
							},
							"lerp_mode": "catmullrom"
						},
						"2.0417": {
							"post": {
								"vector": [0, -1, 0]
							},
							"lerp_mode": "catmullrom"
						},
						"3.0": {
							"post": {
								"vector": [4, -6, 0]
							},
							"lerp_mode": "catmullrom"
						},
						"4.0": {
							"post": {
								"vector": [2, -2, 0]
							},
							"lerp_mode": "catmullrom"
						}
					}
				}
			}
		},
		"animation.gojidraw_astro_obliterator.calm": {
			"loop": true,
			"animation_length": 1.3333,
			"bones": {
				"Left_eye_b": {
					"position": {
						"vector": [0, -1, 0]
					}
				},
				"Right_eye_b": {
					"position": {
						"vector": [0, -1, 0]
					}
				}
			}
		},
		"animation.gojidraw_astro_obliterator.angry": {
			"loop": true,
			"animation_length": 1.3333,
			"bones": {
				"Left_eye_b": {
					"rotation": {
						"vector": [0, 0, -25]
					},
					"position": {
						"vector": [-1, 0, 0]
					}
				},
				"Right_eye_b": {
					"rotation": {
						"vector": [0, 0, 25]
					},
					"position": {
						"vector": [1, 0, 0]
					}
				},
				"Toilet": {
					"rotation": {
						"vector": [7.5, 0, 0]
					},
					"position": {
						"vector": [0, 0, 6]
					}
				},
				"Nuck2": {
					"rotation": {
						"0.0": {
							"vector": [12.5, 0, 0]
						},
						"0.25": {
							"vector": [12.5, 0, 0]
						},
						"0.5": {
							"vector": [12.5, 0, 0]
						},
						"0.75": {
							"vector": [12.5, 0, 0]
						},
						"1.0": {
							"vector": [12.5, 0, 0]
						},
						"1.0833": {
							"vector": [12.5, 0, 0]
						}
					},
					"position": {
						"0.0": {
							"vector": [-0.5, 0, 0]
						},
						"0.0417": {
							"vector": [0.5, 0, 0]
						},
						"0.0833": {
							"vector": [-0.5, 0, 0]
						},
						"0.125": {
							"vector": [0.5, 0, 0]
						},
						"0.1667": {
							"vector": [-0.5, 0, 0]
						},
						"0.2083": {
							"vector": [0.5, 0, 0]
						},
						"0.25": {
							"vector": [-0.5, 0, 0]
						},
						"0.2917": {
							"vector": [0.5, 0, 0]
						},
						"0.3333": {
							"vector": [-0.5, 0, 0]
						},
						"0.375": {
							"vector": [0.5, 0, 0]
						},
						"0.4167": {
							"vector": [-0.5, 0, 0]
						},
						"0.4583": {
							"vector": [0.5, 0, 0]
						},
						"0.5": {
							"vector": [-0.5, 0, 0]
						},
						"0.5417": {
							"vector": [0.5, 0, 0]
						},
						"0.5833": {
							"vector": [-0.5, 0, 0]
						},
						"0.625": {
							"vector": [0.5, 0, 0]
						},
						"0.6667": {
							"vector": [-0.5, 0, 0]
						},
						"0.7083": {
							"vector": [0.5, 0, 0]
						},
						"0.75": {
							"vector": [-0.5, 0, 0]
						},
						"0.7917": {
							"vector": [0.5, 0, 0]
						},
						"0.8333": {
							"vector": [-0.5, 0, 0]
						},
						"0.875": {
							"vector": [0.5, 0, 0]
						},
						"0.9167": {
							"vector": [-0.5, 0, 0]
						},
						"0.9583": {
							"vector": [0.5, 0, 0]
						},
						"1.0": {
							"vector": [-0.5, 0, 0]
						},
						"1.0417": {
							"vector": [0.5, 0, 0]
						},
						"1.0833": {
							"vector": [-0.5, 0, 0]
						},
						"1.125": {
							"vector": [0.5, 0, 0]
						},
						"1.1667": {
							"vector": [-0.5, 0, 0]
						},
						"1.2083": {
							"vector": [0.5, 0, 0]
						},
						"1.25": {
							"vector": [-0.5, 0, 0]
						},
						"1.2917": {
							"vector": [0.5, 0, 0]
						},
						"1.3333": {
							"vector": [-0.5, 0, 0]
						}
					}
				},
				"Nuck": {
					"rotation": {
						"vector": [2.5, 0, 0]
					},
					"position": {
						"vector": [0, 0, 0]
					}
				},
				"Head": {
					"rotation": {
						"0.0": {
							"vector": [-5, 0, 0]
						},
						"0.0417": {
							"vector": [-4.99527, 0.21782, 2.4905]
						},
						"0.0833": {
							"vector": [-5, 0, 0]
						},
						"0.125": {
							"vector": [-4.99527, -0.21782, -2.4905]
						},
						"0.1667": {
							"vector": [-4.99527, -0.21782, -2.4905]
						},
						"0.2083": {
							"vector": [-5, 0, 0]
						},
						"0.25": {
							"vector": [-5, 0, 0]
						},
						"0.2917": {
							"vector": [-4.99527, 0.21782, 2.4905]
						},
						"0.3333": {
							"vector": [-5, 0, 0]
						},
						"0.375": {
							"vector": [-4.99527, -0.21782, -2.4905]
						},
						"0.4167": {
							"vector": [-4.99527, -0.21782, -2.4905]
						},
						"0.4583": {
							"vector": [-5, 0, 0]
						},
						"0.5": {
							"vector": [-5, 0, 0]
						},
						"0.5417": {
							"vector": [-4.99527, 0.21782, 2.4905]
						},
						"0.5833": {
							"vector": [-5, 0, 0]
						},
						"0.625": {
							"vector": [-4.99527, -0.21782, -2.4905]
						},
						"0.6667": {
							"vector": [-4.99527, -0.21782, -2.4905]
						},
						"0.7083": {
							"vector": [-5, 0, 0]
						},
						"0.75": {
							"vector": [-5, 0, 0]
						},
						"0.7917": {
							"vector": [-4.99527, 0.21782, 2.4905]
						},
						"0.8333": {
							"vector": [-5, 0, 0]
						},
						"0.875": {
							"vector": [-4.99527, -0.21782, -2.4905]
						},
						"0.9167": {
							"vector": [-4.99527, -0.21782, -2.4905]
						},
						"0.9583": {
							"vector": [-5, 0, 0]
						},
						"1.0": {
							"vector": [-5, 0, 0]
						},
						"1.0417": {
							"vector": [-4.99527, 0.21782, 2.4905]
						},
						"1.0833": {
							"vector": [-5, 0, 0]
						},
						"1.125": {
							"vector": [-4.99527, 0.21782, 2.4905]
						},
						"1.1667": {
							"vector": [-5, 0, 0]
						},
						"1.2083": {
							"vector": [-4.99527, -0.21782, -2.4905]
						},
						"1.25": {
							"vector": [-4.99527, -0.21782, -2.4905]
						},
						"1.2917": {
							"vector": [-5, 0, 0]
						},
						"1.3333": {
							"vector": [-5, 0, 0]
						}
					}
				},
				"M": {
					"position": {
						"vector": [0, -1, 0]
					}
				},
				"M2": {
					"position": {
						"vector": [0, 1, 0]
					}
				},
				"hexadecagon": {
					"rotation": {
						"0.0": {
							"vector": [0, 0, 0]
						},
						"1.3333": {
							"vector": [0, 0, 720]
						}
					}
				},
				"Gun": {
					"rotation": {
						"0.3333": {
							"pre": {
								"vector": [0, 0, 0]
							},
							"post": {
								"vector": [0, 0, 0]
							},
							"lerp_mode": "catmullrom"
						},
						"0.4583": {
							"post": {
								"vector": [-2.5, 0, 0]
							},
							"lerp_mode": "catmullrom"
						},
						"0.5417": {
							"post": {
								"vector": [-5, 0, 0]
							},
							"lerp_mode": "catmullrom"
						},
						"0.6667": {
							"post": {
								"vector": [0, 0, 0]
							},
							"lerp_mode": "catmullrom"
						}
					},
					"position": {
						"0.3333": {
							"pre": {
								"vector": [0, 0, 0]
							},
							"post": {
								"vector": [0, 0, 0]
							},
							"lerp_mode": "catmullrom"
						},
						"0.4583": {
							"post": {
								"vector": [0, 0, 4]
							},
							"lerp_mode": "catmullrom"
						},
						"0.5417": {
							"post": {
								"vector": [0, 0, 2]
							},
							"lerp_mode": "catmullrom"
						},
						"0.6667": {
							"post": {
								"vector": [0, 0, 0]
							},
							"lerp_mode": "catmullrom"
						}
					}
				},
				"Gun2": {
					"rotation": {
						"0.6667": {
							"pre": {
								"vector": [0, 0, 0]
							},
							"post": {
								"vector": [0, 0, 0]
							},
							"lerp_mode": "catmullrom"
						},
						"0.7917": {
							"post": {
								"vector": [-2.5, 0, 0]
							},
							"lerp_mode": "catmullrom"
						},
						"0.875": {
							"post": {
								"vector": [-5, 0, 0]
							},
							"lerp_mode": "catmullrom"
						},
						"1.0": {
							"post": {
								"vector": [0, 0, 0]
							},
							"lerp_mode": "catmullrom"
						}
					},
					"position": {
						"0.6667": {
							"pre": {
								"vector": [0, 0, 0]
							},
							"post": {
								"vector": [0, 0, 0]
							},
							"lerp_mode": "catmullrom"
						},
						"0.7917": {
							"post": {
								"vector": [0, 0, 4]
							},
							"lerp_mode": "catmullrom"
						},
						"0.875": {
							"post": {
								"vector": [0, 0, 2]
							},
							"lerp_mode": "catmullrom"
						},
						"1.0": {
							"post": {
								"vector": [0, 0, 0]
							},
							"lerp_mode": "catmullrom"
						}
					}
				},
				"Gun3": {
					"rotation": {
						"0.0": {
							"post": {
								"vector": [0, 0, 0]
							},
							"lerp_mode": "catmullrom"
						},
						"0.125": {
							"post": {
								"vector": [-2.5, 0, 0]
							},
							"lerp_mode": "catmullrom"
						},
						"0.2083": {
							"post": {
								"vector": [-5, 0, 0]
							},
							"lerp_mode": "catmullrom"
						},
						"0.3333": {
							"post": {
								"vector": [0, 0, 0]
							},
							"lerp_mode": "catmullrom"
						}
					},
					"position": {
						"0.0": {
							"post": {
								"vector": [0, 0, 0]
							},
							"lerp_mode": "catmullrom"
						},
						"0.125": {
							"post": {
								"vector": [0, 0, 4]
							},
							"lerp_mode": "catmullrom"
						},
						"0.2083": {
							"post": {
								"vector": [0, 0, 2]
							},
							"lerp_mode": "catmullrom"
						},
						"0.3333": {
							"post": {
								"vector": [0, 0, 0]
							},
							"lerp_mode": "catmullrom"
						}
					}
				},
				"Gun4": {
					"rotation": {
						"1.0": {
							"pre": {
								"vector": [0, 0, 0]
							},
							"post": {
								"vector": [0, 0, 0]
							},
							"lerp_mode": "catmullrom"
						},
						"1.125": {
							"post": {
								"vector": [-2.5, 0, 0]
							},
							"lerp_mode": "catmullrom"
						},
						"1.2083": {
							"post": {
								"vector": [-5, 0, 0]
							},
							"lerp_mode": "catmullrom"
						},
						"1.3333": {
							"post": {
								"vector": [0, 0, 0]
							},
							"lerp_mode": "catmullrom"
						}
					},
					"position": {
						"1.0": {
							"pre": {
								"vector": [0, 0, 0]
							},
							"post": {
								"vector": [0, 0, 0]
							},
							"lerp_mode": "catmullrom"
						},
						"1.125": {
							"post": {
								"vector": [0, 0, 4]
							},
							"lerp_mode": "catmullrom"
						},
						"1.2083": {
							"post": {
								"vector": [0, 0, 2]
							},
							"lerp_mode": "catmullrom"
						},
						"1.3333": {
							"post": {
								"vector": [0, 0, 0]
							},
							"lerp_mode": "catmullrom"
						}
					}
				}
			}
		}
	},
	"geckolib_format_version": 2
}