{
	"format_version": "1.12.0",
	"minecraft:geometry": [
		{
			"description": {
				"identifier": "geometry.gojidraw_g_toilet_injured",
				"texture_width": 256,
				"texture_height": 256,
				"visible_bounds_width": 3752,
				"visible_bounds_height": 9,
				"visible_bounds_offset": [0, 2.5, 0]
			},
			"bones": [
				{
					"name": "Toilet",
					"pivot": [3, 4, 0],
					"cubes": [
						{"origin": [-11, 4, -10], "size": [22, 7, 36], "uv": [81, 50]},
						{"origin": [-11, 7.99, -13], "size": [22, 3, 3], "uv": [84, 42]},
						{"origin": [-11, 4.05, -16], "size": [2, 4, 6], "pivot": [-11, 4, -10], "rotation": [0, -25, 0], "uv": [0, 24]},
						{"origin": [9, 4.05, -16], "size": [2, 4, 6], "pivot": [11, 4, -10], "rotation": [0, 25, 0], "uv": [0, 0]},
						{"origin": [-2, 10, -16], "size": [4, 1, 3], "uv": [23, 79]},
						{"origin": [-2, 4, -16], "size": [4, 2, 3], "uv": [25, 36]},
						{"origin": [-2, 6, -16], "size": [4, 5, 3], "pivot": [0, 6, -17], "rotation": [-10, 0, 0], "uv": [31, 50]},
						{"origin": [-11, 4, -16], "size": [9, 7, 3], "uv": [196, 0]},
						{"origin": [2, 4, -16], "size": [9, 7, 3], "uv": [196, 0], "mirror": true},
						{"origin": [-9, 4, -13], "size": [18, 2, 3], "uv": [134, 31]},
						{"origin": [-8, 11, -5], "size": [16, 7, 25], "uv": [39, 143]},
						{"origin": [-9, 18, -6], "size": [18, 5, 26], "uv": [134, 0]},
						{"origin": [3, 18.05, -12], "size": [9, 5, 5], "pivot": [3, 18.5, -12], "rotation": [0, -47.5, 0], "uv": [32, 193]},
						{"origin": [-12, 18.05, -12], "size": [9, 5, 5], "pivot": [-3, 18.5, -12], "rotation": [0, 47.5, 0], "uv": [191, 179]},
						{"origin": [-3, 18, -12], "size": [6, 5, 6], "uv": [53, 99]},
						{"origin": [-3, 25, -14], "size": [6, 7, 5], "uv": [25, 24]},
						{"origin": [-3, 18, -14], "size": [6, 7, 5], "pivot": [0, 25, -14], "rotation": [12.5, 0, 0], "uv": [25, 0]},
						{"origin": [8, 25, -4], "size": [4, 7, 11], "uv": [172, 182]},
						{"origin": [-12, 25, -4], "size": [4, 7, 11], "uv": [172, 182], "mirror": true},
						{"origin": [8, 25, 7], "size": [4, 7, 15], "pivot": [12, 32, 7], "rotation": [0, -12.5, 0], "uv": [0, 68]},
						{"origin": [-12, 25, 7], "size": [4, 7, 15], "pivot": [-12, 32, 7], "rotation": [0, 12.5, 0], "uv": [0, 68], "mirror": true},
						{"origin": [8, 18, 7], "size": [4, 7, 17], "pivot": [12, 25, 7], "rotation": [-4.3361, -11.73507, 20.44582], "uv": [0, 24]},
						{"origin": [-12, 18, 7], "size": [4, 7, 17], "pivot": [-12, 25, 7], "rotation": [-4.3361, 11.73507, -20.44582], "uv": [0, 0]},
						{"origin": [8, 18, -4], "size": [4, 7, 11], "pivot": [12, 25, 11], "rotation": [0, 0, 20], "uv": [87, 182]},
						{"origin": [-12, 18, -4], "size": [4, 7, 11], "pivot": [-12, 25, 11], "rotation": [0, 0, -20], "uv": [138, 93]},
						{"origin": [-1.11139, 24.95, -14.18392], "size": [4, 7, 13.9], "pivot": [3, 30, -14], "rotation": [0, 41.9, 0], "uv": [81, 50]},
						{"origin": [-2.88861, 24.95, -14.18392], "size": [4, 7, 13.9], "pivot": [-3, 30, -14], "rotation": [0, -41.9, 0], "uv": [81, 50], "mirror": true},
						{"origin": [-15.5, 28.5, -13], "size": [9, 2, 2], "pivot": [-8, 24, -11.5], "rotation": [1.5741, -17.43127, 17.25867], "uv": [25, 12]},
						{"origin": [6.5, 28.5, -13], "size": [9, 2, 2], "pivot": [8, 24, -11.5], "rotation": [1.5741, 17.43127, -17.25867], "uv": [25, 12], "mirror": true},
						{"origin": [-2.85103, 23.0727, -14], "size": [4, 2, 13.5], "pivot": [-3, 25, -14], "rotation": [11.86159, -40.47443, -16.83966], "uv": [81, 70]},
						{"origin": [-1.14897, 23.0727, -14], "size": [4, 2, 13.5], "pivot": [3, 25, -14], "rotation": [11.86159, 40.47443, 16.83966], "uv": [81, 70], "mirror": true},
						{"origin": [-2.85103, 21.0727, -14], "size": [4, 2, 12.8], "pivot": [-3, 25, -14], "rotation": [11.86159, -40.47443, -16.83966], "uv": [183, 69]},
						{"origin": [-1.14897, 21.0727, -14], "size": [4, 2, 12.8], "pivot": [3, 25, -14], "rotation": [11.86159, 40.47443, 16.83966], "uv": [183, 69], "mirror": true},
						{"origin": [-2.85103, 19.0727, -13], "size": [4, 2, 11.5], "pivot": [-3, 25, -14], "rotation": [11.86159, -40.47443, -16.83966], "uv": [183, 166]},
						{"origin": [-1.14897, 19.0727, -13], "size": [4, 2, 11.5], "pivot": [3, 25, -14], "rotation": [11.86159, 40.47443, 16.83966], "uv": [183, 166], "mirror": true},
						{"origin": [7.5, 19.81671, -15.94647], "size": [2, 2, 1], "pivot": [9.5, 11.5, -18], "rotation": [12.5, 0, 0], "uv": [10, 0], "mirror": true},
						{"origin": [7.5, 10.81671, -15.94647], "size": [2, 2, 1], "pivot": [9.5, 11.5, -18], "rotation": [12.5, 0, 0], "uv": [10, 0], "mirror": true},
						{"origin": [-9.5, 10.81671, -15.94647], "size": [2, 2, 1], "pivot": [-9.5, 11.5, -18], "rotation": [12.5, 0, 0], "uv": [10, 0]},
						{"origin": [-9.5, 19.81671, -15.94647], "size": [2, 2, 1], "pivot": [-9.5, 11.5, -18], "rotation": [12.5, 0, 0], "uv": [10, 0]},
						{"origin": [5.5, 18.81671, -16.94647], "size": [2, 2, 1], "pivot": [9.5, 11.5, -18], "rotation": [12.5, 0, 0], "uv": [10, 0], "mirror": true},
						{"origin": [5.5, 10.81671, -16.94647], "size": [2, 2, 1], "pivot": [9.5, 11.5, -18], "rotation": [12.5, 0, 0], "uv": [10, 0], "mirror": true},
						{"origin": [-7.5, 10.81671, -16.94647], "size": [2, 2, 1], "pivot": [-9.5, 11.5, -18], "rotation": [12.5, 0, 0], "uv": [10, 0]},
						{"origin": [-7.5, 18.81671, -16.94647], "size": [2, 2, 1], "pivot": [-9.5, 11.5, -18], "rotation": [12.5, 0, 0], "uv": [10, 0]},
						{"origin": [-5.5, 17.81671, -16.94647], "size": [2, 2, 1], "pivot": [-9.5, 11.5, -18], "rotation": [12.5, 0, 0], "uv": [10, 0]},
						{"origin": [3.5, 17.81671, -16.94647], "size": [2, 2, 1], "pivot": [9.5, 11.5, -18], "rotation": [12.5, 0, 0], "uv": [10, 0], "mirror": true},
						{"origin": [-3.5, 17.81671, -17.94647], "size": [2, 2, 1], "pivot": [-9.5, 11.5, -18], "rotation": [12.5, 0, 0], "uv": [10, 0]},
						{"origin": [1.5, 17.81671, -17.94647], "size": [2, 2, 1], "pivot": [9.5, 11.5, -18], "rotation": [12.5, 0, 0], "uv": [10, 0], "mirror": true},
						{"origin": [1.5, 10.81671, -17.94647], "size": [2, 2, 1], "pivot": [9.5, 11.5, -18], "rotation": [12.5, 0, 0], "uv": [10, 0], "mirror": true},
						{"origin": [-3.5, 10.81671, -17.94647], "size": [2, 2, 1], "pivot": [-9.5, 11.5, -18], "rotation": [12.5, 0, 0], "uv": [10, 0]},
						{"origin": [-1.5, 17.81671, -17.94647], "size": [3, 2, 1], "pivot": [-9.5, 11.5, -18], "rotation": [12.5, 0, 0], "uv": [39, 38]},
						{"origin": [-1.5, 10.81671, -17.94647], "size": [3, 2, 1], "pivot": [-9.5, 11.5, -18], "rotation": [12.5, 0, 0], "uv": [39, 38]},
						{"origin": [3.5, 17.81671, -16.94647], "size": [2, 2, 1], "pivot": [9.5, 11.5, -18], "rotation": [12.5, 0, 0], "uv": [10, 0], "mirror": true},
						{"origin": [3.5, 10.81671, -16.94647], "size": [2, 2, 1], "pivot": [9.5, 11.5, -18], "rotation": [12.5, 0, 0], "uv": [10, 0], "mirror": true},
						{"origin": [-5.5, 10.81671, -16.94647], "size": [2, 2, 1], "pivot": [-9.5, 11.5, -18], "rotation": [12.5, 0, 0], "uv": [10, 0]},
						{"origin": [-5.5, 17.81671, -16.94647], "size": [2, 2, 1], "pivot": [-9.5, 11.5, -18], "rotation": [12.5, 0, 0], "uv": [10, 0]},
						{"origin": [9, 6.81671, -16.94647], "size": [1, 18, 4], "pivot": [9.5, 11.5, -18], "rotation": [12.5, 0, 0], "uv": [106, 143], "mirror": true},
						{"origin": [-10, 6.81671, -16.94647], "size": [1, 18, 4], "pivot": [-9.5, 11.5, -18], "rotation": [12.5, 0, 0], "uv": [106, 143]},
						{"origin": [7, 5.81671, -17.94647], "size": [1, 18, 4], "pivot": [9.5, 11.5, -18], "rotation": [12.5, 0, 0], "uv": [106, 143], "mirror": true},
						{"origin": [-8, 5.81671, -17.94647], "size": [1, 18, 4], "pivot": [-9.5, 11.5, -18], "rotation": [12.5, 0, 0], "uv": [106, 143]},
						{"origin": [-6, 4.81671, -17.94647], "size": [1, 18, 4], "pivot": [-9.5, 11.5, -18], "rotation": [12.5, 0, 0], "uv": [106, 143]},
						{"origin": [5, 4.81671, -17.94647], "size": [1, 18, 4], "pivot": [9.5, 11.5, -18], "rotation": [12.5, 0, 0], "uv": [106, 143], "mirror": true},
						{"origin": [-6, 4.81671, -17.94647], "size": [1, 18, 4], "pivot": [-9.5, 11.5, -18], "rotation": [12.5, 0, 0], "uv": [106, 143]},
						{"origin": [-4, 3.81671, -18.94647], "size": [1, 18, 4], "pivot": [-9.5, 11.5, -18], "rotation": [12.5, 0, 0], "uv": [106, 143]},
						{"origin": [3, 3.81671, -18.94647], "size": [1, 18, 4], "pivot": [9.5, 11.5, -18], "rotation": [12.5, 0, 0], "uv": [106, 143], "mirror": true},
						{"origin": [-2, 3.81671, -18.94647], "size": [1, 18, 4], "pivot": [-9.5, 11.5, -18], "rotation": [12.5, 0, 0], "uv": [106, 143]},
						{"origin": [1, 3.81671, -18.94647], "size": [1, 18, 4], "pivot": [9.5, 11.5, -18], "rotation": [12.5, 0, 0], "uv": [106, 143], "mirror": true}
					]
				},
				{
					"name": "V",
					"parent": "Toilet",
					"pivot": [-12, 25, 0],
					"cubes": [
						{"origin": [-12.5, 25, -1], "size": [2, 4, 4], "uv": [0, 68]}
					]
				},
				{
					"name": "L_o",
					"parent": "V",
					"pivot": [-12, 27, 1],
					"cubes": [
						{"origin": [-13, 26, 0], "size": [2, 2, 2], "uv": [8, 10]}
					]
				},
				{
					"name": "V2",
					"parent": "Toilet",
					"pivot": [12, 25, 0],
					"cubes": [
						{"origin": [10.5, 25, -1], "size": [2, 4, 4], "uv": [0, 68], "mirror": true}
					]
				},
				{
					"name": "L_o2",
					"parent": "V2",
					"pivot": [12, 27, 1],
					"cubes": [
						{"origin": [11, 26, 0], "size": [2, 2, 2], "uv": [8, 10], "mirror": true}
					]
				},
				{
					"name": "D",
					"parent": "Toilet",
					"pivot": [-0.5, 12, 17],
					"cubes": [
						{"origin": [-10.5, 10, 13], "size": [21, 51, 2], "pivot": [-0.5, 12, 17], "rotation": [-5, 0, 0], "uv": [121, 143]},
						{"origin": [-24.5, 10.25078, 16.74389], "size": [14, 49, 2], "pivot": [-10.5, 55, 16.5], "rotation": [-12.11644, 54.23848, -11.32658], "uv": [0, 161]},
						{"origin": [10.5, 8.25078, 16.74389], "size": [14, 49, 2], "pivot": [10.5, 53, 16.5], "rotation": [-18.65661, -52.90889, 19.4495], "uv": [0, 161], "mirror": true},
						{"origin": [-20.63401, 57.82642, 21.03689], "size": [14, 1, 5], "pivot": [-10.5, 58, 21.5], "rotation": [11.32742, 54.68982, -7.09519], "uv": [171, 31]},
						{"origin": [8.63401, 54.82642, 21.03689], "size": [14, 1, 5], "pivot": [12.5, 55, 21.5], "rotation": [11.32742, -54.68982, 7.09519], "uv": [171, 31], "mirror": true},
						{"origin": [-10.5, 57, 26], "size": [21, 4, 2], "pivot": [-0.5, 12, 17], "rotation": [-5, 0, 0], "uv": [0, 90]},
						{"origin": [-2.5, 61, 18], "size": [5, 2, 5], "pivot": [-0.5, 12, 17], "rotation": [-5, 0, 0], "uv": [187, 62]},
						{"origin": [-10.5, 10, 15], "size": [21, 51, 11], "pivot": [-0.5, 12, 17], "rotation": [-5, 0, 0], "uv": [0, 99]},
						{"origin": [-16.5, 10.2, 23], "size": [6, 48, 2], "pivot": [-0.5, 12, 17], "rotation": [-5.019, -4.98093, 0.43688], "uv": [167, 143]},
						{"origin": [7.5, 6.50543, 22.90822], "size": [6, 48, 2], "pivot": [10.5, 30.50543, 23.90822], "rotation": [-7.74518, 22.66635, -0.17348], "uv": [167, 143], "mirror": true},
						{"origin": [9.4, 51.8601, 29.89193], "size": [1, 4, 2], "pivot": [-0.5, 56, 32], "rotation": [-35, 0, 0], "uv": [0, 0]},
						{"origin": [-10.4, 51.8601, 29.89193], "size": [1, 4, 2], "pivot": [0.5, 56, 32], "rotation": [-35, 0, 0], "uv": [0, 0], "mirror": true}
					]
				},
				{
					"name": "left_side",
					"parent": "Toilet",
					"pivot": [11, 19, 0],
					"cubes": [
						{"origin": [10, 19.5, -11], "size": [11, 2, 31], "uv": [138, 93]},
						{"origin": [12, 21.5, 12], "size": [7, 3, 8], "uv": [191, 105]},
						{"origin": [12, 26.5, 9], "size": [4, 2, 11], "uv": [138, 111]},
						{"origin": [10, 24.5, -11], "size": [11, 2, 31], "uv": [138, 93]},
						{"origin": [10, 19.5, -20], "size": [7, 2, 9], "uv": [183, 155]},
						{"origin": [10, 24.5, -20], "size": [7, 2, 9], "uv": [183, 155]},
						{"origin": [10, 19.55, -20], "size": [7, 1.9, 9.85], "pivot": [17, 22, -20], "rotation": [0, 24, 0], "uv": [191, 95]},
						{"origin": [10, 24.55, -20], "size": [7, 1.9, 9.85], "pivot": [17, 22, -20], "rotation": [0, 24, 0], "uv": [191, 95]}
					]
				},
				{
					"name": "right_side2",
					"parent": "Toilet",
					"pivot": [-14.88894, 6.5625, -2.4568],
					"rotation": [0.31368, 0.71114, -90.12193],
					"cubes": [
						{"origin": [-21, 2.5, -11], "size": [11, 2, 31], "uv": [138, 93], "mirror": true},
						{"origin": [-19, 4.5, 12], "size": [7, 3, 8], "uv": [191, 105], "mirror": true},
						{"origin": [-16, 9.5, 9], "size": [4, 2, 11], "uv": [138, 111], "mirror": true},
						{"origin": [-21, 7.5, -11], "size": [11, 2, 31], "uv": [138, 93], "mirror": true},
						{"origin": [-17, 2.5, -20], "size": [7, 2, 9], "uv": [183, 155], "mirror": true},
						{"origin": [-17, 7.5, -20], "size": [7, 2, 9], "uv": [183, 155], "mirror": true},
						{"origin": [-17, 2.55, -20], "size": [7, 1.9, 9.85], "pivot": [-17, 5, -20], "rotation": [0, -24, 0], "uv": [191, 95], "mirror": true},
						{"origin": [-17, 7.55, -20], "size": [7, 1.9, 9.85], "pivot": [-17, 5, -20], "rotation": [0, -24, 0], "uv": [191, 95], "mirror": true}
					]
				},
				{
					"name": "core",
					"parent": "Toilet",
					"pivot": [0, 25, -14],
					"rotation": [0, 0, 45],
					"cubes": [
						{"origin": [-7, 18, -15], "size": [14, 14, 5], "uv": [84, 0]},
						{"origin": [-6, 19, -17], "size": [12, 12, 3], "uv": [183, 140]},
						{"origin": [-3.5, 21.5, -22], "size": [7, 7, 3], "pivot": [0, 25, -14], "rotation": [0, 0, -45], "uv": [199, 197]},
						{"origin": [-3, 22, -22], "size": [6, 6, 4], "pivot": [0, 25, -14], "rotation": [0, 0, -45], "uv": [137, 196]},
						{"origin": [-4, 21, -19], "size": [8, 8, 2], "pivot": [0, 25, -14], "rotation": [0, 0, -45], "uv": [117, 196]}
					]
				},
				{
					"name": "Core_laser",
					"parent": "core",
					"pivot": [-0.00761, 25, -18],
					"cubes": [
						{"origin": [-0.50761, 24.5, -21], "size": [1, 1, 6], "pivot": [-0.00761, 25, -18], "rotation": [0, 0, 45], "uv": [0, 10]}
					]
				},
				{
					"name": "Carrier",
					"parent": "Toilet",
					"pivot": [-13, 29, 0],
					"rotation": [0, 0, 2.5],
					"cubes": [
						{"origin": [-28, 10, -21], "size": [18, 12, 8], "uv": [161, 42]},
						{"origin": [-27.5, 24, -20.5], "size": [17, 2, 47], "uv": [0, 50]},
						{"origin": [-28, 26, -21], "size": [18, 2, 48], "uv": [0, 0]},
						{"origin": [-28, 28, -21], "size": [5, 2, 48], "uv": [80, 93]},
						{"origin": [-27, 20, -13], "size": [5, 2, 40], "uv": [84, 0]},
						{"origin": [-16, 20, -13], "size": [5, 2, 40], "uv": [84, 0], "mirror": true},
						{"origin": [-15, 28, -21], "size": [5, 2, 48], "uv": [80, 93], "mirror": true},
						{"origin": [-28, 22, -21], "size": [18, 2, 48], "uv": [0, 0]}
					]
				},
				{
					"name": "T",
					"parent": "Carrier",
					"pivot": [-19, 19, -21],
					"rotation": [-7.47178, 0.65182, 4.95744],
					"cubes": [
						{"origin": [-19.5, 8, -24], "size": [1, 23, 4], "uv": [118, 99]},
						{"origin": [-15.5, 8, -24], "size": [1, 23, 4], "uv": [118, 99]},
						{"origin": [-23.5, 8, -24], "size": [1, 23, 4], "uv": [118, 99], "mirror": true},
						{"origin": [-11.5, 8, -24], "size": [1, 23, 4], "uv": [118, 99]},
						{"origin": [-27.5, 8, -24], "size": [1, 23, 4], "uv": [118, 99], "mirror": true},
						{"origin": [-17.5, 9, -24], "size": [1, 21, 4], "uv": [96, 143]},
						{"origin": [-21.5, 9, -24], "size": [1, 21, 4], "uv": [96, 143], "mirror": true},
						{"origin": [-13.5, 9, -24], "size": [1, 21, 4], "uv": [96, 143]},
						{"origin": [-25.5, 9, -24], "size": [1, 21, 4], "uv": [96, 143], "mirror": true}
					]
				},
				{
					"name": "Jat",
					"parent": "Carrier",
					"pivot": [-19, 21, -7],
					"rotation": [15, 0, 0],
					"cubes": [
						{"origin": [-22, 13, -10], "size": [6, 5, 6], "uv": [23, 68]},
						{"origin": [-24, 8, -12], "size": [10, 5, 10], "uv": [138, 126]},
						{"origin": [-23, 17, -11], "size": [8, 2, 8], "uv": [191, 85]},
						{"origin": [-22, 19, -10], "size": [6, 5, 6], "uv": [23, 68]},
						{"origin": [-23.5, 20, -8.5], "size": [9, 3, 3], "pivot": [-19, 21.5, -7], "rotation": [45, 0, 0], "uv": [134, 18]},
						{"origin": [-16, 19, -9], "size": [1, 4, 4], "uv": [0, 50]},
						{"origin": [-23, 19, -9], "size": [1, 4, 4], "uv": [0, 50], "mirror": true}
					],
					"locators": {
						"f": {
							"offset": [-19, 13, -7],
							"rotation": [-180, 0, 0]
						}
					}
				},
				{
					"name": "Jl",
					"parent": "Jat",
					"pivot": [-19, 15, -7],
					"cubes": [
						{"origin": [-22, 11, -7], "size": [6, 2, 5], "pivot": [-18, 13, -2], "rotation": [-72.5, 0, 0], "uv": [32, 161]}
					]
				},
				{
					"name": "Jl2",
					"parent": "Jat",
					"pivot": [-19, 15, -7],
					"rotation": [0, 90, 0],
					"cubes": [
						{"origin": [-22, 11, -7], "size": [6, 2, 5], "pivot": [-18, 13, -2], "rotation": [-72.5, 0, 0], "uv": [32, 161]}
					]
				},
				{
					"name": "Jl4",
					"parent": "Jat",
					"pivot": [-19, 15, -7],
					"rotation": [0, -90, 0],
					"cubes": [
						{"origin": [-22, 11, -7], "size": [6, 2, 5], "pivot": [-20, 13, -2], "rotation": [-72.5, 0, 0], "uv": [32, 161], "mirror": true}
					]
				},
				{
					"name": "Jl3",
					"parent": "Jat",
					"pivot": [-19, 15, -7],
					"rotation": [-180, 0, -180],
					"cubes": [
						{"origin": [-22, 11, -7], "size": [6, 2, 5], "pivot": [-18, 13, -2], "rotation": [-72.5, 0, 0], "uv": [32, 161]}
					]
				},
				{
					"name": "Jat3",
					"parent": "Carrier",
					"pivot": [-19, 21, 17],
					"rotation": [15, 0, 0],
					"cubes": [
						{"origin": [-22, 13, 14], "size": [6, 5, 6], "uv": [23, 68]},
						{"origin": [-24, 8, 12], "size": [10, 5, 10], "uv": [138, 126]},
						{"origin": [-23, 17, 13], "size": [8, 2, 8], "uv": [191, 85]},
						{"origin": [-22, 19, 14], "size": [6, 5, 6], "uv": [23, 68]},
						{"origin": [-23.5, 20, 15.5], "size": [9, 3, 3], "pivot": [-19, 21.5, 17], "rotation": [45, 0, 0], "uv": [134, 18]},
						{"origin": [-16, 19, 15], "size": [1, 4, 4], "uv": [0, 50]},
						{"origin": [-23, 19, 15], "size": [1, 4, 4], "uv": [0, 50], "mirror": true}
					],
					"locators": {
						"f3": {
							"offset": [-19, 13, 17],
							"rotation": [-180, 0, 0]
						}
					}
				},
				{
					"name": "Jl9",
					"parent": "Jat3",
					"pivot": [-19, 15, 17],
					"cubes": [
						{"origin": [-22, 11, 17], "size": [6, 2, 5], "pivot": [-18, 13, 22], "rotation": [-72.5, 0, 0], "uv": [32, 161]}
					]
				},
				{
					"name": "Jl10",
					"parent": "Jat3",
					"pivot": [-19, 15, 17],
					"rotation": [0, 90, 0],
					"cubes": [
						{"origin": [-22, 11, 17], "size": [6, 2, 5], "pivot": [-18, 13, 22], "rotation": [-72.5, 0, 0], "uv": [32, 161]}
					]
				},
				{
					"name": "Jl11",
					"parent": "Jat3",
					"pivot": [-19, 15, 17],
					"rotation": [0, -90, 0],
					"cubes": [
						{"origin": [-22, 11, 17], "size": [6, 2, 5], "pivot": [-20, 13, 22], "rotation": [-72.5, 0, 0], "uv": [32, 161], "mirror": true}
					]
				},
				{
					"name": "Jl12",
					"parent": "Jat3",
					"pivot": [-19, 15, 17],
					"rotation": [-180, 0, -180],
					"cubes": [
						{"origin": [-22, 11, 17], "size": [6, 2, 5], "pivot": [-18, 13, 22], "rotation": [-72.5, 0, 0], "uv": [32, 161]}
					]
				},
				{
					"name": "Jat4",
					"parent": "Carrier",
					"pivot": [-19, 24, 23],
					"rotation": [62.5, 0, 0],
					"cubes": [
						{"origin": [-22, 16, 20], "size": [6, 5, 6], "uv": [23, 68]},
						{"origin": [-24, 11, 18], "size": [10, 5, 10], "uv": [138, 126]},
						{"origin": [-23, 20, 19], "size": [8, 2, 8], "uv": [191, 85]},
						{"origin": [-22, 22, 20], "size": [6, 5, 6], "uv": [23, 68]},
						{"origin": [-23.5, 23, 21.5], "size": [9, 3, 3], "pivot": [-19, 24.5, 23], "rotation": [45, 0, 0], "uv": [134, 18]},
						{"origin": [-16, 22, 21], "size": [1, 4, 4], "uv": [0, 50]},
						{"origin": [-23, 22, 21], "size": [1, 4, 4], "uv": [0, 50], "mirror": true}
					],
					"locators": {
						"f4": {
							"offset": [-19, 16, 23],
							"rotation": [-180, 0, 0]
						}
					}
				},
				{
					"name": "Jl13",
					"parent": "Jat4",
					"pivot": [-19, 18, 23],
					"cubes": [
						{"origin": [-22, 14, 23], "size": [6, 2, 5], "pivot": [-18, 16, 28], "rotation": [-72.5, 0, 0], "uv": [32, 161]}
					]
				},
				{
					"name": "Jl14",
					"parent": "Jat4",
					"pivot": [-19, 18, 23],
					"rotation": [0, 90, 0],
					"cubes": [
						{"origin": [-22, 14, 23], "size": [6, 2, 5], "pivot": [-18, 16, 28], "rotation": [-72.5, 0, 0], "uv": [32, 161]}
					]
				},
				{
					"name": "Jl15",
					"parent": "Jat4",
					"pivot": [-19, 18, 23],
					"rotation": [0, -90, 0],
					"cubes": [
						{"origin": [-22, 14, 23], "size": [6, 2, 5], "pivot": [-20, 16, 28], "rotation": [-72.5, 0, 0], "uv": [32, 161], "mirror": true}
					]
				},
				{
					"name": "Jl16",
					"parent": "Jat4",
					"pivot": [-19, 18, 23],
					"rotation": [-180, 0, -180],
					"cubes": [
						{"origin": [-22, 14, 23], "size": [6, 2, 5], "pivot": [-18, 16, 28], "rotation": [-72.5, 0, 0], "uv": [32, 161]}
					]
				},
				{
					"name": "Jat2",
					"parent": "Carrier",
					"pivot": [-19, 21, 5],
					"rotation": [15, 0, 0],
					"cubes": [
						{"origin": [-22, 13, 2], "size": [6, 5, 6], "uv": [23, 68]},
						{"origin": [-24, 8, 0], "size": [10, 5, 10], "uv": [138, 126]},
						{"origin": [-23, 17, 1], "size": [8, 2, 8], "uv": [191, 85]},
						{"origin": [-22, 19, 2], "size": [6, 5, 6], "uv": [23, 68]},
						{"origin": [-23.5, 20, 3.5], "size": [9, 3, 3], "pivot": [-19, 21.5, 5], "rotation": [45, 0, 0], "uv": [134, 18]},
						{"origin": [-16, 19, 3], "size": [1, 4, 4], "uv": [0, 50]},
						{"origin": [-23, 19, 3], "size": [1, 4, 4], "uv": [0, 50], "mirror": true}
					],
					"locators": {
						"f2": {
							"offset": [-19, 13, 5],
							"rotation": [-180, 0, 0]
						}
					}
				},
				{
					"name": "Jl5",
					"parent": "Jat2",
					"pivot": [-19, 15, 5],
					"cubes": [
						{"origin": [-22, 11, 5], "size": [6, 2, 5], "pivot": [-18, 13, 10], "rotation": [-72.5, 0, 0], "uv": [32, 161]}
					]
				},
				{
					"name": "Jl6",
					"parent": "Jat2",
					"pivot": [-19, 15, 5],
					"rotation": [0, 90, 0],
					"cubes": [
						{"origin": [-22, 11, 5], "size": [6, 2, 5], "pivot": [-18, 13, 10], "rotation": [-72.5, 0, 0], "uv": [32, 161]}
					]
				},
				{
					"name": "Jl7",
					"parent": "Jat2",
					"pivot": [-19, 15, 5],
					"rotation": [0, -90, 0],
					"cubes": [
						{"origin": [-22, 11, 5], "size": [6, 2, 5], "pivot": [-20, 13, 10], "rotation": [-72.5, 0, 0], "uv": [32, 161], "mirror": true}
					]
				},
				{
					"name": "Jl8",
					"parent": "Jat2",
					"pivot": [-19, 15, 5],
					"rotation": [-180, 0, -180],
					"cubes": [
						{"origin": [-22, 11, 5], "size": [6, 2, 5], "pivot": [-18, 13, 10], "rotation": [-72.5, 0, 0], "uv": [32, 161]}
					]
				},
				{
					"name": "Carrier2",
					"parent": "Toilet",
					"pivot": [13, 31, 0],
					"rotation": [0, 0, -2.5],
					"cubes": [
						{"origin": [10, 12, -21], "size": [18, 12, 8], "uv": [161, 42], "mirror": true},
						{"origin": [10.5, 26, -20.5], "size": [17, 2, 47], "uv": [0, 50], "mirror": true},
						{"origin": [10, 28, -21], "size": [18, 2, 48], "uv": [0, 0], "mirror": true},
						{"origin": [23, 30, -21], "size": [5, 2, 48], "uv": [80, 93], "mirror": true},
						{"origin": [22, 22, -13], "size": [5, 2, 40], "uv": [84, 0], "mirror": true},
						{"origin": [11, 22, -13], "size": [5, 2, 40], "uv": [84, 0]},
						{"origin": [10, 30, -21], "size": [5, 2, 48], "uv": [80, 93]},
						{"origin": [10, 24, -21], "size": [18, 2, 48], "uv": [0, 0], "mirror": true}
					]
				},
				{
					"name": "T2",
					"parent": "Carrier2",
					"pivot": [19, 21, -21],
					"rotation": [-7.47178, -0.65182, -4.95744],
					"cubes": [
						{"origin": [18.5, 10, -24], "size": [1, 23, 4], "uv": [118, 99], "mirror": true},
						{"origin": [14.5, 10, -24], "size": [1, 23, 4], "uv": [118, 99], "mirror": true},
						{"origin": [22.5, 10, -24], "size": [1, 23, 4], "uv": [118, 99]},
						{"origin": [10.5, 10, -24], "size": [1, 23, 4], "uv": [118, 99], "mirror": true},
						{"origin": [26.5, 10, -24], "size": [1, 23, 4], "uv": [118, 99]},
						{"origin": [16.5, 11, -24], "size": [1, 21, 4], "uv": [96, 143], "mirror": true},
						{"origin": [20.5, 11, -24], "size": [1, 21, 4], "uv": [96, 143]},
						{"origin": [12.5, 11, -24], "size": [1, 21, 4], "uv": [96, 143], "mirror": true},
						{"origin": [24.5, 11, -24], "size": [1, 21, 4], "uv": [96, 143]}
					]
				},
				{
					"name": "Jat5",
					"parent": "Carrier2",
					"pivot": [19, 23, -7],
					"rotation": [15, 0, 0],
					"cubes": [
						{"origin": [16, 15, -10], "size": [6, 5, 6], "uv": [23, 68], "mirror": true},
						{"origin": [14, 10, -12], "size": [10, 5, 10], "uv": [138, 126], "mirror": true},
						{"origin": [15, 19, -11], "size": [8, 2, 8], "uv": [191, 85], "mirror": true},
						{"origin": [16, 21, -10], "size": [6, 5, 6], "uv": [23, 68], "mirror": true},
						{"origin": [14.5, 22, -8.5], "size": [9, 3, 3], "pivot": [19, 23.5, -7], "rotation": [45, 0, 0], "uv": [134, 18], "mirror": true},
						{"origin": [15, 21, -9], "size": [1, 4, 4], "uv": [0, 50], "mirror": true},
						{"origin": [22, 21, -9], "size": [1, 4, 4], "uv": [0, 50]}
					],
					"locators": {
						"f5": {
							"offset": [19, 15, -7],
							"rotation": [-180, 0, 0]
						}
					}
				},
				{
					"name": "Jl17",
					"parent": "Jat5",
					"pivot": [19, 17, -7],
					"cubes": [
						{"origin": [16, 13, -7], "size": [6, 2, 5], "pivot": [18, 15, -2], "rotation": [-72.5, 0, 0], "uv": [32, 161], "mirror": true}
					]
				},
				{
					"name": "Jl18",
					"parent": "Jat5",
					"pivot": [19, 17, -7],
					"rotation": [0, -90, 0],
					"cubes": [
						{"origin": [16, 13, -7], "size": [6, 2, 5], "pivot": [18, 15, -2], "rotation": [-72.5, 0, 0], "uv": [32, 161], "mirror": true}
					]
				},
				{
					"name": "Jl19",
					"parent": "Jat5",
					"pivot": [19, 17, -7],
					"rotation": [0, 90, 0],
					"cubes": [
						{"origin": [16, 13, -7], "size": [6, 2, 5], "pivot": [20, 15, -2], "rotation": [-72.5, 0, 0], "uv": [32, 161]}
					]
				},
				{
					"name": "Jl20",
					"parent": "Jat5",
					"pivot": [19, 17, -7],
					"rotation": [-180, 0, 180],
					"cubes": [
						{"origin": [16, 13, -7], "size": [6, 2, 5], "pivot": [18, 15, -2], "rotation": [-72.5, 0, 0], "uv": [32, 161], "mirror": true}
					]
				},
				{
					"name": "Jat6",
					"parent": "Carrier2",
					"pivot": [19, 23, 17],
					"rotation": [15, 0, 0],
					"cubes": [
						{"origin": [16, 15, 14], "size": [6, 5, 6], "uv": [23, 68], "mirror": true},
						{"origin": [14, 10, 12], "size": [10, 5, 10], "uv": [138, 126], "mirror": true},
						{"origin": [15, 19, 13], "size": [8, 2, 8], "uv": [191, 85], "mirror": true},
						{"origin": [16, 21, 14], "size": [6, 5, 6], "uv": [23, 68], "mirror": true},
						{"origin": [14.5, 22, 15.5], "size": [9, 3, 3], "pivot": [19, 23.5, 17], "rotation": [45, 0, 0], "uv": [134, 18], "mirror": true},
						{"origin": [15, 21, 15], "size": [1, 4, 4], "uv": [0, 50], "mirror": true},
						{"origin": [22, 21, 15], "size": [1, 4, 4], "uv": [0, 50]}
					],
					"locators": {
						"f6": {
							"offset": [19, 15, 17],
							"rotation": [-180, 0, 0]
						}
					}
				},
				{
					"name": "Jl21",
					"parent": "Jat6",
					"pivot": [19, 17, 17],
					"cubes": [
						{"origin": [16, 13, 17], "size": [6, 2, 5], "pivot": [18, 15, 22], "rotation": [-72.5, 0, 0], "uv": [32, 161], "mirror": true}
					]
				},
				{
					"name": "Jl22",
					"parent": "Jat6",
					"pivot": [19, 17, 17],
					"rotation": [0, -90, 0],
					"cubes": [
						{"origin": [16, 13, 17], "size": [6, 2, 5], "pivot": [18, 15, 22], "rotation": [-72.5, 0, 0], "uv": [32, 161], "mirror": true}
					]
				},
				{
					"name": "Jl23",
					"parent": "Jat6",
					"pivot": [19, 17, 17],
					"rotation": [0, 90, 0],
					"cubes": [
						{"origin": [16, 13, 17], "size": [6, 2, 5], "pivot": [20, 15, 22], "rotation": [-72.5, 0, 0], "uv": [32, 161]}
					]
				},
				{
					"name": "Jl24",
					"parent": "Jat6",
					"pivot": [19, 17, 17],
					"rotation": [-180, 0, 180],
					"cubes": [
						{"origin": [16, 13, 17], "size": [6, 2, 5], "pivot": [18, 15, 22], "rotation": [-72.5, 0, 0], "uv": [32, 161], "mirror": true}
					]
				},
				{
					"name": "Jat7",
					"parent": "Carrier2",
					"pivot": [19, 26, 23],
					"rotation": [62.5, 0, 0],
					"cubes": [
						{"origin": [16, 18, 20], "size": [6, 5, 6], "uv": [23, 68], "mirror": true},
						{"origin": [14, 13, 18], "size": [10, 5, 10], "uv": [138, 126], "mirror": true},
						{"origin": [15, 22, 19], "size": [8, 2, 8], "uv": [191, 85], "mirror": true},
						{"origin": [16, 24, 20], "size": [6, 5, 6], "uv": [23, 68], "mirror": true},
						{"origin": [14.5, 25, 21.5], "size": [9, 3, 3], "pivot": [19, 26.5, 23], "rotation": [45, 0, 0], "uv": [134, 18], "mirror": true},
						{"origin": [15, 24, 21], "size": [1, 4, 4], "uv": [0, 50], "mirror": true},
						{"origin": [22, 24, 21], "size": [1, 4, 4], "uv": [0, 50]}
					],
					"locators": {
						"f7": {
							"offset": [19, 18, 23],
							"rotation": [-180, 0, 0]
						}
					}
				},
				{
					"name": "Jl25",
					"parent": "Jat7",
					"pivot": [19, 20, 23],
					"cubes": [
						{"origin": [16, 16, 23], "size": [6, 2, 5], "pivot": [18, 18, 28], "rotation": [-72.5, 0, 0], "uv": [32, 161], "mirror": true}
					]
				},
				{
					"name": "Jl26",
					"parent": "Jat7",
					"pivot": [19, 20, 23],
					"rotation": [0, -90, 0],
					"cubes": [
						{"origin": [16, 16, 23], "size": [6, 2, 5], "pivot": [18, 18, 28], "rotation": [-72.5, 0, 0], "uv": [32, 161], "mirror": true}
					]
				},
				{
					"name": "Jl27",
					"parent": "Jat7",
					"pivot": [19, 20, 23],
					"rotation": [0, 90, 0],
					"cubes": [
						{"origin": [16, 16, 23], "size": [6, 2, 5], "pivot": [20, 18, 28], "rotation": [-72.5, 0, 0], "uv": [32, 161]}
					]
				},
				{
					"name": "Jl28",
					"parent": "Jat7",
					"pivot": [19, 20, 23],
					"rotation": [-180, 0, 180],
					"cubes": [
						{"origin": [16, 16, 23], "size": [6, 2, 5], "pivot": [18, 18, 28], "rotation": [-72.5, 0, 0], "uv": [32, 161], "mirror": true}
					]
				},
				{
					"name": "Jat8",
					"parent": "Carrier2",
					"pivot": [19, 23, 5],
					"rotation": [15, 0, 0],
					"cubes": [
						{"origin": [16, 15, 2], "size": [6, 5, 6], "uv": [23, 68], "mirror": true},
						{"origin": [14, 10, 0], "size": [10, 5, 10], "uv": [138, 126], "mirror": true},
						{"origin": [15, 19, 1], "size": [8, 2, 8], "uv": [191, 85], "mirror": true},
						{"origin": [16, 21, 2], "size": [6, 5, 6], "uv": [23, 68], "mirror": true},
						{"origin": [14.5, 22, 3.5], "size": [9, 3, 3], "pivot": [19, 23.5, 5], "rotation": [45, 0, 0], "uv": [134, 18], "mirror": true},
						{"origin": [15, 21, 3], "size": [1, 4, 4], "uv": [0, 50], "mirror": true},
						{"origin": [22, 21, 3], "size": [1, 4, 4], "uv": [0, 50]}
					],
					"locators": {
						"f8": {
							"offset": [19, 15, 5],
							"rotation": [-180, 0, 0]
						}
					}
				},
				{
					"name": "Jl29",
					"parent": "Jat8",
					"pivot": [19, 17, 5],
					"cubes": [
						{"origin": [16, 13, 5], "size": [6, 2, 5], "pivot": [18, 15, 10], "rotation": [-72.5, 0, 0], "uv": [32, 161], "mirror": true}
					]
				},
				{
					"name": "Jl30",
					"parent": "Jat8",
					"pivot": [19, 17, 5],
					"rotation": [0, -90, 0],
					"cubes": [
						{"origin": [16, 13, 5], "size": [6, 2, 5], "pivot": [18, 15, 10], "rotation": [-72.5, 0, 0], "uv": [32, 161], "mirror": true}
					]
				},
				{
					"name": "Jl31",
					"parent": "Jat8",
					"pivot": [19, 17, 5],
					"rotation": [0, 90, 0],
					"cubes": [
						{"origin": [16, 13, 5], "size": [6, 2, 5], "pivot": [20, 15, 10], "rotation": [-72.5, 0, 0], "uv": [32, 161]}
					]
				},
				{
					"name": "Jl32",
					"parent": "Jat8",
					"pivot": [19, 17, 5],
					"rotation": [-180, 0, 180],
					"cubes": [
						{"origin": [16, 13, 5], "size": [6, 2, 5], "pivot": [18, 15, 10], "rotation": [-72.5, 0, 0], "uv": [32, 161], "mirror": true}
					]
				}
			]
		}
	]
}