{
	"format_version": "1.12.0",
	"minecraft:geometry": [
		{
			"description": {
				"identifier": "geometry.unknown",
				"texture_width": 48,
				"texture_height": 48,
				"visible_bounds_width": 2,
				"visible_bounds_height": 2.5,
				"visible_bounds_offset": [0, 0.75, 0]
			},
			"bones": [
				{
					"name": "Camera",
					"pivot": [0, 0, 0],
					"cubes": [
						{
							"origin": [-3, 0, -5],
							"size": [6, 6, 11],
							"uv": {
								"north": {"uv": [23, 5], "uv_size": [6, 6]},
								"east": {"uv": [12, 0], "uv_size": [11, 6]},
								"south": {"uv": [10, 23], "uv_size": [6, 6]},
								"west": {"uv": [12, 6], "uv_size": [11, 6]},
								"up": {"uv": [12, 12], "uv_size": [6, 11]},
								"down": {"uv": [0, 25], "uv_size": [6, -11]}
							}
						},
						{
							"origin": [-3, 6, -8],
							"size": [6, 0.6, 14],
							"uv": {
								"north": {"uv": [16, 26], "uv_size": [6, 1]},
								"east": {"uv": [23, 11], "uv_size": [14, 1]},
								"south": {"uv": [2, 29], "uv_size": [6, 1]},
								"west": {"uv": [16, 27], "uv_size": [14, 1]},
								"up": {"uv": [0, 0], "uv_size": [6, 14]},
								"down": {"uv": [6, 14], "uv_size": [6, -14]}
							}
						},
						{
							"origin": [-2, 6.6, -7],
							"size": [4, 0.4, 12],
							"uv": {
								"north": {"uv": [29, 10], "uv_size": [4, 1]},
								"east": {"uv": [16, 28], "uv_size": [12, 1]},
								"south": {"uv": [15, 29], "uv_size": [4, 1]},
								"west": {"uv": [28, 28], "uv_size": [12, 1]},
								"up": {"uv": [6, 14], "uv_size": [4, 12]},
								"down": {"uv": [18, 24], "uv_size": [4, -12]}
							}
						}
					]
				},
				{
					"name": "lens",
					"parent": "Camera",
					"pivot": [0, 0, 0],
					"cubes": [
						{
							"origin": [-1.4, 2, -6],
							"size": [0.4, 2, 1],
							"uv": {
								"north": {"uv": [20, 24], "uv_size": [1, 2]},
								"east": {"uv": [21, 24], "uv_size": [1, 2]},
								"south": {"uv": [6, 30], "uv_size": [1, 2]},
								"west": {"uv": [7, 30], "uv_size": [1, 2]},
								"up": {"uv": [16, 23], "uv_size": [1, 1]},
								"down": {"uv": [17, 24], "uv_size": [1, -1]}
							}
						},
						{
							"origin": [-1.4, 1.7, -6],
							"size": [2.8, 0.3, 1],
							"uv": {
								"north": {"uv": [30, 8], "uv_size": [3, 1]},
								"east": {"uv": [23, 31], "uv_size": [1, 1]},
								"south": {"uv": [30, 9], "uv_size": [3, 1]},
								"west": {"uv": [31, 23], "uv_size": [1, 1]},
								"up": {"uv": [15, 30], "uv_size": [3, 1]},
								"down": {"uv": [18, 31], "uv_size": [3, -1]}
							}
						},
						{
							"origin": [-1.4, 4, -6],
							"size": [2.8, 0.3, 1],
							"uv": {
								"north": {"uv": [21, 30], "uv_size": [3, 1]},
								"east": {"uv": [31, 24], "uv_size": [1, 1]},
								"south": {"uv": [27, 30], "uv_size": [3, 1]},
								"west": {"uv": [31, 25], "uv_size": [1, 1]},
								"up": {"uv": [30, 27], "uv_size": [3, 1]},
								"down": {"uv": [30, 30], "uv_size": [3, -1]}
							}
						},
						{
							"origin": [1, 2, -6],
							"size": [0.4, 2, 1],
							"uv": {
								"north": {"uv": [4, 31], "uv_size": [1, 2]},
								"east": {"uv": [31, 5], "uv_size": [1, 2]},
								"south": {"uv": [31, 12], "uv_size": [1, 2]},
								"west": {"uv": [31, 14], "uv_size": [1, 2]},
								"up": {"uv": [22, 31], "uv_size": [1, 1]},
								"down": {"uv": [31, 23], "uv_size": [1, -1]}
							}
						}
					]
				},
				{
					"name": "side1",
					"parent": "Camera",
					"pivot": [0, 0, 0],
					"cubes": [
						{
							"origin": [-3.5, 2, -4],
							"size": [0.5, 1, 1],
							"uv": {
								"north": {"uv": [31, 7], "uv_size": [1, 1]},
								"east": {"uv": [15, 31], "uv_size": [1, 1]},
								"south": {"uv": [16, 31], "uv_size": [1, 1]},
								"west": {"uv": [31, 16], "uv_size": [1, 1]},
								"up": {"uv": [17, 31], "uv_size": [1, 1]},
								"down": {"uv": [31, 18], "uv_size": [1, -1]}
							}
						},
						{
							"origin": [-3.5, 3, -6],
							"size": [0.5, 1, 3],
							"uv": {
								"north": {"uv": [6, 28], "uv_size": [1, 1]},
								"east": {"uv": [19, 29], "uv_size": [3, 1]},
								"south": {"uv": [7, 28], "uv_size": [1, 1]},
								"west": {"uv": [22, 29], "uv_size": [3, 1]},
								"up": {"uv": [25, 29], "uv_size": [1, 3]},
								"down": {"uv": [26, 32], "uv_size": [1, -3]}
							}
						},
						{
							"origin": [-3.5, 4, -7],
							"size": [0.5, 2, 4],
							"uv": {
								"north": {"uv": [24, 30], "uv_size": [1, 2]},
								"east": {"uv": [16, 24], "uv_size": [4, 2]},
								"south": {"uv": [30, 30], "uv_size": [1, 2]},
								"west": {"uv": [2, 25], "uv_size": [4, 2]},
								"up": {"uv": [11, 29], "uv_size": [1, 4]},
								"down": {"uv": [12, 33], "uv_size": [1, -4]}
							}
						},
						{
							"origin": [-3.5, 1, -3],
							"size": [0.5, 5, 9],
							"uv": {
								"north": {"uv": [8, 28], "uv_size": [1, 5]},
								"east": {"uv": [22, 12], "uv_size": [9, 5]},
								"south": {"uv": [9, 28], "uv_size": [1, 5]},
								"west": {"uv": [22, 17], "uv_size": [9, 5]},
								"up": {"uv": [10, 14], "uv_size": [1, 9]},
								"down": {"uv": [11, 23], "uv_size": [1, -9]}
							}
						}
					]
				},
				{
					"name": "side2",
					"parent": "Camera",
					"pivot": [7, 0, 0],
					"cubes": [
						{
							"origin": [3, 2, -4],
							"size": [0.5, 1, 1],
							"uv": {
								"north": {"uv": [18, 31], "uv_size": [1, 1]},
								"east": {"uv": [31, 18], "uv_size": [1, 1]},
								"south": {"uv": [19, 31], "uv_size": [1, 1]},
								"west": {"uv": [31, 19], "uv_size": [1, 1]},
								"up": {"uv": [20, 31], "uv_size": [1, 1]},
								"down": {"uv": [31, 21], "uv_size": [1, -1]}
							}
						},
						{
							"origin": [3, 3, -6],
							"size": [0.5, 1, 3],
							"uv": {
								"north": {"uv": [21, 31], "uv_size": [1, 1]},
								"east": {"uv": [27, 29], "uv_size": [3, 1]},
								"south": {"uv": [31, 21], "uv_size": [1, 1]},
								"west": {"uv": [2, 30], "uv_size": [3, 1]},
								"up": {"uv": [5, 30], "uv_size": [1, 3]},
								"down": {"uv": [30, 8], "uv_size": [1, -3]}
							}
						},
						{
							"origin": [3, 4, -7],
							"size": [0.5, 2, 4],
							"uv": {
								"north": {"uv": [2, 31], "uv_size": [1, 2]},
								"east": {"uv": [6, 26], "uv_size": [4, 2]},
								"south": {"uv": [3, 31], "uv_size": [1, 2]},
								"west": {"uv": [2, 27], "uv_size": [4, 2]},
								"up": {"uv": [13, 29], "uv_size": [1, 4]},
								"down": {"uv": [14, 33], "uv_size": [1, -4]}
							}
						},
						{
							"origin": [3, 1, -3],
							"size": [0.5, 5, 9],
							"uv": {
								"north": {"uv": [29, 5], "uv_size": [1, 5]},
								"east": {"uv": [22, 22], "uv_size": [9, 5]},
								"south": {"uv": [10, 29], "uv_size": [1, 5]},
								"west": {"uv": [23, 0], "uv_size": [9, 5]},
								"up": {"uv": [0, 25], "uv_size": [1, 9]},
								"down": {"uv": [1, 34], "uv_size": [1, -9]}
							}
						}
					]
				}
			]
		}
	]
}