{
	"format_version": "1.8.0",
	"animations": {
		"atak": {
			"animation_length": 0.66667,
			"bones": {
				"boyun_ve_kafa": {
					"rotation": {
						"0.0": [0, 0, 0],
						"0.5": [0, 0, 0]
					},
					"position": {
						"0.0": [0, 0, 0],
						"0.5": [0, 0, 0]
					},
					"scale": {
						"0.0": [1, 1, 1],
						"0.5": [1, 1, 1]
					}
				},
				"boyun": {
					"rotation": {
						"0.0": [0, 0, 0],
						"0.0417": [0, 0, 0],
						"0.25": [57.5, 0, 0],
						"0.5": [0, 0, 0]
					},
					"position": {
						"0.0": [0, 0, 0],
						"0.25": [0, 0, -1],
						"0.5": [0, 0, 0]
					},
					"scale": {
						"0.0": [1, 1, 1],
						"0.25": [1, 1.9, 1],
						"0.5": [1, 1, 1]
					}
				},
				"kafa": {
					"rotation": {
						"0.0": [0, 0, 0],
						"0.0417": [0, 0, 0],
						"0.25": [-32.5, 0, 0],
						"0.5": [0, 0, 0]
					},
					"position": {
						"0.0": [0, 0, 0],
						"0.0417": [0, 0, 0],
						"0.25": [0, 0, -1.5],
						"0.5": [0, 0, 0]
					},
					"scale": {
						"0.0": [1, 1, 1],
						"0.0417": [1, 1, 1],
						"0.25": [1, 1.1, 1.1],
						"0.5": [1, 1, 1]
					}
				},
				"full_temel": {
					"rotation": {
						"0.0": [0, 0, 0],
						"0.5": [0, 0, 0]
					},
					"position": {
						"0.0": [0, 0, 0],
						"0.5": [0, 0, 0]
					},
					"scale": {
						"0.0": [1, 1, 1],
						"0.5": [1, 1, 1]
					}
				}
			}
		},
		"kosma": {
			"loop": true,
			"animation_length": 0.8125,
			"bones": {
				"boyun_ve_kafa": {
					"rotation": {
						"0.0": [0, 0, 0],
						"0.125": [0, 0, 0],
						"0.25": [0, 0, 0],
						"0.375": [0, 0, 0],
						"0.5": [0, 0, 0]
					}
				},
				"boyun": {
					"rotation": {
						"0.0": [0, 0, 0],
						"0.25": [0, 0, -5],
						"0.5": [0, 0, 5],
						"0.75": [0, 0, 0]
					},
					"position": {
						"0.0": [0, 0, 0],
						"0.25": [-0.2, 0, 0],
						"0.5": [0.2, 0, 0],
						"0.5625": [0.17294, 0, 0],
						"0.6875": [0.02706, 0, 0],
						"0.75": [0, 0, 0]
					}
				},
				"kapak": {
					"rotation": {
						"0.0": [0, 0, 0],
						"0.25": [0, 0, 0]
					},
					"position": [0, 0, 0]
				}
			}
		},
		"sifon_cekme": {
			"loop": "hold_on_last_frame",
			"animation_length": 4,
			"bones": {
				"sifon": {
					"position": {
						"0.0": [0, 0, 0],
						"1.0": [0, 0.45, 0],
						"2.0": [0, 0.45, 0],
						"2.5": [0, 0.45, 0],
						"4.0": [0, 0, 0]
					},
					"scale": {
						"0.0": [1, 1, 1],
						"1.0": [1, 1, 1],
						"2.0": [1, 1, 1],
						"2.5": [1, 1, 1],
						"4.0": [1, 1, 1]
					}
				},
				"kapak": {
					"rotation": ["o", 0, 0],
					"position": [0, 0, 0]
				},
				"pi1": {
					"rotation": {
						"0.2083": [0, 0, 0],
						"3.0": [0, 0, 0]
					},
					"position": {
						"0.2083": [0, 0, 0],
						"3.0": [0, 0, 0]
					}
				},
				"pi2": {
					"position": {
						"0.2083": [0, 0, 0],
						"3.0": [0, 0, 0]
					}
				}
			}
		},
		"statik": {
			"loop": true,
			"animation_length": 1.41667,
			"bones": {
				"kafa": {
					"rotation": {
						"0.0": {
							"post": [0, 0, 0],
							"lerp_mode": "catmullrom"
						},
						"0.5": {
							"post": [0, 0, 0],
							"lerp_mode": "catmullrom"
						},
						"0.8333": {
							"post": [0, 0, 0],
							"lerp_mode": "catmullrom"
						},
						"1.4167": {
							"post": [0, 0, 0],
							"lerp_mode": "catmullrom"
						}
					}
				},
				"boyun": {
					"rotation": {
						"0.0": {
							"post": [0, 0, -17.5],
							"lerp_mode": "catmullrom"
						},
						"0.5": {
							"post": [0, 0, 12.52],
							"lerp_mode": "catmullrom"
						},
						"0.8333": {
							"post": [22.5, 0, 6.58],
							"lerp_mode": "catmullrom"
						},
						"1.4167": {
							"post": [0, 0, -17.5],
							"lerp_mode": "catmullrom"
						}
					}
				}
			}
		},
		"sifon_cekildi": {
			"loop": "hold_on_last_frame",
			"animation_length": 6.375,
			"bones": {
				"boyun_ve_kafa": {
					"rotation": {
						"0.0": [0, 0, 0],
						"3.0": [0, 0, 0]
					},
					"position": {
						"0.0": [0, 0, 0],
						"3.0": [0, 0, 0]
					}
				},
				"boyun": {
					"rotation": {
						"0.0": [0, 0, 0],
						"1.0": [0, -360, 0],
						"2.0": [0, -720, 0],
						"2.5": [0, -1080, 0],
						"3.0": [0, -1440, 0],
						"3.25": [0, -1800, 0],
						"3.625": [0, -2160, 0],
						"4.0": [0, -2520, 0],
						"4.5": [0, -2880, 0],
						"5.0": [0, -3240, 0],
						"6.0": [0, -3600, 0]
					},
					"position": {
						"0.0": [0, 0, 0],
						"4.5": [0, -3, 0],
						"5.0": [0, -4, 0]
					},
					"scale": {
						"0.0": [1, 1, 1],
						"4.5": [0.5, 0.4, 0.5],
						"4.8333": [0.8333, 0.4, 0.7333],
						"4.9583": [0.7583, 0.4, 0.9333],
						"5.0": [1, 0.4, 1],
						"5.0417": [0.1, 0.1, 0.1],
						"6.0": [0, 0, 0]
					}
				},
				"full_temel": {
					"rotation": {
						"0.0": [0, 0, 0],
						"0.5": [0, 0, 0],
						"0.6667": [0, 0, 0],
						"0.8333": [0, 0, 0],
						"1.125": [0, 0, 0],
						"1.7083": [0, 0, 0],
						"2.0417": [0, 0, 0]
					}
				}
			}
		},
		"statik_2": {
			"loop": true,
			"animation_length": 6,
			"bones": {
				"kafa": {
					"rotation": {
						"0.0": {
							"post": [0, 0, 0],
							"lerp_mode": "catmullrom"
						}
					}
				},
				"boyun": {
					"rotation": {
						"0.0": {
							"post": [0, 0, -17.5],
							"lerp_mode": "catmullrom"
						},
						"1.5": {
							"post": [-2.43656, 0.9762, -0.06344],
							"lerp_mode": "catmullrom"
						},
						"3.0": {
							"post": [0, 0, 17.5],
							"lerp_mode": "catmullrom"
						},
						"4.5": {
							"post": [-2.43656, 0.9762, -0.06344],
							"lerp_mode": "catmullrom"
						},
						"6.0": {
							"post": [0, 0, -17.5],
							"lerp_mode": "catmullrom"
						}
					}
				}
			}
		}
	}
}