{
	"format_version": "1.12.0",
	"minecraft:geometry": [
		{
			"description": {
				"identifier": "geometry.ic_large_speakerman",
				"texture_width": 128,
				"texture_height": 128,
				"visible_bounds_width": 4,
				"visible_bounds_height": 6.5,
				"visible_bounds_offset": [0, 2.75, 0]
			},
			"bones": [
				{
					"name": "root",
					"pivot": [0, 16, 0]
				},
				{
					"name": "waist",
					"parent": "root",
					"pivot": [0, 36, 0],
					"cubes": [
						{"origin": [-5, 36, -3], "size": [10, 9, 6], "uv": [0, 38]}
					]
				},
				{
					"name": "body",
					"parent": "waist",
					"pivot": [0, 44, 0],
					"cubes": [
						{"origin": [-7, 45, -4], "size": [14, 11, 8], "inflate": 0.2, "uv": [0, 0]},
						{"origin": [-9, 48.5, -3], "size": [18, 7, 6], "inflate": 0.2, "uv": [0, 115]}
					]
				},
				{
					"name": "left_arm",
					"parent": "body",
					"pivot": [9, 54.5, 0],
					"cubes": [
						{"origin": [9, 37.5, -2.5], "size": [5, 18, 5], "uv": [0, 77]}
					]
				},
				{
					"name": "left_arm2",
					"parent": "left_arm",
					"pivot": [11.5, 38.5, 0],
					"cubes": [
						{"origin": [9, 18.5, -2.5], "size": [5, 19, 5], "uv": [74, 0]},
						{"origin": [9, 18.5, -2.5], "size": [5, 19, 5], "inflate": 0.2, "uv": [55, 72]}
					]
				},
				{
					"name": "right_arm",
					"parent": "body",
					"pivot": [-9, 54.5, 0],
					"cubes": [
						{"origin": [-14, 37.5, -2.5], "size": [5, 18, 5], "uv": [0, 77], "mirror": true}
					]
				},
				{
					"name": "right_arm2",
					"parent": "right_arm",
					"pivot": [-11.5, 38.5, 0],
					"cubes": [
						{"origin": [-14, 18.5, -2.5], "size": [5, 19, 5], "uv": [74, 0], "mirror": true},
						{"origin": [-14, 18.5, -2.5], "size": [5, 19, 5], "inflate": 0.2, "uv": [55, 72], "mirror": true}
					]
				},
				{
					"name": "head",
					"parent": "body",
					"pivot": [0, 55, 0],
					"cubes": [
						{"origin": [-6, 57, -3.5], "size": [12, 18, 7], "uv": [90, 103]},
						{"origin": [-5.5, 56, -3.5], "size": [11, 1, 7], "uv": [90, 103]}
					],
					"locators": {
						"spark": [0, 65, 0]
					}
				},
				{
					"name": "left_leg",
					"parent": "root",
					"pivot": [4, 36, -0.5],
					"cubes": [
						{"origin": [1, 18, -2.5], "size": [5, 19, 5], "inflate": 0.1, "uv": [60, 48]}
					]
				},
				{
					"name": "left_leg2",
					"parent": "left_leg",
					"pivot": [3.5, 19, -0.5],
					"cubes": [
						{"origin": [1, 0, -2.5], "size": [5, 19, 5], "uv": [59, 19]}
					]
				},
				{
					"name": "right_leg",
					"parent": "root",
					"pivot": [-4, 36, -0.5],
					"cubes": [
						{"origin": [-6, 18, -2.5], "size": [5, 19, 5], "inflate": 0.1, "uv": [60, 48], "mirror": true}
					]
				},
				{
					"name": "right_leg2",
					"parent": "right_leg",
					"pivot": [-3.5, 19, -0.5],
					"cubes": [
						{"origin": [-6, 0, -2.5], "size": [5, 19, 5], "uv": [59, 19], "mirror": true}
					]
				}
			]
		}
	]
}