{
	"format_version": "1.12.0",
	"minecraft:geometry": [
		{
			"description": {
				"identifier": "geometry.sbgoji_upgrade_titan_camera_man_astro_claw",
				"texture_width": 256,
				"texture_height": 256,
				"visible_bounds_width": 158,
				"visible_bounds_height": 94,
				"visible_bounds_offset": [0, -9, 0]
			},
			"bones": [
				{
					"name": "Rott",
					"pivot": [0, 57, 0]
				},
				{
					"name": "body",
					"parent": "Rott",
					"pivot": [0, 46, 4],
					"cubes": [
						{"origin": [6, 52.38745, -1.3], "size": [5, 10, 13], "pivot": [11, 52, 0], "rotation": [0, 0, 22.5], "uv": [148, 102]},
						{"origin": [-11, 52.38745, -1.3], "size": [5, 10, 13], "pivot": [-11, 52, 0], "rotation": [0, 0, -22.5], "uv": [148, 102], "mirror": true},
						{"origin": [-12, 52.38745, -1.36356], "size": [23, 10, 13], "uv": [64, 61]},
						{"origin": [-11, 41.38745, -0.36356], "size": [21, 21, 11], "uv": [0, 52]}
					]
				},
				{
					"name": "body2",
					"parent": "body",
					"pivot": [0, 64, 4],
					"cubes": [
						{"origin": [-12, 65, -3], "size": [24, 13, 15], "pivot": [0, 69, 4], "rotation": [2.5, 0, 0], "uv": [0, 4]},
						{"origin": [-4, 78.01142, -2.52343], "size": [8, 6, 7], "pivot": [0, 81, 4], "rotation": [12.5, 0, 0], "uv": [169, 83]},
						{"origin": [-12, 60, -3], "size": [24, 5, 15], "pivot": [0, 69, 4], "rotation": [2.5, 0, 0], "uv": [0, 32]},
						{"origin": [-4, 74.85697, -6.68131], "size": [8, 2, 10], "pivot": [0, 76, -1], "rotation": [-17.5, 0, 0], "uv": [160, 18]},
						{"origin": [-1, 68.5, -4], "size": [2, 1, 1], "pivot": [0, 69, 4], "rotation": [2.5, 0, 0], "uv": [71, 16]},
						{"origin": [-1, 83, 3], "size": [2, 2, 2], "uv": [7, 32]},
						{"origin": [6.55571, 65.79066, -3.8705], "size": [9, 12, 10], "pivot": [11.05571, 71.79066, 1.1295], "rotation": [-0.43439, 2.462, -10.00933], "uv": [148, 0]},
						{"origin": [-15.55571, 65.79066, -3.8705], "size": [9, 12, 10], "pivot": [-11.05571, 71.79066, 1.1295], "rotation": [-0.43439, -2.462, 10.00933], "uv": [148, 0], "mirror": true},
						{"origin": [6.55571, 65.79066, 6.1295], "size": [9, 12, 4], "pivot": [11.05571, 71.79066, 1.1295], "rotation": [-0.43439, 2.462, -10.00933], "uv": [154, 174]},
						{"origin": [-15.55571, 65.79066, 6.1295], "size": [9, 12, 4], "pivot": [-11.05571, 71.79066, 1.1295], "rotation": [-0.43439, -2.462, 10.00933], "uv": [154, 174], "mirror": true},
						{"origin": [14.38856, 69.41745, -3.99], "size": [9, 9, 10], "pivot": [14.05571, 78.79066, 1.1295], "rotation": [1.2506, 2.1649, 30.02363], "uv": [39, 84]},
						{"origin": [-23.38856, 69.41745, -3.99], "size": [9, 9, 10], "pivot": [-14.05571, 78.79066, 1.1295], "rotation": [1.2506, -2.1649, -30.02363], "uv": [39, 84], "mirror": true},
						{"origin": [14.38856, 69.41745, 6.01], "size": [9, 9, 4], "pivot": [14.05571, 78.79066, 1.1295], "rotation": [1.2506, 2.1649, 30.02363], "uv": [180, 174]},
						{"origin": [-23.38856, 69.41745, 6.01], "size": [9, 9, 4], "pivot": [-14.05571, 78.79066, 1.1295], "rotation": [1.2506, -2.1649, -30.02363], "uv": [180, 174], "mirror": true},
						{"origin": [6.74312, 59.57801, -3.9], "size": [9, 12, 10], "pivot": [16, 77, 0], "rotation": [0.10912, 2.49762, 2.50238], "uv": [148, 0]},
						{"origin": [6.74312, 59.57801, 6.1], "size": [9, 12, 4], "pivot": [16, 77, 0], "rotation": [0.10912, 2.49762, 2.50238], "uv": [154, 174]},
						{"origin": [-15.74312, 59.57801, 6.1], "size": [9, 12, 4], "pivot": [-16, 77, 0], "rotation": [0.10912, -2.49762, -2.50238], "uv": [154, 174], "mirror": true},
						{"origin": [-15.74312, 59.57801, -3.9], "size": [9, 12, 10], "pivot": [-16, 77, 0], "rotation": [0.10912, -2.49762, -2.50238], "uv": [148, 0], "mirror": true},
						{"origin": [15.74312, 59.57801, -3.99], "size": [4, 12, 10], "pivot": [16, 77, 0], "rotation": [0.10912, 2.49762, 2.50238], "uv": [161, 152]},
						{"origin": [15.74312, 59.57801, 6.01], "size": [4, 12, 4], "pivot": [16, 77, 0], "rotation": [0.10912, 2.49762, 2.50238], "uv": [95, 186]},
						{"origin": [-19.74312, 59.57801, 6.01], "size": [4, 12, 4], "pivot": [-16, 77, 0], "rotation": [0.10912, -2.49762, -2.50238], "uv": [95, 186], "mirror": true},
						{"origin": [-19.74312, 59.57801, -3.99], "size": [4, 12, 10], "pivot": [-16, 77, 0], "rotation": [0.10912, -2.49762, -2.50238], "uv": [161, 152], "mirror": true},
						{"origin": [9, 65, -5], "size": [4, 14, 21], "pivot": [11, 67, 5.5], "rotation": [0, 0, 7.5], "uv": [98, 0]},
						{"origin": [-13, 65, -5], "size": [4, 14, 21], "pivot": [-11, 67, 5.5], "rotation": [0, 0, -7.5], "uv": [98, 0], "mirror": true},
						{"origin": [8.72184, 50.23775, -4.9435], "size": [4, 15, 21], "pivot": [9, 65, -5.5], "rotation": [12.2127, 2.68507, -4.7127], "uv": [60, 84]},
						{"origin": [-12.72184, 50.23775, -4.9435], "size": [4, 15, 21], "pivot": [-9, 65, -5.5], "rotation": [12.2127, -2.68507, 4.7127], "uv": [60, 84], "mirror": true},
						{"origin": [8.72184, 57.23775, -4.9435], "size": [4, 8, 0], "pivot": [9, 65, -5.5], "rotation": [2.2127, 2.68507, -4.7127], "uv": [63, 4]},
						{"origin": [-12.72184, 57.23775, -4.9435], "size": [4, 8, 0], "pivot": [-9, 65, -5.5], "rotation": [2.2127, -2.68507, 4.7127], "uv": [63, 4], "mirror": true}
					],
					"locators": {
						"e4": {
							"offset": [-3, 69.00286, -5.13086],
							"rotation": [-2.5, 0, 0]
						}
					}
				},
				{
					"name": "head",
					"parent": "body2",
					"pivot": [-1, 80, 1],
					"cubes": [
						{"origin": [-2.25, 82.25, -13.84305], "size": [4.5, 4.5, 6], "pivot": [-3, 90, -13], "rotation": [2.5, 0, 0], "uv": [185, 66]},
						{"origin": [-0.76441, 85.6, -13.53929], "size": [1.5, 1.5, 5], "pivot": [-0.01441, 86.46359, -11.03929], "rotation": [0, 0, 45], "uv": [148, 125]},
						{"origin": [-1.75, 82.75, -13.7], "size": [3.5, 3.5, 6], "pivot": [-3, 90, -13], "rotation": [2.5, 0, 0], "uv": [174, 187]},
						{"origin": [-2.5, 82, -11.84305], "size": [5, 5, 4], "pivot": [-3, 90, -13], "rotation": [2.5, 0, 0], "uv": [40, 187]},
						{"origin": [-4.5, 80, -8], "size": [9, 10, 21], "pivot": [-1, 69, 7], "rotation": [2.5, 0, 0], "uv": [0, 84]},
						{"origin": [-5, 81, -7.5], "size": [10, 9.5, 22], "pivot": [-1, 69, 7], "rotation": [2.5, 0, 0], "uv": [56, 30]},
						{"origin": [-5, 89.5, -13.5], "size": [10, 1, 6], "pivot": [-1, 69, 7], "rotation": [2.5, 0, 0], "uv": [167, 59]},
						{"origin": [-0.5, 90.5, -7.5], "size": [1, 8, 1], "pivot": [-1, 69, 8], "rotation": [2.5, 0, 0], "uv": [77, 91]},
						{"origin": [-4.95, 87.91721, -14.1], "size": [1, 1, 10.5], "pivot": [-1, 88.5, -13.5], "rotation": [-52.5, 0, 0], "uv": [184, 110]},
						{"origin": [3.95, 87.91721, -14.1], "size": [1, 1, 10.5], "pivot": [1, 88.5, -13.5], "rotation": [-52.5, 0, 0], "uv": [184, 110], "mirror": true},
						{"origin": [-4.95, 88.91721, -13.5], "size": [1, 1, 10], "pivot": [-1, 88.5, -13.5], "rotation": [-52.5, 0, 0], "uv": [44, 176]},
						{"origin": [3.95, 88.91721, -13.5], "size": [1, 1, 10], "pivot": [1, 88.5, -13.5], "rotation": [-52.5, 0, 0], "uv": [44, 176], "mirror": true},
						{"origin": [-4.95, 89.91721, -13.1], "size": [1, 1, 7], "pivot": [-1, 88.5, -13.5], "rotation": [-52.5, 0, 0], "uv": [118, 95]},
						{"origin": [3.95, 89.91721, -13.1], "size": [1, 1, 7], "pivot": [1, 88.5, -13.5], "rotation": [-52.5, 0, 0], "uv": [118, 95], "mirror": true},
						{"origin": [3.95, 89.91721, -13.1], "size": [1, 1, 7], "pivot": [1, 88.5, -13.5], "rotation": [-52.5, 0, 0], "uv": [91, 58], "mirror": true},
						{"origin": [-4.95, 91.91721, -11.3], "size": [1, 1, 5], "pivot": [-1, 88.5, -13.5], "rotation": [-52.5, 0, 0], "uv": [136, 112]},
						{"origin": [3.95, 91.91721, -11.3], "size": [1, 1, 5], "pivot": [1, 88.5, -13.5], "rotation": [-52.5, 0, 0], "uv": [136, 112], "mirror": true},
						{"origin": [-4.95, 90.91721, -12.1], "size": [1, 1, 6], "pivot": [-1, 88.5, -13.5], "rotation": [-52.5, 0, 0], "uv": [136, 68]},
						{"origin": [3.95, 90.91721, -12.1], "size": [1, 1, 6], "pivot": [1, 88.5, -13.5], "rotation": [-52.5, 0, 0], "uv": [136, 68], "mirror": true},
						{"origin": [-0.30144, 90.57542, -9.09648], "size": [9.2, 0, 5.52], "pivot": [7.29856, 94.57542, -10.33648], "rotation": [-6.93255, 34.39275, 50.35213], "uv": [73, 24], "mirror": true},
						{"origin": [-9.89856, 88.57542, -11.09648], "size": [9.2, 0, 5.52], "pivot": [-8.29856, 92.57542, -12.33648], "rotation": [0, -17.5, -62.5], "uv": [73, 24]},
						{"origin": [-0.5, 85.84456, -2.8762], "size": [1, 14, 3], "pivot": [0, 89, -2], "rotation": [-27.5, 0, 0], "uv": [151, 190]},
						{"origin": [-0.5, 90.84456, 1.1238], "size": [1, 11, 2], "pivot": [0, 89, -2], "rotation": [-27.5, 0, 0], "uv": [165, 190]},
						{"origin": [-0.5, 90.84456, 3.1238], "size": [1, 11, 2], "pivot": [0, 89, -2], "rotation": [-27.5, 0, 0], "uv": [159, 190]},
						{"origin": [-0.5, 93.84456, 5.1238], "size": [1, 5, 2], "pivot": [0, 89, -2], "rotation": [-27.5, 0, 0], "uv": [90, 120]},
						{"origin": [-0.5, 90.84456, 0.1238], "size": [1, 10, 1], "pivot": [0, 89, -2], "rotation": [-27.5, 0, 0], "uv": [73, 32]},
						{"origin": [-0.5, 85.84456, -4.8762], "size": [1, 12, 2], "pivot": [0, 89, -2], "rotation": [-27.5, 0, 0], "uv": [132, 148]},
						{"origin": [-1, 96.36379, -3.84305], "size": [2, 2, 16], "pivot": [-3, 88, -13], "rotation": [2.5, 0, 0], "uv": [147, 52]},
						{"origin": [-0.5, 97, -3.9], "size": [1, 1, 0], "pivot": [-2, 89, -13], "rotation": [2.5, 0, 0], "uv": [0, 0]},
						{"origin": [-1, 89.36379, 9.15695], "size": [2, 7, 2], "pivot": [-3, 88, -13], "rotation": [2.5, 0, 0], "uv": [111, 0]}
					]
				},
				{
					"name": "F_c",
					"parent": "head",
					"pivot": [-5, 85, -2],
					"rotation": [11.51552, 7.43547, -7.56397],
					"cubes": [
						{"origin": [-8.5, 83.5, -6], "size": [3, 3, 1], "pivot": [0, 69, 1], "rotation": [2.5, 0, 0], "uv": [0, 121]},
						{"origin": [-9, 83, -7], "size": [4, 4, 1], "pivot": [0, 69, 1], "rotation": [2.5, 0, 0], "uv": [20, 151]},
						{"origin": [-8, 84, -7], "size": [2, 2, 3], "pivot": [0, 69, 2], "rotation": [2.5, 0, 0], "uv": [150, 70]},
						{"origin": [-9, 84, -4], "size": [4, 3, 6], "pivot": [0, 69, 2], "rotation": [2.5, 0, 0], "uv": [186, 8]},
						{"origin": [-10, 83.96971, 0.38838], "size": [5, 2, 4], "pivot": [-8, 83, 2], "rotation": [52.5, 0, 0], "uv": [30, 118]},
						{"origin": [-8, 84.12743, -4.45681], "size": [1, 8, 1], "pivot": [-7.5, 87.62743, -2.95681], "rotation": [5, 0, -5], "uv": [78, 130]},
						{"origin": [-10, 87.12743, -3.45681], "size": [1, 4, 2], "pivot": [-7.5, 87.62743, -2.95681], "rotation": [0, 0, -42.5], "uv": [127, 0]}
					]
				},
				{
					"name": "Leftear",
					"parent": "F_c",
					"pivot": [-8, 87, 0],
					"cubes": [
						{"origin": [-8.1, 86.9141, -1.93639], "size": [1, 7, 3], "pivot": [-7.6, 90.4141, -0.43639], "rotation": [2.47864, 0.32621, -7.49294], "uv": [39, 84]}
					]
				},
				{
					"name": "F_a",
					"parent": "body2",
					"pivot": [6.5, 67, -4],
					"cubes": [
						{"origin": [3.09442, 55.84992, -5.32], "size": [2.4, 4.8, 2.4], "pivot": [4.29442, 58.24992, -4], "rotation": [0, 0, 57.5], "uv": [89, 84], "mirror": true},
						{"origin": [-5.69442, 55.84992, -5.32], "size": [2.4, 4.8, 2.4], "pivot": [-4.49442, 58.24992, -4], "rotation": [0, 0, -57.5], "uv": [89, 84]},
						{"origin": [-1.804, 55.56887, -8.7592], "size": [3.408, 3.408, 7.512], "pivot": [-0.1, 57.27287, -5.0032], "rotation": [35, 0, 0], "uv": [127, 9]},
						{"origin": [-3.844, 55.92854, -5.4976], "size": [7.488, 2.9952, 2.9952], "uv": [0, 101]},
						{"origin": [-6.844, 73.92854, -5.4976], "size": [13.488, 1.9952, 2.9952], "uv": [89, 102]},
						{"origin": [-6.844, 59.92854, -3.4976], "size": [13.488, 13.9952, 1.9952], "uv": [171, 137]},
						{"origin": [-6.844, 57.92854, -3.4976], "size": [13.488, 2, 1.9952], "uv": [30, 115]},
						{"origin": [-1.444, 55.09132, -11.38844], "size": [2.688, 2.688, 5.376], "pivot": [-0.1, 56.43532, -8.70044], "rotation": [-17.5, 0, 0], "uv": [153, 35]},
						{"origin": [-1.3, 56.8618, -12.45696], "size": [2.4, 2.4, 3.6], "pivot": [-0.1, 58.0618, -10.65696], "rotation": [-75, 0, 0], "uv": [125, 103]},
						{"origin": [-0.7, 59.71797, -12.45696], "size": [1.2, 1.4, 3.6], "pivot": [-0.1, 60.91797, -10.65696], "rotation": [-105, 0, 0], "uv": [114, 45]},
						{"origin": [3.75112, 53.10242, -4.86693], "size": [2.4, 6, 1.2], "pivot": [4.95112, 56.10242, -4.26693], "rotation": [0, -17.5, 57.5], "uv": [68, 120], "mirror": true},
						{"origin": [-6.35112, 53.10242, -4.86693], "size": [2.4, 6, 1.2], "pivot": [-5.15112, 56.10242, -4.26693], "rotation": [0, 17.5, -57.5], "uv": [68, 120]},
						{"origin": [-7.9, 58.6, -5.2], "size": [2.4, 16.8, 2.4], "pivot": [-6.7, 67, -4], "rotation": [0, 0, -5], "uv": [188, 17]},
						{"origin": [5.5, 58.6, -5.2], "size": [2.4, 16.8, 2.4], "pivot": [6.7, 67, -4], "rotation": [0, 0, 5], "uv": [188, 17], "mirror": true},
						{"origin": [-9.48998, 71.8884, -10.51312], "size": [2.4, 2.4, 3.6], "pivot": [-8.28998, 73.0884, -8.71312], "rotation": [0, -15, -5], "uv": [40, 124]},
						{"origin": [7.08998, 71.8884, -10.51312], "size": [2.4, 2.4, 3.6], "pivot": [8.28998, 73.0884, -8.71312], "rotation": [0, 15, 5], "uv": [40, 124], "mirror": true},
						{"origin": [-9.18444, 71.69612, -8.47031], "size": [2.88, 2.88, 5.52], "pivot": [-7.74444, 73.13612, -5.71031], "rotation": [0, 27.5, -5], "uv": [67, 84]},
						{"origin": [6.30444, 71.69612, -8.47031], "size": [2.88, 2.88, 5.52], "pivot": [7.74444, 73.13612, -5.71031], "rotation": [0, -27.5, 5], "uv": [67, 84], "mirror": true},
						{"origin": [-7.53125, 72.60023, -13.55597], "size": [1.4, 1.2, 4.8], "pivot": [-6.33125, 73.20023, -11.15597], "rotation": [0, -55, -5], "uv": [115, 103]},
						{"origin": [6.13125, 72.60023, -13.55597], "size": [1.4, 1.2, 4.8], "pivot": [6.33125, 73.20023, -11.15597], "rotation": [0, 55, 5], "uv": [115, 103], "mirror": true}
					]
				},
				{
					"name": "Core",
					"parent": "F_a",
					"pivot": [0, 68.76143, -4.23204],
					"cubes": [
						{"origin": [-3, 66.252, -4.05123], "size": [1, 1, 1], "pivot": [-3, 67.5, -4], "rotation": [2.10886, 1.34295, -32.47528], "uv": [10, 17]},
						{"origin": [2, 66.252, -4.05123], "size": [1, 1, 1], "pivot": [3, 67.5, -4], "rotation": [2.10886, -1.34295, 32.47528], "uv": [10, 17], "mirror": true},
						{"origin": [-0.79565, 72, -6], "size": [1.5913, 1, 3], "pivot": [0, 69, -2], "rotation": [0, 0, 135], "uv": [70, 43], "mirror": true},
						{"origin": [-0.79565, 72, -6], "size": [1.5913, 1, 3], "pivot": [0, 69, -2], "rotation": [0, 0, 157.5], "uv": [70, 43], "mirror": true},
						{"origin": [-0.79565, 72, -6], "size": [1.5913, 1, 3], "pivot": [0, 69, -2], "rotation": [0, 0, -180], "uv": [70, 43]},
						{"origin": [-0.79565, 72, -6], "size": [1.5913, 1, 3], "pivot": [0, 69, -2], "rotation": [0, 0, -157.5], "uv": [70, 43]},
						{"origin": [-0.79565, 72, -6], "size": [1.5913, 1, 3], "pivot": [0, 69, -2], "rotation": [0, 0, -135], "uv": [70, 43]},
						{"origin": [-0.79565, 72, -6], "size": [1.5913, 1, 3], "pivot": [0, 69, -2], "rotation": [0, 0, -112.5], "uv": [70, 43]},
						{"origin": [-2, 67.5, -4], "size": [4, 4, 1], "pivot": [0, 66, 4], "rotation": [2.5, 0, 0], "uv": [117, 84]},
						{"origin": [-2, 66.5, -4], "size": [4, 1, 1], "pivot": [0, 66, 4], "rotation": [2.5, 0, 0], "uv": [53, 61]},
						{"origin": [-1, 65.5, -4], "size": [2, 1, 1], "pivot": [0, 66, 4], "rotation": [2.5, 0, 0], "uv": [8, 44]},
						{"origin": [-0.79565, 72, -6], "size": [1.5913, 1, 3], "pivot": [0, 69, -2], "rotation": [0, 0, 90], "uv": [70, 43], "mirror": true},
						{"origin": [-0.79565, 72, -6], "size": [1.5913, 1, 3], "pivot": [0, 69, -2], "rotation": [0, 0, 112.5], "uv": [70, 43], "mirror": true},
						{"origin": [2, 67.6, -4], "size": [1, 4, 1], "pivot": [0, 66, 4], "rotation": [2.5, 0, 0], "uv": [0, 32], "mirror": true},
						{"origin": [-3, 67.6, -4], "size": [1, 4, 1], "pivot": [0, 66, 4], "rotation": [2.5, 0, 0], "uv": [0, 32]},
						{"origin": [-2, 71.5, -4], "size": [4, 1, 1], "pivot": [0, 66, 4], "rotation": [2.5, 0, 0], "uv": [0, 17]},
						{"origin": [-0.79565, 72, -6], "size": [1.5913, 1, 3], "pivot": [0, 69, -2], "rotation": [0, 0, 67.5], "uv": [70, 43], "mirror": true},
						{"origin": [-0.79565, 72, -6], "size": [1.5913, 1, 3], "pivot": [0, 69, -2], "rotation": [0, 0, -67.5], "uv": [70, 43]},
						{"origin": [-0.79565, 72, -6], "size": [1.5913, 1, 3], "pivot": [0, 69, -2], "rotation": [0, 0, -90], "uv": [70, 43]},
						{"origin": [-0.79565, 72, -6], "size": [1.5913, 1, 3], "pivot": [0, 69, -2], "rotation": [0, 0, -45], "uv": [70, 43]},
						{"origin": [-0.79565, 72, -6], "size": [1.5913, 1, 3], "pivot": [0, 69, -2], "rotation": [0, 0, 45], "uv": [70, 43], "mirror": true},
						{"origin": [-0.79565, 72, -6], "size": [1.5913, 1, 3], "uv": [70, 43]},
						{"origin": [-0.79565, 72, -6], "size": [1.5913, 1, 3], "pivot": [0, 69, -2], "rotation": [0, 0, 22.5], "uv": [70, 43], "mirror": true},
						{"origin": [-0.79565, 72, -6], "size": [1.5913, 1, 3], "pivot": [0, 69, -2], "rotation": [0, 0, -22.5], "uv": [70, 43]}
					],
					"locators": {
						"h4": {
							"offset": [0, 69, -5],
							"rotation": [-2.5, 0, 0]
						}
					}
				},
				{
					"name": "Rightarm",
					"parent": "body2",
					"pivot": [14, 72, 4],
					"rotation": [2.46207, 0.43399, -9.99067],
					"cubes": [
						{"origin": [14.74312, 49.57801, -3.08724], "size": [10, 26, 10], "pivot": [19, 75, 0], "rotation": [0.10912, 2.49762, 2.50238], "uv": [0, 115]}
					]
				},
				{
					"name": "bone",
					"parent": "Rightarm",
					"pivot": [20, 51.0019, 1.91276],
					"rotation": [-17.48436, 0.75155, 2.38443],
					"cubes": [
						{"origin": [14, 27.5019, -3.08724], "size": [9, 26, 10], "pivot": [3, 55.0019, 1.91276], "rotation": [-2.5, 0, 0], "uv": [40, 120]},
						{"origin": [15, 21.5019, -2.08724], "size": [7, 6, 7], "pivot": [3, 55.0019, 1.91276], "rotation": [-2.5, 0, 0], "uv": [0, 180]}
					]
				},
				{
					"name": "Attract",
					"parent": "bone",
					"pivot": [18.5, 32.05321, 1.06103],
					"cubes": [
						{"origin": [15, 28.5019, -1.08724], "size": [7, 7, 7], "pivot": [3, 63.0019, 2.91276], "rotation": [-2.5, 0, 0], "uv": [171, 96]}
					]
				},
				{
					"name": "H",
					"parent": "Attract",
					"pivot": [18.5, 27.5575, 0.86475],
					"cubes": [
						{"origin": [14, 29.5019, -2.08724], "size": [9, 0, 9], "pivot": [3, 63.0019, 2.91276], "rotation": [-2.5, 0, 0], "uv": [69, 15]}
					]
				},
				{
					"name": "H2",
					"parent": "H",
					"pivot": [18.5, 27.5575, 0.86475],
					"cubes": [
						{"origin": [14, 29.5019, -2.08724], "size": [9, 0, 9], "pivot": [3, 63.0019, 2.91276], "rotation": [-2.5, 0, 0], "uv": [69, 15]}
					]
				},
				{
					"name": "Leftarm",
					"parent": "body2",
					"pivot": [-14, 72, 4],
					"rotation": [2.46207, -0.43399, 9.99067],
					"cubes": [
						{"origin": [-24.74312, 49.57801, -3.08724], "size": [10, 26, 10], "pivot": [-19, 75, 0], "rotation": [0.10912, -2.49762, -2.50238], "uv": [0, 115], "mirror": true}
					],
					"locators": {
						"e": [-20, 49, -2],
						"e2": [-20, 49, 5],
						"e3": [-15, 49, 5]
					}
				},
				{
					"name": "Bone_arm8",
					"parent": "Leftarm",
					"pivot": [-19, 51, 3],
					"rotation": [0, 0, 177.5],
					"cubes": [
						{"origin": [-22.93619, 41.00952, -1], "size": [7, 23, 6], "uv": [0, 151]},
						{"origin": [-23.43619, 62.20952, -1.5], "size": [8, 2, 7], "uv": [127, 0]}
					]
				},
				{
					"name": "Cm_3",
					"parent": "Bone_arm8",
					"pivot": [-19.43619, 64.00952, 3],
					"rotation": [67.5, 0, 0],
					"cubes": [
						{"origin": [-20.93619, 67.00952, 0.5], "size": [3, 17, 3], "uv": [63, 186]},
						{"origin": [-17.43086, 69.00952, 0.60987], "size": [2, 14, 2], "pivot": [-14.9626, 27.03648, -0.60283], "rotation": [0, 45, 0], "uv": [189, 158], "mirror": true},
						{"origin": [-20.82096, 69.00952, 6.93649], "size": [2, 14, 2], "pivot": [-14.9626, 27.03648, -0.60283], "rotation": [0, -45, 0], "uv": [189, 158]},
						{"origin": [-15.93619, 68.00952, 0.5], "size": [3, 1, 3], "uv": [63, 15], "mirror": true},
						{"origin": [-25.93619, 68.00952, 0.5], "size": [3, 1, 3], "uv": [63, 15]},
						{"origin": [-17.93619, 68.00952, 1], "size": [2, 1, 2], "uv": [67, 91], "mirror": true},
						{"origin": [-22.93619, 68.00952, 1], "size": [2, 1, 2], "uv": [67, 91]},
						{"origin": [-15.93619, 83.00952, 0.5], "size": [3, 1, 3], "uv": [63, 15], "mirror": true},
						{"origin": [-25.93619, 83.00952, 0.5], "size": [3, 1, 3], "uv": [63, 15]},
						{"origin": [-17.93619, 83.00952, 1], "size": [2, 1, 2], "uv": [67, 91], "mirror": true},
						{"origin": [-22.93619, 83.00952, 1], "size": [2, 1, 2], "uv": [67, 91]},
						{"origin": [-22.43619, 64.00952, 0], "size": [6, 3, 4], "uv": [98, 45]}
					]
				},
				{
					"name": "Bone_arm9",
					"parent": "Cm_3",
					"pivot": [-19.43619, 84.00952, 2],
					"rotation": [10, 0, 0],
					"cubes": [
						{"origin": [-18.43619, 102.90952, 1], "size": [3, 1, 2], "uv": [0, 44], "mirror": true},
						{"origin": [-20.43619, 84.00952, 1], "size": [2, 21, 2], "uv": [143, 178]},
						{"origin": [-23.43619, 102.90952, 1], "size": [3, 1, 2], "uv": [0, 44]},
						{"origin": [-15.43619, 84.00952, 1], "size": [2, 19, 2], "uv": [111, 186], "mirror": true},
						{"origin": [-25.43619, 84.00952, 1], "size": [2, 19, 2], "uv": [111, 186]},
						{"origin": [-15.93619, 103.00952, 0.5], "size": [3, 1, 3], "uv": [63, 15], "mirror": true},
						{"origin": [-25.93619, 103.00952, 0.5], "size": [3, 1, 3], "uv": [63, 15]}
					]
				},
				{
					"name": "Claw_3",
					"parent": "Bone_arm9",
					"pivot": [-19.43619, 106.83808, 2],
					"cubes": [
						{"origin": [-21.43619, 104.00952, 0], "size": [4, 2, 4], "uv": [123, 68]},
						{"origin": [-21.43619, 104.00952, -4], "size": [4, 2, 4], "uv": [123, 68]},
						{"origin": [-21.93619, 102.26598, 16.03784], "size": [5, 11, 2], "pivot": [-14.9626, 27.03648, -0.60283], "rotation": [15, 0, 0], "uv": [0, 4]},
						{"origin": [-21.93619, 103.6133, -14.21522], "size": [5, 11, 2], "pivot": [-14.9626, 27.03648, -0.60283], "rotation": [-15, 0, 0], "uv": [0, 4]},
						{"origin": [-21.43619, 104.00952, 4], "size": [4, 2, 4], "uv": [123, 68]}
					]
				},
				{
					"name": "C_5",
					"parent": "Claw_3",
					"pivot": [-19.43619, 105.00952, 2],
					"cubes": [
						{"origin": [-14.43619, 105.00952, -2], "size": [20, 3, 8], "uv": [63, 4], "mirror": true},
						{"origin": [-24.43619, 105.00952, -2], "size": [10, 3, 4], "uv": [179, 151], "mirror": true},
						{"origin": [5, 113.17469, -3], "size": [4, 10, 10], "uv": [56, 166], "mirror": true},
						{"origin": [-25.34244, 107.32761, -2.5], "size": [3, 10, 9], "pivot": [-14.9626, 27.03648, -0.60283], "rotation": [0, 0, 20], "uv": [95, 167], "mirror": true}
					]
				},
				{
					"name": "C_6",
					"parent": "Claw_3",
					"pivot": [-19.43619, 106.00952, 0],
					"cubes": [
						{"origin": [-44.43619, 105.00952, -2], "size": [20, 3, 8], "uv": [63, 4]},
						{"origin": [-24.43619, 105.00952, 2], "size": [10, 3, 4], "uv": [179, 151]},
						{"origin": [-15.99037, 110.38773, -2.5], "size": [3, 10, 9], "pivot": [-14.9626, 27.03648, -0.60283], "rotation": [0, 0, -20], "uv": [95, 167]},
						{"origin": [-48, 113.17469, -3], "size": [4, 10, 10], "uv": [56, 166]}
					]
				},
				{
					"name": "Y",
					"parent": "Claw_3",
					"pivot": [-19.8, 118, 2],
					"cubes": [
						{"origin": [-44, 117, 1], "size": [50, 2, 2], "uv": [0, 0]}
					],
					"locators": {
						"o": [6, 118, 2],
						"o2": [-44, 118, 2],
						"o3": [-51, 118, 2],
						"o4": [9, 118, 2]
					}
				},
				{
					"name": "Jetpack",
					"parent": "body2",
					"pivot": [0, 77, 9],
					"rotation": [7.5, 0, 0],
					"cubes": [
						{"origin": [9, 48, 12], "size": [7, 36, 6], "pivot": [11.5, 66, 15], "rotation": [0, -20, 0], "uv": [78, 134]},
						{"origin": [-16, 48, 12], "size": [7, 36, 6], "pivot": [-11.5, 66, 15], "rotation": [0, 20, 0], "uv": [78, 134], "mirror": true},
						{"origin": [8, 55, 11], "size": [9, 8, 8], "pivot": [12.5, 59, 15], "rotation": [0, -22.5, 0], "uv": [124, 162]},
						{"origin": [-17, 55, 11], "size": [9, 8, 8], "pivot": [-12.5, 59, 15], "rotation": [0, 22.5, 0], "uv": [124, 162], "mirror": true},
						{"origin": [8, 49, 11], "size": [9, 4, 8], "pivot": [12.5, 51, 15], "rotation": [0, -20, 0], "uv": [167, 47]},
						{"origin": [-17, 49, 11], "size": [9, 4, 8], "pivot": [-12.5, 51, 15], "rotation": [0, 20, 0], "uv": [167, 47], "mirror": true},
						{"origin": [8, 70, 11], "size": [9, 4, 8], "pivot": [11.5, 72, 15], "rotation": [0, -20, 0], "uv": [163, 35]},
						{"origin": [-17, 70, 11], "size": [9, 4, 8], "pivot": [-11.5, 72, 15], "rotation": [0, 20, 0], "uv": [163, 35], "mirror": true},
						{"origin": [8, 78, 11], "size": [9, 4, 8], "pivot": [11.5, 80, 15], "rotation": [0, -20, 0], "uv": [162, 125]},
						{"origin": [-17, 78, 11], "size": [9, 4, 8], "pivot": [-11.5, 80, 15], "rotation": [0, 20, 0], "uv": [162, 125], "mirror": true},
						{"origin": [-1, 62.54001, 8.752], "size": [11, 5, 5], "pivot": [2.5, 74.95277, 13.2501], "rotation": [2.96346, -32.46527, -1.59176], "uv": [98, 35]},
						{"origin": [-10, 62.54001, 8.752], "size": [11, 5, 5], "pivot": [-2.5, 74.95277, 13.2501], "rotation": [2.96346, 32.46527, 1.59176], "uv": [98, 35], "mirror": true},
						{"origin": [-1, 71.54001, 8.752], "size": [11, 5, 5], "pivot": [2.5, 74.95277, 13.2501], "rotation": [2.96346, -32.46527, -1.59176], "uv": [98, 35]},
						{"origin": [-10, 71.54001, 8.752], "size": [11, 5, 5], "pivot": [-2.5, 74.95277, 13.2501], "rotation": [2.96346, 32.46527, 1.59176], "uv": [98, 35], "mirror": true},
						{"origin": [-1, 52.54001, 8.752], "size": [11, 5, 5], "pivot": [2.5, 74.95277, 13.2501], "rotation": [2.96346, -32.46527, -1.59176], "uv": [98, 35]},
						{"origin": [-10, 52.54001, 8.752], "size": [11, 5, 5], "pivot": [-2.5, 74.95277, 13.2501], "rotation": [2.96346, 32.46527, 1.59176], "uv": [98, 35], "mirror": true},
						{"origin": [-5, 49, 7], "size": [10, 10, 8], "pivot": [0, 69, 1], "rotation": [2.5, 0, 0], "uv": [89, 84]},
						{"origin": [-5, 76, 7], "size": [10, 10, 8], "pivot": [0, 69, 1], "rotation": [2.5, 0, 0], "uv": [89, 84]},
						{"origin": [-6, 59, 7], "size": [12, 18, 9], "pivot": [0, 69, 1], "rotation": [2.5, 0, 0], "uv": [127, 75]}
					],
					"locators": {
						"thrust2": {
							"offset": [12.5, 47.32302, 15.38514],
							"rotation": [180, 0, 0]
						},
						"thrust3": {
							"offset": [-12.5, 47.32302, 15.38514],
							"rotation": [180, 0, 0]
						}
					}
				},
				{
					"name": "Left_gun",
					"parent": "Jetpack",
					"pivot": [-11.5, 83.83333, 12.66667],
					"rotation": [7.49294, 0.32621, -12.47864],
					"cubes": [
						{"origin": [-10.68615, 77.24004, 9.1002], "size": [3, 17, 5], "uv": [79, 181], "mirror": true},
						{"origin": [-18.68615, 77.24004, 9.1002], "size": [3, 17, 5], "uv": [79, 181]},
						{"origin": [-10.18615, 92.24004, 10.6002], "size": [2, 9, 3], "uv": [64, 61], "mirror": true},
						{"origin": [-14.18615, 92.24004, 4.6002], "size": [2, 9, 3], "uv": [64, 61], "mirror": true},
						{"origin": [-18.18615, 92.24004, 10.6002], "size": [2, 9, 3], "uv": [64, 61], "mirror": true},
						{"origin": [-14.18615, 95.24004, 13.6002], "size": [2, 9, 2], "uv": [0, 52], "mirror": true},
						{"origin": [-16.0125, 96.12485, 7.1002], "size": [6, 11, 6], "uv": [119, 178], "mirror": true},
						{"origin": [-15.5125, 95.22485, 7.6002], "size": [5, 12, 5], "uv": [0, 84], "mirror": true},
						{"origin": [-16.5125, 94.24004, 6.6002], "size": [7, 9, 7], "uv": [26, 167], "mirror": true},
						{"origin": [-15.68615, 77.24004, 7.1002], "size": [5, 18, 9], "uv": [104, 140], "mirror": true},
						{"origin": [-13.68615, 93.24004, 5.1002], "size": [1, 7, 5], "uv": [0, 32], "mirror": true},
						{"origin": [-14.5125, 76.22485, 4.1002], "size": [3, 18, 3], "uv": [28, 183], "mirror": true}
					],
					"locators": {
						"f_1": {
							"offset": [-13, 108, 10],
							"rotation": [-87.5, 0, 0]
						}
					}
				},
				{
					"name": "Right_gun",
					"parent": "Jetpack",
					"pivot": [11.5, 83.83333, 12.66667],
					"rotation": [7.49294, -0.32621, 12.47864],
					"cubes": [
						{"origin": [7.68615, 77.24004, 9.1002], "size": [3, 17, 5], "uv": [79, 181]},
						{"origin": [15.68615, 77.24004, 9.1002], "size": [3, 17, 5], "uv": [79, 181], "mirror": true},
						{"origin": [8.18615, 92.24004, 10.6002], "size": [2, 9, 3], "uv": [64, 61]},
						{"origin": [12.18615, 92.24004, 4.6002], "size": [2, 9, 3], "uv": [64, 61]},
						{"origin": [16.18615, 92.24004, 10.6002], "size": [2, 9, 3], "uv": [64, 61]},
						{"origin": [12.18615, 95.24004, 13.6002], "size": [2, 9, 2], "uv": [0, 52]},
						{"origin": [10.0125, 96.12485, 7.1002], "size": [6, 11, 6], "uv": [119, 178]},
						{"origin": [10.5125, 95.22485, 7.6002], "size": [5, 12, 5], "uv": [0, 84]},
						{"origin": [9.5125, 94.24004, 6.6002], "size": [7, 9, 7], "uv": [26, 167]},
						{"origin": [10.68615, 77.24004, 7.1002], "size": [5, 18, 9], "uv": [104, 140]},
						{"origin": [12.68615, 93.24004, 5.1002], "size": [1, 7, 5], "uv": [0, 32]},
						{"origin": [11.5125, 76.22485, 4.1002], "size": [3, 18, 3], "uv": [28, 183]}
					],
					"locators": {
						"f_2": {
							"offset": [13, 108, 10],
							"rotation": [-87.5, 0, 0]
						}
					}
				},
				{
					"name": "Leftbigwing",
					"parent": "Jetpack",
					"pivot": [-16, 58, 11],
					"rotation": [0, 0, -70],
					"cubes": [
						{"origin": [-35.90743, 52.60141, 10], "size": [19, 12, 1], "uv": [148, 22], "mirror": true},
						{"origin": [-16.90743, 52.60141, 10], "size": [4, 12, 1], "uv": [63, 32], "mirror": true},
						{"origin": [-57.90743, 55.60141, 15], "size": [13, 7, 1], "uv": [176, 0], "mirror": true},
						{"origin": [-61.90743, 55.60141, 15], "size": [4, 5, 1], "uv": [0, 115], "mirror": true},
						{"origin": [-46.90743, 54.60141, 10], "size": [11, 9, 1], "pivot": [-35.90743, 52.60141, 10], "rotation": [0, 27.5, 0], "uv": [136, 102], "mirror": true}
					]
				},
				{
					"name": "Rightbigwing",
					"parent": "Jetpack",
					"pivot": [16, 58, 11],
					"rotation": [0, 0, 70],
					"cubes": [
						{"origin": [16.90743, 52.60141, 10], "size": [19, 12, 1], "uv": [148, 22]},
						{"origin": [12.90743, 52.60141, 10], "size": [4, 12, 1], "uv": [63, 32]},
						{"origin": [44.90743, 55.60141, 15], "size": [13, 7, 1], "uv": [176, 0]},
						{"origin": [57.90743, 55.60141, 15], "size": [4, 5, 1], "uv": [0, 115]},
						{"origin": [35.90743, 54.60141, 10], "size": [11, 9, 1], "pivot": [35.90743, 52.60141, 10], "rotation": [0, -27.5, 0], "uv": [136, 102]}
					]
				},
				{
					"name": "Leftwing",
					"parent": "Jetpack",
					"pivot": [-18, 76, 17],
					"rotation": [0, 0, -12.5],
					"cubes": [
						{"origin": [-36, 70, 16], "size": [19, 10, 1], "uv": [26, 156], "mirror": true},
						{"origin": [-49, 71, 16], "size": [13, 7, 1], "uv": [176, 0], "mirror": true},
						{"origin": [-17, 71, 16], "size": [7, 7, 1], "uv": [123, 140]},
						{"origin": [-17, 71, 16], "size": [7, 7, 1], "uv": [123, 140]},
						{"origin": [-53, 72, 16], "size": [4, 5, 1], "uv": [0, 115], "mirror": true}
					]
				},
				{
					"name": "Rightwing",
					"parent": "Jetpack",
					"pivot": [18, 76, 17],
					"rotation": [0, 0, 12.5],
					"cubes": [
						{"origin": [17, 70, 16], "size": [19, 10, 1], "uv": [26, 156]},
						{"origin": [36, 71, 16], "size": [13, 7, 1], "uv": [176, 0]},
						{"origin": [10, 71, 16], "size": [7, 7, 1], "uv": [123, 140], "mirror": true},
						{"origin": [10, 71, 16], "size": [7, 7, 1], "uv": [123, 140], "mirror": true},
						{"origin": [49, 72, 16], "size": [4, 5, 1], "uv": [0, 115]}
					]
				},
				{
					"name": "bone6",
					"parent": "body2",
					"pivot": [0, 72, -2]
				},
				{
					"name": "Leftleg",
					"parent": "Rott",
					"pivot": [-3, 40, 4],
					"rotation": [-19.98247, 0.85481, 2.34941],
					"cubes": [
						{"origin": [-10.275, 20.96465, -2.39489], "size": [10.24, 23.87, 10.01], "pivot": [-14.52, 45.38465, 1.89511], "rotation": [15, 0, 0], "uv": [123, 35], "mirror": true},
						{"origin": [-12.2, 25.3, -3.2], "size": [13.1, 20.4, 12.1], "pivot": [-1.1, 41.8, -1], "rotation": [17.43745, -1.50179, 4.76968], "uv": [98, 108], "mirror": true}
					]
				},
				{
					"name": "bone2",
					"parent": "Leftleg",
					"pivot": [-5.52, 22.25465, 4.89511],
					"cubes": [
						{"origin": [-9.06, 0.86965, 3.22011], "size": [7.81, 22.5, 9.01], "inflate": 0.5, "pivot": [-14.52, 25.25465, 1.89511], "rotation": [20, 0, 0], "uv": [139, 131], "mirror": true},
						{"origin": [-9.06, -2.13035, 1.22011], "size": [7.81, 2, 11.01], "inflate": 0.5, "pivot": [-14.52, 25.25465, 1.89511], "rotation": [20, 0, 0], "uv": [160, 70], "mirror": true},
						{"origin": [-9.05, -2.61197, 5.95154], "size": [7.7, 2, 8.01], "inflate": 0.5, "pivot": [-7.52, 0.25465, 4.89511], "rotation": [45, 0, 0], "uv": [68, 120], "mirror": true},
						{"origin": [-9.06, -2.13035, -2.77989], "size": [7.81, 2, 3.01], "inflate": 0.5, "pivot": [-14.52, 25.25465, 1.89511], "rotation": [20, 0, 0], "uv": [96, 15], "mirror": true}
					]
				},
				{
					"name": "Rightleg",
					"parent": "Rott",
					"pivot": [3, 40, 4],
					"rotation": [-19.98247, -0.85481, -2.34941],
					"cubes": [
						{"origin": [0.035, 20.96465, -2.39489], "size": [10.24, 23.87, 10.01], "pivot": [14.52, 45.38465, 1.89511], "rotation": [15, 0, 0], "uv": [123, 35]},
						{"origin": [-0.9, 25.3, -3.2], "size": [13.1, 20.4, 12.1], "pivot": [1.1, 41.8, -1], "rotation": [17.43745, 1.50179, -4.76968], "uv": [98, 108]}
					]
				},
				{
					"name": "bone3",
					"parent": "Rightleg",
					"pivot": [5.52, 22.25465, 4.89511],
					"cubes": [
						{"origin": [1.25, -2.13035, 1.22011], "size": [7.81, 2, 11.01], "inflate": 0.5, "pivot": [14.52, 25.25465, 1.89511], "rotation": [20, 0, 0], "uv": [160, 70]},
						{"origin": [1.25, -2.13035, -2.77989], "size": [7.81, 2, 3.01], "inflate": 0.5, "pivot": [14.52, 25.25465, 1.89511], "rotation": [20, 0, 0], "uv": [96, 15]},
						{"origin": [1.35, -2.61197, 5.95154], "size": [7.7, 2, 8.01], "inflate": 0.5, "pivot": [7.52, 0.25465, 4.89511], "rotation": [45, 0, 0], "uv": [68, 120]},
						{"origin": [1.25, 0.86965, 3.22011], "size": [7.81, 22.5, 9.01], "inflate": 0.5, "pivot": [14.52, 25.25465, 1.89511], "rotation": [20, 0, 0], "uv": [139, 131]}
					]
				},
				{
					"name": "bone5",
					"parent": "bone3",
					"pivot": [-14.52, 25.25465, 1.89511]
				},
				{
					"name": "Explosion",
					"pivot": [0, 0, 0],
					"locators": {
						"sw": [-17, 2, 142]
					}
				}
			]
		}
	]
}