{
	"format_version": "1.8.0",
	"animations": {
		"animation.gojidraw_astro_destructor.fire1": {
			"loop": true,
			"animation_length": 1.0417,
			"bones": {
				"C_r": {
					"rotation": {
						"0.0": [0, 0, 0],
						"1.0417": [0, 0, 720]
					}
				},
				"L": {
					"position": [0, 0, -5000],
					"scale": [2, 2, 5000]
				},
				"C_r2": {
					"rotation": {
						"0.0": [0, 0, 0],
						"1.0417": [0, 0, 720]
					}
				},
				"L2": {
					"position": [0, 0, -5000],
					"scale": [2, 2, 5000]
				},
				"Head": {
					"rotation": [7.5, 0, 0]
				},
				"Right_eb": {
					"rotation": [2.92583, 1.08837, -4.4737],
					"position": [-0.3, -0.5, 0]
				},
				"Left_eb": {
					"rotation": [2.92583, -1.08837, 4.4737],
					"position": [0.3, -0.5, 0]
				}
			}
		},
		"animation.gojidraw_astro_destructor.fly_st": {
			"loop": true,
			"animation_length": 4,
			"bones": {
				"Toilet": {
					"rotation": {
						"0.0": ["-2.5 + query.target_x_rotation * 0.5", "query.target_y_rotation * 0.5", "query.target_y_rotation * 0.1"],
						"1.1667": ["2.5+query.target_x_rotation * 0.5", "query.target_y_rotation * 0.5", "query.target_y_rotation * 0.1"],
						"2.125": ["-2.5 + query.target_x_rotation * 0.5", "query.target_y_rotation * 0.5", "query.target_y_rotation * 0.1"],
						"3.0417": ["2.5+query.target_x_rotation * 0.5", "query.target_y_rotation * 0.5", "query.target_y_rotation * 0.1"],
						"4.0": ["-2.5 + query.target_x_rotation * 0.5", "query.target_y_rotation * 0.5", "query.target_y_rotation * 0.1"]
					},
					"position": {
						"0.0": {
							"post": [2, -2, 0],
							"lerp_mode": "catmullrom"
						},
						"1.0833": {
							"post": [-1, -5, 0],
							"lerp_mode": "catmullrom"
						},
						"2.0417": {
							"post": [0, -1, 0],
							"lerp_mode": "catmullrom"
						},
						"3.0": {
							"post": [4, -6, 0],
							"lerp_mode": "catmullrom"
						},
						"4.0": {
							"post": [2, -2, 0],
							"lerp_mode": "catmullrom"
						}
					}
				},
				"Laser_right": {
					"rotation": {
						"0.0": [0, 0, 0],
						"2.0": [0, -2.5, 0],
						"4.0": [0, 0, 0]
					}
				}
			}
		},
		"animation.gojidraw_astro_destructor.fire2": {
			"loop": true,
			"animation_length": 1.125,
			"bones": {
				"Toilet": {
					"rotation": [10, 0, 0]
				},
				"Gun2": {
					"rotation": {
						"0.1667": {
							"pre": [0, 0, 0],
							"post": [0, 0, 0],
							"lerp_mode": "catmullrom"
						},
						"0.2917": {
							"post": [-2.5, 0, 0],
							"lerp_mode": "catmullrom"
						},
						"0.375": {
							"post": [-5, 0, 0],
							"lerp_mode": "catmullrom"
						},
						"0.5": {
							"post": [0, 0, 0],
							"lerp_mode": "catmullrom"
						}
					},
					"position": {
						"0.1667": {
							"pre": [0, 0, 0],
							"post": [0, 0, 0],
							"lerp_mode": "catmullrom"
						},
						"0.2917": {
							"post": [0, 0, 4],
							"lerp_mode": "catmullrom"
						},
						"0.375": {
							"post": [0, 0, 2],
							"lerp_mode": "catmullrom"
						},
						"0.5": {
							"post": [0, 0, 0],
							"lerp_mode": "catmullrom"
						}
					}
				},
				"Gun4": {
					"rotation": {
						"0.0": {
							"post": [0, 0, 0],
							"lerp_mode": "catmullrom"
						},
						"0.125": {
							"post": [-2.5, 0, 0],
							"lerp_mode": "catmullrom"
						},
						"0.2083": {
							"post": [-5, 0, 0],
							"lerp_mode": "catmullrom"
						},
						"0.3333": {
							"post": [0, 0, 0],
							"lerp_mode": "catmullrom"
						}
					},
					"position": {
						"0.0": {
							"post": [0, 0, 0],
							"lerp_mode": "catmullrom"
						},
						"0.125": {
							"post": [0, 0, 4],
							"lerp_mode": "catmullrom"
						},
						"0.2083": {
							"post": [0, 0, 2],
							"lerp_mode": "catmullrom"
						},
						"0.3333": {
							"post": [0, 0, 0],
							"lerp_mode": "catmullrom"
						}
					}
				},
				"Gun5": {
					"rotation": {
						"0.7917": {
							"pre": [0, 0, 0],
							"post": [0, 0, 0],
							"lerp_mode": "catmullrom"
						},
						"0.9167": {
							"post": [-2.5, 0, 0],
							"lerp_mode": "catmullrom"
						},
						"1.0": {
							"post": [-5, 0, 0],
							"lerp_mode": "catmullrom"
						},
						"1.125": {
							"post": [0, 0, 0],
							"lerp_mode": "catmullrom"
						}
					},
					"position": {
						"0.7917": {
							"pre": [0, 0, 0],
							"post": [0, 0, 0],
							"lerp_mode": "catmullrom"
						},
						"0.9167": {
							"post": [0, 0, 4],
							"lerp_mode": "catmullrom"
						},
						"1.0": {
							"post": [0, 0, 2],
							"lerp_mode": "catmullrom"
						},
						"1.125": {
							"post": [0, 0, 0],
							"lerp_mode": "catmullrom"
						}
					}
				},
				"Gun3": {
					"rotation": {
						"0.4583": {
							"pre": [0, 0, 0],
							"post": [0, 0, 0],
							"lerp_mode": "catmullrom"
						},
						"0.5833": {
							"post": [-2.5, 0, 0],
							"lerp_mode": "catmullrom"
						},
						"0.6667": {
							"post": [-5, 0, 0],
							"lerp_mode": "catmullrom"
						},
						"0.7917": {
							"post": [0, 0, 0],
							"lerp_mode": "catmullrom"
						}
					},
					"position": {
						"0.4583": {
							"pre": [0, 0, 0],
							"post": [0, 0, 0],
							"lerp_mode": "catmullrom"
						},
						"0.5833": {
							"post": [0, 0, 4],
							"lerp_mode": "catmullrom"
						},
						"0.6667": {
							"post": [0, 0, 2],
							"lerp_mode": "catmullrom"
						},
						"0.7917": {
							"post": [0, 0, 0],
							"lerp_mode": "catmullrom"
						}
					}
				},
				"Head": {
					"rotation": [-5, 0, 0]
				},
				"Rad_eye": {
					"position": [0.2, -0.2, 0]
				},
				"Rad_eye2": {
					"position": [-0.2, -0.2, 0]
				}
			}
		},
		"animation.gojidraw_astro_destructor.looking": {
			"loop": true,
			"bones": {
				"Toilet": {
					"rotation": ["query.target_x_rotation * 0.3", "query.target_y_rotation * 0.2", 0]
				},
				"Head": {
					"rotation": ["query.target_x_rotation * 0.3", "query.target_y_rotation * 0.2", 0]
				}
			}
		}
	}
}