{
	"format_version": "1.12.0",
	"minecraft:geometry": [
		{
			"description": {
				"identifier": "geometry.sbgoji_tv_left_monitor",
				"texture_width": 256,
				"texture_height": 256,
				"visible_bounds_width": 68,
				"visible_bounds_height": 31,
				"visible_bounds_offset": [0, 2.5, 0]
			},
			"bones": [
				{
					"name": "Tv_head_2",
					"pivot": [0, 4.67882, 0.04003],
					"rotation": [0, 0, -180],
					"cubes": [
						{"origin": [-9.5, -5.5, -4.1], "size": [19, 14, 5], "uv": [114, 61]},
						{"origin": [3.5, 8.5, -1.1], "size": [2, 6, 0], "pivot": [4, 8.5, -1.1], "rotation": [0, 0, 17.5], "uv": [244, 0]},
						{"origin": [-5.5, 8.5, -1.1], "size": [2, 6, 0], "pivot": [-4, 8.5, -1.1], "rotation": [0, 0, -17.5], "uv": [244, 0], "mirror": true},
						{"origin": [-6.95, -7, 1], "size": [13.9, 4, 3], "pivot": [0, -3, 4], "rotation": [-52.5, 0, 0], "uv": [0, 83]},
						{"origin": [-7, -3, 1], "size": [14, 11, 3], "uv": [179, 94]}
					]
				},
				{
					"name": "Tv_g5",
					"parent": "Tv_head_2",
					"pivot": [0, 2, -4]
				},
				{
					"name": "Tv37",
					"parent": "Tv_g5",
					"pivot": [0, 5, -8]
				},
				{
					"name": "laser5",
					"parent": "Tv37",
					"pivot": [0, 2, -4],
					"rotation": [-90, 0, 0]
				},
				{
					"name": "Tv38",
					"parent": "laser5",
					"pivot": [0, 2, -4],
					"rotation": [-2.5, 0, 0]
				},
				{
					"name": "Tv39",
					"parent": "Tv38",
					"pivot": [0, 2, -4],
					"rotation": [0, -45, 0]
				},
				{
					"name": "Tv40",
					"parent": "laser5",
					"pivot": [0, 2, -4],
					"rotation": [177.5, 0, -180]
				},
				{
					"name": "Tv41",
					"parent": "Tv40",
					"pivot": [0, 2, -4],
					"rotation": [0, -45, 0]
				},
				{
					"name": "Tv42",
					"parent": "laser5",
					"pivot": [0, 2, -4],
					"rotation": [0, -90, -2.5]
				},
				{
					"name": "Tv43",
					"parent": "Tv42",
					"pivot": [0, 2, -4],
					"rotation": [0, -45, 0]
				},
				{
					"name": "Tv44",
					"parent": "laser5",
					"pivot": [0, 2, -4],
					"rotation": [0, 90, 2.5]
				},
				{
					"name": "Tv45",
					"parent": "Tv44",
					"pivot": [0, 2, -4],
					"rotation": [0, -45, 0]
				},
				{
					"name": "Glow5",
					"parent": "Tv_g5",
					"pivot": [0, 2, -4.2]
				},
				{
					"name": "Screen5",
					"parent": "Tv_head_2",
					"pivot": [0, 1.5, -3.65],
					"cubes": [
						{"origin": [-9, -5, -4.15], "size": [18, 13, 1], "uv": [168, 134]}
					]
				},
				{
					"name": "Small_jetpack2",
					"parent": "Tv_head_2",
					"pivot": [1, 1, 3],
					"cubes": [
						{"origin": [7, -1, 1], "size": [3, 7, 3], "uv": [0, 28]},
						{"origin": [-10, -1, 1], "size": [3, 7, 3], "uv": [0, 28], "mirror": true},
						{"origin": [6.5, 6, 0.5], "size": [4, 4, 4], "uv": [32, 83]},
						{"origin": [-10.5, 6, 0.5], "size": [4, 4, 4], "uv": [32, 83], "mirror": true}
					],
					"locators": {
						"f5": {
							"offset": [8, 8, 2],
							"rotation": [-5, 0, 0]
						},
						"f6": {
							"offset": [-8, 8, 2],
							"rotation": [-5, 0, 0]
						}
					}
				},
				{
					"name": "Gun2",
					"parent": "Tv_head_2",
					"pivot": [1, 3, 1],
					"cubes": [
						{"origin": [3, 1, 4], "size": [3, 6, 3], "uv": [50, 54]},
						{"origin": [-6, 1, 4], "size": [3, 6, 3], "uv": [50, 54], "mirror": true},
						{"origin": [3.5, -5, 4.5], "size": [2, 9, 2], "uv": [0, 90]},
						{"origin": [-5.5, -5, 4.5], "size": [2, 9, 2], "uv": [0, 90], "mirror": true},
						{"origin": [3.8, -4, 4.75], "size": [1.5, 5, 1.5], "uv": [117, 18]},
						{"origin": [-5.3, -4, 4.75], "size": [1.5, 5, 1.5], "uv": [117, 18], "mirror": true}
					]
				}
			]
		}
	]
}