{
	"format_version": "1.12.0",
	"minecraft:geometry": [
		{
			"description": {
				"identifier": "geometry.ic_skibidi_parasite",
				"texture_width": 256,
				"texture_height": 256,
				"visible_bounds_width": 8,
				"visible_bounds_height": 6,
				"visible_bounds_offset": [0, 2, 0]
			},
			"bones": [
				{
					"name": "root",
					"pivot": [0, 1, 0]
				},
				{
					"name": "toilet",
					"parent": "root",
					"pivot": [0, 13, 0],
					"cubes": [
						{"origin": [-5, 7, -5], "size": [10, 3, 10], "uv": [0, 72]},
						{"origin": [-7, 10, -7], "size": [14, 3, 14], "uv": [0, 37]},
						{"origin": [-9, 12, -7.5], "size": [9, 3, 15], "pivot": [0, 22, 0], "rotation": [0, 0, -77.5], "uv": [0, 54]},
						{"origin": [0, 12, -7.5], "size": [9, 3, 15], "pivot": [0, 22, 0], "rotation": [0, 0, 77.5], "uv": [0, 54], "mirror": true},
						{"origin": [-7.5, 12, -9], "size": [15, 3, 9], "pivot": [0, 22, 0], "rotation": [77.5, 0, 0], "uv": [58, 23]},
						{"origin": [-7.5, 12, 0], "size": [15, 3, 9], "pivot": [0, 22, 0], "rotation": [-77.5, 0, 0], "uv": [58, 11]},
						{"origin": [-8, 18.16026, -9.29852], "size": [16, 4, 2], "pivot": [0, 20.16026, -8.29852], "rotation": [-90, 0, 0], "uv": [68, 0]},
						{"origin": [-8, 18.16026, 7.29852], "size": [16, 4, 2], "pivot": [0, 20.16026, 8.29852], "rotation": [90, 0, 0], "uv": [68, 0]},
						{"origin": [7.27352, 18.16026, -8], "size": [2, 4, 16], "pivot": [8.29852, 20.16026, 0], "rotation": [0, 0, -90], "uv": [24, 73]},
						{"origin": [-9.27352, 18.16026, -8], "size": [2, 4, 16], "pivot": [-8.29852, 20.16026, 0], "rotation": [0, 0, 90], "uv": [24, 73]}
					]
				},
				{
					"name": "lid1",
					"parent": "toilet",
					"pivot": [0, 22, 9],
					"cubes": [
						{"origin": [-8, 19.16026, -9.29852], "size": [16, 4, 1], "pivot": [0, 21.16026, -8.29852], "rotation": [-90, 0, 0], "uv": [97, 11]},
						{"origin": [-9.27352, 19.16026, -8], "size": [1, 4, 16], "pivot": [-8.29852, 21.16026, 0], "rotation": [0, 0, 90], "uv": [80, 57]},
						{"origin": [-8, 19.16026, 8.29852], "size": [16, 4, 1], "pivot": [0, 21.16026, 8.29852], "rotation": [90, 0, 0], "uv": [97, 11], "mirror": true},
						{"origin": [8.27352, 19.16026, -8], "size": [1, 4, 16], "pivot": [8.29852, 21.16026, 0], "rotation": [0, 0, -90], "uv": [80, 57]}
					]
				},
				{
					"name": "back",
					"parent": "toilet",
					"pivot": [0, 22, 11],
					"cubes": [
						{"origin": [-7.5, 19, 8], "size": [16, 3, 6], "uv": [212, 42]},
						{"origin": [-2.5, 22, 8.5], "size": [5, 15, 5], "uv": [7, 14]}
					]
				},
				{
					"name": "lid2",
					"parent": "toilet",
					"pivot": [0, 21, 10]
				},
				{
					"name": "flush",
					"parent": "toilet",
					"pivot": [0, 37, 11],
					"cubes": [
						{"origin": [-1, 36, 10], "size": [2, 2, 2], "uv": [0, 0]}
					]
				},
				{
					"name": "neck",
					"parent": "toilet",
					"pivot": [0, 13, 5.675],
					"rotation": [15, 0, 0],
					"cubes": [
						{"origin": [-2.5, 10.34478, 1.52888], "size": [5, 10, 5], "pivot": [0, 16.49954, 0.84149], "rotation": [25, 0, 0], "uv": [77, 89]}
					]
				},
				{
					"name": "neck2",
					"parent": "neck",
					"pivot": [0, 20.55658, 1.98278],
					"rotation": [-27.5, 0, 0],
					"cubes": [
						{"origin": [-2.575, 17.72074, -2.62002], "size": [5, 10, 5], "pivot": [0, 24.87551, -3.30741], "rotation": [25, 0, 0], "uv": [56, 89]}
					]
				},
				{
					"name": "head",
					"parent": "neck2",
					"pivot": [0, 29.55658, -2.01722],
					"cubes": [
						{"origin": [-5, 27.55658, -7.01722], "size": [10, 11, 10], "pivot": [0, 30.55658, -2.01722], "rotation": [10, 0, 0], "uv": [0, 111]}
					]
				},
				{
					"name": "eyes",
					"parent": "head",
					"pivot": [0, 32.67209, -6.87575],
					"rotation": [10, 0, 0],
					"cubes": [
						{
							"origin": [-3.5, 31.79709, -7.87575],
							"size": [2.25, 1.75, 2],
							"uv": {
								"north": {"uv": [2, 43], "uv_size": [2, 2]},
								"east": {"uv": [0, 43], "uv_size": [2, 2]},
								"south": {"uv": [6, 43], "uv_size": [2, 2]},
								"west": {"uv": [4, 43], "uv_size": [2, 2]},
								"up": {"uv": [2, 41], "uv_size": [2, 2]},
								"down": {"uv": [4, 43], "uv_size": [2, -2]}
							}
						},
						{
							"origin": [1.25, 31.79709, -7.87575],
							"size": [2.25, 1.75, 2],
							"uv": {
								"north": {"uv": [4, 43], "uv_size": [-2, 2]},
								"east": {"uv": [6, 43], "uv_size": [-2, 2]},
								"south": {"uv": [8, 43], "uv_size": [-2, 2]},
								"west": {"uv": [2, 43], "uv_size": [-2, 2]},
								"up": {"uv": [4, 41], "uv_size": [-2, 2]},
								"down": {"uv": [6, 43], "uv_size": [-2, -2]}
							}
						}
					]
				},
				{
					"name": "pupils",
					"parent": "eyes",
					"pivot": [0, 32.67209, -6.87575]
				},
				{
					"name": "1",
					"parent": "pupils",
					"pivot": [0, 32.67209, -6.87575]
				},
				{
					"name": "2",
					"parent": "pupils",
					"pivot": [0, 32.67209, -6.87575]
				},
				{
					"name": "mouth",
					"parent": "head",
					"pivot": [0, 29.58158, -1.99222],
					"cubes": [
						{
							"origin": [-4.975, 28.48158, -6.99222],
							"size": [9.9, 3.1, 4],
							"pivot": [0, 30.58158, -1.99222],
							"rotation": [10, 0, 0],
							"uv": {
								"north": {"uv": [46, 135], "uv_size": [10, 3]},
								"east": {"uv": [42, 135], "uv_size": [4, 3]},
								"south": {"uv": [60, 135], "uv_size": [10, 3]},
								"west": {"uv": [56, 135], "uv_size": [4, 3]},
								"up": {"uv": [46, 131], "uv_size": [10, 4]},
								"down": {"uv": [56, 135], "uv_size": [10, -4]}
							}
						},
						{
							"origin": [-5, 27.55658, -7.01722],
							"size": [10, 5, 5],
							"pivot": [0, 30.55658, -2.01722],
							"rotation": [10, 0, 0],
							"uv": {
								"north": {"uv": [47, 144], "uv_size": [10, 5]},
								"east": {"uv": [42, 144], "uv_size": [5, 5]},
								"south": {"uv": [62, 144], "uv_size": [10, 5]},
								"west": {"uv": [57, 144], "uv_size": [5, 5]},
								"up": {"uv": [47, 139], "uv_size": [10, 5]},
								"down": {"uv": [57, 144], "uv_size": [10, -5]}
							}
						}
					]
				},
				{
					"name": "upper_mouth",
					"parent": "mouth",
					"pivot": [0, 29.58158, -1.99222],
					"cubes": [
						{
							"origin": [-4, 30.05658, -7.01722],
							"size": [8, 2, 0],
							"pivot": [0, 30.55658, -2.01722],
							"rotation": [10, 0, 0],
							"uv": {
								"north": {"uv": [0, 142], "uv_size": [8, 2]},
								"east": {"uv": [0, 142], "uv_size": [0, 2]},
								"south": {"uv": [8, 142], "uv_size": [8, 2]},
								"west": {"uv": [8, 142], "uv_size": [0, 2]},
								"up": {"uv": [0, 142], "uv_size": [8, 0]},
								"down": {"uv": [8, 142], "uv_size": [8, 0]}
							}
						}
					]
				},
				{
					"name": "lower_mouth2",
					"parent": "mouth",
					"pivot": [0, 29.58158, -1.99222],
					"cubes": [
						{
							"origin": [-4, 28.05658, -7.01722],
							"size": [8, 2, 0],
							"pivot": [0, 30.55658, -2.01722],
							"rotation": [10, 0, 0],
							"uv": {
								"north": {"uv": [0, 144], "uv_size": [8, -2]},
								"east": {"uv": [0, 142], "uv_size": [0, 2]},
								"south": {"uv": [8, 142], "uv_size": [8, 2]},
								"west": {"uv": [8, 142], "uv_size": [0, 2]},
								"up": {"uv": [0, 142], "uv_size": [8, 0]},
								"down": {"uv": [8, 142], "uv_size": [8, 0]}
							}
						}
					]
				},
				{
					"name": "tounge",
					"parent": "mouth",
					"pivot": [0, 29.58158, -1.99222],
					"cubes": [
						{
							"origin": [-1, 29.58158, -3.99222],
							"size": [2, 2, 3],
							"pivot": [0, 29.58158, -1.99222],
							"rotation": [10, 0, 0],
							"uv": {
								"north": {"uv": [240, 69], "uv_size": [2, 2]},
								"east": {"uv": [228, 69], "uv_size": [12, 2]},
								"south": {"uv": [254, 69], "uv_size": [2, 2]},
								"west": {"uv": [242, 69], "uv_size": [12, 2]},
								"up": {"uv": [240, 57], "uv_size": [2, 12]},
								"down": {"uv": [242, 69], "uv_size": [2, -12]}
							}
						}
					]
				},
				{
					"name": "teeth",
					"parent": "head",
					"pivot": [0, 29.55658, -3.01722]
				},
				{
					"name": "upper",
					"parent": "teeth",
					"pivot": [0, 30.05658, -2.01722],
					"cubes": [
						{"origin": [-3, 29.86015, -6.2625], "size": [6, 2, 4], "pivot": [0, 30.86015, -4.2625], "rotation": [-170, 0, 0], "uv": [35, 56]}
					]
				},
				{
					"name": "lower",
					"parent": "teeth",
					"pivot": [0, 30.20658, -2.01722],
					"cubes": [
						{"origin": [-3, 27.89053, -5.9152], "size": [6, 2, 4], "pivot": [0, 28.89053, -3.9152], "rotation": [170, 0, 180], "uv": [35, 56]}
					]
				},
				{
					"name": "left_leg",
					"parent": "root",
					"pivot": [5.5, 12.25, -4],
					"rotation": [0, 22.5, 5],
					"cubes": [
						{"origin": [3, 12, -4.25], "size": [16, 1, 1], "inflate": 0.25, "pivot": [6, 13, -4], "rotation": [-15.6249, 7.98133, -31.09681], "uv": [0, 159]},
						{"origin": [19.25, 11.5, -4.75], "size": [2, 2, 2], "inflate": 0.25, "pivot": [6, 13, -4], "rotation": [-15.6249, 7.98133, -31.09681], "uv": [0, 172]}
					]
				},
				{
					"name": "left_leg2",
					"parent": "left_leg",
					"pivot": [18.75, 20, -6],
					"cubes": [
						{"origin": [19.75, 19.75, -6.25], "size": [11, 1, 1], "inflate": 0.25, "pivot": [18.75, 20.25, -6], "rotation": [12.02501, 12.80911, 76.3547], "uv": [0, 159]},
						{"origin": [30.75, 19.25, -6.75], "size": [2, 2, 2], "inflate": 0.25, "pivot": [18.75, 20.25, -6], "rotation": [12.02501, 12.80911, 76.3547], "uv": [0, 207]}
					]
				},
				{
					"name": "left_leg3",
					"parent": "left_leg2",
					"pivot": [22.26653, 6.56024, -8.85412],
					"rotation": [0.47479, -17.22575, 16.86612],
					"cubes": [
						{"origin": [21.21591, 5.28598, -10.33525], "size": [5, 0, 2], "inflate": 0.25, "pivot": [23.71591, 4.53598, -10.33525], "rotation": [-55.49274, 2.1832, 72.8795], "uv": [-2, 188]}
					]
				},
				{
					"name": "right_leg",
					"parent": "root",
					"pivot": [-5.5, 12.25, -4],
					"rotation": [0, -22.5, -5],
					"cubes": [
						{"origin": [-19, 12, -4.25], "size": [16, 1, 1], "inflate": 0.25, "pivot": [-6, 13, -4], "rotation": [-15.6249, -7.98133, 31.09681], "uv": [0, 159], "mirror": true},
						{"origin": [-21.25, 11.5, -4.75], "size": [2, 2, 2], "inflate": 0.25, "pivot": [-6, 13, -4], "rotation": [-15.6249, -7.98133, 31.09681], "uv": [0, 172], "mirror": true}
					]
				},
				{
					"name": "right_leg2",
					"parent": "right_leg",
					"pivot": [-18.75, 20, -6],
					"cubes": [
						{"origin": [-30.75, 19.75, -6.25], "size": [11, 1, 1], "inflate": 0.25, "pivot": [-18.75, 20.25, -6], "rotation": [12.02501, -12.80911, -76.3547], "uv": [0, 159], "mirror": true},
						{"origin": [-32.75, 19.25, -6.75], "size": [2, 2, 2], "inflate": 0.25, "pivot": [-18.75, 20.25, -6], "rotation": [12.02501, -12.80911, -76.3547], "uv": [0, 207], "mirror": true}
					]
				},
				{
					"name": "right_leg3",
					"parent": "right_leg2",
					"pivot": [-22.26653, 6.56024, -8.85412],
					"rotation": [0.47479, 17.22575, -16.86612],
					"cubes": [
						{"origin": [-26.21591, 5.28598, -10.33525], "size": [5, 0, 2], "inflate": 0.25, "pivot": [-23.71591, 4.53598, -10.33525], "rotation": [-55.49274, -2.1832, -72.8795], "uv": [-2, 188], "mirror": true}
					]
				},
				{
					"name": "left_leg4",
					"parent": "root",
					"pivot": [5.5, 12.25, 5],
					"rotation": [0, -35, 5],
					"cubes": [
						{"origin": [3, 12, 4.75], "size": [16, 1, 1], "inflate": 0.25, "pivot": [6, 13, 5], "rotation": [-15.6249, 7.98133, -31.09681], "uv": [0, 159]},
						{"origin": [19.25, 11.5, 4.25], "size": [2, 2, 2], "inflate": 0.25, "pivot": [6, 13, 5], "rotation": [-15.6249, 7.98133, -31.09681], "uv": [0, 172]}
					]
				},
				{
					"name": "left_leg5",
					"parent": "left_leg4",
					"pivot": [18.75, 20, 3],
					"rotation": [0, -25, 0],
					"cubes": [
						{"origin": [19.75, 19.75, 2.75], "size": [11, 1, 1], "inflate": 0.25, "pivot": [18.75, 20.25, 3], "rotation": [12.02501, 12.80911, 76.3547], "uv": [0, 159]},
						{"origin": [30.75, 19.25, 2.25], "size": [2, 2, 2], "inflate": 0.25, "pivot": [18.75, 20.25, 3], "rotation": [12.02501, 12.80911, 76.3547], "uv": [0, 207]}
					]
				},
				{
					"name": "left_leg6",
					"parent": "left_leg5",
					"pivot": [22.26653, 6.56024, 0.14588],
					"rotation": [0.47479, -17.22575, 16.86612],
					"cubes": [
						{"origin": [21.21591, 5.28598, -1.33525], "size": [5, 0, 2], "inflate": 0.25, "pivot": [23.71591, 4.53598, -1.33525], "rotation": [-55.49274, 2.1832, 72.8795], "uv": [-2, 188]}
					]
				},
				{
					"name": "right_leg4",
					"parent": "root",
					"pivot": [-5.5, 12.25, 5],
					"rotation": [0, 35, -5],
					"cubes": [
						{"origin": [-19, 12, 4.75], "size": [16, 1, 1], "inflate": 0.25, "pivot": [-6, 13, 5], "rotation": [-15.6249, -7.98133, 31.09681], "uv": [0, 159], "mirror": true},
						{"origin": [-21.25, 11.5, 4.25], "size": [2, 2, 2], "inflate": 0.25, "pivot": [-6, 13, 5], "rotation": [-15.6249, -7.98133, 31.09681], "uv": [0, 172], "mirror": true}
					]
				},
				{
					"name": "right_leg5",
					"parent": "right_leg4",
					"pivot": [-18.75, 20, 3],
					"rotation": [0, 25, 0],
					"cubes": [
						{"origin": [-30.75, 19.75, 2.75], "size": [11, 1, 1], "inflate": 0.25, "pivot": [-18.75, 20.25, 3], "rotation": [12.02501, -12.80911, -76.3547], "uv": [0, 159], "mirror": true},
						{"origin": [-32.75, 19.25, 2.25], "size": [2, 2, 2], "inflate": 0.25, "pivot": [-18.75, 20.25, 3], "rotation": [12.02501, -12.80911, -76.3547], "uv": [0, 207], "mirror": true}
					]
				},
				{
					"name": "right_leg6",
					"parent": "right_leg5",
					"pivot": [-22.26653, 6.56024, 0.14588],
					"rotation": [0.47479, 17.22575, -16.86612],
					"cubes": [
						{"origin": [-26.21591, 5.28598, -1.33525], "size": [5, 0, 2], "inflate": 0.25, "pivot": [-23.71591, 4.53598, -1.33525], "rotation": [-55.49274, -2.1832, -72.8795], "uv": [-2, 188], "mirror": true}
					]
				}
			]
		}
	]
}