{
	"format_version": "1.8.0",
	"animations": {
		"animation.skibidi.target": {
			"loop": true,
			"animation_length": 1.0417,
			"anim_time_update": "query.anim_time + query.delta_time * 1.0",
			"bones": {
				"mouth": {
					"scale": {
						"0.0": {
							"post": [1, 1, 1],
							"lerp_mode": "catmullrom"
						},
						"0.1667": {
							"post": [1.2, 1, 1],
							"lerp_mode": "catmullrom"
						},
						"0.2917": {
							"post": [1.2, 1, 1],
							"lerp_mode": "catmullrom"
						},
						"0.375": {
							"post": [1.2, 1.2, 1],
							"lerp_mode": "catmullrom"
						},
						"0.5": {
							"post": [1.2, 1.2, 1],
							"lerp_mode": "catmullrom"
						},
						"0.5833": {
							"post": [1, 1, 1],
							"lerp_mode": "catmullrom"
						},
						"0.6667": {
							"post": [1.2, 1.2, 1],
							"lerp_mode": "catmullrom"
						},
						"0.75": {
							"post": [1.2, 1, 1],
							"lerp_mode": "catmullrom"
						},
						"0.8333": {
							"post": [1.2, 1.2, 1],
							"lerp_mode": "catmullrom"
						},
						"0.9583": {
							"post": [1.2, 1.2, 1],
							"lerp_mode": "catmullrom"
						},
						"1.0417": {
							"post": [1, 1, 1],
							"lerp_mode": "catmullrom"
						}
					}
				},
				"upper_mouth": {
					"scale": 0
				},
				"upper": {
					"rotation": {
						"0.0": {
							"post": [0, 0, 0],
							"lerp_mode": "catmullrom"
						},
						"0.1667": {
							"post": [0, 0, 0],
							"lerp_mode": "catmullrom"
						},
						"0.2917": {
							"post": [0, 0, 0],
							"lerp_mode": "catmullrom"
						},
						"0.375": {
							"post": [-10, 0, 0],
							"lerp_mode": "catmullrom"
						},
						"0.5": {
							"post": [-10, 0, 0],
							"lerp_mode": "catmullrom"
						},
						"0.5833": {
							"post": [0, 0, 0],
							"lerp_mode": "catmullrom"
						},
						"0.6667": {
							"post": [-10, 0, 0],
							"lerp_mode": "catmullrom"
						},
						"0.75": {
							"post": [-10, 0, 0],
							"lerp_mode": "catmullrom"
						},
						"0.8333": {
							"post": [0, 0, 0],
							"lerp_mode": "catmullrom"
						},
						"0.9167": {
							"post": [-10, 0, 0],
							"lerp_mode": "catmullrom"
						},
						"1.0417": {
							"post": [0, 0, 0],
							"lerp_mode": "catmullrom"
						}
					}
				},
				"lower": {
					"rotation": {
						"0.0": {
							"post": [0, 0, 0],
							"lerp_mode": "catmullrom"
						},
						"0.1667": {
							"post": [0, 0, 0],
							"lerp_mode": "catmullrom"
						},
						"0.2917": {
							"post": [0, 0, 0],
							"lerp_mode": "catmullrom"
						},
						"0.375": {
							"post": [10, 0, 0],
							"lerp_mode": "catmullrom"
						},
						"0.5": {
							"post": [10, 0, 0],
							"lerp_mode": "catmullrom"
						},
						"0.5833": {
							"post": [0, 0, 0],
							"lerp_mode": "catmullrom"
						},
						"0.6667": {
							"post": [10, 0, 0],
							"lerp_mode": "catmullrom"
						},
						"0.75": {
							"post": [10, 0, 0],
							"lerp_mode": "catmullrom"
						},
						"0.8333": {
							"post": [0, 0, 0],
							"lerp_mode": "catmullrom"
						},
						"0.9167": {
							"post": [10, 0, 0],
							"lerp_mode": "catmullrom"
						},
						"1.0417": {
							"post": [0, 0, 0],
							"lerp_mode": "catmullrom"
						}
					}
				}
			},
			"sound_effects": {
				"0.0": {
					"effect": "chase"
				}
			}
		},
		"animation.skibidi.idle": {
			"loop": true,
			"animation_length": 0.5,
			"bones": {
				"neck2": {
					"position": {
						"0.0": [-0.25, 0, 0],
						"0.0833": [0.25, 0, 0],
						"0.1667": [-0.25, 0, 0],
						"0.25": [0.25, 0, 0],
						"0.3333": [-0.25, 0, 0],
						"0.4167": [0.25, 0, 0],
						"0.5": [-0.25, 0, 0]
					}
				}
			}
		},
		"animation.skibidi.look_at_target": {
			"loop": true,
			"bones": {
				"head": {
					"rotation": ["query.target_x_rotation * 0.8", "query.target_y_rotation * 0.8", "query.target_y_rotation * 0.15"]
				},
				"neck2": {
					"rotation": ["query.target_x_rotation * 0.2", "query.target_y_rotation * 0.2", 0]
				}
			}
		},
		"animation.skibidi.flushed": {
			"animation_length": 7,
			"bones": {
				"flush": {
					"position": {
						"0.0": [0, 0, 0],
						"0.125": {
							"pre": [0, -0.75, 0],
							"post": [0, -0.75, 0],
							"lerp_mode": "catmullrom"
						},
						"0.25": [0, 0, 0]
					}
				},
				"neck2": {
					"rotation": {
						"0.0": {
							"post": [0, 0, 0],
							"lerp_mode": "catmullrom"
						},
						"7.0": {
							"post": [0, 0, 0],
							"lerp_mode": "catmullrom"
						}
					},
					"position": {
						"0.0": {
							"post": [0, 0, 0],
							"lerp_mode": "catmullrom"
						},
						"3.9167": {
							"post": [0, -5, 2],
							"lerp_mode": "catmullrom"
						},
						"7.0": {
							"post": [0, 0, 0],
							"lerp_mode": "catmullrom"
						}
					},
					"scale": {
						"0.0": {
							"post": [1, 1, 1],
							"lerp_mode": "catmullrom"
						},
						"0.5833": {
							"post": [1, 1.3, 1],
							"lerp_mode": "catmullrom"
						},
						"1.5": {
							"post": [1, 1.3, 1],
							"lerp_mode": "catmullrom"
						},
						"3.9167": {
							"post": [1, 0.2, 1],
							"lerp_mode": "catmullrom"
						},
						"7.0": {
							"post": [1, 0.2, 1],
							"lerp_mode": "catmullrom"
						}
					}
				},
				"head": {
					"rotation": {
						"0.0": {
							"post": [0, 0, 0],
							"lerp_mode": "catmullrom"
						},
						"4.0": {
							"post": [0, 2160, 0],
							"lerp_mode": "catmullrom"
						},
						"7.0": {
							"post": [0, 2160, 0],
							"lerp_mode": "catmullrom"
						}
					}
				}
			}
		},
		"animation.spider_skibidi.walk": {
			"loop": true,
			"animation_length": 2,
			"anim_time_update": "query.anim_time + query.delta_time * (query.ground_speed/1.5)",
			"bones": {
				"toilet": {
					"rotation": {
						"0.0": {
							"post": [5, 0, -5],
							"lerp_mode": "catmullrom"
						},
						"0.5": {
							"post": [-2.5, 0, 0],
							"lerp_mode": "catmullrom"
						},
						"1.0": {
							"post": [5, 0, 5],
							"lerp_mode": "catmullrom"
						},
						"1.5": {
							"post": [-2.5, 0, 0],
							"lerp_mode": "catmullrom"
						},
						"2.0": {
							"post": [5, 0, -5],
							"lerp_mode": "catmullrom"
						}
					},
					"position": {
						"0.0": {
							"post": [-1.31, -0.11, 0],
							"lerp_mode": "catmullrom"
						},
						"0.2083": {
							"post": [-2, -1, 0],
							"lerp_mode": "catmullrom"
						},
						"0.7083": {
							"post": [0, 1, 0],
							"lerp_mode": "catmullrom"
						},
						"1.2083": {
							"post": [2, -1, 0],
							"lerp_mode": "catmullrom"
						},
						"1.7083": {
							"post": [0, 1, 0],
							"lerp_mode": "catmullrom"
						},
						"2.0": {
							"post": [-1.31, -0.11, 0],
							"lerp_mode": "catmullrom"
						}
					}
				},
				"head": {
					"rotation": {
						"0.0": {
							"post": [10, 0, 0],
							"lerp_mode": "catmullrom"
						},
						"0.5": {
							"post": [20, 0, 0],
							"lerp_mode": "catmullrom"
						},
						"1.0": {
							"post": [10, 0, 0],
							"lerp_mode": "catmullrom"
						},
						"1.5": {
							"post": [20, 0, 0],
							"lerp_mode": "catmullrom"
						},
						"2.0": {
							"post": [10, 0, 0],
							"lerp_mode": "catmullrom"
						}
					}
				},
				"left_leg": {
					"rotation": {
						"0.0": {
							"post": [0, -35, 0],
							"lerp_mode": "catmullrom"
						},
						"0.5": {
							"post": [7.44802, -16.72264, -12.44706],
							"lerp_mode": "catmullrom"
						},
						"1.0": [-2.59775, 27.38656, -5.63304],
						"1.5": [10.11442, -2.76214, -3.58785],
						"2.0": {
							"pre": [0, -35, 0],
							"post": [0, -35, 0],
							"lerp_mode": "catmullrom"
						}
					},
					"position": {
						"0.0": {
							"post": [-1, 0, 3],
							"lerp_mode": "catmullrom"
						},
						"0.5": {
							"post": [0, 1, 2],
							"lerp_mode": "catmullrom"
						},
						"1.0": [1, -2, 0],
						"1.5": [0, 0, 1],
						"2.0": {
							"pre": [-1, 0, 3],
							"post": [-1, 0, 3],
							"lerp_mode": "catmullrom"
						}
					}
				},
				"left_leg2": {
					"rotation": {
						"0.0": {
							"post": [0, 0, 0],
							"lerp_mode": "catmullrom"
						},
						"0.5": {
							"post": [-10.57639, 9.30727, 23.30696],
							"lerp_mode": "catmullrom"
						},
						"1.0": {
							"post": [0, 0, 0],
							"lerp_mode": "catmullrom"
						},
						"1.5": {
							"post": [0.66, -0.58, -1.46],
							"lerp_mode": "catmullrom"
						},
						"2.0": {
							"post": [0, 0, 0],
							"lerp_mode": "catmullrom"
						}
					}
				},
				"hind_leg": {
					"rotation": {
						"0.0": [90, -5, -90],
						"0.5": {
							"pre": [90, -10, -90],
							"post": [90, -10, -90],
							"lerp_mode": "catmullrom"
						},
						"1.0": {
							"post": [90, 10, -90],
							"lerp_mode": "catmullrom"
						},
						"1.5": [-89.99999, 0, 89.99999],
						"2.0": [90, -5, -90]
					},
					"position": {
						"0.0": [-2, 0, 0],
						"0.5": {
							"pre": [-1, 0, 0],
							"post": [-1, 0, 0],
							"lerp_mode": "catmullrom"
						},
						"1.0": {
							"post": [1, 0, 0],
							"lerp_mode": "catmullrom"
						},
						"1.5": [0, 0, 0],
						"2.0": [-2, 0, 0]
					}
				},
				"hind_leg2": {
					"rotation": {
						"0.0": [-9.91615, -1.29876, -7.38733],
						"0.5": {
							"pre": [-1.57947, -4.20854, -24.66569],
							"post": [-1.57947, -4.20854, -24.66569],
							"lerp_mode": "catmullrom"
						},
						"1.0": {
							"post": [-2.96844, -3.40579, 1.79994],
							"lerp_mode": "catmullrom"
						},
						"1.5": [-4.17104, -1.68031, 22.83312],
						"2.0": [-9.91615, -1.29876, -7.38733]
					}
				},
				"right_leg": {
					"rotation": {
						"0.0": [-2.59775, -27.38656, 5.63304],
						"0.5": [10.11442, 2.76214, 3.58785],
						"1.0": {
							"pre": [0, 35, 0],
							"post": [0, 35, 0],
							"lerp_mode": "catmullrom"
						},
						"1.5": {
							"post": [7.44802, 16.72264, 12.44706],
							"lerp_mode": "catmullrom"
						},
						"2.0": [-2.59775, -27.38656, 5.63304]
					},
					"position": {
						"0.0": [-1, -2, 0],
						"0.5": [0, 0, 1],
						"1.0": {
							"pre": [1, 0, 3],
							"post": [1, 0, 3],
							"lerp_mode": "catmullrom"
						},
						"1.5": {
							"post": [0, 1, 2],
							"lerp_mode": "catmullrom"
						},
						"2.0": [-1, -2, 0]
					}
				},
				"right_leg2": {
					"rotation": {
						"0.0": {
							"post": [0, 0, 0],
							"lerp_mode": "catmullrom"
						},
						"0.5": {
							"post": [0, 0, 0],
							"lerp_mode": "catmullrom"
						},
						"1.0": {
							"post": [0, 0, 0],
							"lerp_mode": "catmullrom"
						},
						"1.5": {
							"post": [0, 0, 0],
							"lerp_mode": "catmullrom"
						},
						"2.0": {
							"post": [0, 0, 0],
							"lerp_mode": "catmullrom"
						}
					}
				},
				"left_leg4": {
					"rotation": {
						"0.0": [-2.59775, 27.38656, -5.63304],
						"0.5833": [10.11442, -2.76214, -3.58785],
						"1.0833": {
							"pre": [0, -35, 0],
							"post": [0, -35, 0],
							"lerp_mode": "catmullrom"
						},
						"1.5833": {
							"post": [7.44802, -16.72264, -12.44706],
							"lerp_mode": "catmullrom"
						},
						"2.0": [-2.59775, 27.38656, -5.63304]
					},
					"position": {
						"0.0": [1, -2, 0],
						"0.5833": [0, 0, 1],
						"1.0833": {
							"pre": [-1, 0, 3],
							"post": [-1, 0, 3],
							"lerp_mode": "catmullrom"
						},
						"1.5833": {
							"post": [0, 1, 2],
							"lerp_mode": "catmullrom"
						},
						"2.0": [1, -2, 0]
					}
				},
				"left_leg5": {
					"rotation": {
						"0.0": {
							"post": [0, 0, 0],
							"lerp_mode": "catmullrom"
						},
						"0.5833": {
							"post": [0.66, -0.58, -1.46],
							"lerp_mode": "catmullrom"
						},
						"1.0833": {
							"post": [0, 0, 0],
							"lerp_mode": "catmullrom"
						},
						"1.5833": {
							"post": [-10.57639, 9.30727, 23.30696],
							"lerp_mode": "catmullrom"
						},
						"2.0": {
							"post": [0, 0, 0],
							"lerp_mode": "catmullrom"
						}
					}
				},
				"right_leg4": {
					"rotation": {
						"0.0": {
							"post": [0, 35, 0],
							"lerp_mode": "catmullrom"
						},
						"0.4167": {
							"post": [7.44802, 16.72264, 12.44706],
							"lerp_mode": "catmullrom"
						},
						"0.9167": [-2.59775, -27.38656, 5.63304],
						"1.4167": [10.11442, 2.76214, 3.58785],
						"2.0": {
							"pre": [0, 35, 0],
							"post": [0, 35, 0],
							"lerp_mode": "catmullrom"
						}
					},
					"position": {
						"0.0": {
							"post": [1, 0, 3],
							"lerp_mode": "catmullrom"
						},
						"0.4167": {
							"post": [0, 1, 2],
							"lerp_mode": "catmullrom"
						},
						"0.9167": [-1, -2, 0],
						"1.4167": [0, 0, 1],
						"2.0": {
							"pre": [1, 0, 3],
							"post": [1, 0, 3],
							"lerp_mode": "catmullrom"
						}
					}
				},
				"right_leg5": {
					"rotation": {
						"0.0": {
							"post": [0, 0, 0],
							"lerp_mode": "catmullrom"
						},
						"0.4167": {
							"post": [0, 0, 0],
							"lerp_mode": "catmullrom"
						},
						"0.9167": {
							"post": [0, 0, 0],
							"lerp_mode": "catmullrom"
						},
						"1.4167": {
							"post": [0, 0, 0],
							"lerp_mode": "catmullrom"
						},
						"2.0": {
							"post": [0, 0, 0],
							"lerp_mode": "catmullrom"
						}
					}
				}
			}
		},
		"animation.skibidi_parasite.infect": {
			"loop": true,
			"bones": {
				"mouth": {
					"scale": [1.1, 1.2, 1]
				},
				"upper_mouth": {
					"position": [0, 2, 0],
					"scale": [1, 0, 0]
				},
				"lower_mouth2": {
					"position": [0, -1, 0]
				},
				"upper": {
					"rotation": [-15, 0, 0]
				},
				"lower": {
					"rotation": [20, 0, 0]
				},
				"tounge": {
					"rotation": [7.5, 0, 0],
					"position": [0, -1, -3],
					"scale": [1, 1, 3.2]
				}
			}
		},
		"animation.skibidi_parasite.ride": {
			"loop": true,
			"bones": {
				"mouth": {
					"scale": [1.1, 1.2, 1]
				},
				"upper_mouth": {
					"position": [0, 2, 0],
					"scale": [1, 0, 0]
				},
				"lower_mouth2": {
					"position": [0, -1, 0]
				},
				"upper": {
					"rotation": [-15, 0, 0]
				},
				"lower": {
					"rotation": [20, 0, 0]
				},
				"tounge": {
					"rotation": [7.5, 0, 0],
					"position": [0, -1, -3],
					"scale": [1, 1, 3.2]
				},
				"root": {
					"rotation": [2.5, 0, 0],
					"position": [0, 2, -2]
				},
				"toilet": {
					"rotation": [-30, 0, 0]
				},
				"neck": {
					"position": [0, 2, -2]
				},
				"neck2": {
					"rotation": [45, 0, 0],
					"position": [0, 1, -1]
				},
				"left_leg": {
					"rotation": [-57.5, 0, 0]
				},
				"left_leg4": {
					"rotation": [-7.5, 0, 40]
				},
				"right_leg": {
					"rotation": [-55, 0, 0],
					"position": [0, 6, 2]
				},
				"right_leg4": {
					"rotation": [-12.5, 0, -37.5]
				}
			}
		},
		"animation.skibidi.attack": {
			"animation_length": 0.75,
			"bones": {
				"neck": {
					"rotation": {
						"0.0": {
							"post": [0, 0, 0],
							"lerp_mode": "catmullrom"
						},
						"0.125": {
							"post": [12.5, 0, 0],
							"lerp_mode": "catmullrom"
						},
						"0.4583": {
							"post": [12.5, 0, 0],
							"lerp_mode": "catmullrom"
						},
						"0.75": {
							"post": [0, 0, 0],
							"lerp_mode": "catmullrom"
						}
					},
					"position": {
						"0.0": {
							"post": [0, 0, 0],
							"lerp_mode": "catmullrom"
						},
						"0.125": {
							"post": [0, 2, -1],
							"lerp_mode": "catmullrom"
						},
						"0.4583": {
							"post": [0, 2, -1],
							"lerp_mode": "catmullrom"
						},
						"0.75": {
							"post": [0, 0, 0],
							"lerp_mode": "catmullrom"
						}
					}
				},
				"neck2": {
					"rotation": {
						"0.0": {
							"post": [0, 0, 0],
							"lerp_mode": "catmullrom"
						},
						"0.125": {
							"post": [17.5, 0, 0],
							"lerp_mode": "catmullrom"
						},
						"0.4583": {
							"post": [17.5, 0, 0],
							"lerp_mode": "catmullrom"
						},
						"0.75": {
							"post": [0, 0, 0],
							"lerp_mode": "catmullrom"
						}
					},
					"position": {
						"0.0": {
							"post": [0, 0, 0],
							"lerp_mode": "catmullrom"
						},
						"0.125": {
							"post": [0, 2, -1],
							"lerp_mode": "catmullrom"
						},
						"0.4583": {
							"post": [0, 2, -1],
							"lerp_mode": "catmullrom"
						},
						"0.75": {
							"post": [0, 0, 0],
							"lerp_mode": "catmullrom"
						}
					}
				},
				"head": {
					"rotation": {
						"0.0": {
							"post": [0, 0, 0],
							"lerp_mode": "catmullrom"
						},
						"0.125": {
							"post": [-17.5, 0, 0],
							"lerp_mode": "catmullrom"
						},
						"0.4583": {
							"post": [-17.5, 0, 0],
							"lerp_mode": "catmullrom"
						},
						"0.75": {
							"post": [0, 0, 0],
							"lerp_mode": "catmullrom"
						}
					},
					"position": {
						"0.0": {
							"post": [0, 0, 0],
							"lerp_mode": "catmullrom"
						},
						"0.125": {
							"post": [0, -1, -4],
							"lerp_mode": "catmullrom"
						},
						"0.4583": {
							"post": [0, -1, -4],
							"lerp_mode": "catmullrom"
						},
						"0.75": {
							"post": [0, 0, 0],
							"lerp_mode": "catmullrom"
						}
					}
				},
				"mouth": {
					"position": {
						"0.0": {
							"post": [0, 0, 0],
							"lerp_mode": "catmullrom"
						},
						"0.125": {
							"post": [0, 0, 0.5],
							"lerp_mode": "catmullrom"
						},
						"0.3333": {
							"post": [0, 0, 0.5],
							"lerp_mode": "catmullrom"
						},
						"0.75": {
							"post": [0, 0, 0],
							"lerp_mode": "catmullrom"
						}
					},
					"scale": {
						"0.0": {
							"post": [1, 1, 1],
							"lerp_mode": "catmullrom"
						},
						"0.125": {
							"post": [1.1, 1, 1.2],
							"lerp_mode": "catmullrom"
						},
						"0.3333": {
							"post": [1.1, 1, 1.2],
							"lerp_mode": "catmullrom"
						},
						"0.75": {
							"post": [1, 1, 1],
							"lerp_mode": "catmullrom"
						}
					}
				},
				"upper_mouth": {
					"position": {
						"0.0": {
							"post": [0, 0, 0],
							"lerp_mode": "catmullrom"
						},
						"0.125": {
							"post": [0, 1, 0],
							"lerp_mode": "catmullrom"
						},
						"0.25": {
							"post": [0, 1, 0],
							"lerp_mode": "catmullrom"
						},
						"0.75": {
							"post": [0, 0, 0],
							"lerp_mode": "catmullrom"
						}
					},
					"scale": {
						"0.0": {
							"post": [1, 1, 1],
							"lerp_mode": "catmullrom"
						},
						"0.125": {
							"post": [1, 0.6, 1],
							"lerp_mode": "catmullrom"
						},
						"0.25": {
							"post": [1, 0.6, 1],
							"lerp_mode": "catmullrom"
						},
						"0.75": {
							"post": [1, 1, 1],
							"lerp_mode": "catmullrom"
						}
					}
				},
				"lower_mouth2": {
					"position": {
						"0.0": {
							"post": [0, 0, 0],
							"lerp_mode": "catmullrom"
						},
						"0.125": {
							"post": [0, -1, 0.2],
							"lerp_mode": "catmullrom"
						},
						"0.25": {
							"post": [0, -1, 0.2],
							"lerp_mode": "catmullrom"
						},
						"0.75": {
							"post": [0, 0, 0],
							"lerp_mode": "catmullrom"
						}
					},
					"scale": {
						"0.0": {
							"post": [1, 1, 1],
							"lerp_mode": "catmullrom"
						},
						"0.125": {
							"post": [1, 1, 1],
							"lerp_mode": "catmullrom"
						},
						"0.25": {
							"post": [1, 1, 1],
							"lerp_mode": "catmullrom"
						},
						"0.75": {
							"post": [1, 1, 1],
							"lerp_mode": "catmullrom"
						}
					}
				},
				"upper": {
					"rotation": {
						"0.0": {
							"post": [0, 0, 0],
							"lerp_mode": "catmullrom"
						},
						"0.125": {
							"post": [-17.5, 0, 0],
							"lerp_mode": "catmullrom"
						},
						"0.25": {
							"post": [-17.5, 0, 0],
							"lerp_mode": "catmullrom"
						},
						"0.3333": {
							"post": [0, 0, 0],
							"lerp_mode": "catmullrom"
						},
						"0.75": {
							"post": [0, 0, 0],
							"lerp_mode": "catmullrom"
						}
					},
					"position": {
						"0.0": {
							"post": [0, 0, 0],
							"lerp_mode": "catmullrom"
						},
						"0.125": {
							"post": [0, 0, -1],
							"lerp_mode": "catmullrom"
						},
						"0.25": {
							"post": [0, 0, -1],
							"lerp_mode": "catmullrom"
						},
						"0.3333": {
							"post": [0, 0, -1],
							"lerp_mode": "catmullrom"
						},
						"0.75": {
							"post": [0, 0, 0],
							"lerp_mode": "catmullrom"
						}
					}
				},
				"lower": {
					"rotation": {
						"0.0": {
							"post": [0, 0, 0],
							"lerp_mode": "catmullrom"
						},
						"0.125": {
							"post": [10, 0, 0],
							"lerp_mode": "catmullrom"
						},
						"0.25": {
							"post": [10, 0, 0],
							"lerp_mode": "catmullrom"
						},
						"0.3333": {
							"post": [0, 0, 0],
							"lerp_mode": "catmullrom"
						},
						"0.75": {
							"post": [0, 0, 0],
							"lerp_mode": "catmullrom"
						}
					},
					"position": {
						"0.0": {
							"post": [0, 0, 0],
							"lerp_mode": "catmullrom"
						},
						"0.125": {
							"post": [0, 0, -1],
							"lerp_mode": "catmullrom"
						},
						"0.25": {
							"post": [0, 0, -1],
							"lerp_mode": "catmullrom"
						},
						"0.3333": {
							"post": [0, 0, -1],
							"lerp_mode": "catmullrom"
						},
						"0.75": {
							"post": [0, 0, 0],
							"lerp_mode": "catmullrom"
						}
					}
				}
			}
		}
	}
}