{
	"format_version": "1.12.0",
	"minecraft:geometry": [
		{
			"description": {
				"identifier": "geometry.gojidraw_g_clone_laser",
				"texture_width": 256,
				"texture_height": 256,
				"visible_bounds_width": 3752,
				"visible_bounds_height": 9,
				"visible_bounds_offset": [0, 2.5, 0]
			},
			"bones": [
				{
					"name": "Right_small_laser3",
					"pivot": [-1, 5.27778, -1.46667],
					"rotation": [-2.49392, -0.17434, -91.49621],
					"cubes": [
						{"origin": [-1.50761, 0.67431, 13], "size": [7, 7, 6], "uv": [151, 54]},
						{"origin": [-7.50761, 3.67431, 15], "size": [6, 3, 2], "uv": [20, 107]},
						{"origin": [-0.50761, 1.67431, 9], "size": [5, 5, 7], "pivot": [1.99239, 4.17431, -12], "rotation": [0, 0, 45], "uv": [57, 151], "mirror": true},
						{"origin": [-0.50761, 1.67431, 2], "size": [5, 5, 6], "pivot": [1.99239, 4.17431, -7], "rotation": [0, 0, 45], "uv": [160, 33]},
						{"origin": [0.6, 2.6, -20], "size": [2.8, 2.8, 9], "pivot": [1.99239, 4.17431, -37], "rotation": [0, 0, 45], "uv": [72, 154]},
						{"origin": [0.6, 2.6, -18], "size": [2.8, 2.8, 0], "pivot": [1.99239, 4.17431, -37], "rotation": [0, 0, 45], "uv": [18, 2]},
						{"origin": [0.5, 2.5, -11], "size": [3, 3, 25], "pivot": [1.99239, 4.17431, -12], "rotation": [0, 0, 45], "uv": [35, 87]}
					]
				},
				{
					"name": "left_laser4",
					"parent": "Right_small_laser3",
					"pivot": [1.99239, 4, -14],
					"cubes": [
						{"origin": [1.49239, 3.5, -17], "size": [1, 1, 6], "pivot": [1.99239, 4, -15], "rotation": [0, 0, -45], "uv": [0, 107], "mirror": true}
					]
				}
			]
		}
	]
}