{
    "scheme": "1.3",
    "name": "betteritems/block",
    "texture": [ 16, 16 ],
    "shapes": [],
    "default": "b.a:betteritems/block/block.png",
    "providesObj": true,
    "limbs": {
        "block": {
            "size": [ 16, 16, 16 ],
            "texture": [ 0, 0 ],
            "anchor": [ 0.5, 0.5, 0.5 ],
            "origin": [ 0.0, 0.5, 0.0 ]
        }
    },
    "poses": {
        "standing": {
            "size": [ 1.0, 1.0, 1.0 ],
            "limbs": {
                "block": {
                    "translate": [ 0.0, 8.0, 0.0 ],
                    "scale": [ -1.0, 1.0, 1.0 ]
                }
            }
        }
    }
}