{
	"format_version": "1.12.0",
	"minecraft:geometry": [
		{
			"description": {
				"identifier": "geometry.gojidraw_astro_k_9",
				"texture_width": 256,
				"texture_height": 256,
				"visible_bounds_width": 1252,
				"visible_bounds_height": 30,
				"visible_bounds_offset": [0, -6, 0]
			},
			"bones": [
				{
					"name": "Laser_right",
					"pivot": [-2.15169, -0.61788, -1],
					"rotation": [0, 0, -90],
					"cubes": [
						{"origin": [15.25701, 5.38212, -29], "size": [3.1826, 3, 24], "pivot": [16.84831, 0.38212, -21], "rotation": [0, 0, 135], "uv": [0, 119], "mirror": true},
						{"origin": [11.84831, -8.61788, -11], "size": [10, 18, 21], "uv": [57, 72]},
						{"origin": [11.84831, 9.38212, -30], "size": [7, 0, 19], "uv": [45, 0]},
						{"origin": [11.84831, -8.61788, -30], "size": [7, 0, 19], "uv": [45, 0]},
						{"origin": [7.84831, -4.61788, -11.1], "size": [18, 10, 21.2], "uv": [0, 62]},
						{"origin": [-5.15169, -2.61788, -4.1], "size": [14, 7, 7], "pivot": [2.84831, 0.88212, -0.6], "rotation": [45, 0, 0], "uv": [176, 39]},
						{"origin": [7.84831, -4.61788, -30.1], "size": [0, 10, 19.2], "uv": [98, 64]},
						{"origin": [25.84831, -0.11788, -10.9], "size": [4, 5.5, 20.8], "pivot": [25.84831, 5.38212, -0.5], "rotation": [0, 0, 135], "uv": [128, 29]},
						{"origin": [7.84831, -0.11788, -29.9], "size": [0, 5.5, 18.8], "pivot": [7.84831, 5.38212, -21.5], "rotation": [0, 0, -135], "uv": [145, 144]},
						{"origin": [3.84831, -0.11788, -10.9], "size": [4, 5.5, 20.8], "pivot": [7.84831, 5.38212, -0.5], "rotation": [0, 0, -135], "uv": [128, 29], "mirror": true},
						{"origin": [3.84831, -4.61788, -10.9], "size": [4, 5.5, 20.8], "pivot": [7.84831, -4.61788, -0.5], "rotation": [0, 0, 135], "uv": [128, 29], "mirror": true},
						{"origin": [7.84831, -4.61788, -29.9], "size": [0, 5.5, 18.8], "pivot": [7.84831, -4.61788, -0.5], "rotation": [0, 0, 135], "uv": [57, 46]},
						{"origin": [25.84831, -4.61788, -10.9], "size": [4, 5.5, 20.8], "pivot": [25.84831, -4.61788, -0.5], "rotation": [0, 0, -135], "uv": [128, 29]}
					]
				},
				{
					"name": "C_r",
					"parent": "Laser_right",
					"pivot": [16.83634, 0.38212, -22.07143],
					"cubes": [
						{"origin": [15.25701, 5.38212, -28.9], "size": [3.1826, 3, 24], "pivot": [16.84831, 0.38212, -21], "rotation": [0, 0, 67.5], "uv": [0, 119], "mirror": true},
						{"origin": [15.25701, 5.38212, -29], "size": [3.1826, 3, 24], "pivot": [16.84831, 0.38212, -21], "rotation": [0, 0, 45], "uv": [0, 119], "mirror": true},
						{"origin": [15.25701, 5.38212, -28.9], "size": [3.1826, 3, 24], "pivot": [16.84831, 0.38212, -21], "rotation": [0, 0, 22.5], "uv": [0, 119], "mirror": true},
						{"origin": [8.66571, -7.61788, -28.8], "size": [16.1826, 16, 0], "uv": [60, 190]},
						{"origin": [16.25701, 4.38212, -29.5], "size": [1.1826, 3, 2], "pivot": [16.84831, 0.38212, -21], "rotation": [0, 0, 45], "uv": [95, 64], "mirror": true},
						{"origin": [16.25701, 4.38212, -29.5], "size": [1.1826, 3, 2], "uv": [95, 64], "mirror": true},
						{"origin": [16.25701, 4.38212, -29.5], "size": [1.1826, 3, 2], "pivot": [16.84831, 0.38212, -21], "rotation": [0, 0, 135], "uv": [95, 64], "mirror": true},
						{"origin": [16.43961, 8.38212, -38], "size": [0, 11, 16], "pivot": [16.84831, 0.38212, -21], "rotation": [0, 0, -135], "uv": [113, 146]},
						{"origin": [16.43961, 8.38212, -38], "size": [0, 11, 16], "pivot": [16.84831, 0.38212, -21], "rotation": [0, 0, 137.5], "uv": [113, 146]},
						{"origin": [16.43961, 8.38212, -38], "size": [0, 11, 16], "uv": [113, 146]},
						{"origin": [15.25701, 5.38212, -28.9], "size": [3.1826, 3, 24], "pivot": [16.84831, 0.38212, -21], "rotation": [0, 0, -22.5], "uv": [0, 119]},
						{"origin": [15.25701, 5.38212, -29], "size": [3.1826, 3, 24], "pivot": [16.84831, 0.38212, -21], "rotation": [0, 0, -45], "uv": [0, 119]},
						{"origin": [15.25701, 5.38212, -28.9], "size": [3.1826, 3, 24], "pivot": [16.84831, 0.38212, -21], "rotation": [0, 0, -67.5], "uv": [0, 119]},
						{"origin": [15.25701, 5.38212, -29], "size": [3.1826, 3, 24], "pivot": [16.84831, 0.38212, -21], "rotation": [0, 0, -90], "uv": [0, 119]},
						{"origin": [15.25701, 5.38212, -28.9], "size": [3.1826, 3, 24], "pivot": [16.84831, 0.38212, -21], "rotation": [0, 0, -112.5], "uv": [0, 119]},
						{"origin": [15.25701, 5.38212, -29], "size": [3.1826, 3, 24], "pivot": [16.84831, 0.38212, -21], "rotation": [0, 0, -135], "uv": [0, 119]},
						{"origin": [15.25701, 5.38212, -28.9], "size": [3.1826, 3, 24], "pivot": [16.84831, 0.38212, -21], "rotation": [0, 0, -157.5], "uv": [0, 119]},
						{"origin": [15.25701, 5.38212, -29], "size": [3.1826, 3, 24], "pivot": [16.84831, 0.38212, -21], "rotation": [0, 0, -180], "uv": [0, 119]},
						{"origin": [15.25701, 5.38212, -28.9], "size": [3.1826, 3, 24], "pivot": [16.84831, 0.38212, -21], "rotation": [0, 0, 157.5], "uv": [0, 119], "mirror": true},
						{"origin": [15.25701, 5.38212, -28.9], "size": [3.1826, 3, 24], "pivot": [16.84831, 0.38212, -21], "rotation": [0, 0, 112.5], "uv": [0, 119], "mirror": true},
						{"origin": [15.25701, 5.38212, -29], "size": [3.1826, 3, 24], "pivot": [16.84831, 0.38212, -21], "rotation": [0, 0, 135], "uv": [0, 119], "mirror": true},
						{"origin": [16.25701, 4.38212, -29.5], "size": [1.1826, 3, 2], "pivot": [16.84831, 0.38212, -21], "rotation": [0, 0, -135], "uv": [95, 64]},
						{"origin": [16.25701, 4.38212, -29.5], "size": [1.1826, 3, 2], "pivot": [16.84831, 0.38212, -21], "rotation": [0, 0, -180], "uv": [95, 64], "mirror": true},
						{"origin": [16.25701, 4.38212, -29.5], "size": [1.1826, 3, 2], "pivot": [16.84831, 0.38212, -21], "rotation": [0, 0, -90], "uv": [95, 64]},
						{"origin": [15.25701, 5.38212, -29], "size": [3.1826, 3, 24], "pivot": [16.84831, 0.38212, -21], "rotation": [0, 0, 90], "uv": [0, 119], "mirror": true},
						{"origin": [16.25701, 4.38212, -29.5], "size": [1.1826, 3, 2], "pivot": [16.84831, 0.38212, -21], "rotation": [0, 0, -45], "uv": [95, 64]},
						{"origin": [16.25701, 4.38212, -29.5], "size": [1.1826, 3, 2], "pivot": [16.84831, 0.38212, -21], "rotation": [0, 0, 90], "uv": [95, 64], "mirror": true},
						{"origin": [15.25701, 5.38212, -29], "size": [3.1826, 3, 24], "uv": [0, 119]}
					]
				},
				{
					"name": "L",
					"parent": "C_r",
					"pivot": [16.84831, 0.38212, -27],
					"cubes": [
						{"origin": [14.84831, -1.61788, -28], "size": [4, 4, 2], "uv": [156, 29]}
					]
				}
			]
		}
	]
}