{
    "scheme": "1.3",
    "name": "МаскаКислородная4/маска2",
    "texture": [ 64, 32 ],
    "providesObj": true,
    "legacyObj": false,
    "limbs": {
        "cube1": {
            "size": [ 4, 4, 4 ],
            "texture": [ 0, 0 ],
            "anchor": [ 0.5, 0.5, 0.5 ],
            "origin": [ 0.0, 0.0, 0.0 ],
            "specular": 0
        },
        "cube": {
            "size": [ 4, 4, 4 ],
            "texture": [ 0, 0 ],
            "anchor": [ 0.5, 0.5, 0.5 ],
            "origin": [ 0.0, 0.0, 0.0 ],
            "specular": 0,
            "lighting": false
        },
        "mesh": {
            "size": [ 4, 4, 4 ],
            "texture": [ 0, 0 ],
            "anchor": [ 0.5, 0.5, 0.5 ],
            "origin": [ 0.0, 0.0, 0.0 ],
            "specular": 0
        }
    },
    "poses": {
        "standing": {
            "size": [ 1.0, 1.0, 1.0 ],
            "limbs": {
                "cube1": {
                    "translate": [ 0.0, 4.5, 0.0 ]
                },
                "cube": {
                    "translate": [ 0.0, 4.5, 0.0 ]
                },
                "mesh": {
                    "translate": [ 0.0, 4.5, -2.0E-6 ],
                    "rotate": [ -5.6E-5, 0.0, 0.0 ]
                }
            }
        },
        "flying": {
            "size": [ 1.0, 1.0, 1.0 ],
            "limbs": {}
        },
        "sneaking": {
            "size": [ 1.0, 1.0, 1.0 ],
            "limbs": {}
        },
        "riding": {
            "size": [ 1.0, 1.0, 1.0 ],
            "limbs": {}
        },
        "sleeping": {
            "size": [ 1.0, 1.0, 1.0 ],
            "limbs": {}
        }
    }
}