{
	"format_version": "1.12.0",
	"minecraft:geometry": [
		{
			"description": {
				"identifier": "geometry.ic_titan_tvman",
				"texture_width": 256,
				"texture_height": 256,
				"visible_bounds_width": 6,
				"visible_bounds_height": 8,
				"visible_bounds_offset": [0, 3, 0]
			},
			"bones": [
				{
					"name": "root",
					"pivot": [0, 16, 0]
				},
				{
					"name": "waist",
					"parent": "root",
					"pivot": [0, 36, 0],
					"cubes": [
						{"origin": [-8.5, 36, -5], "size": [17, 10, 9], "uv": [67, 10]},
						{"origin": [-9.5, 36, -5], "size": [19, 10, 9], "inflate": 0.2, "uv": [0, 60]}
					]
				},
				{
					"name": "body",
					"parent": "waist",
					"pivot": [0, 46, 0],
					"cubes": [
						{"origin": [-13.5, 56, -6], "size": [27, 8, 11], "inflate": 0.2, "uv": [0, 19]},
						{"origin": [-13.5, 55, -6], "size": [27, 9, 11], "inflate": 0.4, "uv": [0, 124]},
						{"origin": [-9, 46, -6], "size": [18, 10, 11], "uv": [47, 48]},
						{"origin": [-9, 46, -6], "size": [18, 10, 11], "inflate": 0.2, "uv": [0, 38]}
					]
				},
				{
					"name": "core",
					"parent": "body",
					"pivot": [0.1, 55.4, -7],
					"cubes": [
						{
							"origin": [-5.122, 50.422, -6],
							"size": [10.2, 10.2, 5.32],
							"inflate": 1,
							"uv": {
								"north": {"uv": [236, 4], "uv_size": [8, 8]},
								"east": {"uv": [232, 4], "uv_size": [4, 8]},
								"south": {"uv": [248, 4], "uv_size": [8, 8]},
								"west": {"uv": [244, 4], "uv_size": [4, 8]},
								"up": {"uv": [236, 0], "uv_size": [8, 4]},
								"down": {"uv": [244, 4], "uv_size": [8, -4]}
							}
						},
						{
							"origin": [-4.902, 50.642, -8.22],
							"size": [9.76, 9.76, 1.22],
							"uv": {
								"north": {"uv": [239, 30], "uv_size": [8, 8]},
								"east": {"uv": [238, 30], "uv_size": [1, 8]},
								"south": {"uv": [248, 30], "uv_size": [8, 8]},
								"west": {"uv": [247, 30], "uv_size": [1, 8]},
								"up": {"uv": [239, 29], "uv_size": [8, 1]},
								"down": {"uv": [247, 30], "uv_size": [8, -1]}
							}
						},
						{
							"origin": [-4.314, 51.23, -7.632],
							"size": [8.584, 8.584, 4.924],
							"inflate": 0.1,
							"uv": {
								"north": {"uv": [238, 18], "uv_size": [7, 7]},
								"east": {"uv": [234, 18], "uv_size": [4, 7]},
								"south": {"uv": [249, 18], "uv_size": [7, 7]},
								"west": {"uv": [245, 18], "uv_size": [4, 7]},
								"up": {"uv": [238, 14], "uv_size": [7, 4]},
								"down": {"uv": [245, 18], "uv_size": [7, -4]}
							}
						},
						{
							"origin": [0.1, 46.86, -14.32],
							"size": [0, 8.54, 7.32],
							"pivot": [0.1, 51.13, -8.83],
							"rotation": [-30.28514, -2.35156, -0.58089],
							"uv": {
								"north": {"uv": [220, 0], "uv_size": [0, 7]},
								"east": {"uv": [214, 0], "uv_size": [6, 7]},
								"south": {"uv": [226, 0], "uv_size": [0, 7]},
								"west": {"uv": [220, 0], "uv_size": [6, 7]},
								"up": {"uv": [220, -6], "uv_size": [0, 6]},
								"down": {"uv": [220, 0], "uv_size": [0, -6]}
							}
						},
						{
							"origin": [4.31047, 53.47375, -14.06321],
							"size": [0, 8.54, 7.32],
							"pivot": [4.00547, 58.65875, -11.01321],
							"rotation": [-21.43511, 2.03404, -138.36034],
							"uv": {
								"north": {"uv": [220, 0], "uv_size": [0, 7]},
								"east": {"uv": [214, 0], "uv_size": [6, 7]},
								"south": {"uv": [226, 0], "uv_size": [0, 7]},
								"west": {"uv": [220, 0], "uv_size": [6, 7]},
								"up": {"uv": [220, -6], "uv_size": [0, 6]},
								"down": {"uv": [220, 0], "uv_size": [0, -6]}
							}
						},
						{
							"origin": [-4.35447, 53.47375, -14.06321],
							"size": [0, 8.54, 7.32],
							"pivot": [-4.04947, 58.65875, -11.01321],
							"rotation": [-21.43511, -2.03404, 138.36034],
							"uv": {
								"north": {"uv": [220, 0], "uv_size": [0, 7]},
								"east": {"uv": [226, 0], "uv_size": [-6, 7]},
								"south": {"uv": [226, 0], "uv_size": [0, 7]},
								"west": {"uv": [220, 0], "uv_size": [-6, 7]},
								"up": {"uv": [220, -6], "uv_size": [0, 6]},
								"down": {"uv": [220, 0], "uv_size": [0, -6]}
							}
						}
					],
					"locators": {
						"flame": [-0.022, 55.522, -8.22]
					}
				},
				{
					"name": "left_arm",
					"parent": "body",
					"pivot": [12, 62.5, 0],
					"cubes": [
						{"origin": [12, 39.5, -4.5], "size": [8, 24, 8], "uv": [56, 69]}
					]
				},
				{
					"name": "speaker2",
					"parent": "left_arm",
					"pivot": [17, 57.5, -4],
					"cubes": [
						{"origin": [10, 56.5, -9], "size": [11, 16, 6], "inflate": 0.5, "pivot": [17, 57.5, -4], "rotation": [0, 0, 22.5], "uv": [195, 57], "mirror": true}
					]
				},
				{
					"name": "left_arm2",
					"parent": "left_arm",
					"pivot": [14.5, 40.5, 1],
					"cubes": [
						{"origin": [12, 20.5, -4.5], "size": [8, 19, 8], "uv": [80, 96]},
						{"origin": [12, 20.5, -4.5], "size": [8, 19, 8], "inflate": 0.2, "uv": [112, 96]}
					]
				},
				{
					"name": "grappler2",
					"parent": "left_arm2",
					"pivot": [20, 37.5, -0.5],
					"cubes": [
						{"origin": [20, 36.5, -2], "size": [3, 6, 3], "uv": [244, 56], "mirror": true},
						{"origin": [21.75, 42.25, -1], "size": [2, 9, 1], "pivot": [21.5, 45.5, -0.5], "rotation": [0, 0, 15], "uv": [250, 69], "mirror": true},
						{"origin": [23.46325, 49.6624, -0.5], "size": [2, 6, 0], "pivot": [24.71325, 52.6624, -0.5], "rotation": [0, 0, 7.5], "uv": [252, 85], "mirror": true},
						{"origin": [22.03877, 26.62936, -1], "size": [2, 9, 1], "pivot": [23.07554, 33.36685, -0.5], "rotation": [0, 0, 160], "uv": [250, 69]},
						{"origin": [21.91717, 32.59903, -0.5], "size": [2, 6, 0], "pivot": [23.07554, 33.36685, -0.5], "rotation": [0, 0, 165], "uv": [252, 85]}
					]
				},
				{
					"name": "right_arm",
					"parent": "body",
					"pivot": [-12, 62.5, 0],
					"cubes": [
						{"origin": [-20, 39.5, -4.5], "size": [8, 24, 8], "uv": [56, 69], "mirror": true}
					]
				},
				{
					"name": "speaker",
					"parent": "right_arm",
					"pivot": [-17, 57.5, -4],
					"cubes": [
						{"origin": [-21, 56.5, -9], "size": [11, 16, 6], "inflate": 0.5, "pivot": [-17, 57.5, -4], "rotation": [0, 0, -22.5], "uv": [195, 57]}
					]
				},
				{
					"name": "right_arm2",
					"parent": "right_arm",
					"pivot": [-14.5, 40.5, 1],
					"cubes": [
						{"origin": [-20, 20.5, -4.5], "size": [8, 19, 8], "uv": [80, 96], "mirror": true},
						{"origin": [-20, 19.5, -4.5], "size": [8, 19, 8], "inflate": 0.2, "uv": [112, 97], "mirror": true}
					]
				},
				{
					"name": "grappler",
					"parent": "right_arm2",
					"pivot": [-20, 37.5, -0.5],
					"cubes": [
						{"origin": [-23, 36.5, -2], "size": [3, 6, 3], "uv": [244, 56]},
						{"origin": [-23.75, 42.25, -1], "size": [2, 9, 1], "pivot": [-21.5, 45.5, -0.5], "rotation": [0, 0, -15], "uv": [250, 69]},
						{"origin": [-25.46325, 49.6624, -0.5], "size": [2, 6, 0], "pivot": [-24.71325, 52.6624, -0.5], "rotation": [0, 0, -7.5], "uv": [252, 85]},
						{"origin": [-24.03877, 26.62936, -1], "size": [2, 9, 1], "pivot": [-23.07554, 33.36685, -0.5], "rotation": [0, 0, -160], "uv": [250, 69], "mirror": true},
						{"origin": [-23.91717, 32.59903, -0.5], "size": [2, 6, 0], "pivot": [-23.07554, 33.36685, -0.5], "rotation": [0, 0, -165], "uv": [252, 85], "mirror": true}
					]
				},
				{
					"name": "rocket",
					"parent": "body",
					"pivot": [0, 52.61551, 3.92191],
					"cubes": [
						{"origin": [-7, 45, 2], "size": [14, 13, 5], "uv": [0, 164]},
						{
							"origin": [16.96099, 41.8375, -9.89414],
							"size": [6.48, 24.3, 6.48],
							"inflate": 1,
							"pivot": [0.30299, -32.1625, -8.27414],
							"rotation": [0, -87.5, 0],
							"uv": {
								"north": {"uv": [8, 241], "uv_size": [-4, 15]},
								"east": {"uv": [12, 241], "uv_size": [-4, 15]},
								"south": {"uv": [16, 241], "uv_size": [-4, 15]},
								"west": {"uv": [4, 241], "uv_size": [-4, 15]},
								"up": {"uv": [8, 237], "uv_size": [-4, 4]},
								"down": {"uv": [12, 241], "uv_size": [-4, -4]}
							}
						},
						{
							"origin": [16.71299, 63.2695, -10.14214],
							"size": [6.976, 5.356, 6.976],
							"inflate": 1.4,
							"pivot": [0.30299, -32.1625, -8.27414],
							"rotation": [0, -87.5, 0],
							"uv": {
								"north": {"uv": [28, 253], "uv_size": [-4, 3]},
								"east": {"uv": [32, 253], "uv_size": [-4, 3]},
								"south": {"uv": [36, 253], "uv_size": [-4, 3]},
								"west": {"uv": [24, 253], "uv_size": [-4, 3]},
								"up": {"uv": [28, 249], "uv_size": [-4, 4]},
								"down": {"uv": [32, 253], "uv_size": [-4, -4]}
							}
						},
						{
							"origin": [16.96099, 28.3725, -9.89414],
							"size": [6.48, 4.86, 6.48],
							"inflate": 1,
							"pivot": [0.30299, -32.1625, -8.27414],
							"rotation": [0, -87.5, 0],
							"uv": {
								"north": {"uv": [47, 253], "uv_size": [-4, 3]},
								"east": {"uv": [51, 253], "uv_size": [-4, 3]},
								"south": {"uv": [55, 253], "uv_size": [-4, 3]},
								"west": {"uv": [43, 253], "uv_size": [-4, 3]},
								"up": {"uv": [47, 249], "uv_size": [-4, 4]},
								"down": {"uv": [51, 253], "uv_size": [-4, -4]}
							}
						},
						{
							"origin": [16.77499, 32.4515, -10.08014],
							"size": [6.852, 5.232, 6.852],
							"inflate": 1.3,
							"pivot": [0.30299, -32.1625, -8.27414],
							"rotation": [0, -87.5, 0],
							"uv": {
								"north": {"uv": [61, 250], "uv_size": [-4, 3]},
								"east": {"uv": [65, 250], "uv_size": [-4, 3]},
								"south": {"uv": [69, 250], "uv_size": [-4, 3]},
								"west": {"uv": [57, 250], "uv_size": [-4, 3]},
								"up": {"uv": [61, 246], "uv_size": [-4, 4]},
								"down": {"uv": [65, 250], "uv_size": [-4, -4]}
							}
						},
						{
							"origin": [17.14699, 34.0635, -9.70814],
							"size": [6.108, 23.928, 6.108],
							"inflate": 0.7,
							"pivot": [0.30299, -32.1625, -8.27414],
							"rotation": [0, -87.5, 0],
							"uv": {
								"north": {"uv": [8, 241], "uv_size": [-4, 15]},
								"east": {"uv": [12, 241], "uv_size": [-4, 15]},
								"south": {"uv": [16, 241], "uv_size": [-4, 15]},
								"west": {"uv": [4, 241], "uv_size": [-4, 15]},
								"up": {"uv": [8, 237], "uv_size": [-4, 4]},
								"down": {"uv": [12, 241], "uv_size": [-4, -4]}
							}
						},
						{
							"origin": [15.50299, 43.3575, -8.27414],
							"size": [1.62, 11.34, 3.24],
							"inflate": 1,
							"pivot": [0.30299, -32.1625, -8.27414],
							"rotation": [0, -87.5, 0],
							"uv": {
								"north": {"uv": [3, 211], "uv_size": [-1, 7]},
								"east": {"uv": [5, 211], "uv_size": [-2, 7]},
								"south": {"uv": [6, 211], "uv_size": [-1, 7]},
								"west": {"uv": [2, 211], "uv_size": [-2, 7]},
								"up": {"uv": [3, 209], "uv_size": [-1, 2]},
								"down": {"uv": [4, 211], "uv_size": [-1, -2]}
							}
						},
						{
							"origin": [15.50299, 50.0775, -8.27414],
							"size": [1.62, 11.34, 3.24],
							"inflate": 1,
							"pivot": [0.30299, -32.1625, -8.27414],
							"rotation": [0, -87.5, 0],
							"uv": {
								"north": {"uv": [3, 211], "uv_size": [-1, 7]},
								"east": {"uv": [5, 211], "uv_size": [-2, 7]},
								"south": {"uv": [6, 211], "uv_size": [-1, 7]},
								"west": {"uv": [2, 211], "uv_size": [-2, 7]},
								"up": {"uv": [3, 209], "uv_size": [-1, 2]},
								"down": {"uv": [4, 211], "uv_size": [-1, -2]}
							}
						}
					],
					"locators": {
						"thrust": {
							"offset": [-0.25, 31, 12.75],
							"rotation": [180, 0, 0]
						}
					}
				},
				{
					"name": "claw",
					"parent": "rocket",
					"pivot": [7.5, 57.11551, 4.92191],
					"rotation": [0, 0, 2.5],
					"cubes": [
						{"origin": [7.5, 56.11551, 1.42191], "size": [1, 5, 4], "pivot": [7.5, 57.11551, 4.92191], "rotation": [0, -90, 0], "uv": [242, 247]}
					]
				},
				{
					"name": "claw_1",
					"parent": "claw",
					"pivot": [7.5, 58.11551, 6.92191],
					"rotation": [6.54847, 7.86726, 3.169],
					"cubes": [
						{"origin": [8.25, 49.11551, 5.92191], "size": [2, 11, 2], "pivot": [7.5, 58.11551, 6.92191], "rotation": [15, 0, 0], "uv": [187, 243]},
						{"origin": [7.75, 46.61551, 5.42191], "size": [3, 3, 3], "pivot": [7.5, 58.11551, 6.92191], "rotation": [15, 0, 0], "uv": [201, 245]},
						{"origin": [7.25, 42.61551, 4.92191], "size": [4, 4, 4], "pivot": [7.5, 58.11551, 6.92191], "rotation": [15, 0, 0], "uv": [164, 248]}
					]
				},
				{
					"name": "claw_2",
					"parent": "claw_1",
					"pivot": [9.5, 44.96551, 10.57191],
					"rotation": [14.93745, -1.50179, 4.76968],
					"cubes": [
						{"origin": [4.5, 43.96551, 9.57191], "size": [10, 2, 2], "pivot": [9.5, 44.96551, 10.57191], "rotation": [-20, 0, 0], "uv": [99, 252]},
						{"origin": [14, 39.96551, 8.57191], "size": [1, 9, 2], "inflate": -0.1, "pivot": [9.5, 41.96551, 9.57191], "rotation": [-20, 0, 0], "uv": [131, 242]},
						{"origin": [9.9, 57.06551, 8.57191], "size": [1, 11, 2], "inflate": -0.1, "pivot": [9.5, 41.96551, 9.57191], "rotation": [-20, 0, 0], "uv": [131, 242]},
						{"origin": [8.2, 57.06551, 8.57191], "size": [1, 11, 2], "inflate": -0.1, "pivot": [9.5, 41.96551, 9.57191], "rotation": [-20, 0, 0], "uv": [131, 242]},
						{"origin": [12.14664, 47.44454, 12.19589], "size": [1, 10, 2], "pivot": [12.84664, 51.94454, 13.19589], "rotation": [-18.18609, -8.46722, -24.14242], "uv": [131, 242]},
						{"origin": [4.38002, 47.62707, 10.9896], "size": [1, 10, 2], "pivot": [4.37068, 48.38905, 13.35768], "rotation": [-18.32481, 8.15395, 23.18267], "uv": [131, 242]},
						{"origin": [4, 39.96551, 8.57191], "size": [1, 9, 2], "inflate": -0.1, "pivot": [9.5, 41.96551, 9.57191], "rotation": [-20, 0, 0], "uv": [131, 242]}
					]
				},
				{
					"name": "claw_3",
					"parent": "claw_2",
					"pivot": [9.5, 65.96551, 18.82191],
					"rotation": [-12.5, 0, 0],
					"cubes": [
						{"origin": [8, 64.46551, 17.32191], "size": [3, 8, 3], "pivot": [9.5, 65.96551, 18.82191], "rotation": [-42.5, 0, 0], "uv": [147, 231]},
						{"origin": [7, 67.96964, 21.74002], "size": [5, 8, 2], "pivot": [9.5, 72.96964, 25.24002], "rotation": [22.5, 0, 0], "uv": [164, 232]},
						{"origin": [7.75, 65.1344, 20.80359], "size": [0, 26, 7], "pivot": [8, 67.36487, 24.17228], "rotation": [24.81197, 3.1622, -6.80423], "uv": [181, 206]},
						{"origin": [9.5, 65.8844, 20.80359], "size": [0, 26, 7], "pivot": [8, 67.36487, 24.17228], "rotation": [25, 0, 0], "uv": [181, 206]},
						{"origin": [11.5, 65.1344, 20.80359], "size": [0, 26, 7], "pivot": [8, 67.36487, 24.17228], "rotation": [24.91643, -2.11089, 4.53359], "uv": [181, 206]}
					]
				},
				{
					"name": "claw2",
					"parent": "rocket",
					"pivot": [-7.5, 57.11551, 4.92191],
					"rotation": [0, 0, -2.5],
					"cubes": [
						{"origin": [-8.5, 56.11551, 1.42191], "size": [1, 5, 4], "pivot": [-7.5, 57.11551, 4.92191], "rotation": [0, 90, 0], "uv": [242, 247], "mirror": true}
					]
				},
				{
					"name": "claw_4",
					"parent": "claw2",
					"pivot": [-7.5, 58.11551, 6.92191],
					"rotation": [6.54847, -7.86726, -3.169],
					"cubes": [
						{"origin": [-10.25, 49.11551, 5.92191], "size": [2, 11, 2], "pivot": [-7.5, 58.11551, 6.92191], "rotation": [15, 0, 0], "uv": [187, 243], "mirror": true},
						{"origin": [-10.75, 46.61551, 5.42191], "size": [3, 3, 3], "pivot": [-7.5, 58.11551, 6.92191], "rotation": [15, 0, 0], "uv": [201, 245], "mirror": true},
						{"origin": [-11.25, 42.61551, 4.92191], "size": [4, 4, 4], "pivot": [-7.5, 58.11551, 6.92191], "rotation": [15, 0, 0], "uv": [164, 248], "mirror": true}
					]
				},
				{
					"name": "claw_5",
					"parent": "claw_4",
					"pivot": [-9.5, 44.96551, 10.57191],
					"rotation": [14.93745, 1.50179, -4.76968],
					"cubes": [
						{"origin": [-14.5, 43.96551, 9.57191], "size": [10, 2, 2], "pivot": [-9.5, 44.96551, 10.57191], "rotation": [-20, 0, 0], "uv": [99, 252], "mirror": true},
						{"origin": [-15, 39.96551, 8.57191], "size": [1, 9, 2], "inflate": -0.1, "pivot": [-9.5, 41.96551, 9.57191], "rotation": [-20, 0, 0], "uv": [131, 242], "mirror": true},
						{"origin": [-10.9, 57.06551, 8.57191], "size": [1, 11, 2], "inflate": -0.1, "pivot": [-9.5, 41.96551, 9.57191], "rotation": [-20, 0, 0], "uv": [131, 242], "mirror": true},
						{"origin": [-9.2, 57.06551, 8.57191], "size": [1, 11, 2], "inflate": -0.1, "pivot": [-9.5, 41.96551, 9.57191], "rotation": [-20, 0, 0], "uv": [131, 242], "mirror": true},
						{"origin": [-13.14664, 47.44454, 12.19589], "size": [1, 10, 2], "pivot": [-12.84664, 51.94454, 13.19589], "rotation": [-18.18609, 8.46722, 24.14242], "uv": [131, 242], "mirror": true},
						{"origin": [-5.38002, 47.62707, 10.9896], "size": [1, 10, 2], "pivot": [-4.37068, 48.38905, 13.35768], "rotation": [-18.32481, -8.15395, -23.18267], "uv": [131, 242], "mirror": true},
						{"origin": [-5, 39.96551, 8.57191], "size": [1, 9, 2], "inflate": -0.1, "pivot": [-9.5, 41.96551, 9.57191], "rotation": [-20, 0, 0], "uv": [131, 242], "mirror": true}
					]
				},
				{
					"name": "claw_6",
					"parent": "claw_5",
					"pivot": [-9.5, 65.96551, 18.82191],
					"rotation": [-12.5, 0, 0],
					"cubes": [
						{"origin": [-11, 64.46551, 17.32191], "size": [3, 8, 3], "pivot": [-9.5, 65.96551, 18.82191], "rotation": [-42.5, 0, 0], "uv": [147, 231], "mirror": true},
						{"origin": [-12, 67.96964, 21.74002], "size": [5, 8, 2], "pivot": [-9.5, 72.96964, 25.24002], "rotation": [22.5, 0, 0], "uv": [164, 232], "mirror": true},
						{"origin": [-7.75, 65.1344, 20.80359], "size": [0, 26, 7], "pivot": [-8, 67.36487, 24.17228], "rotation": [24.81197, -3.1622, 6.80423], "uv": [181, 206], "mirror": true},
						{"origin": [-9.5, 65.8844, 20.80359], "size": [0, 26, 7], "pivot": [-8, 67.36487, 24.17228], "rotation": [25, 0, 0], "uv": [181, 206], "mirror": true},
						{"origin": [-11.5, 65.1344, 20.80359], "size": [0, 26, 7], "pivot": [-8, 67.36487, 24.17228], "rotation": [24.91643, 2.11089, -4.53359], "uv": [181, 206], "mirror": true}
					]
				},
				{
					"name": "head",
					"parent": "body",
					"pivot": [0, 64, 0],
					"cubes": [
						{
							"origin": [-1.1712, 64, -1.1712],
							"size": [2.3424, 2.3424, 2.3424],
							"uv": {
								"north": {"uv": [14, 2], "uv_size": [2, 2]},
								"east": {"uv": [12, 2], "uv_size": [2, 2]},
								"south": {"uv": [18, 2], "uv_size": [2, 2]},
								"west": {"uv": [16, 2], "uv_size": [2, 2]},
								"up": {"uv": [14, 0], "uv_size": [2, 2]},
								"down": {"uv": [16, 2], "uv_size": [2, -2]}
							}
						},
						{
							"origin": [-4.6848, 66.1712, -1.1712],
							"size": [9.3696, 10.5408, 7.0272],
							"uv": {
								"north": {"uv": [192, 108], "uv_size": [8, 9]},
								"east": {"uv": [186, 108], "uv_size": [6, 9]},
								"south": {"uv": [206, 108], "uv_size": [8, 9]},
								"west": {"uv": [200, 108], "uv_size": [6, 9]},
								"up": {"uv": [192, 102], "uv_size": [8, 6]},
								"down": {"uv": [200, 108], "uv_size": [8, -6]}
							}
						},
						{
							"origin": [-7.0272, 64.5856, -1.5136],
							"size": [14.0544, 14.0544, 4.6848],
							"uv": {
								"north": {"uv": [191, 122], "uv_size": [12, 12]},
								"east": {"uv": [187, 122], "uv_size": [4, 12]},
								"south": {"uv": [207, 122], "uv_size": [12, 12]},
								"west": {"uv": [203, 122], "uv_size": [4, 12]},
								"up": {"uv": [191, 118], "uv_size": [12, 4]},
								"down": {"uv": [203, 122], "uv_size": [12, -4]}
							}
						},
						{
							"origin": [-10.5408, 64.5856, -5.3696],
							"size": [21.0816, 16.3968, 5.856],
							"inflate": -0.4,
							"uv": {
								"north": {"uv": [226, 147], "uv_size": [-18, 14]},
								"east": {"uv": [208, 147], "uv_size": [-5, 14]},
								"south": {"uv": [249, 147], "uv_size": [-18, 14]},
								"west": {"uv": [231, 147], "uv_size": [-5, 14]},
								"up": {"uv": [226, 142], "uv_size": [-18, 5]},
								"down": {"uv": [244, 147], "uv_size": [-18, -5]}
							}
						},
						{"origin": [-10.99344, 65.11984, -9.33536], "size": [22, 16, 6], "inflate": -0.2, "uv": [200, 163]},
						{"origin": [-10.9592, 65.0856, -9.3696], "size": [22, 16, 6], "uv": [200, 141]}
					]
				},
				{
					"name": "face",
					"parent": "head",
					"pivot": [0, 73, -10],
					"cubes": [
						{
							"origin": [-2.275, 71.7, -8.5125],
							"size": [4.55, 3.25, 0],
							"uv": {
								"north": {"uv": [236, 215], "uv_size": [7, 5]},
								"east": {"uv": [236, 215], "uv_size": [0, 5]},
								"south": {"uv": [243, 215], "uv_size": [7, 5]},
								"west": {"uv": [243, 215], "uv_size": [0, 5]},
								"up": {"uv": [236, 215], "uv_size": [7, 0]},
								"down": {"uv": [243, 215], "uv_size": [7, 0]}
							}
						}
					]
				},
				{
					"name": "glow",
					"parent": "head",
					"pivot": [0, 73, -8.5],
					"cubes": [
						{
							"origin": [-6.75, 66.7, -8.5],
							"size": [13.5, 12.6, 0],
							"uv": {
								"north": {"uv": [133, 0], "uv_size": [30, 28]},
								"east": {"uv": [133, 0], "uv_size": [0, 28]},
								"south": {"uv": [163, 0], "uv_size": [30, 28]},
								"west": {"uv": [163, 0], "uv_size": [0, 28]},
								"up": {"uv": [133, 0], "uv_size": [30, 0]},
								"down": {"uv": [163, 0], "uv_size": [30, 0]}
							}
						},
						{
							"origin": [-6.75, 66.7, -8.5],
							"size": [13.5, 12.6, 0],
							"uv": {
								"north": {"uv": [133, 0], "uv_size": [30, 28]},
								"east": {"uv": [133, 0], "uv_size": [0, 28]},
								"south": {"uv": [163, 0], "uv_size": [30, 28]},
								"west": {"uv": [163, 0], "uv_size": [0, 28]},
								"up": {"uv": [133, 0], "uv_size": [30, 0]},
								"down": {"uv": [163, 0], "uv_size": [30, 0]}
							}
						},
						{
							"origin": [-6.75, 66.7, -8.5],
							"size": [13.5, 12.6, 0],
							"uv": {
								"north": {"uv": [133, 0], "uv_size": [30, 28]},
								"east": {"uv": [133, 0], "uv_size": [0, 28]},
								"south": {"uv": [163, 0], "uv_size": [30, 28]},
								"west": {"uv": [163, 0], "uv_size": [0, 28]},
								"up": {"uv": [133, 0], "uv_size": [30, 0]},
								"down": {"uv": [163, 0], "uv_size": [30, 0]}
							}
						}
					]
				},
				{
					"name": "speaker_main",
					"parent": "body",
					"pivot": [0, 55, -7],
					"cubes": [
						{"origin": [-11, 44, -13.75], "size": [22, 20, 8], "inflate": -1, "uv": [124, 44]}
					]
				},
				{
					"name": "left_leg",
					"parent": "root",
					"pivot": [4, 36, 0],
					"cubes": [
						{"origin": [1, 18, -4.5], "size": [8, 19, 8], "inflate": 0.1, "uv": [0, 79]}
					]
				},
				{
					"name": "left_leg2",
					"parent": "left_leg",
					"pivot": [3.5, 19, 0],
					"cubes": [
						{"origin": [1, 0, -4.5], "size": [8, 19, 8], "uv": [32, 93]}
					]
				},
				{
					"name": "left_leggings",
					"parent": "left_leg",
					"pivot": [4, 36, 0],
					"cubes": [
						{"origin": [1, 18, -4.5], "size": [8, 19, 8], "inflate": 0.5, "pivot": [5, 36.5, -0.5], "rotation": [0, 0, -7.5], "uv": [88, 69]}
					]
				},
				{
					"name": "right_leg",
					"parent": "root",
					"pivot": [-4, 36, 0],
					"cubes": [
						{"origin": [-9, 18, -4.5], "size": [8, 19, 8], "inflate": 0.1, "uv": [0, 79], "mirror": true}
					]
				},
				{
					"name": "right_leg2",
					"parent": "right_leg",
					"pivot": [-3.5, 19, 0],
					"cubes": [
						{"origin": [-9, 0, -4.5], "size": [8, 19, 8], "uv": [32, 93], "mirror": true}
					]
				},
				{
					"name": "right_leggings",
					"parent": "right_leg",
					"pivot": [-4, 36, 0],
					"cubes": [
						{"origin": [-9, 18, -4.5], "size": [8, 19, 8], "inflate": 0.5, "pivot": [-5, 37.5, -0.5], "rotation": [0, 0, 7.5], "uv": [88, 69], "mirror": true}
					]
				},
				{
					"name": "trails",
					"parent": "root",
					"pivot": [0, 16, 0],
					"locators": {
						"entrance_trail1": [0, 10, 0],
						"entrance_trail2": [0, 48, 0]
					}
				}
			]
		}
	]
}