{
	"format_version": "1.8.0",
	"animations": {
		"attack_running_V2": {
			"animation_length": 12.375,
			"bones": {
				"root": {
					"rotation": {
						"0.0": [0, 0, 0],
						"0.1667": [0, 0, 0],
						"0.2917": [0, 0, 0],
						"0.4167": [0, 0, 0],
						"0.5417": [0, 0, 0],
						"0.6667": [0, 0, 0],
						"0.7917": [0, 0, 0],
						"0.9583": [0, 0, 0],
						"1.0833": [0, 0, 0],
						"1.2083": [0, 0, 0],
						"1.3333": [0, 0, 0],
						"1.4583": [0, 0, 0],
						"1.5833": [0, 0, 0],
						"1.75": [0, 0, 0],
						"1.875": [0, 0, 0],
						"2.0": [0, 0, 0],
						"2.125": [0, 0, 0],
						"2.25": [0, 0, 0],
						"2.375": [0, 0, 0],
						"2.5417": [0, 0, 0],
						"2.6667": [0, 0, 0],
						"2.7917": [0, 0, 0],
						"2.9167": [0, 0, 0],
						"3.0417": [0, 0, 0],
						"3.1667": [0, 0, 0],
						"3.3333": [0, 0, 0],
						"3.4583": [0, 0, 0],
						"3.5833": [0, 0, 0],
						"3.7083": [0, 0, 0],
						"3.8333": [0, 0, 0],
						"3.9583": [0, 0, 0],
						"4.125": [0, 0, 0],
						"4.25": [0, 0, 0],
						"4.375": [0, 0, 0],
						"4.5": [0, 0, 0],
						"4.625": [0, 0, 0],
						"4.75": [0, 0, 0],
						"4.9167": [0, 0, 0],
						"5.0417": [0, 0, 0],
						"5.1667": [0, 0, 0],
						"5.2917": [0, 0, 0],
						"5.4167": [0, 0, 0],
						"5.5417": [0, 0, 0],
						"5.7083": [0, 0, 0],
						"5.8333": [0, 0, 0],
						"5.9583": [0, 0, 0],
						"6.0833": [0, 0, 0],
						"6.2083": [0, 0, 0],
						"6.3333": [0, 0, 0],
						"6.5": [0, 0, 0],
						"6.625": [0, 0, 0],
						"6.75": [0, 0, 0],
						"6.875": [0, 0, 0],
						"7.0": [0, 0, 0],
						"7.125": [0, 0, 0],
						"7.2917": [0, 0, 0],
						"7.4167": [0, 0, 0],
						"7.5417": [0, 0, 0],
						"7.6667": [0, 0, 0],
						"7.7917": [0, 0, 0],
						"7.9167": [0, 0, 0],
						"8.0833": [0, 0, 0],
						"8.2083": [0, 0, 0],
						"8.3333": [0, 0, 0],
						"8.4583": [0, 0, 0],
						"8.5833": [0, 0, 0],
						"8.7083": [0, 0, 0],
						"8.875": [0, 0, 0],
						"9.0": [0, 0, 0],
						"9.125": [0, 0, 0],
						"9.25": [0, 0, 0],
						"9.375": [0, 0, 0],
						"9.5": [0, 0, 0],
						"9.6667": [0, 0, 0],
						"9.7917": [0, 0, 0],
						"9.9167": [0, 0, 0],
						"10.0417": [0, 0, 0],
						"10.1667": [0, 0, 0],
						"10.2917": [0, 0, 0],
						"10.4583": [0, 0, 0],
						"10.5833": [0, 0, 0],
						"10.7083": [0, 0, 0],
						"10.8333": [0, 0, 0],
						"10.9583": [0, 0, 0],
						"11.0833": [0, 0, 0],
						"11.25": [0, 0, 0],
						"11.375": [0, 0, 0],
						"11.5": [0, 0, 0],
						"11.625": [0, 0, 0],
						"11.75": [0, 0, 0],
						"11.875": [0, 0, 0],
						"12.0417": [0, 0, 0],
						"12.1667": [0, 0, 0],
						"12.2917": [0, 0, 0]
					}
				},
				"base": {
					"rotation": {
						"1.4583": [0, 0, 0],
						"1.9583": [0, 0, 0],
						"2.2083": [0, 0, 0],
						"2.6667": [0, 0, 0],
						"2.9167": [0, 0, 0],
						"3.1667": [0, 0, 0],
						"3.4583": [0, 0, 0],
						"3.9583": [0, 0, 0],
						"4.5417": [0, 0, 0],
						"4.9167": [0, 0, 0]
					}
				},
				"pipe1": {
					"rotation": {
						"1.4583": [0, 0, 0],
						"1.9583": [0, 0, 0],
						"2.2083": [0, 0, 0],
						"2.6667": [0, 0, 0],
						"2.9167": [0, 0, 0],
						"3.1667": [0, 0, 0],
						"3.4583": [0, 0, 0],
						"3.9583": [0, 0, 0],
						"4.5833": [0, 0, 0],
						"4.7917": [0, 0, 0],
						"10.2083": [0, 0, 0],
						"10.7083": [0, 0, 0],
						"11.5833": [0, 0, 0],
						"12.375": [0, 0, 0]
					},
					"position": {
						"1.7083": [0, 0, 0],
						"1.9583": [0, 0, 0],
						"2.2083": [0, 0, 0],
						"2.6667": [0, 0, 0],
						"2.9167": [0, 0, 0],
						"3.1667": [0, 0, 0],
						"3.4583": [0, 0, 0],
						"3.9583": [0, 0, 0],
						"4.5833": [0, 0, 0],
						"4.7917": [0, 0, 0],
						"7.125": [0, 0, 0],
						"7.5": [0, 0, 0],
						"10.2083": [0, 0, 0],
						"10.7083": [0, 0, 0],
						"12.375": [0, 0, 0]
					}
				},
				"pipe2": {
					"rotation": {
						"0.0": [17.5, 0, 0],
						"0.5": [1.5, 0, 0],
						"1.4583": [0, 0, 0],
						"1.9583": [0, 0, 0],
						"2.2083": [0, 0, 0],
						"2.6667": [0, 0, 0],
						"2.9167": [0, 0, 0],
						"3.1667": [0, 0, 0],
						"3.4583": [0, 0, 0],
						"3.9583": [0, 0, 0],
						"4.5417": [0, 0, 0],
						"4.875": [0, 0, 0]
					}
				},
				"head": {
					"rotation": {
						"0.0": [0, 0, 0],
						"0.5": [0, 0, 0],
						"1.0": [0, 0, 0],
						"1.4583": [0, 0, 0],
						"3.4583": [0, 0, 0],
						"4.4583": [0, 0, 0],
						"4.9583": [0, 0, 0],
						"5.4167": [0, 0, 0],
						"6.0": [0, 0, 0],
						"6.4167": [0, 0, 0],
						"7.125": [0, 0, 0],
						"7.5": [0, 0, 0],
						"7.9167": [0, 0, 0],
						"8.2917": [0, 0, 0],
						"8.6667": [0, 0, 0],
						"9.0417": [0, 0, 0],
						"9.4583": [0, 0, 0],
						"9.8333": [0, 0, 0],
						"10.2083": [0, 0, 0],
						"10.7083": [0, 0, 0],
						"12.375": [0, 0, 0]
					}
				}
			}
		}
	}
}