{
	"format_version": "1.8.0",
	"animations": {
		"attack": {
			"animation_length": 13.25,
			"bones": {
				"base": {
					"rotation": {
						"1.4583": [0, 0, 0],
						"1.9583": [0, 0, 0],
						"2.2083": [0, 0, 0],
						"2.6667": [0, 0, 0],
						"2.9167": [0, 0, 0],
						"3.1667": [0, 0, 0],
						"3.4583": [0, 0, 0],
						"3.9583": [0, 0, 0],
						"4.5417": [0, 0, 0],
						"4.9167": [0, 0, 0]
					}
				},
				"pipe1": {
					"rotation": {
						"1.4583": [0, 0, 0],
						"1.9583": [0, 0, 0],
						"2.2083": [0, 0, 0],
						"2.6667": [0, 0, 0],
						"2.9167": [0, 0, 0],
						"3.1667": [0, 0, 0],
						"3.4583": [0, 0, 0],
						"3.9583": [0, 0, 0],
						"4.5833": [0, 0, 0],
						"4.7917": [0, 0, 0],
						"8.6667": [0, 0, 0],
						"9.1667": [0, 0, 0],
						"11.5833": [0, 0, 0],
						"12.375": [0, 0, 0]
					},
					"position": {
						"1.7083": [0, 0, 0],
						"1.9583": [0, 0, 0],
						"2.2083": [0, 0, 0],
						"2.6667": [0, 0, 0],
						"2.9167": [0, 0, 0],
						"3.1667": [0, 0, 0],
						"3.4583": [0, 0, 0],
						"3.9583": [0, 0, 0],
						"4.5833": [0, 0, 0],
						"4.7917": [0, 0, 0],
						"7.125": [0, 0, 0],
						"7.5": [0, 0, 0],
						"8.6667": [0, 0, 0],
						"9.1667": [0, 0, 0],
						"12.375": [0, 0, 0]
					}
				},
				"pipe2": {
					"rotation": [17.5, 0, 0]
				},
				"head": {
					"rotation": {
						"0.0": [0, 0, 0],
						"0.5": [0, 0, 0],
						"1.0": [0, 0, 0],
						"1.4583": [0, 0, 0],
						"3.4583": [0, 0, 0],
						"4.4583": [0, 0, 0],
						"4.9583": [0, 0, 0],
						"5.4167": [0, 0, 0],
						"6.0": [0, 0, 0],
						"6.4167": [0, 0, 0],
						"7.125": [0, 0, 0],
						"7.5": [0, 0, 0],
						"7.9167": [0, 0, 0],
						"8.2917": [0, 0, 0],
						"8.6667": [0, 0, 0],
						"9.1667": [0, 0, 0],
						"12.375": [0, 0, 0]
					}
				}
			}
		}
	}
}