{
	"format_version": "1.8.0",
	"animations": {
		"dying": {
			"loop": "hold_on_last_frame",
			"animation_length": 3.41667,
			"bones": {
				"flush": {
					"position": {
						"0.0": [0, 0, 0],
						"0.25": [0, 0, 0],
						"1.5": [0, 0, 0]
					}
				},
				"pipe1": {
					"rotation": {
						"0.0": [0, 0, 0],
						"3.0": [0, 0, 0]
					},
					"position": {
						"0.0": [0, 0, 0],
						"3.0": [0, 0, 0]
					}
				},
				"pipe2": {
					"rotation": {
						"0.0": [0, 0, 0],
						"1.1667": [0, -40, 0],
						"2.4167": [0, -127.5, 0],
						"2.6667": [0, -275, 0],
						"3.2083": [0, -275, 0]
					},
					"position": {
						"0.0": [0, 0, 0],
						"3.0": [0, 0, 0]
					},
					"scale": {
						"0.0": [1, 1, 1],
						"3.4167": [1, 1, 1]
					}
				},
				"head": {
					"rotation": [0, 0, 0],
					"scale": {
						"0.0": [1, 1, 1],
						"0.9167": [1, 1, 1],
						"1.6667": [1, 1, 1],
						"1.9167": [1, 1, 1]
					}
				},
				"root": {
					"rotation": {
						"0.0": [0, 0, 0],
						"0.5": [0, 0, 0],
						"0.6667": [0, 0, 0],
						"0.8333": [0, 0, 0],
						"1.125": [0, 0, 0],
						"1.7083": [0, 0, 0],
						"2.0417": [0, 0, 0]
					}
				}
			}
		}
	}
}