{
	"format_version": "1.8.0",
	"animations": {
		"idle": {
			"animation_length": 1.58333,
			"bones": {
				"head": {
					"rotation": {
						"0.0": {
							"post": [0, 0, 0],
							"lerp_mode": "catmullrom"
						},
						"0.5": {
							"post": [0, 0, 0],
							"lerp_mode": "catmullrom"
						},
						"0.8333": {
							"post": [0, 0, 0],
							"lerp_mode": "catmullrom"
						},
						"1.4167": {
							"post": [0, 5, 0],
							"lerp_mode": "catmullrom"
						}
					}
				},
				"pipe2": {
					"rotation": {
						"0.0": {
							"post": [0, 0, -17.5],
							"lerp_mode": "catmullrom"
						},
						"0.5": {
							"post": [0, 0, 12.52],
							"lerp_mode": "catmullrom"
						},
						"0.8333": {
							"post": [22.5, 0, 6.58],
							"lerp_mode": "catmullrom"
						},
						"1.4167": {
							"post": [3.18458, -6.79382, -25.18908],
							"lerp_mode": "catmullrom"
						}
					}
				}
			}
		}
	}
}