{
	"format_version": "1.8.0",
	"animations": {
		"lead_open": {
			"loop": "hold_on_last_frame",
			"animation_length": 1.5,
			"bones": {
				"lead": {
					"rotation": {
						"0.5": {
							"vector": [90, 0, 0]
						},
						"1.5": {
							"vector": [2.5, 0, 0],
							"easing": "easeOutBack"
						}
					}
				},
				"pipe1": {
					"position": {
						"0.75": {
							"vector": [0, -5, 0]
						},
						"1.4583": {
							"vector": [0, 0, 0],
							"easing": "easeOutCubic"
						}
					}
				},
				"pipe2": {
					"position": {
						"0.75": {
							"vector": [0, -2, 0]
						},
						"1.4583": {
							"vector": [0, 0, 0],
							"easing": "easeOutCubic"
						}
					}
				},
				"base": {
					"scale": {
						"0.0": {
							"vector": [1, 1, 1]
						},
						"0.2917": {
							"vector": [1.1, 0.9, 1]
						},
						"0.5": {
							"vector": [0.9, 1.1, 1]
						},
						"0.7083": {
							"vector": [1, 1, 1]
						}
					}
				}
			}
		}
	}
}