{
	"format_version": "1.8.0",
	"animations": {
		"lead_close": {
			"loop": "hold_on_last_frame",
			"animation_length": 1.5,
			"bones": {
				"lead": {
					"rotation": {
						"0.25": {
							"vector": [2.5, 0, 0],
							"easing": "easeOutBack"
						},
						"1.1667": {
							"vector": [90, 0, 0],
							"easing": "easeInElastic"
						}
					}
				},
				"pipe1": {
					"position": {
						"vector": [0, -4, 0]
					}
				},
				"pipe2": {
					"position": {
						"vector": [0, -2, 0],
						"easing": "easeOutQuart"
					}
				}
			}
		}
	}
}