{
	"format_version": "1.12.0",
	"minecraft:geometry": [
		{
			"description": {
				"identifier": "geometry.unknown",
				"texture_width": 48,
				"texture_height": 48,
				"visible_bounds_width": 3,
				"visible_bounds_height": 3.5,
				"visible_bounds_offset": [0, 1.25, 0]
			},
			"bones": [
				{
					"name": "full_temel",
					"pivot": [0, 0, 0]
				},
				{
					"name": "ana_temel",
					"parent": "full_temel",
					"pivot": [0, 0, 0]
				},
				{
					"name": "statik",
					"parent": "ana_temel",
					"pivot": [0, 0, 0],
					"cubes": [
						{"origin": [-5, 0, -4], "size": [10, 1, 7], "pivot": [0, 0, 0], "rotation": [0, -90, 0], "uv": [0, 8]},
						{"origin": [-5, 4, -3], "size": [10, 1, 5], "pivot": [0, 0, 0], "rotation": [0, -90, 0], "uv": [2, 2]},
						{"origin": [-5, 5, 2], "size": [9, 1, 1], "pivot": [0, 0, 0], "rotation": [0, -90, 0], "uv": [27, 2]},
						{"origin": [-5, 5, -4], "size": [9, 1, 1], "pivot": [0, 0, 0], "rotation": [0, -90, 0], "uv": [27, 0]},
						{"origin": [4, 5, -4], "size": [2, 8, 7], "pivot": [0, 0, 0], "rotation": [0, -90, 0], "uv": [19, 17]},
						{"origin": [-4, 1, -3], "size": [8, 3, 5], "pivot": [0, 0, 0], "rotation": [0, -90, 0], "uv": [0, 16]},
						{"origin": [-6, 5, -3], "size": [2, 1, 5], "pivot": [0, 0, 0], "rotation": [0, -90, 0], "uv": [27, 8]}
					]
				},
				{
					"name": "sifon",
					"parent": "ana_temel",
					"pivot": [-3, 11.5, 4.5],
					"cubes": [
						{"origin": [4.5, 12.5, -1], "size": [1, 1, 1], "pivot": [0, 0, 0], "rotation": [0, -90, 0], "uv": [0, 0]}
					]
				},
				{
					"name": "boyun_ve_kafa",
					"parent": "ana_temel",
					"pivot": [0.5, -3.5, 0.5]
				},
				{
					"name": "boyun",
					"parent": "boyun_ve_kafa",
					"pivot": [0.5, 4.5, -0.5],
					"cubes": [
						{"origin": [-1, 3.3, -1.65], "size": [2.2, 6, 2.2], "pivot": [0, 6.5, 0], "rotation": [0, -90, 0], "uv": [0, 40]}
					]
				},
				{
					"name": "kafa",
					"parent": "boyun",
					"pivot": [0.5, 6, -0.5],
					"cubes": [
						{"origin": [-1.7, 8.3, -2], "size": [4.4, 4.4, 4.2], "uv": [8, 40]}
					]
				},
				{
					"name": "kapak",
					"parent": "ana_temel",
					"pivot": [0.5, 6, 3.5],
					"cubes": [
						{"origin": [-1, 6, 1], "size": [1, 8, 5], "pivot": [0, 6, 4], "rotation": [89.99999, -90, -89.99999], "uv": [0, 24]}
					]
				}
			]
		}
	]
}