{
    "scheme": "1.3",
    "name": "mouth/v1",
    "texture": [ 64, 32 ],
    "scaleGui": 4.0,
    "providesObj": true,
    "providesMtl": true,
    "legacyObj": false,
    "limbs": {
        "mouth_0": {
            "size": [ 0, 0, 0 ],
            "texture": [ 0, 0 ],
            "anchor": [ 0.5, 0.5, 0.5 ],
            "origin": [ 0.0, 0.0, 0.0 ],
            "parent": "anchor"
        },
        "tongue_1": {
            "size": [ 0, 0, 0 ],
            "texture": [ 0, 0 ],
            "anchor": [ 0.5, 0.5, 0.5 ],
            "origin": [ 0.0, 0.0, 0.0 ],
            "parent": "anchor"
        },
        "teeth_down_3": {
            "size": [ 0, 0, 0 ],
            "texture": [ 0, 0 ],
            "anchor": [ 0.5, 0.5, 0.5 ],
            "origin": [ 0.0, -0.03, 0.0 ],
            "parent": "anchor"
        },
        "anchor": {
            "size": [ 0, 0, 0 ],
            "texture": [ 0, 0 ],
            "anchor": [ 0.5, 0.5, 0.5 ],
            "origin": [ 0.0, 0.0, 0.0 ]
        },
        "teeth_up_2": {
            "size": [ 0, 0, 0 ],
            "texture": [ 0, 0 ],
            "anchor": [ 0.5, 0.5, 0.5 ],
            "origin": [ 0.0, 0.03, 0.0 ],
            "parent": "anchor"
        }
    },
    "poses": {
        "smirk_right": {
            "size": [ 1.0, 1.0, 1.0 ],
            "shapes": [
                {
                    "name": "mouth_height_up",
                    "value": 1.125,
                    "relative": true
                },
                {
                    "name": "mouth_height_down",
                    "value": 1.125,
                    "relative": true
                },
                {
                    "name": "mouth_width_left",
                    "value": 0.25,
                    "relative": true
                },
                {
                    "name": "teeth_down_height",
                    "value": 1.125,
                    "relative": true
                },
                {
                    "name": "teeth_up_height",
                    "value": 1.125,
                    "relative": true
                },
                {
                    "name": "mouth_bend_down_left",
                    "value": -0.2,
                    "relative": true
                },
                {
                    "name": "mouth_bend_down_right",
                    "value": -0.6,
                    "relative": true
                },
                {
                    "name": "mouth_bend_up_left",
                    "value": 0.2,
                    "relative": true
                },
                {
                    "name": "mouth_bend_up_right",
                    "value": 0.6,
                    "relative": true
                } ],
            "limbs": {
                "teeth_down_3": {
                    "translate": [ 0.0, -0.048, -0.005 ]
                },
                "tongue_1": {
                    "translate": [ 0.0, 0.0, -0.01 ]
                },
                "anchor": {
                    "translate": [ 0.0, 0.5, 4.0 ]
                },
                "teeth_up_2": {
                    "translate": [ 0.0, 0.048, -0.005 ]
                }
            }
        },
        "lip_sync (C_G_K_X_Y)": {
            "size": [ 1.0, 1.0, 1.0 ],
            "shapes": [
                {
                    "name": "mouth_height_up",
                    "value": 0.9,
                    "relative": true
                },
                {
                    "name": "mouth_height_down",
                    "value": 0.9,
                    "relative": true
                },
                {
                    "name": "mouth_width_left",
                    "value": -0.7,
                    "relative": true
                },
                {
                    "name": "mouth_width_right",
                    "value": -0.7,
                    "relative": true
                },
                {
                    "name": "teeth_down_height",
                    "value": 1.0,
                    "relative": true
                },
                {
                    "name": "teeth_down_width_left",
                    "value": -0.7,
                    "relative": true
                },
                {
                    "name": "teeth_down_width_right",
                    "value": -0.7,
                    "relative": true
                },
                {
                    "name": "teeth_up_height",
                    "value": 1.0,
                    "relative": true
                },
                {
                    "name": "teeth_up_width_left",
                    "value": -0.7,
                    "relative": true
                },
                {
                    "name": "teeth_up_width_right",
                    "value": -0.7,
                    "relative": true
                },
                {
                    "name": "mouth_bend_up_left",
                    "value": 0.0,
                    "relative": true
                },
                {
                    "name": "mouth_bend_up_right",
                    "value": 0.0,
                    "relative": true
                },
                {
                    "name": "mouth_bend_down_left",
                    "value": -0.05,
                    "relative": true
                },
                {
                    "name": "mouth_bend_down_right",
                    "value": -0.05,
                    "relative": true
                },
                {
                    "name": "teeth_up_bend_left",
                    "value": 0.0,
                    "relative": true
                },
                {
                    "name": "teeth_up_bend_right",
                    "value": 0.0,
                    "relative": true
                },
                {
                    "name": "teeth_down_bend_left",
                    "value": -0.05,
                    "relative": true
                },
                {
                    "name": "teeth_down_bend_right",
                    "value": -0.05,
                    "relative": true
                } ],
            "limbs": {
                "teeth_down_3": {
                    "translate": [ 0.0, -0.136, 0.025 ],
                    "scale": [ 1.001, 1.0, 1.0 ]
                },
                "tongue_1": {
                    "translate": [ 0.0, 0.0, -0.01 ]
                },
                "anchor": {
                    "translate": [ 0.0, 0.5, 4.0 ]
                },
                "teeth_up_2": {
                    "translate": [ 0.0, 0.136, 0.025 ],
                    "scale": [ 1.001, 1.0, 1.0 ]
                }
            }
        },
        "w_sharp": {
            "size": [ 1.0, 1.0, 1.0 ],
            "shapes": [
                {
                    "name": "mouth_height_up",
                    "value": 1.125,
                    "relative": true
                },
                {
                    "name": "mouth_height_down",
                    "value": 1.125,
                    "relative": true
                },
                {
                    "name": "teeth_down_height",
                    "value": 1.125,
                    "relative": true
                },
                {
                    "name": "teeth_up_height",
                    "value": 1.125,
                    "relative": true
                },
                {
                    "name": "mouth_w_sharp",
                    "value": 1.0,
                    "relative": true
                } ],
            "limbs": {
                "teeth_down_3": {
                    "translate": [ 0.0, -0.048, -0.005 ]
                },
                "tongue_1": {
                    "translate": [ 0.0, 0.0, -0.01 ]
                },
                "anchor": {
                    "translate": [ 0.0, 0.5, 4.0 ]
                },
                "teeth_up_2": {
                    "translate": [ 0.0, 0.048, -0.005 ]
                }
            }
        },
        "lip_sync (A_E_I)": {
            "size": [ 1.0, 1.0, 1.0 ],
            "shapes": [
                {
                    "name": "mouth_height_up",
                    "value": 0.6,
                    "relative": true
                },
                {
                    "name": "mouth_height_down",
                    "value": 0.6,
                    "relative": true
                },
                {
                    "name": "mouth_width_left",
                    "value": -1.0,
                    "relative": true
                },
                {
                    "name": "mouth_width_right",
                    "value": -1.0,
                    "relative": true
                },
                {
                    "name": "teeth_down_height",
                    "value": 1.1,
                    "relative": true
                },
                {
                    "name": "teeth_down_width_left",
                    "value": -1.0,
                    "relative": true
                },
                {
                    "name": "teeth_down_width_right",
                    "value": -1.0,
                    "relative": true
                },
                {
                    "name": "teeth_up_height",
                    "value": 1.1,
                    "relative": true
                },
                {
                    "name": "teeth_up_width_left",
                    "value": -1.0,
                    "relative": true
                },
                {
                    "name": "teeth_up_width_right",
                    "value": -1.0,
                    "relative": true
                },
                {
                    "name": "mouth_bend_up_left",
                    "value": 0.0,
                    "relative": true
                },
                {
                    "name": "mouth_bend_up_right",
                    "value": 0.0,
                    "relative": true
                },
                {
                    "name": "mouth_bend_down_left",
                    "value": -0.05,
                    "relative": true
                },
                {
                    "name": "mouth_bend_down_right",
                    "value": -0.05,
                    "relative": true
                },
                {
                    "name": "teeth_up_bend_left",
                    "value": 0.0,
                    "relative": true
                },
                {
                    "name": "teeth_up_bend_right",
                    "value": 0.0,
                    "relative": true
                },
                {
                    "name": "teeth_down_bend_left",
                    "value": -0.05,
                    "relative": true
                },
                {
                    "name": "teeth_down_bend_right",
                    "value": -0.05,
                    "relative": true
                } ],
            "limbs": {
                "teeth_down_3": {
                    "translate": [ 0.0, -0.252, 0.025 ],
                    "scale": [ 1.001, 1.0, 1.0 ]
                },
                "tongue_1": {
                    "translate": [ 0.0, 0.0, -0.01 ]
                },
                "anchor": {
                    "translate": [ 0.0, 0.5, 4.0 ]
                },
                "teeth_up_2": {
                    "translate": [ 0.0, 0.252, 0.025 ],
                    "scale": [ 1.001, 1.0, 1.0 ]
                }
            }
        },
        "lip_sync (Ch_J_Sh)": {
            "size": [ 1.0, 1.0, 1.0 ],
            "shapes": [
                {
                    "name": "mouth_height_up",
                    "value": 0.95,
                    "relative": true
                },
                {
                    "name": "mouth_height_down",
                    "value": 0.95,
                    "relative": true
                },
                {
                    "name": "mouth_width_left",
                    "value": 0.5,
                    "relative": true
                },
                {
                    "name": "mouth_width_right",
                    "value": 0.5,
                    "relative": true
                },
                {
                    "name": "teeth_down_height",
                    "value": 0.945,
                    "relative": true
                },
                {
                    "name": "teeth_down_width_left",
                    "value": 0.5,
                    "relative": true
                },
                {
                    "name": "teeth_down_width_right",
                    "value": 0.5,
                    "relative": true
                },
                {
                    "name": "teeth_up_height",
                    "value": 0.945,
                    "relative": true
                },
                {
                    "name": "teeth_up_width_right",
                    "value": 0.5,
                    "relative": true
                },
                {
                    "name": "teeth_up_width_left",
                    "value": 0.5,
                    "relative": true
                } ],
            "limbs": {
                "teeth_down_3": {
                    "translate": [ 0.0, -0.117, 0.025 ],
                    "scale": [ 1.001, 1.0, 1.0 ]
                },
                "tongue_1": {
                    "translate": [ 0.0, 0.0, -0.01 ]
                },
                "anchor": {
                    "translate": [ 0.0, 0.5, 4.0 ]
                },
                "teeth_up_2": {
                    "translate": [ 0.0, 0.117, 0.025 ],
                    "scale": [ 1.001, 1.0, 1.0 ]
                }
            }
        },
        "smile_1_round": {
            "size": [ 1.0, 1.0, 1.0 ],
            "shapes": [
                {
                    "name": "mouth_height_up",
                    "value": 1.125,
                    "relative": true
                },
                {
                    "name": "mouth_height_down",
                    "value": 1.125,
                    "relative": true
                },
                {
                    "name": "teeth_down_height",
                    "value": 1.125,
                    "relative": true
                },
                {
                    "name": "teeth_up_height",
                    "value": 1.125,
                    "relative": true
                },
                {
                    "name": "mouth_bend_down_left",
                    "value": -0.75,
                    "relative": true
                },
                {
                    "name": "mouth_bend_down_right",
                    "value": -0.75,
                    "relative": true
                },
                {
                    "name": "mouth_bend_up_left",
                    "value": 0.75,
                    "relative": true
                },
                {
                    "name": "mouth_bend_up_right",
                    "value": 0.75,
                    "relative": true
                },
                {
                    "name": "teeth_up_fullbend_left",
                    "value": 0.75,
                    "relative": true
                },
                {
                    "name": "teeth_up_fullbend_right",
                    "value": 0.75,
                    "relative": true
                },
                {
                    "name": "teeth_down_fullbend_left",
                    "value": -0.75,
                    "relative": true
                },
                {
                    "name": "teeth_down_fullbend_right",
                    "value": -0.75,
                    "relative": true
                } ],
            "limbs": {
                "teeth_down_3": {
                    "translate": [ 0.0, -0.048, -0.005 ]
                },
                "tongue_1": {
                    "translate": [ 0.0, 0.0, -0.01 ]
                },
                "anchor": {
                    "translate": [ 0.0, 0.5, 4.0 ]
                },
                "teeth_up_2": {
                    "translate": [ 0.0, 0.048, -0.005 ]
                }
            }
        },
        "neutral (default)": {
            "size": [ 1.0, 1.0, 1.0 ],
            "shapes": [
                {
                    "name": "mouth_height_up",
                    "value": 1.125,
                    "relative": true
                },
                {
                    "name": "mouth_height_down",
                    "value": 1.125,
                    "relative": true
                },
                {
                    "name": "mouth_width_left",
                    "value": -0.3,
                    "relative": true
                },
                {
                    "name": "mouth_width_right",
                    "value": -0.3,
                    "relative": true
                },
                {
                    "name": "teeth_up_height",
                    "value": 1.125,
                    "relative": true
                },
                {
                    "name": "teeth_up_width_left",
                    "value": -0.3,
                    "relative": true
                },
                {
                    "name": "teeth_up_width_right",
                    "value": -0.3,
                    "relative": true
                },
                {
                    "name": "teeth_down_height",
                    "value": 1.125,
                    "relative": true
                },
                {
                    "name": "teeth_down_width_left",
                    "value": -0.3,
                    "relative": true
                },
                {
                    "name": "teeth_down_width_right",
                    "value": -0.3,
                    "relative": true
                } ],
            "limbs": {
                "teeth_down_3": {
                    "translate": [ 0.0, -0.048, -0.005 ]
                },
                "tongue_1": {
                    "translate": [ 0.0, 0.0, -0.01 ]
                },
                "anchor": {
                    "translate": [ 0.0, 0.5, 4.0 ]
                },
                "teeth_up_2": {
                    "translate": [ 0.0, 0.048, -0.005 ]
                }
            }
        },
        "lip_sync (F_V)": {
            "size": [ 1.0, 1.0, 1.0 ],
            "shapes": [
                {
                    "name": "mouth_height_up",
                    "value": 1.0,
                    "relative": true
                },
                {
                    "name": "mouth_height_down",
                    "value": 1.25,
                    "relative": true
                },
                {
                    "name": "mouth_width_left",
                    "value": 0.2,
                    "relative": true
                },
                {
                    "name": "mouth_width_right",
                    "value": 0.2,
                    "relative": true
                },
                {
                    "name": "teeth_down_height",
                    "value": 1.125,
                    "relative": true
                },
                {
                    "name": "teeth_up_height",
                    "value": 0.975,
                    "relative": true
                },
                {
                    "name": "teeth_up_width_left",
                    "value": 0.2,
                    "relative": true
                },
                {
                    "name": "teeth_up_width_right",
                    "value": 0.2,
                    "relative": true
                } ],
            "limbs": {
                "teeth_down_3": {
                    "translate": [ 0.0, -0.048, -0.005 ]
                },
                "tongue_1": {
                    "translate": [ 0.0, 0.0, -0.01 ]
                },
                "anchor": {
                    "translate": [ 0.0, 0.5, 4.0 ]
                },
                "teeth_up_2": {
                    "translate": [ 0.0, 0.098, 0.025 ],
                    "scale": [ 1.001, 1.0, 1.0 ]
                }
            }
        },
        "smile_1_sharp": {
            "size": [ 1.0, 1.0, 1.0 ],
            "shapes": [
                {
                    "name": "mouth_height_up",
                    "value": 1.125,
                    "relative": true
                },
                {
                    "name": "mouth_height_down",
                    "value": 1.125,
                    "relative": true
                },
                {
                    "name": "teeth_down_height",
                    "value": 1.125,
                    "relative": true
                },
                {
                    "name": "teeth_up_height",
                    "value": 1.125,
                    "relative": true
                },
                {
                    "name": "mouth_bend_full_sharp",
                    "value": 1.0,
                    "relative": true
                } ],
            "limbs": {
                "teeth_down_3": {
                    "translate": [ 0.0, -0.048, -0.005 ]
                },
                "tongue_1": {
                    "translate": [ 0.0, 0.0, -0.01 ]
                },
                "anchor": {
                    "translate": [ 0.0, 0.5, 4.0 ]
                },
                "teeth_up_2": {
                    "translate": [ 0.0, 0.048, -0.005 ]
                }
            }
        },
        "lip_sync (B_M_P)": {
            "size": [ 1.0, 1.0, 1.0 ],
            "shapes": [
                {
                    "name": "mouth_height_up",
                    "value": 1.225,
                    "relative": true
                },
                {
                    "name": "mouth_height_down",
                    "value": 1.125,
                    "relative": true
                },
                {
                    "name": "teeth_down_height",
                    "value": 1.125,
                    "relative": true
                },
                {
                    "name": "teeth_up_height",
                    "value": 1.125,
                    "relative": true
                } ],
            "limbs": {
                "teeth_down_3": {
                    "translate": [ 0.0, -0.048, -0.005 ]
                },
                "tongue_1": {
                    "translate": [ 0.0, 0.0, -0.01 ]
                },
                "anchor": {
                    "translate": [ 0.0, 0.5, 4.0 ]
                },
                "teeth_up_2": {
                    "translate": [ 0.0, 0.048, -0.005 ]
                }
            }
        },
        "lip_sync (R)": {
            "size": [ 1.0, 1.0, 1.0 ],
            "shapes": [
                {
                    "name": "mouth_height_up",
                    "value": 0.7,
                    "relative": true
                },
                {
                    "name": "mouth_height_down",
                    "value": 0.7,
                    "relative": true
                },
                {
                    "name": "mouth_width_left",
                    "value": -0.7,
                    "relative": true
                },
                {
                    "name": "mouth_width_right",
                    "value": -0.7,
                    "relative": true
                },
                {
                    "name": "teeth_down_height",
                    "value": 1.0,
                    "relative": true
                },
                {
                    "name": "teeth_down_width_left",
                    "value": -0.7,
                    "relative": true
                },
                {
                    "name": "teeth_down_width_right",
                    "value": -0.7,
                    "relative": true
                },
                {
                    "name": "teeth_up_height",
                    "value": 1.0,
                    "relative": true
                },
                {
                    "name": "teeth_up_width_left",
                    "value": -0.7,
                    "relative": true
                },
                {
                    "name": "teeth_up_width_right",
                    "value": -0.7,
                    "relative": true
                },
                {
                    "name": "mouth_bend_up_left",
                    "value": 0.0,
                    "relative": true
                },
                {
                    "name": "mouth_bend_up_right",
                    "value": 0.0,
                    "relative": true
                },
                {
                    "name": "mouth_bend_down_left",
                    "value": -0.05,
                    "relative": true
                },
                {
                    "name": "mouth_bend_down_right",
                    "value": -0.05,
                    "relative": true
                },
                {
                    "name": "teeth_up_bend_left",
                    "value": 0.0,
                    "relative": true
                },
                {
                    "name": "teeth_up_bend_right",
                    "value": 0.0,
                    "relative": true
                },
                {
                    "name": "teeth_down_bend_left",
                    "value": -0.05,
                    "relative": true
                },
                {
                    "name": "teeth_down_bend_right",
                    "value": -0.05,
                    "relative": true
                } ],
            "limbs": {
                "teeth_down_3": {
                    "translate": [ 0.0, -0.213, 0.025 ],
                    "scale": [ 1.001, 1.0, 1.0 ]
                },
                "tongue_1": {
                    "translate": [ 0.0, 0.0, -0.01 ]
                },
                "anchor": {
                    "translate": [ 0.0, 0.5, 4.0 ]
                },
                "teeth_up_2": {
                    "translate": [ 0.0, 0.213, 0.025 ],
                    "scale": [ 1.001, 1.0, 1.0 ]
                }
            }
        },
        "standing": {
            "size": [ 1.0, 1.0, 1.0 ],
            "limbs": {
                "tongue_1": {
                    "translate": [ 0.0, 0.0, -0.01 ]
                },
                "teeth_down_3": {
                    "translate": [ 0.0, -0.48, -0.005 ]
                },
                "anchor": {
                    "translate": [ 0.0, 0.5, 4.0 ]
                },
                "teeth_up_2": {
                    "translate": [ 0.0, 0.48, -0.005 ]
                }
            }
        },
        "sad_1_round": {
            "size": [ 1.0, 1.0, 1.0 ],
            "shapes": [
                {
                    "name": "mouth_height_up",
                    "value": 1.125,
                    "relative": true
                },
                {
                    "name": "mouth_height_down",
                    "value": 1.125,
                    "relative": true
                },
                {
                    "name": "teeth_down_height",
                    "value": 1.125,
                    "relative": true
                },
                {
                    "name": "teeth_up_height",
                    "value": 1.125,
                    "relative": true
                },
                {
                    "name": "mouth_bend_down_left",
                    "value": 0.75,
                    "relative": true
                },
                {
                    "name": "mouth_bend_down_right",
                    "value": 0.75,
                    "relative": true
                },
                {
                    "name": "mouth_bend_up_left",
                    "value": -0.75,
                    "relative": true
                },
                {
                    "name": "mouth_bend_up_right",
                    "value": -0.75,
                    "relative": true
                } ],
            "limbs": {
                "teeth_down_3": {
                    "translate": [ 0.0, -0.048, -0.005 ]
                },
                "tongue_1": {
                    "translate": [ 0.0, 0.0, -0.01 ]
                },
                "anchor": {
                    "translate": [ 0.0, 0.5, 4.0 ]
                },
                "teeth_up_2": {
                    "translate": [ 0.0, 0.048, -0.005 ]
                }
            }
        },
        "lip_sync (Q_W)": {
            "size": [ 1.0, 1.0, 1.0 ],
            "shapes": [
                {
                    "name": "mouth_height_up",
                    "value": 1.0,
                    "relative": true
                },
                {
                    "name": "mouth_height_down",
                    "value": 1.0,
                    "relative": true
                },
                {
                    "name": "mouth_width_left",
                    "value": 0.7,
                    "relative": true
                },
                {
                    "name": "mouth_width_right",
                    "value": 0.7,
                    "relative": true
                },
                {
                    "name": "teeth_down_height",
                    "value": 1.14,
                    "relative": true
                },
                {
                    "name": "teeth_down_width_left",
                    "value": 0.7,
                    "relative": true
                },
                {
                    "name": "teeth_down_width_right",
                    "value": 0.7,
                    "relative": true
                },
                {
                    "name": "teeth_up_height",
                    "value": 1.13,
                    "relative": true
                },
                {
                    "name": "teeth_up_width_left",
                    "value": 0.7,
                    "relative": true
                },
                {
                    "name": "teeth_up_width_right",
                    "value": 0.7,
                    "relative": true
                },
                {
                    "name": "mouth_bend_up_left",
                    "value": -0.15,
                    "relative": true
                },
                {
                    "name": "mouth_bend_up_right",
                    "value": -0.15,
                    "relative": true
                },
                {
                    "name": "mouth_bend_down_left",
                    "value": -0.15,
                    "relative": true
                },
                {
                    "name": "mouth_bend_down_right",
                    "value": -0.15,
                    "relative": true
                },
                {
                    "name": "teeth_up_bend_left",
                    "value": -0.15,
                    "relative": true
                },
                {
                    "name": "teeth_up_bend_right",
                    "value": -0.15,
                    "relative": true
                },
                {
                    "name": "teeth_down_bend_left",
                    "value": -0.15,
                    "relative": true
                },
                {
                    "name": "teeth_down_bend_right",
                    "value": -0.15,
                    "relative": true
                } ],
            "limbs": {
                "teeth_down_3": {
                    "translate": [ 0.0, -0.097, 0.025 ],
                    "scale": [ 1.001, 1.0, 1.0 ]
                },
                "tongue_1": {
                    "translate": [ 0.0, 0.0, -0.01 ]
                },
                "anchor": {
                    "translate": [ 0.0, 0.5, 4.0 ]
                },
                "teeth_up_2": {
                    "translate": [ 0.0, 0.097, 0.025 ],
                    "scale": [ 1.001, 1.0, 1.0 ]
                }
            }
        },
        "lip_sync (Uh)": {
            "size": [ 1.0, 1.0, 1.0 ],
            "shapes": [
                {
                    "name": "mouth_height_up",
                    "value": 0.6,
                    "relative": true
                },
                {
                    "name": "mouth_height_down",
                    "value": 0.6,
                    "relative": true
                },
                {
                    "name": "mouth_width_left",
                    "value": -0.8,
                    "relative": true
                },
                {
                    "name": "mouth_width_right",
                    "value": -0.8,
                    "relative": true
                },
                {
                    "name": "teeth_down_height",
                    "value": 1.0,
                    "relative": true
                },
                {
                    "name": "teeth_down_width_left",
                    "value": -0.8,
                    "relative": true
                },
                {
                    "name": "teeth_down_width_right",
                    "value": -0.8,
                    "relative": true
                },
                {
                    "name": "teeth_up_height",
                    "value": 1.0,
                    "relative": true
                },
                {
                    "name": "teeth_up_width_left",
                    "value": -0.8,
                    "relative": true
                },
                {
                    "name": "teeth_up_width_right",
                    "value": -0.8,
                    "relative": true
                },
                {
                    "name": "mouth_bend_up_left",
                    "value": 0.0,
                    "relative": true
                },
                {
                    "name": "mouth_bend_up_right",
                    "value": 0.0,
                    "relative": true
                },
                {
                    "name": "mouth_bend_down_left",
                    "value": -0.05,
                    "relative": true
                },
                {
                    "name": "mouth_bend_down_right",
                    "value": -0.05,
                    "relative": true
                },
                {
                    "name": "teeth_up_bend_left",
                    "value": 0.0,
                    "relative": true
                },
                {
                    "name": "teeth_up_bend_right",
                    "value": 0.0,
                    "relative": true
                },
                {
                    "name": "teeth_down_bend_left",
                    "value": -0.05,
                    "relative": true
                },
                {
                    "name": "teeth_down_bend_right",
                    "value": -0.05,
                    "relative": true
                } ],
            "limbs": {
                "teeth_down_3": {
                    "translate": [ 0.0, -0.251, 0.025 ],
                    "scale": [ 1.001, 1.0, 1.0 ]
                },
                "tongue_1": {
                    "translate": [ 0.0, 0.0, -0.01 ]
                },
                "anchor": {
                    "translate": [ 0.0, 0.5, 4.0 ]
                },
                "teeth_up_2": {
                    "translate": [ 0.0, 0.251, 0.025 ],
                    "scale": [ 1.001, 1.0, 1.0 ]
                }
            }
        },
        "lip_sync (Th_D_N_S_T_Z)": {
            "size": [ 1.0, 1.0, 1.0 ],
            "shapes": [
                {
                    "name": "mouth_height_up",
                    "value": 1.0,
                    "relative": true
                },
                {
                    "name": "mouth_height_down",
                    "value": 1.0,
                    "relative": true
                },
                {
                    "name": "mouth_width_left",
                    "value": -0.5,
                    "relative": true
                },
                {
                    "name": "mouth_width_right",
                    "value": -0.5,
                    "relative": true
                },
                {
                    "name": "teeth_down_height",
                    "value": 0.997,
                    "relative": true
                },
                {
                    "name": "teeth_down_width_left",
                    "value": -0.5,
                    "relative": true
                },
                {
                    "name": "teeth_down_width_right",
                    "value": -0.5,
                    "relative": true
                },
                {
                    "name": "teeth_up_height",
                    "value": 0.997,
                    "relative": true
                },
                {
                    "name": "teeth_up_width_right",
                    "value": -0.5,
                    "relative": true
                },
                {
                    "name": "teeth_up_width_left",
                    "value": -0.5,
                    "relative": true
                } ],
            "limbs": {
                "teeth_down_3": {
                    "translate": [ 0.0, -0.097, 0.025 ],
                    "scale": [ 1.001, 1.0, 1.0 ]
                },
                "tongue_1": {
                    "translate": [ 0.0, 0.0, -0.01 ]
                },
                "anchor": {
                    "translate": [ 0.0, 0.5, 4.0 ]
                },
                "teeth_up_2": {
                    "translate": [ 0.0, 0.097, 0.025 ],
                    "scale": [ 1.001, 1.0, 1.0 ]
                }
            }
        },
        "smirk_left": {
            "size": [ 1.0, 1.0, 1.0 ],
            "shapes": [
                {
                    "name": "mouth_height_up",
                    "value": 1.125,
                    "relative": true
                },
                {
                    "name": "mouth_height_down",
                    "value": 1.125,
                    "relative": true
                },
                {
                    "name": "mouth_width_right",
                    "value": 0.25,
                    "relative": true
                },
                {
                    "name": "teeth_down_height",
                    "value": 1.125,
                    "relative": true
                },
                {
                    "name": "teeth_up_height",
                    "value": 1.125,
                    "relative": true
                },
                {
                    "name": "mouth_bend_down_left",
                    "value": -0.6,
                    "relative": true
                },
                {
                    "name": "mouth_bend_down_right",
                    "value": -0.2,
                    "relative": true
                },
                {
                    "name": "mouth_bend_up_left",
                    "value": 0.6,
                    "relative": true
                },
                {
                    "name": "mouth_bend_up_right",
                    "value": 0.2,
                    "relative": true
                } ],
            "limbs": {
                "teeth_down_3": {
                    "translate": [ 0.0, -0.048, -0.005 ]
                },
                "tongue_1": {
                    "translate": [ 0.0, 0.0, -0.01 ]
                },
                "anchor": {
                    "translate": [ 0.0, 0.5, 4.0 ]
                },
                "teeth_up_2": {
                    "translate": [ 0.0, 0.048, -0.005 ]
                }
            }
        },
        "lip_sync (E_e)": {
            "size": [ 1.0, 1.0, 1.0 ],
            "shapes": [
                {
                    "name": "mouth_height_up",
                    "value": 0.8,
                    "relative": true
                },
                {
                    "name": "mouth_height_down",
                    "value": 0.8,
                    "relative": true
                },
                {
                    "name": "mouth_width_left",
                    "value": -0.975,
                    "relative": true
                },
                {
                    "name": "mouth_width_right",
                    "value": -0.975,
                    "relative": true
                },
                {
                    "name": "teeth_down_height",
                    "value": 1.05,
                    "relative": true
                },
                {
                    "name": "teeth_down_width_left",
                    "value": -0.975,
                    "relative": true
                },
                {
                    "name": "teeth_down_width_right",
                    "value": -0.975,
                    "relative": true
                },
                {
                    "name": "teeth_up_height",
                    "value": 1.05,
                    "relative": true
                },
                {
                    "name": "teeth_up_width_left",
                    "value": -0.975,
                    "relative": true
                },
                {
                    "name": "teeth_up_width_right",
                    "value": -0.975,
                    "relative": true
                },
                {
                    "name": "mouth_bend_up_left",
                    "value": 0.0,
                    "relative": true
                },
                {
                    "name": "mouth_bend_up_right",
                    "value": 0.0,
                    "relative": true
                },
                {
                    "name": "mouth_bend_down_left",
                    "value": -0.05,
                    "relative": true
                },
                {
                    "name": "mouth_bend_down_right",
                    "value": -0.05,
                    "relative": true
                },
                {
                    "name": "teeth_up_bend_left",
                    "value": 0.0,
                    "relative": true
                },
                {
                    "name": "teeth_up_bend_right",
                    "value": 0.0,
                    "relative": true
                },
                {
                    "name": "teeth_down_bend_left",
                    "value": -0.05,
                    "relative": true
                },
                {
                    "name": "teeth_down_bend_right",
                    "value": -0.05,
                    "relative": true
                } ],
            "limbs": {
                "teeth_down_3": {
                    "translate": [ 0.0, -0.175, 0.025 ],
                    "scale": [ 1.001, 1.0, 1.0 ]
                },
                "tongue_1": {
                    "translate": [ 0.0, 0.0, -0.01 ]
                },
                "anchor": {
                    "translate": [ 0.0, 0.5, 4.0 ]
                },
                "teeth_up_2": {
                    "translate": [ 0.0, 0.175, 0.025 ],
                    "scale": [ 1.001, 1.0, 1.0 ]
                }
            }
        },
        "w_round": {
            "size": [ 1.0, 1.0, 1.0 ],
            "shapes": [
                {
                    "name": "mouth_height_up",
                    "value": 1.125,
                    "relative": true
                },
                {
                    "name": "mouth_height_down",
                    "value": 1.125,
                    "relative": true
                },
                {
                    "name": "teeth_down_height",
                    "value": 1.125,
                    "relative": true
                },
                {
                    "name": "teeth_up_height",
                    "value": 1.125,
                    "relative": true
                },
                {
                    "name": "mouth_w_round",
                    "value": 1.0,
                    "relative": true
                } ],
            "limbs": {
                "teeth_down_3": {
                    "translate": [ 0.0, -0.048, -0.005 ]
                },
                "tongue_1": {
                    "translate": [ 0.0, 0.0, -0.01 ]
                },
                "anchor": {
                    "translate": [ 0.0, 0.5, 4.0 ]
                },
                "teeth_up_2": {
                    "translate": [ 0.0, 0.048, -0.005 ]
                }
            }
        },
        "lip_sync (L)": {
            "size": [ 1.0, 1.0, 1.0 ],
            "shapes": [
                {
                    "name": "mouth_height_up",
                    "value": 0.7,
                    "relative": true
                },
                {
                    "name": "mouth_height_down",
                    "value": 0.7,
                    "relative": true
                },
                {
                    "name": "mouth_width_left",
                    "value": -0.65,
                    "relative": true
                },
                {
                    "name": "mouth_width_right",
                    "value": -0.65,
                    "relative": true
                },
                {
                    "name": "teeth_down_height",
                    "value": 1.05,
                    "relative": true
                },
                {
                    "name": "teeth_down_width_left",
                    "value": -0.65,
                    "relative": true
                },
                {
                    "name": "teeth_down_width_right",
                    "value": -0.65,
                    "relative": true
                },
                {
                    "name": "teeth_up_height",
                    "value": 1.0,
                    "relative": true
                },
                {
                    "name": "teeth_up_width_left",
                    "value": -0.65,
                    "relative": true
                },
                {
                    "name": "teeth_up_width_right",
                    "value": -0.65,
                    "relative": true
                },
                {
                    "name": "mouth_bend_up_left",
                    "value": 0.0,
                    "relative": true
                },
                {
                    "name": "mouth_bend_up_right",
                    "value": 0.0,
                    "relative": true
                },
                {
                    "name": "mouth_bend_down_left",
                    "value": -0.05,
                    "relative": true
                },
                {
                    "name": "mouth_bend_down_right",
                    "value": -0.05,
                    "relative": true
                },
                {
                    "name": "teeth_up_bend_left",
                    "value": 0.0,
                    "relative": true
                },
                {
                    "name": "teeth_up_bend_right",
                    "value": 0.0,
                    "relative": true
                },
                {
                    "name": "teeth_down_bend_left",
                    "value": -0.05,
                    "relative": true
                },
                {
                    "name": "teeth_down_bend_right",
                    "value": -0.05,
                    "relative": true
                } ],
            "limbs": {
                "teeth_down_3": {
                    "translate": [ 0.0, -0.214, 0.025 ],
                    "scale": [ 1.001, 1.0, 1.0 ]
                },
                "tongue_1": {
                    "translate": [ 0.0, 0.0, -0.01 ]
                },
                "anchor": {
                    "translate": [ 0.0, 0.5, 4.0 ]
                },
                "teeth_up_2": {
                    "translate": [ 0.0, 0.214, 0.025 ],
                    "scale": [ 1.001, 1.0, 1.0 ]
                }
            }
        },
        "smile_2": {
            "size": [ 1.0, 1.0, 1.0 ],
            "shapes": [
                {
                    "name": "mouth_height_up",
                    "value": 0.95,
                    "relative": true
                },
                {
                    "name": "mouth_height_down",
                    "value": 0.95,
                    "relative": true
                },
                {
                    "name": "mouth_width_left",
                    "value": -0.35,
                    "relative": true
                },
                {
                    "name": "mouth_width_right",
                    "value": -0.35,
                    "relative": true
                },
                {
                    "name": "mouth_bend_down_left",
                    "value": -0.75,
                    "relative": true
                },
                {
                    "name": "mouth_bend_down_right",
                    "value": -0.75,
                    "relative": true
                },
                {
                    "name": "mouth_bend_up_left",
                    "value": 0.5,
                    "relative": true
                },
                {
                    "name": "mouth_bend_up_right",
                    "value": 0.5,
                    "relative": true
                },
                {
                    "name": "teeth_up_height",
                    "value": 1.115,
                    "relative": true
                },
                {
                    "name": "teeth_up_width_left",
                    "value": -0.35,
                    "relative": true
                },
                {
                    "name": "teeth_up_width_right",
                    "value": -0.35,
                    "relative": true
                },
                {
                    "name": "teeth_down_height",
                    "value": 0.775,
                    "relative": true
                },
                {
                    "name": "teeth_down_width_left",
                    "value": -0.35,
                    "relative": true
                },
                {
                    "name": "teeth_down_width_right",
                    "value": -0.35,
                    "relative": true
                },
                {
                    "name": "teeth_up_fullbend_left",
                    "value": 0.5,
                    "relative": true
                },
                {
                    "name": "teeth_up_fullbend_right",
                    "value": 0.5,
                    "relative": true
                },
                {
                    "name": "teeth_down_fullbend_left",
                    "value": -0.75,
                    "relative": true
                },
                {
                    "name": "teeth_down_fullbend_right",
                    "value": -0.75,
                    "relative": true
                } ],
            "limbs": {
                "teeth_down_3": {
                    "translate": [ 0.0, -0.117, 0.025 ],
                    "scale": [ 1.001, 1.0, 1.0 ]
                },
                "tongue_1": {
                    "translate": [ 0.0, 0.0, -0.01 ]
                },
                "anchor": {
                    "translate": [ 0.0, 0.5, 4.0 ]
                },
                "teeth_up_2": {
                    "translate": [ 0.0, 0.117, 0.025 ],
                    "scale": [ 1.001, 1.0, 1.0 ]
                }
            }
        },
        "sad_1_sharp": {
            "size": [ 1.0, 1.0, 1.0 ],
            "shapes": [
                {
                    "name": "mouth_height_up",
                    "value": 1.125,
                    "relative": true
                },
                {
                    "name": "mouth_height_down",
                    "value": 1.125,
                    "relative": true
                },
                {
                    "name": "teeth_down_height",
                    "value": 1.125,
                    "relative": true
                },
                {
                    "name": "teeth_up_height",
                    "value": 1.125,
                    "relative": true
                },
                {
                    "name": "mouth_bend_full_sharp",
                    "value": -1.0,
                    "relative": true
                } ],
            "limbs": {
                "teeth_down_3": {
                    "translate": [ 0.0, -0.048, -0.005 ]
                },
                "tongue_1": {
                    "translate": [ 0.0, 0.0, -0.01 ]
                },
                "anchor": {
                    "translate": [ 0.0, 0.5, 4.0 ]
                },
                "teeth_up_2": {
                    "translate": [ 0.0, 0.048, -0.005 ]
                }
            }
        },
        "surprised": {
            "size": [ 1.0, 1.0, 1.0 ],
            "shapes": [
                {
                    "name": "mouth_height_up",
                    "value": 0.415,
                    "relative": true
                },
                {
                    "name": "mouth_height_down",
                    "value": 0.415,
                    "relative": true
                },
                {
                    "name": "mouth_width_right",
                    "value": 0.415,
                    "relative": true
                },
                {
                    "name": "mouth_width_left",
                    "value": 0.415,
                    "relative": true
                },
                {
                    "name": "teeth_down_height",
                    "value": 1.125,
                    "relative": true
                },
                {
                    "name": "teeth_up_height",
                    "value": 1.125,
                    "relative": true
                },
                {
                    "name": "mouth_bend_up_left",
                    "value": 0.0,
                    "relative": true
                },
                {
                    "name": "mouth_bend_up_right",
                    "value": 0.0,
                    "relative": true
                },
                {
                    "name": "mouth_bend_down_left",
                    "value": 0.0,
                    "relative": true
                },
                {
                    "name": "mouth_bend_down_right",
                    "value": 0.0,
                    "relative": true
                } ],
            "limbs": {
                "teeth_down_3": {
                    "translate": [ 0.0, -0.048, -0.005 ]
                },
                "tongue_1": {
                    "translate": [ 0.0, 0.0, -0.01 ]
                },
                "anchor": {
                    "translate": [ 0.0, 0.5, 4.0 ]
                },
                "teeth_up_2": {
                    "translate": [ 0.0, 0.048, -0.005 ]
                }
            }
        },
        "lip_sync (O)": {
            "size": [ 1.0, 1.0, 1.0 ],
            "shapes": [
                {
                    "name": "mouth_height_up",
                    "value": 0.35,
                    "relative": true
                },
                {
                    "name": "mouth_height_down",
                    "value": 0.35,
                    "relative": true
                },
                {
                    "name": "mouth_width_left",
                    "value": 0.35,
                    "relative": true
                },
                {
                    "name": "mouth_width_right",
                    "value": 0.35,
                    "relative": true
                },
                {
                    "name": "teeth_down_height",
                    "value": 1.249,
                    "relative": true
                },
                {
                    "name": "teeth_down_width_left",
                    "value": 0.35,
                    "relative": true
                },
                {
                    "name": "teeth_down_width_right",
                    "value": 0.35,
                    "relative": true
                },
                {
                    "name": "teeth_up_height",
                    "value": 1.249,
                    "relative": true
                },
                {
                    "name": "teeth_up_width_left",
                    "value": 0.35,
                    "relative": true
                },
                {
                    "name": "teeth_up_width_right",
                    "value": 0.35,
                    "relative": true
                } ],
            "limbs": {
                "teeth_down_3": {
                    "translate": [ 0.0, -0.344, 0.025 ],
                    "scale": [ 0.999, 1.0, 1.0 ]
                },
                "tongue_1": {
                    "translate": [ 0.0, 0.0, -0.01 ]
                },
                "anchor": {
                    "translate": [ 0.0, 0.5, 4.0 ]
                },
                "teeth_up_2": {
                    "translate": [ 0.0, 0.344, 0.025 ],
                    "scale": [ 0.999, 1.0, 1.0 ]
                }
            }
        }
    }
}