{
	"format_version": "1.8.0",
	"animations": {
		"animation.ucmtitan.spawn": {
			"animation_length": 4.25,
			"bones": {
				"Rott": {
					"rotation": {
						"0.0": {
							"post": [70.43162, -26.12797, 8.89674],
							"lerp_mode": "catmullrom"
						},
						"0.7083": {
							"post": [83.67474, -36.86368, 9.23286],
							"lerp_mode": "catmullrom"
						},
						"1.0417": {
							"post": [57.93153, -5.21895, -7.00722],
							"lerp_mode": "catmullrom"
						},
						"1.2917": {
							"post": [34.47162, -2.62626, -7.98917],
							"lerp_mode": "catmullrom"
						},
						"1.5": {
							"post": [-3.6884, -0.89598, -3.16788],
							"lerp_mode": "catmullrom"
						},
						"2.0": {
							"post": [10, 0, 0],
							"lerp_mode": "catmullrom"
						},
						"2.2083": {
							"post": [15, 0, 0],
							"lerp_mode": "catmullrom"
						},
						"2.5417": {
							"post": [2.5, 0, 0],
							"lerp_mode": "catmullrom"
						}
					},
					"position": {
						"0.0": {
							"post": [-751, 380, 1336],
							"lerp_mode": "catmullrom"
						},
						"0.7083": {
							"post": [-257.34, 427.11, 646.15],
							"lerp_mode": "catmullrom"
						},
						"0.9167": {
							"post": [2.24, 272.66, 267.7],
							"lerp_mode": "catmullrom"
						},
						"1.5": {
							"post": [19.33, 94.76, -3.68],
							"lerp_mode": "catmullrom"
						},
						"2.0": {
							"post": [0, 0, 0],
							"lerp_mode": "catmullrom"
						}
					}
				},
				"body": {
					"rotation": {
						"2.0": {
							"pre": [0, 0, 0],
							"post": [0, 0, 0],
							"lerp_mode": "catmullrom"
						}
					}
				},
				"body2": {
					"rotation": {
						"2.0": {
							"pre": [0, 0, 0],
							"post": [0, 0, 0],
							"lerp_mode": "catmullrom"
						}
					}
				},
				"Rightarm": {
					"rotation": {
						"0.0": {
							"post": [0, 0, 0],
							"lerp_mode": "catmullrom"
						},
						"1.2083": {
							"post": [0, 0, 0],
							"lerp_mode": "catmullrom"
						},
						"1.5417": {
							"post": [0, 0, -12.24],
							"lerp_mode": "catmullrom"
						},
						"2.0": {
							"post": [0, 0, 0],
							"lerp_mode": "catmullrom"
						},
						"2.5833": {
							"post": [0, 0, -5],
							"lerp_mode": "catmullrom"
						},
						"3.875": [0, 0, 0]
					}
				},
				"bone6": {
					"rotation": {
						"0.0": {
							"post": [0, 0, 0],
							"lerp_mode": "catmullrom"
						},
						"2.0": {
							"post": [0, 0, 0],
							"lerp_mode": "catmullrom"
						},
						"4.25": [0, 0, 0]
					}
				},
				"Leftarm": {
					"rotation": {
						"0.0": {
							"post": [0, 0, 0],
							"lerp_mode": "catmullrom"
						},
						"1.2083": {
							"post": [0, 0, 0],
							"lerp_mode": "catmullrom"
						},
						"1.5417": {
							"post": [0, 0, 14.74],
							"lerp_mode": "catmullrom"
						},
						"2.0": {
							"post": [0, 0, 0],
							"lerp_mode": "catmullrom"
						},
						"2.5833": {
							"post": [0, 0, 5],
							"lerp_mode": "catmullrom"
						},
						"3.25": {
							"post": [0, 0, 5],
							"lerp_mode": "catmullrom"
						},
						"3.875": [0, 0, 0]
					}
				},
				"bone9": {
					"rotation": {
						"2.0": {
							"pre": [0, 0, 0],
							"post": [0, 0, 0],
							"lerp_mode": "catmullrom"
						},
						"3.875": [0, 0, 0]
					}
				},
				"head": {
					"rotation": {
						"0.0": {
							"post": [-65, 0, 0],
							"lerp_mode": "catmullrom"
						},
						"0.625": {
							"post": [-65, 0, 0],
							"lerp_mode": "catmullrom"
						},
						"1.3333": {
							"post": [26.18, 0, 0],
							"lerp_mode": "catmullrom"
						},
						"1.5833": {
							"post": [19.59, 0, 0],
							"lerp_mode": "catmullrom"
						},
						"2.0": {
							"post": [7.5, 0, 0],
							"lerp_mode": "catmullrom"
						},
						"2.2083": {
							"post": [20, 0, 0],
							"lerp_mode": "catmullrom"
						},
						"2.5417": {
							"post": [15, 0, 0],
							"lerp_mode": "catmullrom"
						},
						"2.9167": [0, 0, 0]
					},
					"position": {
						"0.0": {
							"post": [0, 5, -5],
							"lerp_mode": "catmullrom"
						},
						"2.0": {
							"post": [0, 0, 0],
							"lerp_mode": "catmullrom"
						}
					}
				},
				"Leftleg": {
					"rotation": {
						"0.0": {
							"post": [-7.5, 0, 0],
							"lerp_mode": "catmullrom"
						},
						"1.125": {
							"post": [-7.5, 0, 0],
							"lerp_mode": "catmullrom"
						},
						"1.4167": {
							"post": [-27.78, 0, 0],
							"lerp_mode": "catmullrom"
						},
						"1.75": {
							"post": [-39.98, 0, 0],
							"lerp_mode": "catmullrom"
						},
						"2.0": {
							"post": [-24.15, 1.7, 2.44],
							"lerp_mode": "catmullrom"
						},
						"2.125": {
							"post": [0.22798, 2.62804, 3.76919],
							"lerp_mode": "catmullrom"
						},
						"2.2083": {
							"post": [-10.80605, 3.03617, 4.3533],
							"lerp_mode": "catmullrom"
						},
						"2.5833": {
							"post": [-14.83621, 2.862, 4.10357],
							"lerp_mode": "catmullrom"
						},
						"3.875": [0, 0, 0]
					},
					"position": {
						"2.0": [0, 0, 0],
						"2.125": [0, 5, 0],
						"2.2083": [0, 0, 0]
					}
				},
				"bone4": {
					"rotation": {
						"0.0": {
							"post": [17.5, 0, 0],
							"lerp_mode": "catmullrom"
						},
						"1.125": {
							"post": [17.5, 0, 0],
							"lerp_mode": "catmullrom"
						},
						"1.4167": {
							"post": [29.81, 0, 0],
							"lerp_mode": "catmullrom"
						},
						"1.6667": {
							"post": [69.14, 0, 0],
							"lerp_mode": "catmullrom"
						},
						"1.9583": {
							"post": [12.5, 0, 0],
							"lerp_mode": "catmullrom"
						},
						"2.2083": {
							"post": [4.04, 0, 0],
							"lerp_mode": "catmullrom"
						},
						"2.5833": {
							"post": [7.5, 0, 0],
							"lerp_mode": "catmullrom"
						},
						"3.875": [0, 0, 0]
					}
				},
				"Rightleg": {
					"rotation": {
						"0.0": {
							"post": [12.5, 0, 0],
							"lerp_mode": "catmullrom"
						},
						"1.125": {
							"post": [12.5, 0, 0],
							"lerp_mode": "catmullrom"
						},
						"1.4167": {
							"post": [16.3, 0, 0],
							"lerp_mode": "catmullrom"
						},
						"1.75": {
							"post": [16.9, 0, 0],
							"lerp_mode": "catmullrom"
						},
						"2.0417": {
							"post": [-37.68471, -1.15126, -2.22066],
							"lerp_mode": "catmullrom"
						},
						"2.125": {
							"post": [-41.41647, -1.71077, -3.2999],
							"lerp_mode": "catmullrom"
						},
						"2.2083": {
							"post": [-21.5495, -2.14594, -4.1393],
							"lerp_mode": "catmullrom"
						},
						"2.5833": {
							"post": [-7.34442, -2.30252, -4.44131],
							"lerp_mode": "catmullrom"
						},
						"3.875": [0, 0, 0]
					}
				},
				"bone10": {
					"rotation": {
						"0.0": {
							"post": [15, 0, 0],
							"lerp_mode": "catmullrom"
						},
						"1.125": {
							"post": [15, 0, 0],
							"lerp_mode": "catmullrom"
						},
						"1.4167": {
							"post": [25.56, 0, 0],
							"lerp_mode": "catmullrom"
						},
						"1.6667": {
							"post": [41.06, 0, 0],
							"lerp_mode": "catmullrom"
						},
						"2.0": {
							"post": [39.53656, -2.25407, -2.45891],
							"lerp_mode": "catmullrom"
						},
						"2.125": {
							"post": [27.81588, -2.34122, -2.55398],
							"lerp_mode": "catmullrom"
						},
						"2.2083": {
							"post": [8.41357, -2.20295, -2.40315],
							"lerp_mode": "catmullrom"
						},
						"2.5833": {
							"post": [4.56924, -2.05167, -2.23812],
							"lerp_mode": "catmullrom"
						},
						"3.875": [0, 0, 0]
					}
				},
				"Rightbigwing": {
					"rotation": {
						"0.0": [0, 0, -30],
						"1.875": [0, 0, -25.87],
						"1.9583": [0, 0, 9.78],
						"2.5833": [0, 0, 0]
					}
				},
				"Rightwing": {
					"rotation": {
						"0.0": [0, 0, -42.5],
						"1.875": [0, 0, -31.85],
						"2.0417": [0, 0, -16.86],
						"2.125": [0, 0, 13.23],
						"2.5833": [0, 0, 0]
					}
				},
				"Leftwing": {
					"rotation": {
						"0.0": [0, 0, 42.5],
						"1.875": [0, 0, 31.85],
						"2.0417": [0, 0, 9.36],
						"2.125": [0, 0, -12.08],
						"2.5833": [0, 0, 0]
					}
				},
				"Leftbigwing": {
					"rotation": {
						"0.0": [0, 0, 30],
						"1.875": [0, 0, 30.87],
						"1.9583": [0, 0, -7.76],
						"2.5833": [0, 0, 0]
					}
				},
				"bone8": {
					"rotation": [0, 0, 0]
				}
			},
			"sound_effects": {
				"1.7083": {
					"effect": "spawn"
				}
			},
			"particle_effects": {
				"0.0": [
					{
						"effect": "flame",
						"locator": "h"
					},
					{
						"effect": "flame",
						"locator": "h2"
					}
				],
				"0.125": [
					{
						"effect": "flame",
						"locator": "h"
					},
					{
						"effect": "flame",
						"locator": "h2"
					}
				],
				"0.2917": [
					{
						"effect": "flame",
						"locator": "h"
					},
					{
						"effect": "flame",
						"locator": "h2"
					}
				],
				"0.5": [
					{
						"effect": "flame",
						"locator": "h"
					},
					{
						"effect": "flame",
						"locator": "h2"
					}
				],
				"0.7083": [
					{
						"effect": "flame",
						"locator": "h"
					},
					{
						"effect": "flame",
						"locator": "h2"
					}
				],
				"1.0": [
					{
						"effect": "flame",
						"locator": "h"
					},
					{
						"effect": "flame",
						"locator": "h2"
					}
				],
				"1.375": [
					{
						"effect": "flame",
						"locator": "h"
					},
					{
						"effect": "flame",
						"locator": "h2"
					}
				],
				"1.7083": {
					"effect": "sw"
				},
				"2.0": {
					"effect": "sw"
				}
			}
		},
		"animation.ucmtitan.move": {
			"loop": true,
			"animation_length": 11.25,
			"bones": {
				"body": {
					"rotation": {
						"0.0": {
							"post": [0, 0, -2.5],
							"lerp_mode": "catmullrom"
						},
						"0.25": {
							"post": [5, 0, 0.31],
							"lerp_mode": "catmullrom"
						},
						"0.5": {
							"post": [0, 0, 2.5],
							"lerp_mode": "catmullrom"
						},
						"0.75": {
							"post": [4.85, 0, -1.22],
							"lerp_mode": "catmullrom"
						},
						"1.0": {
							"post": [0, 0, -2.5],
							"lerp_mode": "catmullrom"
						},
						"1.25": {
							"post": [5, 0, 0.31],
							"lerp_mode": "catmullrom"
						},
						"1.5": {
							"post": [0, 0, 2.5],
							"lerp_mode": "catmullrom"
						},
						"1.75": {
							"post": [4.85, 0, -1.22],
							"lerp_mode": "catmullrom"
						},
						"2.0": {
							"post": [0, 0, -2.5],
							"lerp_mode": "catmullrom"
						},
						"2.25": {
							"post": [5, 0, 0.31],
							"lerp_mode": "catmullrom"
						},
						"2.5": {
							"post": [0, 0, 2.5],
							"lerp_mode": "catmullrom"
						},
						"2.75": {
							"post": [4.85, 0, -1.22],
							"lerp_mode": "catmullrom"
						},
						"3.0": {
							"post": [0, 0, -2.5],
							"lerp_mode": "catmullrom"
						},
						"10.25": {
							"post": [0, 0, -2.5],
							"lerp_mode": "catmullrom"
						},
						"10.5": {
							"post": [5, 0, 0.31],
							"lerp_mode": "catmullrom"
						},
						"10.75": {
							"post": [0, 0, 2.5],
							"lerp_mode": "catmullrom"
						},
						"11.0": {
							"post": [4.85, 0, -1.22],
							"lerp_mode": "catmullrom"
						},
						"11.25": {
							"post": [0, 0, -2.5],
							"lerp_mode": "catmullrom"
						}
					}
				},
				"body2": {
					"rotation": {
						"0.0": {
							"post": [5, 0, 0],
							"lerp_mode": "catmullrom"
						},
						"0.3333": {
							"post": [2.5, 0, 0],
							"lerp_mode": "catmullrom"
						},
						"0.625": {
							"post": [5, 0, 0],
							"lerp_mode": "catmullrom"
						},
						"1.0": {
							"post": [5, 0, 0],
							"lerp_mode": "catmullrom"
						}
					}
				},
				"Rightarm": {
					"rotation": {
						"0.0": {
							"post": [-17.5, 0, 0],
							"lerp_mode": "catmullrom"
						},
						"0.5": {
							"post": [10, 0, 0],
							"lerp_mode": "catmullrom"
						},
						"1.0": {
							"post": [-17.5, 0, 0],
							"lerp_mode": "catmullrom"
						},
						"1.5": {
							"post": [10, 0, 0],
							"lerp_mode": "catmullrom"
						},
						"2.0": {
							"post": [-17.5, 0, 0],
							"lerp_mode": "catmullrom"
						},
						"2.5": {
							"post": [10, 0, 0],
							"lerp_mode": "catmullrom"
						},
						"3.0": {
							"post": [-17.5, 0, 0],
							"lerp_mode": "catmullrom"
						},
						"3.75": {
							"post": [-5.57148, -10.11908, -10.98532],
							"lerp_mode": "catmullrom"
						},
						"4.5833": {
							"post": [-13.07, -10.12, -10.99],
							"lerp_mode": "catmullrom"
						},
						"5.9583": {
							"post": [1.75, -10.12, -10.99],
							"lerp_mode": "catmullrom"
						},
						"6.75": {
							"post": [-5.57148, -10.11908, -10.98532],
							"lerp_mode": "catmullrom"
						},
						"7.5833": {
							"post": [-13.07, -10.12, -10.99],
							"lerp_mode": "catmullrom"
						},
						"8.9583": {
							"post": [1.75, -10.12, -10.99],
							"lerp_mode": "catmullrom"
						},
						"9.75": {
							"post": [-5.57148, -10.11908, -10.98532],
							"lerp_mode": "catmullrom"
						},
						"10.25": {
							"post": [-17.5, 0, 0],
							"lerp_mode": "catmullrom"
						},
						"10.75": {
							"post": [10, 0, 0],
							"lerp_mode": "catmullrom"
						},
						"11.25": {
							"post": [-17.5, 0, 0],
							"lerp_mode": "catmullrom"
						}
					}
				},
				"bone5": {
					"rotation": {
						"0.0": {
							"post": [7.5, 0, 0],
							"lerp_mode": "catmullrom"
						},
						"0.25": {
							"post": [0.89881, 0.15123, -2.32677],
							"lerp_mode": "catmullrom"
						},
						"0.5": {
							"post": [-16.60119, 0.15123, -2.32677],
							"lerp_mode": "catmullrom"
						},
						"0.75": {
							"post": [-4.10119, 0.15123, -2.32677],
							"lerp_mode": "catmullrom"
						},
						"1.0": {
							"post": [7.5, 0, 0],
							"lerp_mode": "catmullrom"
						}
					}
				},
				"bone6": {
					"rotation": {
						"0.0": {
							"post": [-17.5, 0, 0],
							"lerp_mode": "catmullrom"
						},
						"0.2083": {
							"post": [-23.66, 0, 0],
							"lerp_mode": "catmullrom"
						},
						"0.7083": {
							"post": [5, 0, 0],
							"lerp_mode": "catmullrom"
						},
						"1.0": {
							"post": [-17.5, 0, 0],
							"lerp_mode": "catmullrom"
						},
						"1.2083": {
							"post": [-23.66, 0, 0],
							"lerp_mode": "catmullrom"
						},
						"1.7083": {
							"post": [5, 0, 0],
							"lerp_mode": "catmullrom"
						},
						"2.0": {
							"post": [-17.5, 0, 0],
							"lerp_mode": "catmullrom"
						},
						"2.2083": {
							"post": [-23.66, 0, 0],
							"lerp_mode": "catmullrom"
						},
						"2.7083": {
							"post": [5, 0, 0],
							"lerp_mode": "catmullrom"
						},
						"3.0": {
							"post": [-17.5, 0, 0],
							"lerp_mode": "catmullrom"
						},
						"3.75": [5.11002, -1.07683, -4.88398],
						"6.75": [5.11002, -1.07683, -4.88398],
						"10.25": {
							"pre": [-17.5, 0, 0],
							"post": [-17.5, 0, 0],
							"lerp_mode": "catmullrom"
						},
						"10.4583": {
							"post": [-23.66, 0, 0],
							"lerp_mode": "catmullrom"
						},
						"10.9583": {
							"post": [5, 0, 0],
							"lerp_mode": "catmullrom"
						},
						"11.25": {
							"post": [-17.5, 0, 0],
							"lerp_mode": "catmullrom"
						}
					}
				},
				"Leftarm": {
					"rotation": {
						"0.0": {
							"post": [10, 0, 0],
							"lerp_mode": "catmullrom"
						},
						"0.5": {
							"post": [-17.5, 0, 0],
							"lerp_mode": "catmullrom"
						},
						"1.0": {
							"post": [10, 0, 0],
							"lerp_mode": "catmullrom"
						},
						"1.5": {
							"post": [-17.5, 0, 0],
							"lerp_mode": "catmullrom"
						},
						"2.0": {
							"post": [10, 0, 0],
							"lerp_mode": "catmullrom"
						},
						"2.5": {
							"post": [-17.5, 0, 0],
							"lerp_mode": "catmullrom"
						},
						"3.0": {
							"post": [10, 0, 0],
							"lerp_mode": "catmullrom"
						},
						"3.75": {
							"post": [-5.57148, 10.11908, 10.98532],
							"lerp_mode": "catmullrom"
						},
						"4.5833": {
							"post": [-13.07, 10.12, 10.99],
							"lerp_mode": "catmullrom"
						},
						"5.9583": {
							"post": [1.75, 10.12, 10.99],
							"lerp_mode": "catmullrom"
						},
						"6.75": {
							"post": [-5.57148, 10.11908, 10.98532],
							"lerp_mode": "catmullrom"
						},
						"7.5833": {
							"post": [-13.07, 10.12, 10.99],
							"lerp_mode": "catmullrom"
						},
						"8.9583": {
							"post": [1.75, 10.12, 10.99],
							"lerp_mode": "catmullrom"
						},
						"9.75": {
							"post": [-5.57148, 10.11908, 10.98532],
							"lerp_mode": "catmullrom"
						},
						"10.25": {
							"post": [10, 0, 0],
							"lerp_mode": "catmullrom"
						},
						"10.75": {
							"post": [-17.5, 0, 0],
							"lerp_mode": "catmullrom"
						},
						"11.25": {
							"post": [10, 0, 0],
							"lerp_mode": "catmullrom"
						}
					}
				},
				"bone8": {
					"rotation": {
						"0.0": {
							"post": [-17.11822, 1.9328, 7.24341],
							"lerp_mode": "catmullrom"
						},
						"0.25": {
							"post": [2.7025, 2.17652, 2.24614],
							"lerp_mode": "catmullrom"
						},
						"0.5": {
							"post": [17.75824, -4.96818, -0.0371],
							"lerp_mode": "catmullrom"
						},
						"0.75": {
							"post": [2.88178, 1.9328, 7.24341],
							"lerp_mode": "catmullrom"
						},
						"1.0": {
							"post": [-17.11822, 1.9328, 7.24341],
							"lerp_mode": "catmullrom"
						}
					}
				},
				"bone9": {
					"rotation": {
						"0.0": {
							"post": [5, 0, 0],
							"lerp_mode": "catmullrom"
						},
						"0.4167": {
							"post": [3.15, 0, 0],
							"lerp_mode": "catmullrom"
						},
						"0.75": {
							"post": [-17.5, 0, 0],
							"lerp_mode": "catmullrom"
						},
						"1.0": {
							"post": [5, 0, 0],
							"lerp_mode": "catmullrom"
						},
						"1.4167": {
							"post": [3.15, 0, 0],
							"lerp_mode": "catmullrom"
						},
						"1.75": {
							"post": [-17.5, 0, 0],
							"lerp_mode": "catmullrom"
						},
						"2.0": {
							"post": [5, 0, 0],
							"lerp_mode": "catmullrom"
						},
						"2.4167": {
							"post": [3.15, 0, 0],
							"lerp_mode": "catmullrom"
						},
						"2.75": {
							"post": [-17.5, 0, 0],
							"lerp_mode": "catmullrom"
						},
						"3.0": {
							"post": [5, 0, 0],
							"lerp_mode": "catmullrom"
						},
						"3.75": [5.11002, -1.07683, -4.88398],
						"6.75": [5.11002, -1.07683, -4.88398],
						"10.25": {
							"pre": [5, 0, 0],
							"post": [5, 0, 0],
							"lerp_mode": "catmullrom"
						},
						"10.6667": {
							"post": [3.15, 0, 0],
							"lerp_mode": "catmullrom"
						},
						"11.0": {
							"post": [-17.5, 0, 0],
							"lerp_mode": "catmullrom"
						},
						"11.25": {
							"post": [5, 0, 0],
							"lerp_mode": "catmullrom"
						}
					}
				},
				"head": {
					"rotation": {
						"0.0": {
							"post": [0, 0, 2.5],
							"lerp_mode": "catmullrom"
						},
						"0.25": {
							"post": [0, 0, 0],
							"lerp_mode": "catmullrom"
						},
						"0.5": {
							"post": [-5.00474, 2.49048, -0.21803],
							"lerp_mode": "catmullrom"
						},
						"0.75": {
							"post": [-5, 0, 0],
							"lerp_mode": "catmullrom"
						},
						"1.0": {
							"post": [0, 0, 2.5],
							"lerp_mode": "catmullrom"
						},
						"1.25": {
							"post": [0, 0, 0],
							"lerp_mode": "catmullrom"
						},
						"1.5": {
							"post": [-5.00474, 2.49048, -0.21803],
							"lerp_mode": "catmullrom"
						},
						"1.75": {
							"post": [-5, 0, 0],
							"lerp_mode": "catmullrom"
						},
						"2.0": {
							"post": [0, 0, 2.5],
							"lerp_mode": "catmullrom"
						},
						"2.25": {
							"post": [0, 0, 0],
							"lerp_mode": "catmullrom"
						},
						"2.5": {
							"post": [-5.00474, 2.49048, -0.21803],
							"lerp_mode": "catmullrom"
						},
						"2.75": {
							"post": [-5, 0, 0],
							"lerp_mode": "catmullrom"
						},
						"3.0": {
							"post": [0, 0, 2.5],
							"lerp_mode": "catmullrom"
						},
						"3.75": [-45, 0, 0],
						"6.75": [-45, 0, 0],
						"10.25": {
							"pre": [0, 0, 2.5],
							"post": [0, 0, 2.5],
							"lerp_mode": "catmullrom"
						},
						"10.5": {
							"post": [0, 0, 0],
							"lerp_mode": "catmullrom"
						},
						"10.75": {
							"post": [-5.00474, 2.49048, -0.21803],
							"lerp_mode": "catmullrom"
						},
						"11.0": {
							"post": [-5, 0, 0],
							"lerp_mode": "catmullrom"
						},
						"11.25": {
							"post": [0, 0, 2.5],
							"lerp_mode": "catmullrom"
						}
					},
					"position": {
						"3.75": [0, 0, -2],
						"6.75": [0, 0, -2]
					}
				},
				"Jetpack": {
					"rotation": {
						"0.0": {
							"post": [2.5, 0, 0],
							"lerp_mode": "catmullrom"
						},
						"0.2917": {
							"post": [0, 0, 0],
							"lerp_mode": "catmullrom"
						},
						"0.6667": {
							"post": [2.5, 0, 0],
							"lerp_mode": "catmullrom"
						},
						"1.0": {
							"post": [2.5, 0, 0],
							"lerp_mode": "catmullrom"
						}
					}
				},
				"Rightbigwing": {
					"rotation": {
						"0.0": {
							"post": [0, 2.5, 0],
							"lerp_mode": "catmullrom"
						},
						"0.25": {
							"post": [0, -2.5, 0],
							"lerp_mode": "catmullrom"
						},
						"0.5": {
							"post": [0, -5, 0],
							"lerp_mode": "catmullrom"
						},
						"0.6667": {
							"post": [0, 2.5, 0],
							"lerp_mode": "catmullrom"
						},
						"0.8333": {
							"post": [0, -6.25, 0],
							"lerp_mode": "catmullrom"
						},
						"1.0": {
							"post": [0, 2.5, 0],
							"lerp_mode": "catmullrom"
						},
						"1.25": {
							"post": [0, -2.5, 0],
							"lerp_mode": "catmullrom"
						},
						"1.5": {
							"post": [0, -5, 0],
							"lerp_mode": "catmullrom"
						},
						"1.6667": {
							"post": [0, 2.5, 0],
							"lerp_mode": "catmullrom"
						},
						"1.8333": {
							"post": [0, -6.25, 0],
							"lerp_mode": "catmullrom"
						},
						"2.0": {
							"post": [0, 2.5, 0],
							"lerp_mode": "catmullrom"
						},
						"2.25": {
							"post": [0, -2.5, 0],
							"lerp_mode": "catmullrom"
						},
						"2.5": {
							"post": [0, -5, 0],
							"lerp_mode": "catmullrom"
						},
						"2.6667": {
							"post": [0, 2.5, 0],
							"lerp_mode": "catmullrom"
						},
						"2.8333": {
							"post": [0, -6.25, 0],
							"lerp_mode": "catmullrom"
						},
						"3.0": {
							"post": [0, 2.5, 0],
							"lerp_mode": "catmullrom"
						},
						"3.75": [0, 0, -40],
						"6.75": [0, 0, -40],
						"10.25": {
							"pre": [0, 2.5, 0],
							"post": [0, 2.5, 0],
							"lerp_mode": "catmullrom"
						},
						"10.5": {
							"post": [0, -2.5, 0],
							"lerp_mode": "catmullrom"
						},
						"10.75": {
							"post": [0, -5, 0],
							"lerp_mode": "catmullrom"
						},
						"10.9167": {
							"post": [0, 2.5, 0],
							"lerp_mode": "catmullrom"
						},
						"11.0833": {
							"post": [0, -6.25, 0],
							"lerp_mode": "catmullrom"
						},
						"11.25": {
							"post": [0, 2.5, 0],
							"lerp_mode": "catmullrom"
						}
					}
				},
				"Rightwing": {
					"rotation": {
						"0.0": {
							"post": [0, 2.5, 0],
							"lerp_mode": "catmullrom"
						},
						"0.25": {
							"post": [0, -2.5, 0],
							"lerp_mode": "catmullrom"
						},
						"0.5": {
							"post": [0, -5, 0],
							"lerp_mode": "catmullrom"
						},
						"0.6667": {
							"post": [0, 2.5, 0],
							"lerp_mode": "catmullrom"
						},
						"0.8333": {
							"post": [0, -6.25, 0],
							"lerp_mode": "catmullrom"
						},
						"1.0": {
							"post": [0, 2.5, 0],
							"lerp_mode": "catmullrom"
						},
						"1.25": {
							"post": [0, -2.5, 0],
							"lerp_mode": "catmullrom"
						},
						"1.5": {
							"post": [0, -5, 0],
							"lerp_mode": "catmullrom"
						},
						"1.6667": {
							"post": [0, 2.5, 0],
							"lerp_mode": "catmullrom"
						},
						"1.8333": {
							"post": [0, -6.25, 0],
							"lerp_mode": "catmullrom"
						},
						"2.0": {
							"post": [0, 2.5, 0],
							"lerp_mode": "catmullrom"
						},
						"2.25": {
							"post": [0, -2.5, 0],
							"lerp_mode": "catmullrom"
						},
						"2.5": {
							"post": [0, -5, 0],
							"lerp_mode": "catmullrom"
						},
						"2.6667": {
							"post": [0, 2.5, 0],
							"lerp_mode": "catmullrom"
						},
						"2.8333": {
							"post": [0, -6.25, 0],
							"lerp_mode": "catmullrom"
						},
						"3.0": {
							"post": [0, 2.5, 0],
							"lerp_mode": "catmullrom"
						},
						"3.75": [0, 0, -32.5],
						"6.75": [0, 0, -32.5],
						"10.25": {
							"pre": [0, 2.5, 0],
							"post": [0, 2.5, 0],
							"lerp_mode": "catmullrom"
						},
						"10.5": {
							"post": [0, -2.5, 0],
							"lerp_mode": "catmullrom"
						},
						"10.75": {
							"post": [0, -5, 0],
							"lerp_mode": "catmullrom"
						},
						"10.9167": {
							"post": [0, 2.5, 0],
							"lerp_mode": "catmullrom"
						},
						"11.0833": {
							"post": [0, -6.25, 0],
							"lerp_mode": "catmullrom"
						},
						"11.25": {
							"post": [0, 2.5, 0],
							"lerp_mode": "catmullrom"
						}
					}
				},
				"Leftwing": {
					"rotation": {
						"0.0": {
							"post": [0, -2.5, 0],
							"lerp_mode": "catmullrom"
						},
						"0.25": {
							"post": [0, 2.5, 0],
							"lerp_mode": "catmullrom"
						},
						"0.5": {
							"post": [0, 5, 0],
							"lerp_mode": "catmullrom"
						},
						"0.6667": {
							"post": [0, -2.5, 0],
							"lerp_mode": "catmullrom"
						},
						"0.8333": {
							"post": [0, 6.25, 0],
							"lerp_mode": "catmullrom"
						},
						"1.0": {
							"post": [0, -2.5, 0],
							"lerp_mode": "catmullrom"
						},
						"1.25": {
							"post": [0, 2.5, 0],
							"lerp_mode": "catmullrom"
						},
						"1.5": {
							"post": [0, 5, 0],
							"lerp_mode": "catmullrom"
						},
						"1.6667": {
							"post": [0, -2.5, 0],
							"lerp_mode": "catmullrom"
						},
						"1.8333": {
							"post": [0, 6.25, 0],
							"lerp_mode": "catmullrom"
						},
						"2.0": {
							"post": [0, -2.5, 0],
							"lerp_mode": "catmullrom"
						},
						"2.25": {
							"post": [0, 2.5, 0],
							"lerp_mode": "catmullrom"
						},
						"2.5": {
							"post": [0, 5, 0],
							"lerp_mode": "catmullrom"
						},
						"2.6667": {
							"post": [0, -2.5, 0],
							"lerp_mode": "catmullrom"
						},
						"2.8333": {
							"post": [0, 6.25, 0],
							"lerp_mode": "catmullrom"
						},
						"3.0": {
							"post": [0, -2.5, 0],
							"lerp_mode": "catmullrom"
						},
						"3.75": [0, 0, 32.5],
						"6.75": [0, 0, 32.5],
						"10.25": {
							"pre": [0, -2.5, 0],
							"post": [0, -2.5, 0],
							"lerp_mode": "catmullrom"
						},
						"10.5": {
							"post": [0, 2.5, 0],
							"lerp_mode": "catmullrom"
						},
						"10.75": {
							"post": [0, 5, 0],
							"lerp_mode": "catmullrom"
						},
						"10.9167": {
							"post": [0, -2.5, 0],
							"lerp_mode": "catmullrom"
						},
						"11.0833": {
							"post": [0, 6.25, 0],
							"lerp_mode": "catmullrom"
						},
						"11.25": {
							"post": [0, -2.5, 0],
							"lerp_mode": "catmullrom"
						}
					}
				},
				"Leftbigwing": {
					"rotation": {
						"0.0": {
							"post": [0, -2.5, 0],
							"lerp_mode": "catmullrom"
						},
						"0.25": {
							"post": [0, 2.5, 0],
							"lerp_mode": "catmullrom"
						},
						"0.5": {
							"post": [0, 5, 0],
							"lerp_mode": "catmullrom"
						},
						"0.6667": {
							"post": [0, -2.5, 0],
							"lerp_mode": "catmullrom"
						},
						"0.8333": {
							"post": [0, 6.25, 0],
							"lerp_mode": "catmullrom"
						},
						"1.0": {
							"post": [0, -2.5, 0],
							"lerp_mode": "catmullrom"
						},
						"1.25": {
							"post": [0, 2.5, 0],
							"lerp_mode": "catmullrom"
						},
						"1.5": {
							"post": [0, 5, 0],
							"lerp_mode": "catmullrom"
						},
						"1.6667": {
							"post": [0, -2.5, 0],
							"lerp_mode": "catmullrom"
						},
						"1.8333": {
							"post": [0, 6.25, 0],
							"lerp_mode": "catmullrom"
						},
						"2.0": {
							"post": [0, -2.5, 0],
							"lerp_mode": "catmullrom"
						},
						"2.25": {
							"post": [0, 2.5, 0],
							"lerp_mode": "catmullrom"
						},
						"2.5": {
							"post": [0, 5, 0],
							"lerp_mode": "catmullrom"
						},
						"2.6667": {
							"post": [0, -2.5, 0],
							"lerp_mode": "catmullrom"
						},
						"2.8333": {
							"post": [0, 6.25, 0],
							"lerp_mode": "catmullrom"
						},
						"3.0": {
							"post": [0, -2.5, 0],
							"lerp_mode": "catmullrom"
						},
						"3.75": [0, 0, 40],
						"6.75": [0, 0, 40],
						"10.25": {
							"pre": [0, -2.5, 0],
							"post": [0, -2.5, 0],
							"lerp_mode": "catmullrom"
						},
						"10.5": {
							"post": [0, 2.5, 0],
							"lerp_mode": "catmullrom"
						},
						"10.75": {
							"post": [0, 5, 0],
							"lerp_mode": "catmullrom"
						},
						"10.9167": {
							"post": [0, -2.5, 0],
							"lerp_mode": "catmullrom"
						},
						"11.0833": {
							"post": [0, 6.25, 0],
							"lerp_mode": "catmullrom"
						},
						"11.25": {
							"post": [0, -2.5, 0],
							"lerp_mode": "catmullrom"
						}
					}
				},
				"Leftleg": {
					"rotation": {
						"0.0": {
							"post": [-7.5, 0, 0],
							"lerp_mode": "catmullrom"
						},
						"0.5": {
							"post": [17.5, 0, 0],
							"lerp_mode": "catmullrom"
						},
						"0.75": {
							"post": [-21.18, 0, 0],
							"lerp_mode": "catmullrom"
						},
						"1.0": {
							"post": [-7.5, 0, 0],
							"lerp_mode": "catmullrom"
						},
						"1.5": {
							"post": [17.5, 0, 0],
							"lerp_mode": "catmullrom"
						},
						"1.75": {
							"post": [-21.18, 0, 0],
							"lerp_mode": "catmullrom"
						},
						"2.0": {
							"post": [-7.5, 0, 0],
							"lerp_mode": "catmullrom"
						},
						"2.5": {
							"post": [17.5, 0, 0],
							"lerp_mode": "catmullrom"
						},
						"2.75": {
							"post": [-21.18, 0, 0],
							"lerp_mode": "catmullrom"
						},
						"3.0": {
							"post": [-7.5, 0, 0],
							"lerp_mode": "catmullrom"
						},
						"10.25": {
							"post": [-7.5, 0, 0],
							"lerp_mode": "catmullrom"
						},
						"10.75": {
							"post": [17.5, 0, 0],
							"lerp_mode": "catmullrom"
						},
						"11.0": {
							"post": [-21.18, 0, 0],
							"lerp_mode": "catmullrom"
						},
						"11.25": {
							"post": [-7.5, 0, 0],
							"lerp_mode": "catmullrom"
						}
					}
				},
				"bone4": {
					"rotation": {
						"0.0": {
							"post": [10, 0, 0],
							"lerp_mode": "catmullrom"
						},
						"0.2083": {
							"post": [-1.29, 0, 0],
							"lerp_mode": "catmullrom"
						},
						"0.5": {
							"post": [22.5, 0, 0],
							"lerp_mode": "catmullrom"
						},
						"0.6667": {
							"post": [47.03, 0, 0],
							"lerp_mode": "catmullrom"
						},
						"0.8333": {
							"post": [12.88, 0, 0],
							"lerp_mode": "catmullrom"
						},
						"1.0": {
							"post": [10, 0, 0],
							"lerp_mode": "catmullrom"
						},
						"1.2083": {
							"post": [-1.29, 0, 0],
							"lerp_mode": "catmullrom"
						},
						"1.5": {
							"post": [22.5, 0, 0],
							"lerp_mode": "catmullrom"
						},
						"1.6667": {
							"post": [47.03, 0, 0],
							"lerp_mode": "catmullrom"
						},
						"1.8333": {
							"post": [12.88, 0, 0],
							"lerp_mode": "catmullrom"
						},
						"2.0": {
							"post": [10, 0, 0],
							"lerp_mode": "catmullrom"
						},
						"2.2083": {
							"post": [-1.29, 0, 0],
							"lerp_mode": "catmullrom"
						},
						"2.5": {
							"post": [22.5, 0, 0],
							"lerp_mode": "catmullrom"
						},
						"2.6667": {
							"post": [47.03, 0, 0],
							"lerp_mode": "catmullrom"
						},
						"2.8333": {
							"post": [12.88, 0, 0],
							"lerp_mode": "catmullrom"
						},
						"3.0": {
							"post": [10, 0, 0],
							"lerp_mode": "catmullrom"
						},
						"10.25": {
							"post": [10, 0, 0],
							"lerp_mode": "catmullrom"
						},
						"10.4583": {
							"post": [-1.29, 0, 0],
							"lerp_mode": "catmullrom"
						},
						"10.75": {
							"post": [22.5, 0, 0],
							"lerp_mode": "catmullrom"
						},
						"10.9167": {
							"post": [47.03, 0, 0],
							"lerp_mode": "catmullrom"
						},
						"11.0833": {
							"post": [12.88, 0, 0],
							"lerp_mode": "catmullrom"
						},
						"11.25": {
							"post": [10, 0, 0],
							"lerp_mode": "catmullrom"
						}
					}
				},
				"Rightleg": {
					"rotation": {
						"0.0": {
							"post": [17.5, 0, 0],
							"lerp_mode": "catmullrom"
						},
						"0.25": {
							"post": [-21.18, 0, 0],
							"lerp_mode": "catmullrom"
						},
						"0.5": {
							"post": [-7.5, 0, 0],
							"lerp_mode": "catmullrom"
						},
						"1.0": {
							"post": [17.5, 0, 0],
							"lerp_mode": "catmullrom"
						},
						"1.25": {
							"post": [-21.18, 0, 0],
							"lerp_mode": "catmullrom"
						},
						"1.5": {
							"post": [-7.5, 0, 0],
							"lerp_mode": "catmullrom"
						},
						"2.0": {
							"post": [17.5, 0, 0],
							"lerp_mode": "catmullrom"
						},
						"2.25": {
							"post": [-21.18, 0, 0],
							"lerp_mode": "catmullrom"
						},
						"2.5": {
							"post": [-7.5, 0, 0],
							"lerp_mode": "catmullrom"
						},
						"3.0": {
							"post": [17.5, 0, 0],
							"lerp_mode": "catmullrom"
						},
						"10.25": {
							"post": [17.5, 0, 0],
							"lerp_mode": "catmullrom"
						},
						"10.5": {
							"post": [-21.18, 0, 0],
							"lerp_mode": "catmullrom"
						},
						"10.75": {
							"post": [-7.5, 0, 0],
							"lerp_mode": "catmullrom"
						},
						"11.25": {
							"post": [17.5, 0, 0],
							"lerp_mode": "catmullrom"
						}
					}
				},
				"bone10": {
					"rotation": {
						"0.0": {
							"post": [22.5, 0, 0],
							"lerp_mode": "catmullrom"
						},
						"0.25": {
							"post": [41.91, 0, 0],
							"lerp_mode": "catmullrom"
						},
						"0.4583": {
							"post": [2.5, 0, 0],
							"lerp_mode": "catmullrom"
						},
						"0.6667": {
							"post": [1.66, 0, 0],
							"lerp_mode": "catmullrom"
						},
						"0.8333": {
							"post": [-1.29, 0, 0],
							"lerp_mode": "catmullrom"
						},
						"1.0": {
							"post": [22.5, 0, 0],
							"lerp_mode": "catmullrom"
						},
						"1.25": {
							"post": [41.91, 0, 0],
							"lerp_mode": "catmullrom"
						},
						"1.4583": {
							"post": [2.5, 0, 0],
							"lerp_mode": "catmullrom"
						},
						"1.6667": {
							"post": [1.66, 0, 0],
							"lerp_mode": "catmullrom"
						},
						"1.8333": {
							"post": [-1.29, 0, 0],
							"lerp_mode": "catmullrom"
						},
						"2.0": {
							"post": [22.5, 0, 0],
							"lerp_mode": "catmullrom"
						},
						"2.25": {
							"post": [41.91, 0, 0],
							"lerp_mode": "catmullrom"
						},
						"2.4583": {
							"post": [2.5, 0, 0],
							"lerp_mode": "catmullrom"
						},
						"2.6667": {
							"post": [1.66, 0, 0],
							"lerp_mode": "catmullrom"
						},
						"2.8333": {
							"post": [-1.29, 0, 0],
							"lerp_mode": "catmullrom"
						},
						"3.0": {
							"post": [22.5, 0, 0],
							"lerp_mode": "catmullrom"
						},
						"10.25": {
							"post": [22.5, 0, 0],
							"lerp_mode": "catmullrom"
						},
						"10.5": {
							"post": [41.91, 0, 0],
							"lerp_mode": "catmullrom"
						},
						"10.7083": {
							"post": [2.5, 0, 0],
							"lerp_mode": "catmullrom"
						},
						"10.9167": {
							"post": [1.66, 0, 0],
							"lerp_mode": "catmullrom"
						},
						"11.0833": {
							"post": [-1.29, 0, 0],
							"lerp_mode": "catmullrom"
						},
						"11.25": {
							"post": [22.5, 0, 0],
							"lerp_mode": "catmullrom"
						}
					}
				},
				"bone3": {
					"position": {
						"0.0": {
							"post": [-1, 0, 0],
							"lerp_mode": "catmullrom"
						}
					}
				},
				"bone17": {
					"scale": {
						"0.0": {
							"post": [1, 0.3, 1],
							"lerp_mode": "catmullrom"
						}
					}
				},
				"Rott": {
					"rotation": {
						"3.0": [0, 0, 0],
						"3.75": [57.5, 0, 0],
						"5.2083": [65, 0, 0],
						"6.75": [57.5, 0, 0],
						"8.2083": [65, 0, 0],
						"9.75": [57.5, 0, 0],
						"10.25": [0, 0, 0]
					},
					"position": {
						"0.0": {
							"post": [0, 0, 0],
							"lerp_mode": "catmullrom"
						},
						"0.2083": {
							"post": [0, 1, 0],
							"lerp_mode": "catmullrom"
						},
						"0.25": {
							"post": [0, 0, 0],
							"lerp_mode": "catmullrom"
						},
						"0.2917": {
							"post": [0, 1, 0],
							"lerp_mode": "catmullrom"
						},
						"0.3333": {
							"post": [0, 0, 0],
							"lerp_mode": "catmullrom"
						},
						"0.5417": {
							"post": [0, 1, 0],
							"lerp_mode": "catmullrom"
						},
						"0.5833": {
							"post": [0, 0, 0],
							"lerp_mode": "catmullrom"
						},
						"0.625": {
							"post": [0, 1, 0],
							"lerp_mode": "catmullrom"
						},
						"0.6667": {
							"post": [0, 0, 0],
							"lerp_mode": "catmullrom"
						},
						"1.0": {
							"post": [0, 0, 0],
							"lerp_mode": "catmullrom"
						},
						"1.2083": {
							"post": [0, 1, 0],
							"lerp_mode": "catmullrom"
						},
						"1.25": {
							"post": [0, 0, 0],
							"lerp_mode": "catmullrom"
						},
						"1.2917": {
							"post": [0, 1, 0],
							"lerp_mode": "catmullrom"
						},
						"1.3333": {
							"post": [0, 0, 0],
							"lerp_mode": "catmullrom"
						},
						"1.5417": {
							"post": [0, 1, 0],
							"lerp_mode": "catmullrom"
						},
						"1.5833": {
							"post": [0, 0, 0],
							"lerp_mode": "catmullrom"
						},
						"1.625": {
							"post": [0, 1, 0],
							"lerp_mode": "catmullrom"
						},
						"1.6667": {
							"post": [0, 0, 0],
							"lerp_mode": "catmullrom"
						},
						"2.0": {
							"post": [0, 0, 0],
							"lerp_mode": "catmullrom"
						},
						"2.2083": {
							"post": [0, 1, 0],
							"lerp_mode": "catmullrom"
						},
						"2.25": {
							"post": [0, 0, 0],
							"lerp_mode": "catmullrom"
						},
						"2.2917": {
							"post": [0, 1, 0],
							"lerp_mode": "catmullrom"
						},
						"2.3333": {
							"post": [0, 0, 0],
							"lerp_mode": "catmullrom"
						},
						"2.5417": {
							"post": [0, 1, 0],
							"lerp_mode": "catmullrom"
						},
						"2.5833": {
							"post": [0, 0, 0],
							"lerp_mode": "catmullrom"
						},
						"2.625": {
							"post": [0, 1, 0],
							"lerp_mode": "catmullrom"
						},
						"2.6667": {
							"post": [0, 0, 0],
							"lerp_mode": "catmullrom"
						},
						"3.0": {
							"post": [0, 0, 0],
							"lerp_mode": "catmullrom"
						},
						"3.75": [0, 21, 18],
						"5.2083": {
							"pre": [0, 16, 18],
							"post": [0, 16, 18],
							"lerp_mode": "catmullrom"
						},
						"6.75": [0, 21, 18],
						"8.2083": {
							"pre": [0, 16, 18],
							"post": [0, 16, 18],
							"lerp_mode": "catmullrom"
						},
						"9.75": [0, 21, 18],
						"10.25": {
							"pre": [0, 0, 0],
							"post": [0, 0, 0],
							"lerp_mode": "catmullrom"
						},
						"10.4583": {
							"post": [0, 1, 0],
							"lerp_mode": "catmullrom"
						},
						"10.5": {
							"post": [0, 0, 0],
							"lerp_mode": "catmullrom"
						},
						"10.5417": {
							"post": [0, 1, 0],
							"lerp_mode": "catmullrom"
						},
						"10.5833": {
							"post": [0, 0, 0],
							"lerp_mode": "catmullrom"
						},
						"10.7917": {
							"post": [0, 1, 0],
							"lerp_mode": "catmullrom"
						},
						"10.8333": {
							"post": [0, 0, 0],
							"lerp_mode": "catmullrom"
						},
						"10.875": {
							"post": [0, 1, 0],
							"lerp_mode": "catmullrom"
						},
						"10.9167": {
							"post": [0, 0, 0],
							"lerp_mode": "catmullrom"
						},
						"11.25": {
							"post": [0, 0, 0],
							"lerp_mode": "catmullrom"
						}
					}
				}
			}
		},
		"animation.ucmtitan.attack2": {
			"animation_length": 1,
			"bones": {
				"body": {
					"rotation": {
						"0.0": {
							"post": [0, 0, 0],
							"lerp_mode": "catmullrom"
						},
						"0.25": {
							"post": [8.33, 23.33, 0],
							"lerp_mode": "catmullrom"
						},
						"0.375": {
							"post": [6.66, -16.34, 0],
							"lerp_mode": "catmullrom"
						},
						"0.6667": {
							"post": [6.66, -16.34, 0],
							"lerp_mode": "catmullrom"
						},
						"1.0": {
							"post": [0, 0, 0],
							"lerp_mode": "catmullrom"
						}
					}
				},
				"body2": {
					"rotation": {
						"0.0": {
							"post": [0, 0, 0],
							"lerp_mode": "catmullrom"
						},
						"0.0833": {
							"post": [0, 5, 0],
							"lerp_mode": "catmullrom"
						},
						"0.2083": {
							"post": [0, 13.93, 0],
							"lerp_mode": "catmullrom"
						},
						"0.3333": {
							"post": [0, 17.63, 0],
							"lerp_mode": "catmullrom"
						},
						"0.4167": {
							"post": [0, -16.78, 0],
							"lerp_mode": "catmullrom"
						},
						"0.5833": {
							"post": [0, -16.78, 0],
							"lerp_mode": "catmullrom"
						},
						"0.6667": {
							"post": [0, 0, 0],
							"lerp_mode": "catmullrom"
						}
					}
				},
				"Rightarm": {
					"rotation": {
						"0.0": {
							"post": [0, 0, 0],
							"lerp_mode": "catmullrom"
						},
						"0.1667": {
							"post": [10, 0, -15],
							"lerp_mode": "catmullrom"
						},
						"0.3333": {
							"post": [16.67, 0, -10],
							"lerp_mode": "catmullrom"
						},
						"0.5833": {
							"post": [20.42, 0, -6.25],
							"lerp_mode": "catmullrom"
						},
						"1.0": {
							"post": [0, 0, 0],
							"lerp_mode": "catmullrom"
						}
					}
				},
				"bone6": {
					"rotation": {
						"0.0": {
							"post": [0, 0, 0],
							"lerp_mode": "catmullrom"
						},
						"0.1667": {
							"post": [-22.5, 0, 0],
							"lerp_mode": "catmullrom"
						},
						"0.3333": {
							"post": [-32.5, 0, 0],
							"lerp_mode": "catmullrom"
						},
						"0.5833": {
							"post": [7.19, 0, 0],
							"lerp_mode": "catmullrom"
						},
						"0.7917": {
							"post": [0, 0, 0],
							"lerp_mode": "catmullrom"
						}
					}
				},
				"Leftarm": {
					"rotation": {
						"0.0": {
							"post": [0, 0, 0],
							"lerp_mode": "catmullrom"
						},
						"0.1667": {
							"post": [-29.22024, 17.97849, 21.99369],
							"lerp_mode": "catmullrom"
						},
						"0.3333": {
							"post": [-66.94418, -14.41599, 14.89716],
							"lerp_mode": "catmullrom"
						},
						"0.5833": {
							"post": [-97.10578, -48.45158, 51.44382],
							"lerp_mode": "catmullrom"
						},
						"1.0": {
							"post": [0, 0, 0],
							"lerp_mode": "catmullrom"
						}
					}
				},
				"bone9": {
					"rotation": {
						"0.0": {
							"post": [0, 0, 0],
							"lerp_mode": "catmullrom"
						},
						"0.1667": {
							"post": [-20, 40, 0],
							"lerp_mode": "catmullrom"
						},
						"0.3333": {
							"post": [-64.77476, 62.35332, -55.33299],
							"lerp_mode": "catmullrom"
						},
						"0.5833": {
							"post": [-35.57134, 34.99191, -59.64763],
							"lerp_mode": "catmullrom"
						},
						"1.0": {
							"post": [0, 0, 0],
							"lerp_mode": "catmullrom"
						}
					}
				},
				"bone": {
					"rotation": {
						"0.0": {
							"post": [0, 0, 0],
							"lerp_mode": "catmullrom"
						},
						"0.1667": {
							"post": [0, 7.5, 0],
							"lerp_mode": "catmullrom"
						},
						"0.3333": {
							"post": [7.5, 7.5, 0],
							"lerp_mode": "catmullrom"
						},
						"0.5417": {
							"post": [17.5, 7.5, 0],
							"lerp_mode": "catmullrom"
						},
						"1.0": {
							"post": [0, 0, 0],
							"lerp_mode": "catmullrom"
						}
					}
				},
				"bone16": {
					"rotation": {
						"0.1667": {
							"pre": [0, 0, 0],
							"post": [0, 0, 0],
							"lerp_mode": "catmullrom"
						},
						"0.5": {
							"post": [-7.5, 0, 0],
							"lerp_mode": "catmullrom"
						},
						"0.7917": {
							"post": [0, 0, 0],
							"lerp_mode": "catmullrom"
						}
					},
					"position": {
						"0.1667": {
							"pre": [0, 0, 0],
							"post": [0, 0, 0],
							"lerp_mode": "catmullrom"
						},
						"0.3333": {
							"post": [0, 7, 0],
							"lerp_mode": "catmullrom"
						},
						"0.625": {
							"post": [0, 7, 0],
							"lerp_mode": "catmullrom"
						},
						"0.7917": {
							"post": [0, 0, 0],
							"lerp_mode": "catmullrom"
						}
					},
					"scale": {
						"0.1667": {
							"pre": [1, 1, 1],
							"post": [1, 1, 1],
							"lerp_mode": "catmullrom"
						},
						"0.3333": {
							"post": [1, 2.8, 1],
							"lerp_mode": "catmullrom"
						},
						"0.5": {
							"post": [1, 6.4, 1],
							"lerp_mode": "catmullrom"
						},
						"0.7917": {
							"post": [1, 1, 1],
							"lerp_mode": "catmullrom"
						}
					}
				}
			},
			"particle_effects": {
				"0.0": {
					"effect": "hammer_flame",
					"locator": "h3"
				}
			}
		},
		"animation.ucmtitan.general": {
			"loop": true,
			"animation_length": 1.5,
			"bones": {
				"body2": {
					"rotation": {
						"0.0": {
							"post": [5, 0, 0],
							"lerp_mode": "catmullrom"
						},
						"0.75": {
							"post": [2.5, 0, 0],
							"lerp_mode": "catmullrom"
						},
						"1.5": {
							"post": [5, 0, 0],
							"lerp_mode": "catmullrom"
						}
					}
				},
				"Rightarm": {
					"rotation": {
						"0.0": {
							"post": [0, 0, -5],
							"lerp_mode": "catmullrom"
						},
						"0.4167": {
							"post": [4.54172, 2.08808, -3.38575],
							"lerp_mode": "catmullrom"
						},
						"0.75": {
							"post": [0, 0, 0],
							"lerp_mode": "catmullrom"
						},
						"1.5": {
							"post": [0, 0, -5],
							"lerp_mode": "catmullrom"
						}
					}
				},
				"bone5": {
					"rotation": {
						"0.0": {
							"post": [0, 0, 5],
							"lerp_mode": "catmullrom"
						},
						"0.25": {
							"post": [0.18895, -0.60135, -2.47449],
							"lerp_mode": "catmullrom"
						},
						"0.5": {
							"post": [0.19, -0.6, -2.47],
							"lerp_mode": "catmullrom"
						},
						"0.75": {
							"post": [0.05532, -0.20177, 2.51325],
							"lerp_mode": "catmullrom"
						},
						"1.0": {
							"post": [0, 0, 5],
							"lerp_mode": "catmullrom"
						}
					}
				},
				"bone6": {
					"rotation": {
						"0.0": {
							"post": [-7.5, 0, 0],
							"lerp_mode": "catmullrom"
						},
						"0.2917": {
							"post": [-7.5, 0, 0],
							"lerp_mode": "catmullrom"
						},
						"0.75": {
							"post": [2.5, 0, 0],
							"lerp_mode": "catmullrom"
						},
						"1.5": {
							"post": [-7.5, 0, 0],
							"lerp_mode": "catmullrom"
						}
					}
				},
				"bone3": {
					"position": {
						"0.0": {
							"post": [-1, 0, 0],
							"lerp_mode": "catmullrom"
						}
					}
				},
				"Leftarm": {
					"rotation": {
						"0.0": {
							"post": [0, 0, 5],
							"lerp_mode": "catmullrom"
						},
						"0.4167": {
							"post": [5, 0, 3.33],
							"lerp_mode": "catmullrom"
						},
						"0.75": {
							"post": [0, 0, 0],
							"lerp_mode": "catmullrom"
						},
						"1.5": {
							"post": [0, 0, 5],
							"lerp_mode": "catmullrom"
						}
					}
				},
				"bone8": {
					"rotation": {
						"0.0": {
							"post": [0, 0, -5],
							"lerp_mode": "catmullrom"
						},
						"0.25": {
							"post": [0.18895, 0.60135, 2.47449],
							"lerp_mode": "catmullrom"
						},
						"0.5": {
							"post": [0.19, 0.6, 2.47],
							"lerp_mode": "catmullrom"
						},
						"0.75": {
							"post": [0.05532, 0.20177, -2.51325],
							"lerp_mode": "catmullrom"
						},
						"1.0": {
							"post": [0, 0, -5],
							"lerp_mode": "catmullrom"
						}
					}
				},
				"bone9": {
					"rotation": {
						"0.0": {
							"post": [-7.5, 0, 0],
							"lerp_mode": "catmullrom"
						},
						"0.2917": {
							"post": [-7.5, 0, 0],
							"lerp_mode": "catmullrom"
						},
						"0.75": {
							"post": [2.5, 0, 0],
							"lerp_mode": "catmullrom"
						},
						"1.5": {
							"post": [-7.5, 0, 0],
							"lerp_mode": "catmullrom"
						}
					}
				},
				"Rightear": {
					"rotation": {
						"0.0": {
							"post": [0, 0, 0],
							"lerp_mode": "catmullrom"
						},
						"0.2083": {
							"post": [0, 0, 47.5],
							"lerp_mode": "catmullrom"
						},
						"0.5417": {
							"post": [0, 0, 47.5],
							"lerp_mode": "catmullrom"
						},
						"0.6667": {
							"post": [0, 0, 0],
							"lerp_mode": "catmullrom"
						},
						"1.0": {
							"post": [0, 0, 0],
							"lerp_mode": "catmullrom"
						},
						"1.125": {
							"post": [0, 0, 40],
							"lerp_mode": "catmullrom"
						},
						"1.4167": {
							"post": [0, 0, 40],
							"lerp_mode": "catmullrom"
						},
						"1.5": {
							"post": [0, 0, 0],
							"lerp_mode": "catmullrom"
						}
					}
				},
				"Leftear": {
					"rotation": {
						"0.0": {
							"post": [0, 0, 0],
							"lerp_mode": "catmullrom"
						},
						"0.2083": {
							"post": [0, 0, -47.5],
							"lerp_mode": "catmullrom"
						},
						"0.5417": {
							"post": [0, 0, -47.5],
							"lerp_mode": "catmullrom"
						},
						"0.6667": {
							"post": [0, 0, 0],
							"lerp_mode": "catmullrom"
						},
						"0.9583": {
							"post": [0, 0, 0],
							"lerp_mode": "catmullrom"
						},
						"1.0833": {
							"post": [0, 0, -40],
							"lerp_mode": "catmullrom"
						},
						"1.4167": {
							"post": [0, 0, -40],
							"lerp_mode": "catmullrom"
						},
						"1.5": {
							"post": [0, 0, 0],
							"lerp_mode": "catmullrom"
						}
					}
				},
				"bone17": {
					"scale": {
						"0.0": {
							"post": [1, 0.4, 1],
							"lerp_mode": "catmullrom"
						}
					}
				},
				"body": {
					"rotation": {
						"0.0": {
							"post": [2.5, 0, 0],
							"lerp_mode": "catmullrom"
						},
						"0.7083": {
							"post": [0, 0, 0],
							"lerp_mode": "catmullrom"
						},
						"1.5": {
							"post": [2.5, 0, 0],
							"lerp_mode": "catmullrom"
						}
					}
				}
			}
		},
		"animation.ucmtitan.run": {
			"loop": true,
			"animation_length": 3,
			"bones": {
				"Rott": {
					"rotation": {
						"0.0": [57.5, 0, 0],
						"1.4583": [65, 0, 0],
						"3.0": [57.5, 0, 0]
					},
					"position": {
						"0.0": [0, 21, 18],
						"1.4583": {
							"pre": [0, 16, 18],
							"post": [0, 16, 18],
							"lerp_mode": "catmullrom"
						},
						"3.0": [0, 21, 18]
					}
				},
				"Rightarm": {
					"rotation": {
						"0.0": {
							"post": [-5.57148, -10.11908, -10.98532],
							"lerp_mode": "catmullrom"
						},
						"0.8333": {
							"post": [-13.07, -10.12, -10.99],
							"lerp_mode": "catmullrom"
						},
						"2.2083": {
							"post": [1.75, -10.12, -10.99],
							"lerp_mode": "catmullrom"
						},
						"3.0": {
							"post": [-5.57148, -10.11908, -10.98532],
							"lerp_mode": "catmullrom"
						}
					}
				},
				"bone6": {
					"rotation": [5.11002, -1.07683, -4.88398]
				},
				"Leftarm": {
					"rotation": {
						"0.0": {
							"post": [-5.57148, 10.11908, 10.98532],
							"lerp_mode": "catmullrom"
						},
						"0.8333": {
							"post": [-13.07, 10.12, 10.99],
							"lerp_mode": "catmullrom"
						},
						"2.2083": {
							"post": [1.75, 10.12, 10.99],
							"lerp_mode": "catmullrom"
						},
						"3.0": {
							"post": [-5.57148, 10.11908, 10.98532],
							"lerp_mode": "catmullrom"
						}
					}
				},
				"bone9": {
					"rotation": [5.11002, -1.07683, -4.88398]
				},
				"head": {
					"rotation": [-45, 0, 0],
					"position": [0, 0, -2]
				},
				"Rightbigwing": {
					"rotation": [0, 0, -40]
				},
				"Rightwing": {
					"rotation": [0, 0, -32.5]
				},
				"Leftwing": {
					"rotation": [0, 0, 32.5]
				},
				"Leftbigwing": {
					"rotation": [0, 0, 40]
				}
			},
			"particle_effects": {
				"0.0": [
					{
						"effect": "usm_flame",
						"locator": "h"
					},
					{
						"effect": "usm_flame",
						"locator": "h2"
					},
					{
						"effect": "usm_flame",
						"locator": "h"
					},
					{
						"effect": "usm_flame",
						"locator": "h2"
					},
					{
						"effect": "usm_flame",
						"locator": "h"
					}
				]
			}
		},
		"animation.ucmtitan.running": {
			"loop": true,
			"animation_length": 1,
			"bones": {
				"body": {
					"rotation": {
						"0.0": {
							"post": [0, 0, -2.5],
							"lerp_mode": "catmullrom"
						},
						"0.25": {
							"post": [5, 0, 0.31],
							"lerp_mode": "catmullrom"
						},
						"0.5": {
							"post": [0, 0, 2.5],
							"lerp_mode": "catmullrom"
						},
						"0.75": {
							"post": [4.85, 0, -1.22],
							"lerp_mode": "catmullrom"
						},
						"1.0": {
							"post": [0, 0, -2.5],
							"lerp_mode": "catmullrom"
						}
					}
				},
				"body2": {
					"rotation": {
						"0.0": {
							"post": [5, 0, 0],
							"lerp_mode": "catmullrom"
						},
						"0.3333": {
							"post": [2.5, 0, 0],
							"lerp_mode": "catmullrom"
						},
						"0.625": {
							"post": [5, 0, 0],
							"lerp_mode": "catmullrom"
						},
						"1.0": {
							"post": [5, 0, 0],
							"lerp_mode": "catmullrom"
						}
					}
				},
				"Rightarm": {
					"rotation": {
						"0.0": {
							"post": [-17.5, 0, 0],
							"lerp_mode": "catmullrom"
						},
						"0.5": {
							"post": [10, 0, 0],
							"lerp_mode": "catmullrom"
						},
						"1.0": {
							"post": [-17.5, 0, 0],
							"lerp_mode": "catmullrom"
						}
					}
				},
				"bone5": {
					"rotation": {
						"0.0": {
							"post": [7.5, 0, 0],
							"lerp_mode": "catmullrom"
						},
						"0.25": {
							"post": [0.89881, 0.15123, -2.32677],
							"lerp_mode": "catmullrom"
						},
						"0.5": {
							"post": [-16.60119, 0.15123, -2.32677],
							"lerp_mode": "catmullrom"
						},
						"0.75": {
							"post": [-4.10119, 0.15123, -2.32677],
							"lerp_mode": "catmullrom"
						},
						"1.0": {
							"post": [7.5, 0, 0],
							"lerp_mode": "catmullrom"
						}
					}
				},
				"bone6": {
					"rotation": {
						"0.0": {
							"post": [-17.5, 0, 0],
							"lerp_mode": "catmullrom"
						},
						"0.2083": {
							"post": [-23.66, 0, 0],
							"lerp_mode": "catmullrom"
						},
						"0.7083": {
							"post": [5, 0, 0],
							"lerp_mode": "catmullrom"
						},
						"1.0": {
							"post": [-17.5, 0, 0],
							"lerp_mode": "catmullrom"
						}
					}
				},
				"Leftarm": {
					"rotation": {
						"0.0": {
							"post": [10, 0, 0],
							"lerp_mode": "catmullrom"
						},
						"0.5": {
							"post": [-17.5, 0, 0],
							"lerp_mode": "catmullrom"
						},
						"1.0": {
							"post": [10, 0, 0],
							"lerp_mode": "catmullrom"
						}
					}
				},
				"bone8": {
					"rotation": {
						"0.0": {
							"post": [-17.11822, 1.9328, 7.24341],
							"lerp_mode": "catmullrom"
						},
						"0.25": {
							"post": [2.7025, 2.17652, 2.24614],
							"lerp_mode": "catmullrom"
						},
						"0.5": {
							"post": [17.75824, -4.96818, -0.0371],
							"lerp_mode": "catmullrom"
						},
						"0.75": {
							"post": [2.88178, 1.9328, 7.24341],
							"lerp_mode": "catmullrom"
						},
						"1.0": {
							"post": [-17.11822, 1.9328, 7.24341],
							"lerp_mode": "catmullrom"
						}
					}
				},
				"bone9": {
					"rotation": {
						"0.0": {
							"post": [5, 0, 0],
							"lerp_mode": "catmullrom"
						},
						"0.4167": {
							"post": [3.15, 0, 0],
							"lerp_mode": "catmullrom"
						},
						"0.75": {
							"post": [-17.5, 0, 0],
							"lerp_mode": "catmullrom"
						},
						"1.0": {
							"post": [5, 0, 0],
							"lerp_mode": "catmullrom"
						}
					}
				},
				"head": {
					"rotation": {
						"0.0": {
							"post": [0, 0, 2.5],
							"lerp_mode": "catmullrom"
						},
						"0.25": {
							"post": [0, 0, 0],
							"lerp_mode": "catmullrom"
						},
						"0.5": {
							"post": [-5.00474, 2.49048, -0.21803],
							"lerp_mode": "catmullrom"
						},
						"0.75": {
							"post": [-5, 0, 0],
							"lerp_mode": "catmullrom"
						},
						"1.0": {
							"post": [0, 0, 2.5],
							"lerp_mode": "catmullrom"
						}
					}
				},
				"Jetpack": {
					"rotation": {
						"0.0": {
							"post": [2.5, 0, 0],
							"lerp_mode": "catmullrom"
						},
						"0.2917": {
							"post": [0, 0, 0],
							"lerp_mode": "catmullrom"
						},
						"0.6667": {
							"post": [2.5, 0, 0],
							"lerp_mode": "catmullrom"
						},
						"1.0": {
							"post": [2.5, 0, 0],
							"lerp_mode": "catmullrom"
						}
					}
				},
				"Rightbigwing": {
					"rotation": {
						"0.0": {
							"post": [0, 2.5, 0],
							"lerp_mode": "catmullrom"
						},
						"0.25": {
							"post": [0, -2.5, 0],
							"lerp_mode": "catmullrom"
						},
						"0.5": {
							"post": [0, -5, 0],
							"lerp_mode": "catmullrom"
						},
						"0.6667": {
							"post": [0, 2.5, 0],
							"lerp_mode": "catmullrom"
						},
						"0.8333": {
							"post": [0, -6.25, 0],
							"lerp_mode": "catmullrom"
						},
						"1.0": {
							"post": [0, 2.5, 0],
							"lerp_mode": "catmullrom"
						}
					}
				},
				"Rightwing": {
					"rotation": {
						"0.0": {
							"post": [0, 2.5, 0],
							"lerp_mode": "catmullrom"
						},
						"0.25": {
							"post": [0, -2.5, 0],
							"lerp_mode": "catmullrom"
						},
						"0.5": {
							"post": [0, -5, 0],
							"lerp_mode": "catmullrom"
						},
						"0.6667": {
							"post": [0, 2.5, 0],
							"lerp_mode": "catmullrom"
						},
						"0.8333": {
							"post": [0, -6.25, 0],
							"lerp_mode": "catmullrom"
						},
						"1.0": {
							"post": [0, 2.5, 0],
							"lerp_mode": "catmullrom"
						}
					}
				},
				"Leftwing": {
					"rotation": {
						"0.0": {
							"post": [0, -2.5, 0],
							"lerp_mode": "catmullrom"
						},
						"0.25": {
							"post": [0, 2.5, 0],
							"lerp_mode": "catmullrom"
						},
						"0.5": {
							"post": [0, 5, 0],
							"lerp_mode": "catmullrom"
						},
						"0.6667": {
							"post": [0, -2.5, 0],
							"lerp_mode": "catmullrom"
						},
						"0.8333": {
							"post": [0, 6.25, 0],
							"lerp_mode": "catmullrom"
						},
						"1.0": {
							"post": [0, -2.5, 0],
							"lerp_mode": "catmullrom"
						}
					}
				},
				"Leftbigwing": {
					"rotation": {
						"0.0": {
							"post": [0, -2.5, 0],
							"lerp_mode": "catmullrom"
						},
						"0.25": {
							"post": [0, 2.5, 0],
							"lerp_mode": "catmullrom"
						},
						"0.5": {
							"post": [0, 5, 0],
							"lerp_mode": "catmullrom"
						},
						"0.6667": {
							"post": [0, -2.5, 0],
							"lerp_mode": "catmullrom"
						},
						"0.8333": {
							"post": [0, 6.25, 0],
							"lerp_mode": "catmullrom"
						},
						"1.0": {
							"post": [0, -2.5, 0],
							"lerp_mode": "catmullrom"
						}
					}
				},
				"Leftleg": {
					"rotation": {
						"0.0": {
							"post": [-7.5, 0, 0],
							"lerp_mode": "catmullrom"
						},
						"0.5": {
							"post": [17.5, 0, 0],
							"lerp_mode": "catmullrom"
						},
						"0.75": {
							"post": [-21.18, 0, 0],
							"lerp_mode": "catmullrom"
						},
						"1.0": {
							"post": [-7.5, 0, 0],
							"lerp_mode": "catmullrom"
						}
					}
				},
				"bone4": {
					"rotation": {
						"0.0": {
							"post": [10, 0, 0],
							"lerp_mode": "catmullrom"
						},
						"0.2083": {
							"post": [-1.29, 0, 0],
							"lerp_mode": "catmullrom"
						},
						"0.5": {
							"post": [22.5, 0, 0],
							"lerp_mode": "catmullrom"
						},
						"0.6667": {
							"post": [47.03, 0, 0],
							"lerp_mode": "catmullrom"
						},
						"0.8333": {
							"post": [12.88, 0, 0],
							"lerp_mode": "catmullrom"
						},
						"1.0": {
							"post": [10, 0, 0],
							"lerp_mode": "catmullrom"
						}
					}
				},
				"Rightleg": {
					"rotation": {
						"0.0": {
							"post": [17.5, 0, 0],
							"lerp_mode": "catmullrom"
						},
						"0.25": {
							"post": [-21.18, 0, 0],
							"lerp_mode": "catmullrom"
						},
						"0.5": {
							"post": [-7.5, 0, 0],
							"lerp_mode": "catmullrom"
						},
						"1.0": {
							"post": [17.5, 0, 0],
							"lerp_mode": "catmullrom"
						}
					}
				},
				"bone10": {
					"rotation": {
						"0.0": {
							"post": [22.5, 0, 0],
							"lerp_mode": "catmullrom"
						},
						"0.25": {
							"post": [41.91, 0, 0],
							"lerp_mode": "catmullrom"
						},
						"0.4583": {
							"post": [2.5, 0, 0],
							"lerp_mode": "catmullrom"
						},
						"0.6667": {
							"post": [1.66, 0, 0],
							"lerp_mode": "catmullrom"
						},
						"0.8333": {
							"post": [-1.29, 0, 0],
							"lerp_mode": "catmullrom"
						},
						"1.0": {
							"post": [22.5, 0, 0],
							"lerp_mode": "catmullrom"
						}
					}
				},
				"bone3": {
					"position": {
						"0.0": {
							"post": [-1, 0, 0],
							"lerp_mode": "catmullrom"
						}
					}
				},
				"bone17": {
					"scale": {
						"0.0": {
							"post": [1, 0.3, 1],
							"lerp_mode": "catmullrom"
						}
					}
				},
				"Rott": {
					"position": {
						"0.0": {
							"post": [0, 0, 0],
							"lerp_mode": "catmullrom"
						},
						"0.2083": {
							"post": [0, 1, 0],
							"lerp_mode": "catmullrom"
						},
						"0.25": {
							"post": [0, 0, 0],
							"lerp_mode": "catmullrom"
						},
						"0.2917": {
							"post": [0, 1, 0],
							"lerp_mode": "catmullrom"
						},
						"0.3333": {
							"post": [0, 0, 0],
							"lerp_mode": "catmullrom"
						},
						"0.5417": {
							"post": [0, 1, 0],
							"lerp_mode": "catmullrom"
						},
						"0.5833": {
							"post": [0, 0, 0],
							"lerp_mode": "catmullrom"
						},
						"0.625": {
							"post": [0, 1, 0],
							"lerp_mode": "catmullrom"
						},
						"0.6667": {
							"post": [0, 0, 0],
							"lerp_mode": "catmullrom"
						},
						"1.0": {
							"post": [0, 0, 0],
							"lerp_mode": "catmullrom"
						}
					}
				}
			}
		},
		"animation.ucmtitan.idle": {
			"loop": true,
			"animation_length": 1.5,
			"bones": {
				"body2": {
					"rotation": {
						"0.0": {
							"post": [5, 0, 0],
							"lerp_mode": "catmullrom"
						},
						"0.75": {
							"post": [2.5, 0, 0],
							"lerp_mode": "catmullrom"
						},
						"1.5": {
							"post": [5, 0, 0],
							"lerp_mode": "catmullrom"
						}
					}
				},
				"Rightarm": {
					"rotation": {
						"0.0": {
							"post": [0, 0, -5],
							"lerp_mode": "catmullrom"
						},
						"0.4167": {
							"post": [4.54172, 2.08808, -3.38575],
							"lerp_mode": "catmullrom"
						},
						"0.75": {
							"post": [0, 0, 0],
							"lerp_mode": "catmullrom"
						},
						"1.5": {
							"post": [0, 0, -5],
							"lerp_mode": "catmullrom"
						}
					}
				},
				"bone5": {
					"rotation": {
						"0.0": {
							"post": [0, 0, 5],
							"lerp_mode": "catmullrom"
						},
						"0.25": {
							"post": [0.18895, -0.60135, -2.47449],
							"lerp_mode": "catmullrom"
						},
						"0.5": {
							"post": [0.19, -0.6, -2.47],
							"lerp_mode": "catmullrom"
						},
						"0.75": {
							"post": [0.05532, -0.20177, 2.51325],
							"lerp_mode": "catmullrom"
						},
						"1.0": {
							"post": [0, 0, 5],
							"lerp_mode": "catmullrom"
						}
					}
				},
				"bone6": {
					"rotation": {
						"0.0": {
							"post": [-7.5, 0, 0],
							"lerp_mode": "catmullrom"
						},
						"0.2917": {
							"post": [-7.5, 0, 0],
							"lerp_mode": "catmullrom"
						},
						"0.75": {
							"post": [2.5, 0, 0],
							"lerp_mode": "catmullrom"
						},
						"1.5": {
							"post": [-7.5, 0, 0],
							"lerp_mode": "catmullrom"
						}
					}
				},
				"bone3": {
					"position": {
						"0.0": {
							"post": [-1, 0, 0],
							"lerp_mode": "catmullrom"
						}
					}
				},
				"Leftarm": {
					"rotation": {
						"0.0": {
							"post": [0, 0, 5],
							"lerp_mode": "catmullrom"
						},
						"0.4167": {
							"post": [5, 0, 3.33],
							"lerp_mode": "catmullrom"
						},
						"0.75": {
							"post": [0, 0, 0],
							"lerp_mode": "catmullrom"
						},
						"1.5": {
							"post": [0, 0, 5],
							"lerp_mode": "catmullrom"
						}
					}
				},
				"bone8": {
					"rotation": {
						"0.0": {
							"post": [0, 0, -5],
							"lerp_mode": "catmullrom"
						},
						"0.25": {
							"post": [0.18895, 0.60135, 2.47449],
							"lerp_mode": "catmullrom"
						},
						"0.5": {
							"post": [0.19, 0.6, 2.47],
							"lerp_mode": "catmullrom"
						},
						"0.75": {
							"post": [0.05532, 0.20177, -2.51325],
							"lerp_mode": "catmullrom"
						},
						"1.0": {
							"post": [0, 0, -5],
							"lerp_mode": "catmullrom"
						}
					}
				},
				"bone9": {
					"rotation": {
						"0.0": {
							"post": [-7.5, 0, 0],
							"lerp_mode": "catmullrom"
						},
						"0.2917": {
							"post": [-7.5, 0, 0],
							"lerp_mode": "catmullrom"
						},
						"0.75": {
							"post": [2.5, 0, 0],
							"lerp_mode": "catmullrom"
						},
						"1.5": {
							"post": [-7.5, 0, 0],
							"lerp_mode": "catmullrom"
						}
					}
				},
				"Rightear": {
					"rotation": {
						"0.0": {
							"post": [0, 0, 0],
							"lerp_mode": "catmullrom"
						},
						"0.2083": {
							"post": [0, 0, 47.5],
							"lerp_mode": "catmullrom"
						},
						"0.5417": {
							"post": [0, 0, 47.5],
							"lerp_mode": "catmullrom"
						},
						"0.6667": {
							"post": [0, 0, 0],
							"lerp_mode": "catmullrom"
						},
						"1.0": {
							"post": [0, 0, 0],
							"lerp_mode": "catmullrom"
						},
						"1.125": {
							"post": [0, 0, 40],
							"lerp_mode": "catmullrom"
						},
						"1.4167": {
							"post": [0, 0, 40],
							"lerp_mode": "catmullrom"
						},
						"1.5": {
							"post": [0, 0, 0],
							"lerp_mode": "catmullrom"
						}
					}
				},
				"Leftear": {
					"rotation": {
						"0.0": {
							"post": [0, 0, 0],
							"lerp_mode": "catmullrom"
						},
						"0.2083": {
							"post": [0, 0, -47.5],
							"lerp_mode": "catmullrom"
						},
						"0.5417": {
							"post": [0, 0, -47.5],
							"lerp_mode": "catmullrom"
						},
						"0.6667": {
							"post": [0, 0, 0],
							"lerp_mode": "catmullrom"
						},
						"0.9583": {
							"post": [0, 0, 0],
							"lerp_mode": "catmullrom"
						},
						"1.0833": {
							"post": [0, 0, -40],
							"lerp_mode": "catmullrom"
						},
						"1.4167": {
							"post": [0, 0, -40],
							"lerp_mode": "catmullrom"
						},
						"1.5": {
							"post": [0, 0, 0],
							"lerp_mode": "catmullrom"
						}
					}
				},
				"bone17": {
					"scale": {
						"0.0": {
							"post": [1, 0.4, 1],
							"lerp_mode": "catmullrom"
						}
					}
				},
				"body": {
					"rotation": {
						"0.0": {
							"post": [2.5, 0, 0],
							"lerp_mode": "catmullrom"
						},
						"0.7083": {
							"post": [0, 0, 0],
							"lerp_mode": "catmullrom"
						},
						"1.5": {
							"post": [2.5, 0, 0],
							"lerp_mode": "catmullrom"
						}
					}
				}
			}
		},
		"animation.ucmtitan.attack": {
			"animation_length": 1,
			"bones": {
				"body": {
					"rotation": {
						"0.0": {
							"post": [0, 0, 0],
							"lerp_mode": "catmullrom"
						},
						"0.25": {
							"post": [8.33, -23.33, 0],
							"lerp_mode": "catmullrom"
						},
						"0.375": {
							"post": [6.66, 16.34, 0],
							"lerp_mode": "catmullrom"
						},
						"0.6667": {
							"post": [6.66, 16.34, 0],
							"lerp_mode": "catmullrom"
						},
						"1.0": {
							"post": [0, 0, 0],
							"lerp_mode": "catmullrom"
						}
					}
				},
				"body2": {
					"rotation": {
						"0.0": {
							"post": [0, 0, 0],
							"lerp_mode": "catmullrom"
						},
						"0.0833": {
							"post": [0, -5, 0],
							"lerp_mode": "catmullrom"
						},
						"0.2083": {
							"post": [0, -13.93, 0],
							"lerp_mode": "catmullrom"
						},
						"0.3333": {
							"post": [0, -17.63, 0],
							"lerp_mode": "catmullrom"
						},
						"0.4167": {
							"post": [0, 16.78, 0],
							"lerp_mode": "catmullrom"
						},
						"0.5833": {
							"post": [0, 16.78, 0],
							"lerp_mode": "catmullrom"
						},
						"1.0": {
							"post": [0, 0, 0],
							"lerp_mode": "catmullrom"
						}
					}
				},
				"Rightarm": {
					"rotation": {
						"0.0": {
							"post": [0, 0, 0],
							"lerp_mode": "catmullrom"
						},
						"0.1667": {
							"post": [70.62, 20, -29.84],
							"lerp_mode": "catmullrom"
						},
						"0.375": {
							"post": [-72.5, 10, -17.5],
							"lerp_mode": "catmullrom"
						},
						"0.6667": {
							"post": [-72.5, 40, -17.5],
							"lerp_mode": "catmullrom"
						},
						"1.0": {
							"post": [0, 0, 0],
							"lerp_mode": "catmullrom"
						}
					}
				},
				"bone6": {
					"rotation": {
						"0.0": {
							"post": [0, 0, 0],
							"lerp_mode": "catmullrom"
						},
						"0.1667": {
							"post": [-51.02, -2.5, 0],
							"lerp_mode": "catmullrom"
						},
						"0.375": {
							"post": [-37.05, 55, 0],
							"lerp_mode": "catmullrom"
						},
						"0.6667": {
							"post": [-37.05, 55, 0],
							"lerp_mode": "catmullrom"
						},
						"1.0": {
							"post": [0, 0, 0],
							"lerp_mode": "catmullrom"
						}
					}
				},
				"Leftarm": {
					"rotation": {
						"0.0": {
							"post": [0, 0, 0],
							"lerp_mode": "catmullrom"
						},
						"0.1667": {
							"post": [10, 0, 15],
							"lerp_mode": "catmullrom"
						},
						"0.3333": {
							"post": [16.67, 0, 10],
							"lerp_mode": "catmullrom"
						},
						"0.5833": {
							"post": [20.42, 0, 6.25],
							"lerp_mode": "catmullrom"
						},
						"0.7917": {
							"post": [0, 0, 0],
							"lerp_mode": "catmullrom"
						}
					}
				},
				"bone9": {
					"rotation": {
						"0.0": {
							"post": [0, 0, 0],
							"lerp_mode": "catmullrom"
						},
						"0.1667": {
							"post": [-22.5, 0, 0],
							"lerp_mode": "catmullrom"
						},
						"0.3333": {
							"post": [-32.5, 0, 0],
							"lerp_mode": "catmullrom"
						},
						"0.5833": {
							"post": [7.19, 0, 0],
							"lerp_mode": "catmullrom"
						},
						"0.7917": {
							"post": [0, 0, 0],
							"lerp_mode": "catmullrom"
						}
					}
				}
			}
		},
		"animation.ucmtitan.swipe": {
			"animation_length": 1,
			"bones": {
				"body": {
					"rotation": {
						"0.0": {
							"post": [0, 0, 0],
							"lerp_mode": "catmullrom"
						},
						"0.25": {
							"post": [8.33, 23.33, 0],
							"lerp_mode": "catmullrom"
						},
						"0.375": {
							"post": [6.66, -16.34, 0],
							"lerp_mode": "catmullrom"
						},
						"0.6667": {
							"post": [6.66, -16.34, 0],
							"lerp_mode": "catmullrom"
						},
						"1.0": {
							"post": [0, 0, 0],
							"lerp_mode": "catmullrom"
						}
					}
				},
				"body2": {
					"rotation": {
						"0.0": {
							"post": [0, 0, 0],
							"lerp_mode": "catmullrom"
						},
						"0.0833": {
							"post": [0, 5, 0],
							"lerp_mode": "catmullrom"
						},
						"0.2083": {
							"post": [0, 13.93, 0],
							"lerp_mode": "catmullrom"
						},
						"0.3333": {
							"post": [0, 17.63, 0],
							"lerp_mode": "catmullrom"
						},
						"0.4167": {
							"post": [0, -16.78, 0],
							"lerp_mode": "catmullrom"
						},
						"0.5833": {
							"post": [0, -16.78, 0],
							"lerp_mode": "catmullrom"
						},
						"0.6667": {
							"post": [0, 0, 0],
							"lerp_mode": "catmullrom"
						}
					}
				},
				"Rightarm": {
					"rotation": {
						"0.0": {
							"post": [0, 0, 0],
							"lerp_mode": "catmullrom"
						},
						"0.1667": {
							"post": [10, 0, -15],
							"lerp_mode": "catmullrom"
						},
						"0.3333": {
							"post": [16.67, 0, -10],
							"lerp_mode": "catmullrom"
						},
						"0.5833": {
							"post": [20.42, 0, -6.25],
							"lerp_mode": "catmullrom"
						},
						"1.0": {
							"post": [0, 0, 0],
							"lerp_mode": "catmullrom"
						}
					}
				},
				"bone6": {
					"rotation": {
						"0.0": {
							"post": [0, 0, 0],
							"lerp_mode": "catmullrom"
						},
						"0.1667": {
							"post": [-22.5, 0, 0],
							"lerp_mode": "catmullrom"
						},
						"0.3333": {
							"post": [-32.5, 0, 0],
							"lerp_mode": "catmullrom"
						},
						"0.5833": {
							"post": [7.19, 0, 0],
							"lerp_mode": "catmullrom"
						},
						"0.7917": {
							"post": [0, 0, 0],
							"lerp_mode": "catmullrom"
						}
					}
				},
				"Leftarm": {
					"rotation": {
						"0.0": {
							"post": [0, 0, 0],
							"lerp_mode": "catmullrom"
						},
						"0.1667": {
							"post": [-29.22024, 17.97849, 21.99369],
							"lerp_mode": "catmullrom"
						},
						"0.3333": {
							"post": [-66.94418, -14.41599, 14.89716],
							"lerp_mode": "catmullrom"
						},
						"0.5833": {
							"post": [-97.10578, -48.45158, 51.44382],
							"lerp_mode": "catmullrom"
						},
						"1.0": {
							"post": [0, 0, 0],
							"lerp_mode": "catmullrom"
						}
					}
				},
				"bone9": {
					"rotation": {
						"0.0": {
							"post": [0, 0, 0],
							"lerp_mode": "catmullrom"
						},
						"0.1667": {
							"post": [-20, 40, 0],
							"lerp_mode": "catmullrom"
						},
						"0.3333": {
							"post": [-64.77476, 62.35332, -55.33299],
							"lerp_mode": "catmullrom"
						},
						"0.5833": {
							"post": [-35.57134, 34.99191, -59.64763],
							"lerp_mode": "catmullrom"
						},
						"1.0": {
							"post": [0, 0, 0],
							"lerp_mode": "catmullrom"
						}
					}
				},
				"bone": {
					"rotation": {
						"0.0": {
							"post": [0, 0, 0],
							"lerp_mode": "catmullrom"
						},
						"0.1667": {
							"post": [0, 7.5, 0],
							"lerp_mode": "catmullrom"
						},
						"0.3333": {
							"post": [7.5, 7.5, 0],
							"lerp_mode": "catmullrom"
						},
						"0.5417": {
							"post": [17.5, 7.5, 0],
							"lerp_mode": "catmullrom"
						},
						"1.0": {
							"post": [0, 0, 0],
							"lerp_mode": "catmullrom"
						}
					}
				},
				"bone16": {
					"rotation": {
						"0.1667": {
							"pre": [0, 0, 0],
							"post": [0, 0, 0],
							"lerp_mode": "catmullrom"
						},
						"0.5": {
							"post": [-7.5, 0, 0],
							"lerp_mode": "catmullrom"
						},
						"0.7917": {
							"post": [0, 0, 0],
							"lerp_mode": "catmullrom"
						}
					},
					"position": {
						"0.1667": {
							"pre": [0, 0, 0],
							"post": [0, 0, 0],
							"lerp_mode": "catmullrom"
						},
						"0.3333": {
							"post": [0, 7, 0],
							"lerp_mode": "catmullrom"
						},
						"0.625": {
							"post": [0, 7, 0],
							"lerp_mode": "catmullrom"
						},
						"0.7917": {
							"post": [0, 0, 0],
							"lerp_mode": "catmullrom"
						}
					},
					"scale": {
						"0.1667": {
							"pre": [1, 1, 1],
							"post": [1, 1, 1],
							"lerp_mode": "catmullrom"
						},
						"0.3333": {
							"post": [1, 2.8, 1],
							"lerp_mode": "catmullrom"
						},
						"0.5": {
							"post": [1, 6.4, 1],
							"lerp_mode": "catmullrom"
						},
						"0.7917": {
							"post": [1, 1, 1],
							"lerp_mode": "catmullrom"
						}
					}
				}
			},
			"particle_effects": {
				"0.0": {
					"effect": "hammer_flame",
					"locator": "h3"
				}
			}
		},
		"animation.ucmtitan.attack3": {
			"animation_length": 2.45833,
			"bones": {
				"body": {
					"rotation": {
						"0.0": {
							"post": [0, 0, 0],
							"lerp_mode": "catmullrom"
						},
						"0.25": {
							"post": [12.5, -15, 0],
							"lerp_mode": "catmullrom"
						},
						"0.375": {
							"post": [12.92385, -10.59158, 0.95381],
							"lerp_mode": "catmullrom"
						},
						"0.6667": {
							"post": [13.23702, 24.07303, 8.76473],
							"lerp_mode": "catmullrom"
						},
						"1.0": {
							"post": [0, 0, 0],
							"lerp_mode": "catmullrom"
						},
						"1.25": {
							"post": [0, 0, 0],
							"lerp_mode": "catmullrom"
						},
						"1.375": {
							"post": [5, 0, 0],
							"lerp_mode": "catmullrom"
						},
						"1.4583": {
							"post": [15.58, 0, 0],
							"lerp_mode": "catmullrom"
						},
						"1.5833": {
							"post": [15.58, 0, 0],
							"lerp_mode": "catmullrom"
						},
						"2.375": {
							"post": [15.58, 0, 0],
							"lerp_mode": "catmullrom"
						},
						"2.4583": {
							"post": [0, 0, 0],
							"lerp_mode": "catmullrom"
						}
					}
				},
				"body2": {
					"rotation": {
						"0.0": {
							"post": [0, 0, 0],
							"lerp_mode": "catmullrom"
						},
						"0.25": {
							"post": [12.5, -15, 0],
							"lerp_mode": "catmullrom"
						},
						"0.375": {
							"post": [12.92385, -10.59158, 0.95381],
							"lerp_mode": "catmullrom"
						},
						"0.6667": {
							"post": [12.46074, 14.32199, 6.41281],
							"lerp_mode": "catmullrom"
						},
						"1.0": {
							"post": [0, 0, 0],
							"lerp_mode": "catmullrom"
						}
					}
				},
				"Rightarm": {
					"rotation": {
						"0.0": {
							"post": [0, 0, 0],
							"lerp_mode": "catmullrom"
						},
						"0.1667": {
							"post": [10, 0, -15],
							"lerp_mode": "catmullrom"
						},
						"0.3333": {
							"post": [16.67, 0, -10],
							"lerp_mode": "catmullrom"
						},
						"0.5833": {
							"post": [20.42, 0, -6.25],
							"lerp_mode": "catmullrom"
						},
						"1.0": {
							"post": [0, 0, 0],
							"lerp_mode": "catmullrom"
						},
						"1.25": {
							"post": [0, 0, 0],
							"lerp_mode": "catmullrom"
						},
						"1.4167": {
							"post": [-12.5, 0, 0],
							"lerp_mode": "catmullrom"
						},
						"1.5417": {
							"post": [5.97, 0, -3.75],
							"lerp_mode": "catmullrom"
						},
						"1.6667": {
							"post": [1, 0, -7.5],
							"lerp_mode": "catmullrom"
						},
						"2.3333": {
							"post": [1, 0, -7.5],
							"lerp_mode": "catmullrom"
						},
						"2.4583": {
							"post": [0, 0, 0],
							"lerp_mode": "catmullrom"
						}
					}
				},
				"bone6": {
					"rotation": {
						"0.0": {
							"post": [0, 0, 0],
							"lerp_mode": "catmullrom"
						},
						"0.1667": {
							"post": [-22.5, 0, 0],
							"lerp_mode": "catmullrom"
						},
						"0.3333": {
							"post": [-32.5, 0, 0],
							"lerp_mode": "catmullrom"
						},
						"0.5833": {
							"post": [7.19, 0, 0],
							"lerp_mode": "catmullrom"
						},
						"0.7917": {
							"post": [0, 0, 0],
							"lerp_mode": "catmullrom"
						},
						"1.25": {
							"post": [0, 0, 0],
							"lerp_mode": "catmullrom"
						},
						"1.4167": {
							"post": [-15, 0, 0],
							"lerp_mode": "catmullrom"
						},
						"1.5417": {
							"post": [-19.5, 0, 0],
							"lerp_mode": "catmullrom"
						},
						"1.6667": {
							"post": [7.11, 0, 0],
							"lerp_mode": "catmullrom"
						},
						"2.3333": {
							"post": [7.11, 0, 0],
							"lerp_mode": "catmullrom"
						},
						"2.4583": {
							"post": [0, 0, 0],
							"lerp_mode": "catmullrom"
						}
					}
				},
				"Leftarm": {
					"rotation": {
						"0.0": {
							"post": [0, 0, 0],
							"lerp_mode": "catmullrom"
						},
						"0.25": {
							"post": [-50.93462, -21.07696, -8.07265],
							"lerp_mode": "catmullrom"
						},
						"0.375": {
							"post": [-56.0321, 13.2839, 0.79659],
							"lerp_mode": "catmullrom"
						},
						"0.6667": {
							"post": [-16.2336, 33.448, 65.55136],
							"lerp_mode": "catmullrom"
						},
						"1.0": {
							"post": [0, 0, 0],
							"lerp_mode": "catmullrom"
						},
						"1.25": {
							"post": [0, 0, 0],
							"lerp_mode": "catmullrom"
						},
						"1.4167": {
							"post": [-12.5, 0, 0],
							"lerp_mode": "catmullrom"
						},
						"1.5417": {
							"post": [10.97, 0, 5],
							"lerp_mode": "catmullrom"
						},
						"1.6667": {
							"post": [6, 0, 10],
							"lerp_mode": "catmullrom"
						},
						"2.3333": {
							"post": [6, 0, 10],
							"lerp_mode": "catmullrom"
						},
						"2.4583": {
							"post": [0, 0, 0],
							"lerp_mode": "catmullrom"
						}
					}
				},
				"bone9": {
					"rotation": {
						"0.0": {
							"post": [0, 0, 0],
							"lerp_mode": "catmullrom"
						},
						"0.25": {
							"post": [-25.52549, -13.96774, -14.48456],
							"lerp_mode": "catmullrom"
						},
						"0.375": {
							"post": [-26.69477, -8.79197, -8.93049],
							"lerp_mode": "catmullrom"
						},
						"0.6667": {
							"post": [-26.54109, 9.29905, -26.25795],
							"lerp_mode": "catmullrom"
						},
						"1.0": {
							"post": [0, 0, 0],
							"lerp_mode": "catmullrom"
						},
						"1.25": {
							"post": [0, 0, 0],
							"lerp_mode": "catmullrom"
						},
						"1.4167": {
							"post": [-15, 0, 0],
							"lerp_mode": "catmullrom"
						},
						"1.5417": {
							"post": [-27, 0, 0],
							"lerp_mode": "catmullrom"
						},
						"1.6667": {
							"post": [-14.22, 0, 0],
							"lerp_mode": "catmullrom"
						},
						"2.3333": {
							"post": [-14.22, 0, 0],
							"lerp_mode": "catmullrom"
						},
						"2.4583": {
							"post": [0, 0, 0],
							"lerp_mode": "catmullrom"
						}
					}
				},
				"bone21": {
					"rotation": {
						"0.0": {
							"post": [0, 0, 0],
							"lerp_mode": "catmullrom"
						}
					},
					"position": {
						"0.0": {
							"post": [0, 0, 0],
							"lerp_mode": "catmullrom"
						},
						"0.25": {
							"post": [-1, 0, 0],
							"lerp_mode": "catmullrom"
						},
						"0.75": {
							"post": [-1, 0, 0],
							"lerp_mode": "catmullrom"
						},
						"0.7917": {
							"post": [0, 0, 0],
							"lerp_mode": "catmullrom"
						}
					},
					"scale": {
						"0.0": {
							"post": [1, 1, 1],
							"lerp_mode": "catmullrom"
						},
						"0.25": {
							"post": [1, 3.2, 4],
							"lerp_mode": "catmullrom"
						},
						"0.75": {
							"post": [1, 2.4, 2.7],
							"lerp_mode": "catmullrom"
						},
						"0.7917": {
							"post": [1, 1, 1],
							"lerp_mode": "catmullrom"
						}
					}
				},
				"bone11": {
					"rotation": {
						"1.25": {
							"pre": [0, 0, 0],
							"post": [0, 0, 0],
							"lerp_mode": "catmullrom"
						},
						"1.4167": {
							"post": [27.5, 0, 0],
							"lerp_mode": "catmullrom"
						},
						"1.5833": {
							"post": [40, 0, 0],
							"lerp_mode": "catmullrom"
						},
						"2.2917": {
							"post": [40, 0, 0],
							"lerp_mode": "catmullrom"
						},
						"2.4583": {
							"post": [0, 0, 0],
							"lerp_mode": "catmullrom"
						}
					}
				},
				"bone13": {
					"rotation": {
						"1.25": {
							"pre": [0, 0, 0],
							"post": [0, 0, 0],
							"lerp_mode": "catmullrom"
						},
						"1.4167": {
							"post": [20, 0, 0],
							"lerp_mode": "catmullrom"
						},
						"1.5833": {
							"post": [62.5, 0, 0],
							"lerp_mode": "catmullrom"
						},
						"2.2917": {
							"post": [62.5, 0, 0],
							"lerp_mode": "catmullrom"
						},
						"2.4583": {
							"post": [0, 0, 0],
							"lerp_mode": "catmullrom"
						}
					},
					"position": {
						"1.25": {
							"pre": [0, 0, 0],
							"post": [0, 0, 0],
							"lerp_mode": "catmullrom"
						},
						"1.4167": {
							"post": [-2, 0, 0],
							"lerp_mode": "catmullrom"
						},
						"1.5833": {
							"post": [-6, 0, 0],
							"lerp_mode": "catmullrom"
						},
						"2.2917": {
							"post": [-6, 0, 0],
							"lerp_mode": "catmullrom"
						},
						"2.4583": {
							"post": [0, 0, 0],
							"lerp_mode": "catmullrom"
						}
					}
				},
				"bone7": {
					"rotation": {
						"1.25": {
							"pre": [0, 0, 0],
							"post": [0, 0, 0],
							"lerp_mode": "catmullrom"
						},
						"1.4167": {
							"post": [20, 0, 0],
							"lerp_mode": "catmullrom"
						},
						"1.5833": {
							"post": [62.5, 0, 0],
							"lerp_mode": "catmullrom"
						},
						"2.2917": {
							"post": [62.5, 0, 0],
							"lerp_mode": "catmullrom"
						},
						"2.4583": {
							"post": [0, 0, 0],
							"lerp_mode": "catmullrom"
						}
					},
					"position": {
						"1.25": {
							"pre": [0, 0, 0],
							"post": [0, 0, 0],
							"lerp_mode": "catmullrom"
						},
						"1.4167": {
							"post": [3, 0, 0],
							"lerp_mode": "catmullrom"
						},
						"1.5833": {
							"post": [7, 0, 0],
							"lerp_mode": "catmullrom"
						},
						"2.2917": {
							"post": [7, 0, 0],
							"lerp_mode": "catmullrom"
						},
						"2.4583": {
							"post": [0, 0, 0],
							"lerp_mode": "catmullrom"
						}
					}
				},
				"head": {
					"rotation": {
						"1.25": {
							"pre": [0, 0, 0],
							"post": [0, 0, 0],
							"lerp_mode": "catmullrom"
						},
						"1.4583": {
							"post": [-7.5, 0, 0],
							"lerp_mode": "catmullrom"
						},
						"1.625": {
							"post": [-18.75, 0, 0],
							"lerp_mode": "catmullrom"
						},
						"2.2917": {
							"post": [-18.75, 0, 0],
							"lerp_mode": "catmullrom"
						},
						"2.4583": {
							"post": [0, 0, 0],
							"lerp_mode": "catmullrom"
						}
					}
				},
				"sh": {
					"rotation": [0, 0, 0],
					"position": {
						"0.0": [0, 0, 0],
						"0.1667": [-3, 0, 0],
						"1.0": [-3, 0, 0],
						"1.1667": [0, 0, 0]
					},
					"scale": {
						"0.0": [1, 1, 1],
						"0.1667": [1, 3.4, 4.2],
						"0.9583": [1, 3.4, 4.2],
						"1.1667": [1, 1, 1]
					}
				}
			},
			"sound_effects": {
				"1.25": {
					"effect": "usm_flame"
				}
			},
			"particle_effects": {
				"1.25": {
					"effect": "camera_flame",
					"locator": "h4"
				}
			}
		},
		"animation.ucmtitan.roar": {
			"animation_length": 1.75,
			"bones": {
				"Rott": {
					"rotation": {
						"0.0": {
							"post": [0, 0, 0],
							"lerp_mode": "catmullrom"
						},
						"0.5": {
							"post": [12.5, 0, 0],
							"lerp_mode": "catmullrom"
						},
						"1.25": {
							"post": [9.74, 0, 0],
							"lerp_mode": "catmullrom"
						},
						"1.7083": {
							"post": [0, 0, 0],
							"lerp_mode": "catmullrom"
						}
					},
					"position": {
						"0.0": {
							"post": [0, 0, 0],
							"lerp_mode": "catmullrom"
						},
						"0.5": {
							"post": [0, 43, 0],
							"lerp_mode": "catmullrom"
						},
						"0.875": {
							"post": [0, 38, 0],
							"lerp_mode": "catmullrom"
						},
						"1.25": {
							"post": [0, 43, 0],
							"lerp_mode": "catmullrom"
						},
						"1.7083": {
							"post": [0, 0, 0],
							"lerp_mode": "catmullrom"
						}
					}
				},
				"body": {
					"rotation": {
						"0.0": [0, 0, 0],
						"0.5": [10, 0, 0],
						"1.25": [10, 0, 0],
						"1.7083": [0, 0, 0]
					},
					"position": [0, 0, 0]
				},
				"body2": {
					"rotation": {
						"0.0": [0, 0, 0],
						"0.5": [12.5, 0, 0],
						"1.25": [12.5, 0, 0],
						"1.7083": [0, 0, 0]
					}
				},
				"Rightarm": {
					"rotation": {
						"0.0": {
							"post": [0, 0, 0],
							"lerp_mode": "catmullrom"
						},
						"0.2083": {
							"post": [-33.75, 0, 0],
							"lerp_mode": "catmullrom"
						},
						"0.5": {
							"post": [-75, 0, 0],
							"lerp_mode": "catmullrom"
						},
						"0.875": {
							"post": [-82.5, 0, 0],
							"lerp_mode": "catmullrom"
						},
						"1.25": {
							"post": [-75, 0, 0],
							"lerp_mode": "catmullrom"
						},
						"1.7083": {
							"post": [0, 0, 0],
							"lerp_mode": "catmullrom"
						}
					}
				},
				"bone5": {
					"rotation": {
						"0.0": [0, 0, 0],
						"0.25": [-78.23218, 4.2453, -19.5623],
						"0.5": [-78.23, 4.25, -19.56],
						"1.25": [-78.23, 4.25, -19.56],
						"1.5": [0, 0, 0]
					},
					"position": {
						"0.0": [0, 0, 0],
						"0.25": [-18, 0, 6],
						"0.5": [13, -14, 6],
						"1.25": [13, -14, 6],
						"1.5": [0, 0, 0]
					},
					"scale": {
						"0.0": [1, 1, 1],
						"0.25": [1, 0, 0],
						"1.25": [1, 0, 0],
						"1.5": [1, 1, 1]
					}
				},
				"bone6": {
					"rotation": {
						"0.0": {
							"post": [0, 0, 0],
							"lerp_mode": "catmullrom"
						},
						"0.5": {
							"post": [15, 82.5, 0],
							"lerp_mode": "catmullrom"
						},
						"0.875": {
							"post": [-39.0289, 76.96313, -54.61957],
							"lerp_mode": "catmullrom"
						},
						"1.25": {
							"post": [15, 82.5, 0],
							"lerp_mode": "catmullrom"
						},
						"1.7083": {
							"post": [0, 0, 0],
							"lerp_mode": "catmullrom"
						}
					},
					"position": {
						"0.0": {
							"post": [0, 0, 0],
							"lerp_mode": "catmullrom"
						},
						"0.5": {
							"post": [-1, 0, -2],
							"lerp_mode": "catmullrom"
						},
						"1.25": {
							"post": [-1, 0, -2],
							"lerp_mode": "catmullrom"
						},
						"1.7083": {
							"post": [0, 0, 0],
							"lerp_mode": "catmullrom"
						}
					}
				},
				"bone3": {
					"rotation": {
						"0.0": [0, 0, 0],
						"0.1667": [76.67, 0, 0],
						"0.5": [177.5, 0, 0],
						"1.25": [177.5, 0, 0],
						"1.7083": [0, 0, 0]
					},
					"position": {
						"0.0": [0, 0, 0],
						"0.5": [0, -4, 0],
						"1.25": [0, -4, 0],
						"1.7083": [0, 0, 0]
					}
				},
				"bone8": {
					"rotation": {
						"0.0": [0, 0, 0],
						"0.25": [-78.23218, 4.2453, -19.5623],
						"0.5": [-78.23, 4.25, -19.56],
						"1.25": [-78.23, 4.25, -19.56],
						"1.5": [0, 0, 0]
					},
					"position": {
						"0.0": [0, 0, 0],
						"0.25": [13, 0, 6],
						"0.5": [13, -14, 6],
						"1.25": [13, -14, 6],
						"1.5": [0, 0, 0]
					},
					"scale": {
						"0.0": [1, 1, 1],
						"0.25": [1, 0, 0],
						"1.25": [1, 0, 0],
						"1.5": [1, 1, 1]
					}
				},
				"Gun": {
					"rotation": {
						"0.0": [0, 0, 0],
						"0.5": [90, 0, 0],
						"1.25": [90, 0, 0],
						"1.5": [0, 0, 0]
					},
					"position": {
						"0.0": [0, 0, 0],
						"0.2083": [0, 2, 0],
						"1.25": [0, 2, 0],
						"1.75": [0, 0, 0]
					},
					"scale": {
						"0.0": [1, 1, 1],
						"0.5": [1.2, 1, 1],
						"1.25": [1.2, 1, 1],
						"1.5": [1, 1, 1]
					}
				},
				"Rightbigwing": {
					"rotation": {
						"0.0": {
							"post": [0, 0, 0],
							"lerp_mode": "catmullrom"
						},
						"0.5": {
							"post": [0, 0, -50],
							"lerp_mode": "catmullrom"
						},
						"0.8333": {
							"post": [0, 0, -42.5],
							"lerp_mode": "catmullrom"
						},
						"1.25": {
							"post": [0, 0, -50],
							"lerp_mode": "catmullrom"
						},
						"1.4167": {
							"post": [6.82996, -1.79503, -16.95961],
							"lerp_mode": "catmullrom"
						},
						"1.75": {
							"post": [0, 0, 0],
							"lerp_mode": "catmullrom"
						}
					}
				},
				"Rightwing": {
					"rotation": {
						"0.0": {
							"post": [0, 0, 0],
							"lerp_mode": "catmullrom"
						},
						"0.4583": {
							"post": [0, 0, -50],
							"lerp_mode": "catmullrom"
						},
						"0.5": [0, 0, -50],
						"0.7917": {
							"pre": [0, 0, -65],
							"post": [0, 0, -65],
							"lerp_mode": "catmullrom"
						},
						"1.2083": {
							"post": [0, 0, -50],
							"lerp_mode": "catmullrom"
						},
						"1.25": [0, 0, -50],
						"1.4167": {
							"pre": [0, 0, -59.17],
							"post": [0, 0, -59.17],
							"lerp_mode": "catmullrom"
						},
						"1.7083": {
							"post": [0, 0, 0],
							"lerp_mode": "catmullrom"
						},
						"1.75": [0, 0, 0]
					}
				},
				"Leftwing": {
					"rotation": {
						"0.0": {
							"post": [0, 0, 0],
							"lerp_mode": "catmullrom"
						},
						"0.4583": {
							"post": [0, 0, 50],
							"lerp_mode": "catmullrom"
						},
						"0.7917": {
							"post": [0, 0, 65],
							"lerp_mode": "catmullrom"
						},
						"1.2083": {
							"post": [0, 0, 50],
							"lerp_mode": "catmullrom"
						},
						"1.4167": {
							"post": [0, 0, 59.17],
							"lerp_mode": "catmullrom"
						},
						"1.7083": {
							"post": [0, 0, 0],
							"lerp_mode": "catmullrom"
						}
					}
				},
				"Leftbigwing": {
					"rotation": {
						"0.0": {
							"post": [0, 0, 0],
							"lerp_mode": "catmullrom"
						},
						"0.5": {
							"post": [0, 0, 50],
							"lerp_mode": "catmullrom"
						},
						"0.8333": {
							"post": [0, 0, 42.5],
							"lerp_mode": "catmullrom"
						},
						"1.25": {
							"post": [0, 0, 50],
							"lerp_mode": "catmullrom"
						},
						"1.4167": {
							"post": [6.82996, 1.79503, 16.95961],
							"lerp_mode": "catmullrom"
						},
						"1.75": {
							"post": [0, 0, 0],
							"lerp_mode": "catmullrom"
						}
					}
				},
				"Leftleg": {
					"rotation": {
						"0.0": {
							"post": [0, 0, 0],
							"lerp_mode": "catmullrom"
						},
						"0.5": {
							"post": [10, 0, 0],
							"lerp_mode": "catmullrom"
						},
						"1.25": {
							"post": [10, 0, 0],
							"lerp_mode": "catmullrom"
						},
						"1.75": {
							"post": [0, 0, 0],
							"lerp_mode": "catmullrom"
						}
					},
					"position": {
						"0.0": {
							"post": [0, 0, 0],
							"lerp_mode": "catmullrom"
						}
					}
				},
				"bone4": {
					"rotation": {
						"0.0": {
							"post": [0, 0, 0],
							"lerp_mode": "catmullrom"
						},
						"0.5": {
							"post": [20, 0, 0],
							"lerp_mode": "catmullrom"
						},
						"1.25": {
							"post": [20, 0, 0],
							"lerp_mode": "catmullrom"
						},
						"1.75": {
							"post": [0, 0, 0],
							"lerp_mode": "catmullrom"
						}
					}
				},
				"Rightleg": {
					"rotation": {
						"0.0": {
							"post": [0, 0, 0],
							"lerp_mode": "catmullrom"
						},
						"0.5": {
							"post": [-45, 0, 0],
							"lerp_mode": "catmullrom"
						},
						"0.875": {
							"post": [-35, 0, 0],
							"lerp_mode": "catmullrom"
						},
						"1.25": {
							"post": [-45, 0, 0],
							"lerp_mode": "catmullrom"
						},
						"1.7083": {
							"post": [0, 0, 0],
							"lerp_mode": "catmullrom"
						}
					},
					"position": {
						"0.0": {
							"post": [0, 0, 0],
							"lerp_mode": "catmullrom"
						}
					}
				},
				"bone10": {
					"rotation": {
						"0.0": {
							"post": [0, 0, 0],
							"lerp_mode": "catmullrom"
						},
						"0.5": {
							"post": [82.5, 0, 0],
							"lerp_mode": "catmullrom"
						},
						"0.875": {
							"post": [62.5, 0, 0],
							"lerp_mode": "catmullrom"
						},
						"1.25": {
							"post": [82.5, 0, 0],
							"lerp_mode": "catmullrom"
						},
						"1.7083": {
							"post": [0, 0, 0],
							"lerp_mode": "catmullrom"
						}
					},
					"position": {
						"0.0": {
							"post": [0, 0, 0],
							"lerp_mode": "catmullrom"
						},
						"0.5": {
							"post": [0, 0, 2],
							"lerp_mode": "catmullrom"
						},
						"1.25": {
							"post": [0, 0, 2],
							"lerp_mode": "catmullrom"
						},
						"1.7083": {
							"post": [0, 0, 0],
							"lerp_mode": "catmullrom"
						}
					}
				},
				"bone12": {
					"rotation": {
						"0.5": [0, 0, 0],
						"0.9167": [0, 0, 0],
						"1.2083": [0, 0, 0]
					},
					"position": {
						"0.5": [0, 0, 0],
						"0.5833": [0, -34, 0],
						"0.6667": [0, 0, 0],
						"0.9167": [0, 0, 0],
						"1.0": [0, -34, 0],
						"1.0833": [0, 0, 0],
						"1.2083": [0, 0, 0],
						"1.2917": [0, -34, 0],
						"1.375": [0, 0, 0]
					}
				},
				"Leftarm": {
					"rotation": {
						"0.0": {
							"post": [0, 0, 0],
							"lerp_mode": "catmullrom"
						},
						"0.5": {
							"post": [9.73887, 1.59569, 31.06615],
							"lerp_mode": "catmullrom"
						},
						"0.875": {
							"post": [9.36134, 3.68197, 21.27839],
							"lerp_mode": "catmullrom"
						},
						"1.25": {
							"post": [9.73887, 1.59569, 31.06615],
							"lerp_mode": "catmullrom"
						},
						"1.75": {
							"post": [0, 0, 0],
							"lerp_mode": "catmullrom"
						}
					},
					"position": {
						"0.0": {
							"post": [0, 0, 0],
							"lerp_mode": "catmullrom"
						}
					}
				},
				"bone9": {
					"rotation": {
						"0.0": {
							"post": [0, 0, 0],
							"lerp_mode": "catmullrom"
						},
						"0.5": {
							"post": [-50, 0, 0],
							"lerp_mode": "catmullrom"
						},
						"0.875": {
							"post": [-49.89735, -4.61759, -1.92104],
							"lerp_mode": "catmullrom"
						},
						"1.25": {
							"post": [-50, 0, 0],
							"lerp_mode": "catmullrom"
						},
						"1.75": {
							"post": [0, 0, 0],
							"lerp_mode": "catmullrom"
						}
					},
					"position": {
						"0.0": {
							"post": [0, 0, 0],
							"lerp_mode": "catmullrom"
						}
					}
				},
				"bone17": {
					"position": {
						"0.5": [0, 0, 0],
						"0.5833": [0, 21, 0],
						"0.6667": [0, 0, 0],
						"0.75": [0, 0, 0],
						"0.8333": [0, 21, 0],
						"0.9167": [0, 0, 0],
						"1.0417": [0, 0, 0],
						"1.125": [0, 21, 0],
						"1.2083": [0, 0, 0]
					}
				},
				"bone19": {
					"position": {
						"0.5": [0, 0, 0],
						"0.5833": [0, 21, 0],
						"0.6667": [0, 0, 0],
						"0.75": [0, 0, 0],
						"0.8333": [0, 21, 0],
						"0.9167": [0, 0, 0],
						"1.0417": [0, 0, 0],
						"1.125": [0, 21, 0],
						"1.2083": [0, 0, 0]
					}
				}
			}
		},
		"animation.ucmtitan.looking": {
			"loop": true,
			"animation_length": 0.5,
			"bones": {
				"head": {
					"rotation": ["query.target_x_rotation * 0.25", "query.target_y_rotation * 0.5", "query.target_y_rotation * 0.0"],
					"position": [0, 0, 0]
				},
				"body": {
					"rotation": ["query.target_x_rotation * 0.3", "query.target_y_rotation * 0.2", 0]
				},
				"body2": {
					"rotation": ["query.target_x_rotation * 0.3", "query.target_y_rotation * 0.35", 0]
				},
				"Rightarm": {
					"rotation": ["-query.target_x_rotation * 0.2", 0, 0]
				},
				"Leftarm": {
					"rotation": ["-query.target_x_rotation * 0.2", 0, 0]
				}
			},
			"particle_effects": {
				"0.0": [
					{
						"effect": "flame",
						"locator": "h"
					},
					{
						"effect": "flame",
						"locator": "h2"
					}
				]
			}
		},
		"animation.ucmtitan.fly": {
			"loop": true,
			"animation_length": 4,
			"bones": {
				"Rott": {
					"rotation": {
						"0.0": [57.5, 0, 0],
						"4.0": [57.5, 0, 0]
					},
					"position": {
						"0.0": [0, 21, 18],
						"4.0": [0, 21, 18]
					}
				},
				"Rightarm": {
					"rotation": {
						"0.0": {
							"post": [-5.57148, -10.11908, -10.98532],
							"lerp_mode": "catmullrom"
						},
						"0.8333": {
							"post": [-13.07, -10.12, -10.99],
							"lerp_mode": "catmullrom"
						},
						"3.0": {
							"post": [-13.07, -10.12, -10.99],
							"lerp_mode": "catmullrom"
						},
						"4.0": {
							"post": [-5.57148, -10.11908, -10.98532],
							"lerp_mode": "catmullrom"
						}
					}
				},
				"bone6": {
					"rotation": {
						"0.0": [5.11002, -1.07683, -4.88398],
						"4.0": [5.11002, -1.07683, -4.88398]
					}
				},
				"Leftarm": {
					"rotation": {
						"0.0": {
							"post": [-5.57148, 10.11908, 10.98532],
							"lerp_mode": "catmullrom"
						},
						"0.8333": {
							"post": [-13.07, 10.12, 10.99],
							"lerp_mode": "catmullrom"
						},
						"3.0": {
							"post": [-13.07, 10.12, 10.99],
							"lerp_mode": "catmullrom"
						},
						"4.0": {
							"post": [-5.57148, 10.11908, 10.98532],
							"lerp_mode": "catmullrom"
						}
					}
				},
				"bone9": {
					"rotation": {
						"0.0": [5.11002, -1.07683, -4.88398],
						"4.0": [5.11002, -1.07683, -4.88398]
					}
				},
				"head": {
					"rotation": {
						"0.0": [-45, 0, 0],
						"4.0": [-45, 0, 0]
					},
					"position": {
						"0.0": [0, 0, -2],
						"4.0": [0, 0, -2]
					}
				},
				"Rightbigwing": {
					"rotation": {
						"0.0": [0, 0, -40],
						"4.0": [0, 0, -40]
					}
				},
				"Rightwing": {
					"rotation": {
						"0.0": [0, 0, -32.5],
						"4.0": [0, 0, -32.5]
					}
				},
				"Leftwing": {
					"rotation": {
						"0.0": [0, 0, 32.5],
						"4.0": [0, 0, 32.5]
					}
				},
				"Leftbigwing": {
					"rotation": {
						"0.0": [0, 0, 40],
						"4.0": [0, 0, 40]
					}
				}
			},
			"particle_effects": {
				"0.0": [
					{
						"effect": "usm_flame",
						"locator": "h"
					},
					{
						"effect": "usm_flame",
						"locator": "h2"
					},
					{
						"effect": "usm_flame",
						"locator": "h"
					},
					{
						"effect": "usm_flame",
						"locator": "h2"
					},
					{
						"effect": "usm_flame",
						"locator": "h"
					}
				],
				"4.0": [
					{
						"effect": "usm_flame",
						"locator": "h"
					},
					{
						"effect": "usm_flame",
						"locator": "h2"
					},
					{
						"effect": "usm_flame",
						"locator": "h"
					},
					{
						"effect": "usm_flame",
						"locator": "h2"
					},
					{
						"effect": "usm_flame",
						"locator": "h"
					}
				]
			}
		}
	}
}