{
	"format_version": "1.8.0",
	"animations": {
		"idle_detainer_1": {
			"loop": true,
			"animation_length": 1.25,
			"bones": {
				"magnet": {
					"rotation": {
						"0.0": [0, 0, 0],
						"1.25": [0, -360, 0]
					}
				},
				"left_claw3": {
					"rotation": {
						"0.0": [0, 0, 0],
						"1.25": [0, 0, 720]
					}
				},
				"right_claw3": {
					"rotation": {
						"0.0": [0, 0, 0],
						"1.25": [0, 0, -720]
					}
				},
				"upper_claw3": {
					"rotation": {
						"0.0": [0, 0, 0],
						"1.25": [0, 0, 720]
					}
				},
				"upper_claw": {
					"rotation": [0, 9.5, 0],
					"position": [0, 0, -2.5]
				},
				"upper_claw2": {
					"rotation": [0, -12.5, 0],
					"position": [-1, 0, -2.5]
				}
			}
		},
		"idle_detainer_2": {
			"loop": true,
			"animation_length": 1.25,
			"bones": {
				"magnet": {
					"rotation": {
						"0.0": [0, 0, 0],
						"1.25": [0, -720, 0]
					}
				},
				"left_claw3": {
					"rotation": {
						"0.0": [0, 0, 0],
						"1.25": [0, 0, 2160]
					}
				},
				"right_claw3": {
					"rotation": {
						"0.0": [0, 0, 0],
						"1.25": [0, 0, -2160]
					}
				},
				"upper_claw3": {
					"rotation": {
						"0.0": [0, 0, 0],
						"1.25": [0, 0, 2160]
					}
				},
				"left_claw": {
					"rotation": [0, 20, 0]
				},
				"right_claw": {
					"rotation": [0, -20, 0]
				},
				"upper_claw": {
					"rotation": [0, 7, 0],
					"position": [0, 0, -2.4]
				},
				"flush": {
					"position": [0, 0, -0.3]
				},
				"upper_claw2": {
					"rotation": [0, -16.5, 0],
					"position": [-0.3, 0, -1.8]
				}
			}
		},
		"hand_detainer_1": {
			"loop": true,
			"animation_length": 1.25,
			"bones": {
				"magnet": {
					"rotation": {
						"0.0": [0, 0, 0],
						"1.25": [0, -720, 0]
					}
				},
				"left_claw3": {
					"rotation": {
						"0.0": [0, 0, 0],
						"1.25": [0, 0, 1080]
					}
				},
				"right_claw3": {
					"rotation": {
						"0.0": [0, 0, 0],
						"1.25": [0, 0, -1080]
					}
				},
				"upper_claw3": {
					"rotation": {
						"0.0": [0, 0, 0],
						"1.25": [0, 0, 1080]
					}
				},
				"left_claw": {
					"rotation": [0, 50, 0]
				},
				"right_claw": {
					"rotation": [0, -50, 0]
				},
				"upper_claw": {
					"rotation": [0, -43, 0],
					"position": [0, 7.3, -6.6]
				},
				"upper_claw2": {
					"rotation": [3.34567, 29.97734, 0.896]
				}
			}
		},
		"hand_detainer_2": {
			"loop": true,
			"animation_length": 1.25,
			"bones": {
				"magnet": {
					"rotation": {
						"0.0": [0, 0, 0],
						"1.25": [0, -720, 0]
					}
				},
				"left_claw3": {
					"rotation": {
						"0.0": [0, 0, 0],
						"1.25": [0, 0, 1080]
					}
				},
				"right_claw3": {
					"rotation": {
						"0.0": [0, 0, 0],
						"1.25": [0, 0, -1080]
					}
				},
				"upper_claw3": {
					"rotation": {
						"0.0": [0, 0, 0],
						"1.25": [0, 0, 1080]
					}
				},
				"left_claw": {
					"rotation": [0, 50, 0]
				},
				"right_claw": {
					"rotation": [0, -50, 0]
				},
				"upper_claw": {
					"rotation": [0, -59.5, 0],
					"position": [0, 5.4, -4.8]
				},
				"upper_claw2": {
					"rotation": [0, 5, 0],
					"position": [-0.8, 0, -1.5]
				}
			}
		},
		"hand_detainer_4": {
			"loop": true,
			"animation_length": 1.25,
			"bones": {
				"magnet": {
					"rotation": {
						"0.0": [0, 0, 0],
						"1.25": [0, -360, 0]
					}
				},
				"left_claw3": {
					"rotation": {
						"0.0": [0, 0, 0],
						"1.25": [0, 0, 720]
					}
				},
				"right_claw3": {
					"rotation": {
						"0.0": [0, 0, 0],
						"1.25": [0, 0, -720]
					}
				},
				"upper_claw3": {
					"rotation": {
						"0.0": [0, 0, 0],
						"1.25": [0, 0, 720]
					}
				},
				"upper_claw": {
					"rotation": [0, 9.5, 0],
					"position": [0, 0, -2.5]
				},
				"upper_claw2": {
					"rotation": [0, -12.5, 0],
					"position": [-1, 0, -2.5]
				},
				"right_claw": {
					"rotation": [-78.3488, 21.9522, 9.84415],
					"position": [4, -3, 0]
				},
				"right_claw2": {
					"rotation": [4.57475, -0.28046, 13.82252]
				}
			}
		},
		"attack_detainer": {
			"animation_length": 1.6667,
			"bones": {
				"toilet": {
					"rotation": {
						"0.0": [0, 0, 0],
						"0.125": [0, -1.12, 0],
						"0.5": [0, -3.62, 0],
						"0.6667": [0, -12.5, 0],
						"0.8333": [0, -3.62, 0],
						"1.4583": [0, 0, 0],
						"1.5833": [0, -1.12, 0]
					}
				},
				"left_claw": {
					"rotation": {
						"0.0": [0, 0, 0],
						"0.4583": [0, 0, 0],
						"0.7083": [-17.5, 0, 0],
						"1.0": [0, 0, 0]
					}
				},
				"right_claw": {
					"rotation": {
						"0.0": [0, 0, 0],
						"0.25": [0, 0, 0],
						"0.4167": [-0.35642, -63.87964, 16.27719],
						"0.5833": [-7.9765, -88.86914, 23.93213],
						"0.75": [-0.35642, -63.87964, 16.27719],
						"0.9167": [0, 0, 0],
						"1.0833": [0, 0, 0]
					}
				}
			}
		}
	}
}