{
    "scheme": "1.3",
    "name": "Fingers",
    "texture": [ 64, 64 ],
    "default": "b.a:fingers/NewMattiou.png",
    "skins": "fred",
    "limbs": {
        "right_f4": {
            "size": [ 1, 2, 1 ],
            "texture": [ 46, 29 ],
            "anchor": [ 0.5, 0.75, 0.5 ],
            "origin": [ 0.0, 0.0, 0.0 ],
            "specular": 0
        },
        "right_f3": {
            "size": [ 1, 2, 1 ],
            "texture": [ 45, 29 ],
            "anchor": [ 0.5, 0.75, 0.5 ],
            "origin": [ 0.0, 0.0, 0.0 ],
            "specular": 0
        },
        "right_f2": {
            "size": [ 1, 2, 1 ],
            "texture": [ 44, 29 ],
            "anchor": [ 0.5, 0.75, 0.5 ],
            "origin": [ 0.0, 0.0, 0.0 ],
            "specular": 0
        },
        "right_f1": {
            "size": [ 1, 2, 1 ],
            "texture": [ 43, 29 ],
            "anchor": [ 0.5, 0.75, 0.5 ],
            "origin": [ 0.0, 0.0, 0.0 ],
            "specular": 0
        }
    },
    "poses": {
        "standing": {
            "size": [ 0.6, 1.8, 0.6 ],
            "limbs": {
                "right_f4": {
                    "translate": [ 1.0, 0.5, -1.5 ]
                },
                "right_f3": {
                    "translate": [ -1.0, 0.5, -1.5 ]
                },
                "right_f2": {
                    "translate": [ -1.0, 0.5, 0.0 ]
                },
                "right_f1": {
                    "translate": [ -1.0, 0.5, 1.5 ]
                }
            }
        },
        "flying": {
            "size": [ 0.6, 0.6, 0.6 ],
            "limbs": {}
        },
        "sneaking": {
            "size": [ 0.6, 1.65, 0.6 ],
            "limbs": {}
        },
        "riding": {
            "size": [ 0.6, 1.8, 0.6 ],
            "limbs": {}
        },
        "dabbing": {
            "size": [ 0.6, 1.8, 0.6 ],
            "limbs": {}
        },
        "t_pose": {
            "size": [ 0.6, 1.8, 0.6 ],
            "limbs": {}
        },
        "sleeping": {
            "size": [ 0.6, 0.4, 0.2 ],
            "limbs": {}
        },
        "sitting": {
            "size": [ 0.6, 1.3, 0.6 ],
            "limbs": {}
        },
        "lying": {
            "size": [ 0.6, 0.4, 0.2 ],
            "limbs": {}
        }
    }
}