{
	"format_version": "1.8.0",
	"animations": {
		"animation.skibidi.flushed": {
			"animation_length": 7,
			"bones": {
				"flush": {
					"position": {
						"0.0": [0, 0, 0],
						"0.125": {
							"pre": [0, -0.75, 0],
							"post": [0, -0.75, 0],
							"lerp_mode": "catmullrom"
						},
						"0.25": [0, 0, 0]
					}
				},
				"neck2": {
					"rotation": {
						"0.0": {
							"post": [0, 0, 0],
							"lerp_mode": "catmullrom"
						},
						"7.0": {
							"post": [0, 0, 0],
							"lerp_mode": "catmullrom"
						}
					},
					"position": {
						"0.0": {
							"post": [0, 0, 0],
							"lerp_mode": "catmullrom"
						},
						"3.9167": {
							"post": [0, -5, 2],
							"lerp_mode": "catmullrom"
						},
						"7.0": {
							"post": [0, 0, 0],
							"lerp_mode": "catmullrom"
						}
					},
					"scale": {
						"0.0": {
							"post": [1, 1, 1],
							"lerp_mode": "catmullrom"
						},
						"0.5833": {
							"post": [1, 1.3, 1],
							"lerp_mode": "catmullrom"
						},
						"1.5": {
							"post": [1, 1.3, 1],
							"lerp_mode": "catmullrom"
						},
						"3.9167": {
							"post": [1, 0.2, 1],
							"lerp_mode": "catmullrom"
						},
						"7.0": {
							"post": [1, 0.2, 1],
							"lerp_mode": "catmullrom"
						}
					}
				},
				"head": {
					"rotation": {
						"0.0": {
							"post": [0, 0, 0],
							"lerp_mode": "catmullrom"
						},
						"4.0": {
							"post": [0, 2160, 0],
							"lerp_mode": "catmullrom"
						},
						"7.0": {
							"post": [0, 2160, 0],
							"lerp_mode": "catmullrom"
						}
					}
				}
			}
		},
		"animation.toilet_titan.default_4": {
			"loop": true,
			"bones": {
				"root": {
					"position": [0, 0, 0],
					"scale": 3
				}
			}
		},
		"animation.ic_skibidi_copter.idle": {
			"loop": true,
			"animation_length": 4,
			"bones": {
				"1": {
					"position": [-0.5, 0, -0.25],
					"scale": 0.8
				},
				"2": {
					"position": [0.5, 0, -0.25],
					"scale": 0.8
				},
				"toilet": {
					"rotation": {
						"0.0": ["-2.5+query.target_x_rotation * 0.4", "0+query.target_y_rotation * 0.7", "0-query.target_y_rotation * 0.1"],
						"0.0417": [-2.38844, 0, 0],
						"0.5833": [0.01182, 0, 0],
						"1.125": [2.3963, 0, 0],
						"1.6667": [4.42123, 0, 0],
						"1.9583": ["5+query.target_x_rotation * 0.4", "query.target_y_rotation * 0.7", "-query.target_y_rotation * 0.1"],
						"2.0": [4.97923, 0, 0],
						"2.5417": [3.46803, 0, 0],
						"3.0833": [1.31664, 0, 0],
						"3.625": [-1.01311, 0, 0],
						"3.9583": [-2.3926, 0, 0],
						"4.0": ["-2.5+query.target_x_rotation * 0.4", "0+query.target_y_rotation * 0.7", "0-query.target_y_rotation * 0.1"]
					},
					"position": {
						"0.0": {
							"post": [0, 1, 0],
							"lerp_mode": "catmullrom"
						},
						"2.0833": {
							"post": [0, -1, 0],
							"lerp_mode": "catmullrom"
						},
						"4.0": {
							"post": [0, 1, 0],
							"lerp_mode": "catmullrom"
						}
					}
				},
				"blades": {
					"rotation": {
						"0.0": [0, 0, 0],
						"4.0": [0, 2160, 0]
					}
				},
				"neck2": {
					"position": {
						"0.0": {
							"post": [-0.5, 0, 0],
							"lerp_mode": "catmullrom"
						},
						"0.0833": {
							"post": [0.5, 0, 0],
							"lerp_mode": "catmullrom"
						},
						"0.1667": {
							"post": [-0.5, 0, 0],
							"lerp_mode": "catmullrom"
						},
						"0.25": {
							"post": [0.5, 0, 0],
							"lerp_mode": "catmullrom"
						},
						"0.3333": {
							"post": [-0.5, 0, 0],
							"lerp_mode": "catmullrom"
						},
						"0.4167": {
							"post": [0.5, 0, 0],
							"lerp_mode": "catmullrom"
						},
						"0.5": {
							"post": [-0.5, 0, 0],
							"lerp_mode": "catmullrom"
						},
						"0.5833": {
							"post": [0.5, 0, 0],
							"lerp_mode": "catmullrom"
						},
						"0.6667": {
							"post": [-0.5, 0, 0],
							"lerp_mode": "catmullrom"
						},
						"0.75": {
							"post": [0.5, 0, 0],
							"lerp_mode": "catmullrom"
						},
						"0.8333": {
							"post": [-0.5, 0, 0],
							"lerp_mode": "catmullrom"
						},
						"0.9167": {
							"post": [0.5, 0, 0],
							"lerp_mode": "catmullrom"
						},
						"1.0": {
							"post": [-0.5, 0, 0],
							"lerp_mode": "catmullrom"
						},
						"1.0833": {
							"post": [0.5, 0, 0],
							"lerp_mode": "catmullrom"
						},
						"1.1667": {
							"post": [-0.5, 0, 0],
							"lerp_mode": "catmullrom"
						},
						"1.25": {
							"post": [0.5, 0, 0],
							"lerp_mode": "catmullrom"
						},
						"1.3333": {
							"post": [-0.5, 0, 0],
							"lerp_mode": "catmullrom"
						},
						"1.4167": {
							"post": [0.5, 0, 0],
							"lerp_mode": "catmullrom"
						},
						"1.5": {
							"post": [-0.5, 0, 0],
							"lerp_mode": "catmullrom"
						},
						"1.5833": {
							"post": [0.5, 0, 0],
							"lerp_mode": "catmullrom"
						},
						"1.6667": {
							"post": [-0.5, 0, 0],
							"lerp_mode": "catmullrom"
						},
						"1.75": {
							"post": [0.5, 0, 0],
							"lerp_mode": "catmullrom"
						},
						"1.8333": {
							"post": [-0.5, 0, 0],
							"lerp_mode": "catmullrom"
						},
						"1.9167": {
							"post": [0.5, 0, 0],
							"lerp_mode": "catmullrom"
						},
						"2.0": {
							"post": [-0.5, 0, 0],
							"lerp_mode": "catmullrom"
						},
						"2.0833": {
							"post": [0.5, 0, 0],
							"lerp_mode": "catmullrom"
						},
						"2.1667": {
							"post": [-0.5, 0, 0],
							"lerp_mode": "catmullrom"
						},
						"2.25": {
							"post": [0.5, 0, 0],
							"lerp_mode": "catmullrom"
						},
						"2.3333": {
							"post": [-0.5, 0, 0],
							"lerp_mode": "catmullrom"
						},
						"2.4167": {
							"post": [0.5, 0, 0],
							"lerp_mode": "catmullrom"
						},
						"2.5": {
							"post": [-0.5, 0, 0],
							"lerp_mode": "catmullrom"
						},
						"2.5833": {
							"post": [0.5, 0, 0],
							"lerp_mode": "catmullrom"
						},
						"2.6667": {
							"post": [-0.5, 0, 0],
							"lerp_mode": "catmullrom"
						},
						"2.75": {
							"post": [0.5, 0, 0],
							"lerp_mode": "catmullrom"
						},
						"2.8333": {
							"post": [-0.5, 0, 0],
							"lerp_mode": "catmullrom"
						},
						"2.9167": {
							"post": [0.5, 0, 0],
							"lerp_mode": "catmullrom"
						},
						"3.0": {
							"post": [-0.5, 0, 0],
							"lerp_mode": "catmullrom"
						},
						"3.0833": {
							"post": [0.5, 0, 0],
							"lerp_mode": "catmullrom"
						},
						"3.1667": {
							"post": [-0.5, 0, 0],
							"lerp_mode": "catmullrom"
						},
						"3.25": {
							"post": [0.5, 0, 0],
							"lerp_mode": "catmullrom"
						},
						"3.3333": {
							"post": [-0.5, 0, 0],
							"lerp_mode": "catmullrom"
						},
						"3.4167": {
							"post": [0.5, 0, 0],
							"lerp_mode": "catmullrom"
						},
						"3.5": {
							"post": [-0.5, 0, 0],
							"lerp_mode": "catmullrom"
						},
						"3.5833": {
							"post": [0.5, 0, 0],
							"lerp_mode": "catmullrom"
						},
						"3.6667": {
							"post": [-0.5, 0, 0],
							"lerp_mode": "catmullrom"
						},
						"3.75": {
							"post": [0.5, 0, 0],
							"lerp_mode": "catmullrom"
						},
						"3.8333": {
							"post": [-0.5, 0, 0],
							"lerp_mode": "catmullrom"
						},
						"3.9167": {
							"post": [0.5, 0, 0],
							"lerp_mode": "catmullrom"
						},
						"4.0": {
							"post": [-0.5, 0, 0],
							"lerp_mode": "catmullrom"
						}
					}
				},
				"head": {
					"rotation": ["10+query.target_x_rotation * 0.6", "0+query.target_y_rotation * 0.3", 0]
				},
				"mouth": {
					"scale": [1.1, 1.2, 1]
				},
				"upper_mouth": {
					"position": [0, 1, 0]
				}
			}
		}
	}
}