{
	"format_version": "1.12.0",
	"minecraft:geometry": [
		{
			"description": {
				"identifier": "geometry.ic_upgraded_g_toilet",
				"texture_width": 256,
				"texture_height": 256,
				"visible_bounds_width": 10,
				"visible_bounds_height": 5.5,
				"visible_bounds_offset": [0, 2.25, 0]
			},
			"bones": [
				{
					"name": "toilet",
					"pivot": [0, 2, 0],
					"cubes": [
						{"origin": [-5, 4, -5], "size": [10, 7, 10], "uv": [0, 72]},
						{"origin": [-5, 1, 5], "size": [10, 18, 10], "uv": [216, 39]},
						{"origin": [-6, 0, -11], "size": [12, 4, 23], "uv": [182, 11]},
						{"origin": [-6.5, 3, -15], "size": [13, 14, 4], "pivot": [0, 2, 0], "rotation": [12.5, 0, 0], "uv": [43, 200]},
						{"origin": [-6.5, 3, -14], "size": [13, 14, 4], "inflate": -0.3, "pivot": [0, 2, 0], "rotation": [12.5, 0, 0], "uv": [44, 200]},
						{"origin": [-7, 11, -7], "size": [14, 3, 14], "uv": [0, 37]},
						{"origin": [-9, 13, -7.5], "size": [9, 3, 15], "pivot": [0, 23, 0], "rotation": [0, 0, -77.5], "uv": [0, 54]},
						{"origin": [0, 13, -7.5], "size": [9, 3, 15], "pivot": [0, 23, 0], "rotation": [0, 0, 77.5], "uv": [0, 54], "mirror": true},
						{"origin": [-7.5, 13, -9], "size": [15, 3, 9], "pivot": [0, 23, 0], "rotation": [77.5, 0, 0], "uv": [58, 23]},
						{"origin": [-7.5, 13, 0], "size": [15, 3, 9], "pivot": [0, 23, 0], "rotation": [-77.5, 0, 0], "uv": [58, 11]},
						{"origin": [-8, 19.16026, -9.29852], "size": [16, 4, 2], "pivot": [0, 21.16026, -8.29852], "rotation": [-90, 0, 0], "uv": [68, 0]},
						{"origin": [-8, 19.16026, 7.29852], "size": [16, 4, 2], "pivot": [0, 21.16026, 8.29852], "rotation": [90, 0, 0], "uv": [68, 0]},
						{"origin": [7.27352, 19.16026, -8], "size": [2, 4, 16], "pivot": [8.29852, 21.16026, 0], "rotation": [0, 0, -90], "uv": [24, 73]},
						{"origin": [-9.27352, 19.16026, -8], "size": [2, 4, 16], "pivot": [-8.29852, 21.16026, 0], "rotation": [0, 0, 90], "uv": [24, 73]},
						{"origin": [-5.5, 24.66026, -12.29852], "size": [11, 12, 9], "pivot": [0, 22.16026, -8.29852], "rotation": [-90, 0, 0], "uv": [76, 218]}
					]
				},
				{
					"name": "lid1",
					"parent": "toilet",
					"pivot": [0, 23, 9],
					"cubes": [
						{"origin": [-8, 20.16026, -9.29852], "size": [16, 4, 1], "pivot": [0, 22.16026, -8.29852], "rotation": [-90, 0, 0], "uv": [97, 11]},
						{"origin": [-9.27352, 20.16026, -8], "size": [1, 4, 16], "pivot": [-8.29852, 22.16026, 0], "rotation": [0, 0, 90], "uv": [80, 57]},
						{"origin": [-8, 20.16026, 8.29852], "size": [16, 4, 1], "pivot": [0, 22.16026, 8.29852], "rotation": [90, 0, 0], "uv": [97, 11], "mirror": true},
						{"origin": [8.27352, 20.16026, -8], "size": [1, 4, 16], "pivot": [8.29852, 22.16026, 0], "rotation": [0, 0, -90], "uv": [80, 57]}
					]
				},
				{
					"name": "back",
					"parent": "toilet",
					"pivot": [0, 23, 11],
					"cubes": [
						{"origin": [-10.5, 19, 10], "size": [21, 21, 6], "uv": [149, 0]},
						{"origin": [-9.5, 20, 15], "size": [19, 19, 6], "uv": [206, 200]},
						{"origin": [9.5, 21, 16], "size": [3, 17, 3], "uv": [244, 230]},
						{"origin": [-12.5, 21, 16], "size": [3, 17, 3], "uv": [244, 230], "mirror": true},
						{"origin": [10, 37, 19], "size": [4, 7, 3], "uv": [194, 231]},
						{"origin": [-14, 37, 19], "size": [4, 7, 3], "uv": [194, 231], "mirror": true},
						{"origin": [-9, 43, 10.5], "size": [18, 3, 5], "uv": [3, 3]},
						{"origin": [-9.5, 23, 10], "size": [19, 22, 6], "inflate": -0.2, "uv": [206, 87]}
					]
				},
				{
					"name": "rocket_left",
					"parent": "back",
					"pivot": [2.75, 31.61551, 8.92191],
					"rotation": [0, -47.5, 0],
					"cubes": [
						{"origin": [16.72968, 21, 4.77082], "size": [4, 15, 4], "pivot": [17.52968, 24.875, 6.77082], "rotation": [0, 32.5, 0], "uv": [0, 237], "mirror": true},
						{"origin": [16.72968, 36, 4.77082], "size": [4, 3, 4], "inflate": 0.2, "pivot": [17.52968, 24.875, 6.77082], "rotation": [0, 32.5, 0], "uv": [20, 249], "mirror": true},
						{"origin": [16.72968, 7.75, 4.77082], "size": [4, 3, 4], "pivot": [17.52968, 24.875, 6.77082], "rotation": [0, 32.5, 0], "uv": [39, 249], "mirror": true},
						{"origin": [16.72968, 11, 4.77082], "size": [4, 3, 4], "inflate": 0.3, "pivot": [17.52968, 24.875, 6.77082], "rotation": [0, 32.5, 0], "uv": [53, 246], "mirror": true},
						{"origin": [16.72968, 14, 4.77082], "size": [4, 3, 4], "inflate": 0.1, "pivot": [17.52968, 24.875, 6.77082], "rotation": [0, 32.5, 0], "uv": [73, 248], "mirror": true},
						{"origin": [16.72968, 13, 4.77082], "size": [4, 15, 4], "inflate": -0.3, "pivot": [17.52968, 24.875, 6.77082], "rotation": [0, 32.5, 0], "uv": [0, 237], "mirror": true},
						{"origin": [15.82968, 23, 5.77082], "size": [1, 7, 2], "pivot": [17.52968, 24.875, 6.77082], "rotation": [0, 32.5, 0], "uv": [0, 209], "mirror": true},
						{"origin": [15.82968, 29, 5.77082], "size": [1, 7, 2], "pivot": [17.52968, 24.875, 6.77082], "rotation": [0, 32.5, 0], "uv": [0, 209], "mirror": true}
					],
					"locators": {
						"thrust2": {
							"offset": [18.37232, 10, 6.68309],
							"rotation": [180, 32.5, 0]
						}
					}
				},
				{
					"name": "rocket_right",
					"parent": "back",
					"pivot": [-2.75, 31.61551, 8.92191],
					"rotation": [0, 47.5, 0],
					"cubes": [
						{"origin": [-20.72968, 21, 4.77082], "size": [4, 15, 4], "pivot": [-17.52968, 24.875, 6.77082], "rotation": [0, -32.5, 0], "uv": [0, 237]},
						{"origin": [-20.72968, 36, 4.77082], "size": [4, 3, 4], "inflate": 0.2, "pivot": [-17.52968, 24.875, 6.77082], "rotation": [0, -32.5, 0], "uv": [20, 249]},
						{"origin": [-20.72968, 7.75, 4.77082], "size": [4, 3, 4], "pivot": [-17.52968, 24.875, 6.77082], "rotation": [0, -32.5, 0], "uv": [39, 249]},
						{"origin": [-20.72968, 11, 4.77082], "size": [4, 3, 4], "inflate": 0.3, "pivot": [-17.52968, 24.875, 6.77082], "rotation": [0, -32.5, 0], "uv": [53, 246]},
						{"origin": [-20.72968, 14, 4.77082], "size": [4, 3, 4], "inflate": 0.1, "pivot": [-17.52968, 24.875, 6.77082], "rotation": [0, -32.5, 0], "uv": [73, 248]},
						{"origin": [-20.72968, 13, 4.77082], "size": [4, 15, 4], "inflate": -0.3, "pivot": [-17.52968, 24.875, 6.77082], "rotation": [0, -32.5, 0], "uv": [0, 237]},
						{"origin": [-16.82968, 23, 5.77082], "size": [1, 7, 2], "pivot": [-17.52968, 24.875, 6.77082], "rotation": [0, -32.5, 0], "uv": [0, 209]},
						{"origin": [-16.82968, 29, 5.77082], "size": [1, 7, 2], "pivot": [-17.52968, 24.875, 6.77082], "rotation": [0, -32.5, 0], "uv": [0, 209]}
					],
					"locators": {
						"thrust": {
							"offset": [-18.37232, 10, 6.68309],
							"rotation": [180, -32.5, 0]
						}
					}
				},
				{
					"name": "rocket_left2",
					"parent": "back",
					"pivot": [19.58487, 16.90625, 3.55209],
					"rotation": [90, 0, 0],
					"cubes": [
						{"origin": [18.30001, 19, 1.80484], "size": [4, 10, 4], "inflate": 0.1, "pivot": [19.10001, 18.875, 3.80484], "rotation": [0, 32.5, 0], "uv": [0, 237], "mirror": true},
						{"origin": [17.80001, 27, 1.30484], "size": [5, 3, 5], "pivot": [19.10001, 18.875, 3.80484], "rotation": [0, 32.5, 0], "uv": [21, 228], "mirror": true},
						{"origin": [18.30001, 3.75, 1.80484], "size": [4, 3, 4], "pivot": [19.10001, 18.875, 3.80484], "rotation": [0, 32.5, 0], "uv": [39, 249], "mirror": true},
						{"origin": [18.30001, 7, 1.80484], "size": [4, 3, 4], "inflate": 0.3, "pivot": [19.10001, 18.875, 3.80484], "rotation": [0, 32.5, 0], "uv": [53, 246], "mirror": true},
						{"origin": [18.30001, 11, 1.80484], "size": [4, 15, 4], "inflate": -0.1, "pivot": [19.10001, 18.875, 3.80484], "rotation": [0, 32.5, 0], "uv": [0, 237], "mirror": true},
						{"origin": [6.58487, 13.90625, 2.55209], "size": [12, 11, 1], "uv": [230, 187]},
						{"origin": [19.72968, 10, 3.27082], "size": [4, 3, 4], "inflate": 0.1, "pivot": [17.52968, 24.875, 6.77082], "rotation": [0, 32.5, 0], "uv": [73, 248], "mirror": true}
					],
					"locators": {
						"thrust3": {
							"offset": [20.23002, 6, 3.23761],
							"rotation": [180, 32.5, 0]
						}
					}
				},
				{
					"name": "rocket_right2",
					"parent": "back",
					"pivot": [-19.58487, 16.90625, 3.55209],
					"rotation": [90, 0, 0],
					"cubes": [
						{"origin": [-22.30001, 19, 1.80484], "size": [4, 10, 4], "inflate": 0.1, "pivot": [-19.10001, 18.875, 3.80484], "rotation": [0, -32.5, 0], "uv": [0, 237]},
						{"origin": [-22.80001, 27, 1.30484], "size": [5, 3, 5], "pivot": [-19.10001, 18.875, 3.80484], "rotation": [0, -32.5, 0], "uv": [21, 228]},
						{"origin": [-22.30001, 3.75, 1.80484], "size": [4, 3, 4], "pivot": [-19.10001, 18.875, 3.80484], "rotation": [0, -32.5, 0], "uv": [39, 249]},
						{"origin": [-22.30001, 7, 1.80484], "size": [4, 3, 4], "inflate": 0.3, "pivot": [-19.10001, 18.875, 3.80484], "rotation": [0, -32.5, 0], "uv": [53, 246]},
						{"origin": [-22.30001, 11, 1.80484], "size": [4, 15, 4], "inflate": -0.1, "pivot": [-19.10001, 18.875, 3.80484], "rotation": [0, -32.5, 0], "uv": [0, 237]},
						{"origin": [-18.58487, 12.90625, 2.55209], "size": [12, 11, 1], "uv": [230, 187], "mirror": true},
						{"origin": [-23.72968, 10, 3.27082], "size": [4, 3, 4], "inflate": 0.1, "pivot": [-17.52968, 24.875, 6.77082], "rotation": [0, -32.5, 0], "uv": [73, 248]}
					],
					"locators": {
						"thrust4": {
							"offset": [-20.23002, 6, 3.23761],
							"rotation": [180, -32.5, 0]
						}
					}
				},
				{
					"name": "lid2",
					"parent": "toilet",
					"pivot": [0, 22, 10],
					"cubes": [
						{"origin": [-7, 23, 8], "size": [14, 2, 2], "uv": [44, 78]}
					]
				},
				{
					"name": "flush",
					"parent": "toilet",
					"pivot": [0, 43, 13],
					"cubes": [
						{"origin": [-1, 42, 12], "size": [2, 2, 2], "uv": [0, 0]}
					]
				},
				{
					"name": "neck",
					"parent": "toilet",
					"pivot": [0, 14, 5.675],
					"rotation": [15, 0, 0],
					"cubes": [
						{"origin": [-2.5, 11.34478, 1.52888], "size": [5, 10, 5], "pivot": [0, 17.49954, 0.84149], "rotation": [25, 0, 0], "uv": [77, 89]}
					]
				},
				{
					"name": "neck2",
					"parent": "neck",
					"pivot": [0, 21.55658, 1.98278],
					"rotation": [-27.5, 0, 0],
					"cubes": [
						{"origin": [-2.575, 18.72074, -2.62002], "size": [5, 10, 5], "pivot": [0, 25.87551, -3.30741], "rotation": [25, 0, 0], "uv": [56, 89]}
					]
				},
				{
					"name": "head",
					"parent": "neck2",
					"pivot": [0, 30.55658, -2.01722],
					"cubes": [
						{"origin": [-5, 28.55658, -7.01722], "size": [10, 12, 10], "pivot": [0, 31.55658, -2.01722], "rotation": [10, 0, 0], "uv": [0, 111]}
					]
				},
				{
					"name": "eye_lasers",
					"parent": "head",
					"pivot": [0, 31.55658, -2.01722],
					"cubes": [
						{"origin": [-7, 33.71482, -1.06201], "size": [2, 4, 4], "pivot": [-6, 34.46482, -1.81201], "rotation": [-35, 0, 0], "uv": [127, 81], "mirror": true},
						{"origin": [5, 33.71482, -1.06201], "size": [2, 4, 4], "pivot": [6, 34.46482, -1.81201], "rotation": [-35, 0, 0], "uv": [127, 81]},
						{"origin": [-6.75, 33.55658, -8.26722], "size": [1, 1, 6], "pivot": [0, 33.55658, -8.01722], "rotation": [10, 0, 0], "uv": [207, 121]},
						{"origin": [-6.25, 32.30658, -6.26722], "size": [0, 2, 7], "pivot": [0, 33.55658, -8.01722], "rotation": [10, 0, 0], "uv": [224, 111]},
						{"origin": [6.25, 32.30658, -6.26722], "size": [0, 2, 7], "pivot": [0, 33.55658, -8.01722], "rotation": [10, 0, 0], "uv": [224, 111], "mirror": true},
						{"origin": [5.75, 33.55658, -8.26722], "size": [1, 1, 6], "pivot": [0, 33.55658, -8.01722], "rotation": [10, 0, 0], "uv": [207, 121], "mirror": true}
					]
				},
				{
					"name": "eyes",
					"parent": "head",
					"pivot": [0, 33.67209, -6.87575],
					"rotation": [10, 0, 0],
					"cubes": [
						{
							"origin": [-3.5, 32.79709, -7.87575],
							"size": [2.25, 1.75, 2],
							"uv": {
								"north": {"uv": [2, 43], "uv_size": [2, 2]},
								"east": {"uv": [0, 43], "uv_size": [2, 2]},
								"south": {"uv": [6, 43], "uv_size": [2, 2]},
								"west": {"uv": [4, 43], "uv_size": [2, 2]},
								"up": {"uv": [2, 41], "uv_size": [2, 2]},
								"down": {"uv": [4, 43], "uv_size": [2, -2]}
							}
						},
						{
							"origin": [1.25, 32.79709, -7.87575],
							"size": [2.25, 1.75, 2],
							"uv": {
								"north": {"uv": [4, 43], "uv_size": [-2, 2]},
								"east": {"uv": [6, 43], "uv_size": [-2, 2]},
								"south": {"uv": [8, 43], "uv_size": [-2, 2]},
								"west": {"uv": [2, 43], "uv_size": [-2, 2]},
								"up": {"uv": [4, 41], "uv_size": [-2, 2]},
								"down": {"uv": [6, 43], "uv_size": [-2, -2]}
							}
						}
					]
				},
				{
					"name": "pupils",
					"parent": "eyes",
					"pivot": [0, 33.67209, -6.87575]
				},
				{
					"name": "1",
					"parent": "pupils",
					"pivot": [0, 33.67209, -6.87575],
					"cubes": [
						{"origin": [-2.85, 33.17209, -8.12575], "size": [1, 1, 1], "uv": [0, 46]}
					]
				},
				{
					"name": "2",
					"parent": "pupils",
					"pivot": [0, 33.67209, -6.87575],
					"cubes": [
						{"origin": [1.85, 33.17209, -8.12575], "size": [1, 1, 1], "uv": [0, 46], "mirror": true}
					]
				},
				{
					"name": "laser",
					"parent": "eyes",
					"pivot": [0, 33.67209, -5.87575],
					"cubes": [
						{
							"origin": [-3.5, 32.79709, -6.87575],
							"size": [2.25, 1.75, 2],
							"inflate": 0.3,
							"uv": {
								"north": {"uv": [250, 83], "uv_size": [2, 1]},
								"east": {"uv": [248, 83], "uv_size": [2, 1]},
								"south": {"uv": [254, 83], "uv_size": [2, 1]},
								"west": {"uv": [252, 83], "uv_size": [2, 1]},
								"up": {"uv": [250, 81], "uv_size": [2, 2]},
								"down": {"uv": [252, 83], "uv_size": [2, -2]}
							}
						},
						{
							"origin": [1.25, 32.79709, -6.87575],
							"size": [2.25, 1.75, 2],
							"inflate": 0.3,
							"uv": {
								"north": {"uv": [252, 83], "uv_size": [-2, 1]},
								"east": {"uv": [254, 83], "uv_size": [-2, 1]},
								"south": {"uv": [256, 83], "uv_size": [-2, 1]},
								"west": {"uv": [250, 83], "uv_size": [-2, 1]},
								"up": {"uv": [252, 81], "uv_size": [-2, 2]},
								"down": {"uv": [254, 83], "uv_size": [-2, -2]}
							}
						}
					]
				},
				{
					"name": "blast",
					"parent": "eyes",
					"pivot": [0, 33.67209, -6.87575],
					"cubes": [
						{
							"origin": [-2.95, 33.19709, -7.87575],
							"size": [1, 1, 2],
							"inflate": -0.3,
							"uv": {
								"north": {"uv": [250, 83], "uv_size": [2, 1]},
								"east": {"uv": [248, 83], "uv_size": [2, 1]},
								"south": {"uv": [254, 83], "uv_size": [2, 1]},
								"west": {"uv": [252, 83], "uv_size": [2, 1]},
								"up": {"uv": [250, 81], "uv_size": [2, 2]},
								"down": {"uv": [252, 83], "uv_size": [2, -2]}
							}
						},
						{
							"origin": [1.95, 33.19709, -7.87575],
							"size": [1, 1, 2],
							"inflate": -0.3,
							"uv": {
								"north": {"uv": [252, 83], "uv_size": [-2, 1]},
								"east": {"uv": [254, 83], "uv_size": [-2, 1]},
								"south": {"uv": [256, 83], "uv_size": [-2, 1]},
								"west": {"uv": [250, 83], "uv_size": [-2, 1]},
								"up": {"uv": [252, 81], "uv_size": [-2, 2]},
								"down": {"uv": [254, 83], "uv_size": [-2, -2]}
							}
						}
					]
				},
				{
					"name": "mouth",
					"parent": "head",
					"pivot": [0, 30.58158, -1.99222],
					"cubes": [
						{
							"origin": [-4.975, 29.48158, -6.99222],
							"size": [9.9, 3.1, 4],
							"pivot": [0, 31.58158, -1.99222],
							"rotation": [10, 0, 0],
							"uv": {
								"north": {"uv": [46, 135], "uv_size": [10, 3]},
								"east": {"uv": [42, 135], "uv_size": [4, 3]},
								"south": {"uv": [60, 135], "uv_size": [10, 3]},
								"west": {"uv": [56, 135], "uv_size": [4, 3]},
								"up": {"uv": [46, 131], "uv_size": [10, 4]},
								"down": {"uv": [56, 135], "uv_size": [10, -4]}
							}
						},
						{
							"origin": [-5, 28.55658, -7.01722],
							"size": [10, 5, 5],
							"pivot": [0, 31.55658, -2.01722],
							"rotation": [10, 0, 0],
							"uv": {
								"north": {"uv": [47, 144], "uv_size": [10, 5]},
								"east": {"uv": [42, 144], "uv_size": [5, 5]},
								"south": {"uv": [62, 144], "uv_size": [10, 5]},
								"west": {"uv": [57, 144], "uv_size": [5, 5]},
								"up": {"uv": [47, 139], "uv_size": [10, 5]},
								"down": {"uv": [57, 144], "uv_size": [10, -5]}
							}
						}
					]
				},
				{
					"name": "upper_mouth",
					"parent": "mouth",
					"pivot": [0, 30.58158, -1.99222],
					"cubes": [
						{
							"origin": [-4, 31.05658, -7.01722],
							"size": [8, 2, 0],
							"pivot": [0, 31.55658, -2.01722],
							"rotation": [10, 0, 0],
							"uv": {
								"north": {"uv": [0, 142], "uv_size": [8, 2]},
								"east": {"uv": [0, 142], "uv_size": [0, 2]},
								"south": {"uv": [8, 142], "uv_size": [8, 2]},
								"west": {"uv": [8, 142], "uv_size": [0, 2]},
								"up": {"uv": [0, 142], "uv_size": [8, 0]},
								"down": {"uv": [8, 142], "uv_size": [8, 0]}
							}
						}
					]
				},
				{
					"name": "lower_mouth2",
					"parent": "mouth",
					"pivot": [0, 30.58158, -1.99222],
					"cubes": [
						{
							"origin": [-4, 29.05658, -7.01722],
							"size": [8, 2, 0],
							"pivot": [0, 31.55658, -2.01722],
							"rotation": [10, 0, 0],
							"uv": {
								"north": {"uv": [0, 144], "uv_size": [8, -2]},
								"east": {"uv": [0, 142], "uv_size": [0, 2]},
								"south": {"uv": [8, 142], "uv_size": [8, 2]},
								"west": {"uv": [8, 142], "uv_size": [0, 2]},
								"up": {"uv": [0, 142], "uv_size": [8, 0]},
								"down": {"uv": [8, 142], "uv_size": [8, 0]}
							}
						}
					]
				},
				{
					"name": "teeth",
					"parent": "head",
					"pivot": [0, 30.55658, -3.01722]
				},
				{
					"name": "upper",
					"parent": "teeth",
					"pivot": [0, 31.05658, -2.01722],
					"cubes": [
						{"origin": [-3, 30.86015, -6.2625], "size": [6, 2, 4], "pivot": [0, 31.86015, -4.2625], "rotation": [-170, 0, 0], "uv": [35, 56]}
					]
				},
				{
					"name": "lower",
					"parent": "teeth",
					"pivot": [0, 31.20658, -2.01722],
					"cubes": [
						{"origin": [-3, 28.89053, -5.9152], "size": [6, 2, 4], "pivot": [0, 29.89053, -3.9152], "rotation": [170, 0, 180], "uv": [35, 56]}
					]
				},
				{
					"name": "glasses",
					"parent": "head",
					"pivot": [0, 33.55658, -8.01722],
					"cubes": [
						{"origin": [-5.5, 32.05658, -8.26722], "size": [11, 3, 6], "pivot": [0, 33.55658, -8.01722], "rotation": [10, 0, 0], "uv": [219, 148]}
					]
				},
				{
					"name": "laser_left",
					"parent": "toilet",
					"pivot": [11.7, 41, 4.9],
					"rotation": [0, 0, 45],
					"cubes": [
						{"origin": [11, 40, -1], "size": [2, 2, 15], "inflate": 0.1, "uv": [118, 25]},
						{"origin": [10.5, 39.5, 13], "size": [3, 3, 7], "inflate": 0.1, "uv": [129, 0]},
						{"origin": [10, 40.5, 4], "size": [1, 1, 9], "uv": [152, 36]},
						{"origin": [10.5, 39.5, -6], "size": [3, 3, 5], "inflate": 0.1, "uv": [126, 46]},
						{"origin": [10.5, 39.5, -6], "size": [3, 3, 5], "inflate": -0.1, "uv": [124, 58]}
					]
				},
				{
					"name": "blast2",
					"parent": "laser_left",
					"pivot": [12.025, 40.99709, -3.87575],
					"cubes": [
						{
							"origin": [11.525, 40.49709, -4.87575],
							"size": [1, 1, 2],
							"inflate": -0.1,
							"uv": {
								"north": {"uv": [250, 83], "uv_size": [2, 1]},
								"east": {"uv": [248, 83], "uv_size": [2, 1]},
								"south": {"uv": [254, 83], "uv_size": [2, 1]},
								"west": {"uv": [252, 83], "uv_size": [2, 1]},
								"up": {"uv": [250, 81], "uv_size": [2, 2]},
								"down": {"uv": [252, 83], "uv_size": [2, -2]}
							}
						}
					]
				},
				{
					"name": "laser_right",
					"parent": "toilet",
					"pivot": [-11.7, 41, 4.9],
					"rotation": [0, 0, -45],
					"cubes": [
						{"origin": [-13, 40, -1], "size": [2, 2, 15], "inflate": 0.1, "uv": [118, 25], "mirror": true},
						{"origin": [-13.5, 39.5, 13], "size": [3, 3, 7], "inflate": 0.1, "uv": [129, 0], "mirror": true},
						{"origin": [-11, 40.5, 4], "size": [1, 1, 9], "uv": [152, 36], "mirror": true},
						{"origin": [-13.5, 39.5, -6], "size": [3, 3, 5], "inflate": 0.1, "uv": [126, 46], "mirror": true},
						{"origin": [-13.5, 39.5, -6], "size": [3, 3, 5], "inflate": -0.1, "uv": [124, 58], "mirror": true}
					]
				},
				{
					"name": "blast3",
					"parent": "laser_right",
					"pivot": [-12.025, 40.99709, -3.87575],
					"cubes": [
						{
							"origin": [-12.525, 40.49709, -4.87575],
							"size": [1, 1, 2],
							"inflate": -0.1,
							"uv": {
								"north": {"uv": [252, 83], "uv_size": [-2, 1]},
								"east": {"uv": [254, 83], "uv_size": [-2, 1]},
								"south": {"uv": [256, 83], "uv_size": [-2, 1]},
								"west": {"uv": [250, 83], "uv_size": [-2, 1]},
								"up": {"uv": [252, 81], "uv_size": [-2, 2]},
								"down": {"uv": [254, 83], "uv_size": [-2, -2]}
							}
						}
					]
				},
				{
					"name": "laser_left3",
					"parent": "toilet",
					"pivot": [9.5, 11, -5],
					"rotation": [0, 0, 42.5],
					"cubes": [
						{"origin": [9.5, 10, -16], "size": [2, 2, 15], "inflate": 0.1, "uv": [118, 25]},
						{"origin": [9, 9.5, -2], "size": [3, 3, 7], "inflate": 0.1, "uv": [129, 0]},
						{"origin": [8.5, 10.5, -3], "size": [1, 1, 9], "pivot": [11, 11, -6.5], "rotation": [0, 0, 55], "uv": [152, 36]},
						{"origin": [7.5, 10.5, -3], "size": [1, 1, 9], "pivot": [11, 11, -6.5], "rotation": [0, 0, 55], "uv": [152, 36]},
						{"origin": [9, 9.5, -21], "size": [3, 3, 5], "inflate": 0.1, "uv": [126, 46]},
						{"origin": [9, 9.5, -21], "size": [3, 3, 5], "inflate": -0.1, "uv": [124, 58]},
						{"origin": [9.25, 6, 5], "size": [4, 7, 3], "pivot": [11, 11.5, 6.5], "rotation": [0, 0, -35], "uv": [194, 231]}
					]
				},
				{
					"name": "blast5",
					"parent": "laser_left3",
					"pivot": [10.525, 10.99709, -18.87575],
					"cubes": [
						{
							"origin": [10.025, 10.49709, -19.87575],
							"size": [1, 1, 2],
							"inflate": -0.1,
							"uv": {
								"north": {"uv": [250, 83], "uv_size": [2, 1]},
								"east": {"uv": [248, 83], "uv_size": [2, 1]},
								"south": {"uv": [254, 83], "uv_size": [2, 1]},
								"west": {"uv": [252, 83], "uv_size": [2, 1]},
								"up": {"uv": [250, 81], "uv_size": [2, 2]},
								"down": {"uv": [252, 83], "uv_size": [2, -2]}
							}
						}
					]
				},
				{
					"name": "laser_right3",
					"parent": "toilet",
					"pivot": [-9.5, 11, -5],
					"rotation": [0, 0, -42.5],
					"cubes": [
						{"origin": [-11.5, 10, -16], "size": [2, 2, 15], "inflate": 0.1, "uv": [118, 25], "mirror": true},
						{"origin": [-12, 9.5, -2], "size": [3, 3, 7], "inflate": 0.1, "uv": [129, 0], "mirror": true},
						{"origin": [-9.5, 10.5, -3], "size": [1, 1, 9], "pivot": [-11, 11, -6.5], "rotation": [0, 0, -55], "uv": [152, 36], "mirror": true},
						{"origin": [-8.5, 10.5, -3], "size": [1, 1, 9], "pivot": [-11, 11, -6.5], "rotation": [0, 0, -55], "uv": [152, 36], "mirror": true},
						{"origin": [-12, 9.5, -21], "size": [3, 3, 5], "inflate": 0.1, "uv": [126, 46], "mirror": true},
						{"origin": [-12, 9.5, -21], "size": [3, 3, 5], "inflate": -0.1, "uv": [124, 58], "mirror": true},
						{"origin": [-13.25, 6, 5], "size": [4, 7, 3], "pivot": [-11, 11.5, 6.5], "rotation": [0, 0, 35], "uv": [194, 231], "mirror": true}
					]
				},
				{
					"name": "blast4",
					"parent": "laser_right3",
					"pivot": [-10.525, 10.99709, -18.87575],
					"cubes": [
						{
							"origin": [-11.025, 10.49709, -19.87575],
							"size": [1, 1, 2],
							"inflate": -0.1,
							"uv": {
								"north": {"uv": [252, 83], "uv_size": [-2, 1]},
								"east": {"uv": [254, 83], "uv_size": [-2, 1]},
								"south": {"uv": [256, 83], "uv_size": [-2, 1]},
								"west": {"uv": [250, 83], "uv_size": [-2, 1]},
								"up": {"uv": [252, 81], "uv_size": [-2, 2]},
								"down": {"uv": [254, 83], "uv_size": [-2, -2]}
							}
						}
					]
				},
				{
					"name": "laser_right2",
					"parent": "toilet",
					"pivot": [-11.5, 24, -4.5],
					"rotation": [0, 0, -42.5],
					"cubes": [
						{"origin": [-13.5, 23, -15.5], "size": [2, 2, 15], "inflate": 0.1, "uv": [118, 25], "mirror": true},
						{"origin": [-14, 22.5, -1.5], "size": [3, 3, 7], "inflate": 0.1, "uv": [129, 0], "mirror": true},
						{"origin": [-14, 22.5, -10.5], "size": [3, 3, 7], "inflate": 0.1, "uv": [129, 0], "mirror": true},
						{"origin": [-14, 22.5, -19.5], "size": [3, 3, 5], "inflate": 0.1, "uv": [126, 46], "mirror": true},
						{"origin": [-14.5, 22, -23.5], "size": [4, 4, 5], "pivot": [-12.5, 24, -19], "rotation": [0, 0, 42.5], "uv": [93, 108], "mirror": true},
						{"origin": [-15, 21.5, -20.5], "size": [5, 5, 3], "pivot": [-12.5, 24, -19], "rotation": [0, 0, 42.5], "uv": [93, 119], "mirror": true},
						{"origin": [-14, 22.5, -23.4], "size": [3, 3, 5], "inflate": 0.2, "pivot": [-12.5, 24, -21], "rotation": [0, 0, 42.5], "uv": [124, 58], "mirror": true},
						{"origin": [-14.25, 21.5, 5.5], "size": [4, 7, 3], "pivot": [-13, 24.5, 7], "rotation": [0, 0, 35], "uv": [194, 231], "mirror": true}
					]
				},
				{
					"name": "blast6",
					"parent": "laser_right2",
					"pivot": [-12.525, 23.99709, -22.37575],
					"cubes": [
						{
							"origin": [-13.025, 23.49709, -23.37575],
							"size": [1, 1, 2],
							"inflate": -0.1,
							"uv": {
								"north": {"uv": [252, 83], "uv_size": [-2, 1]},
								"east": {"uv": [254, 83], "uv_size": [-2, 1]},
								"south": {"uv": [256, 83], "uv_size": [-2, 1]},
								"west": {"uv": [250, 83], "uv_size": [-2, 1]},
								"up": {"uv": [252, 81], "uv_size": [-2, 2]},
								"down": {"uv": [254, 83], "uv_size": [-2, -2]}
							}
						}
					]
				},
				{
					"name": "laser_left2",
					"parent": "toilet",
					"pivot": [11.5, 24, -4.5],
					"rotation": [0, 0, 42.5],
					"cubes": [
						{"origin": [11.5, 23, -15.5], "size": [2, 2, 15], "inflate": 0.1, "uv": [118, 25]},
						{"origin": [11, 22.5, -1.5], "size": [3, 3, 7], "inflate": 0.1, "uv": [129, 0]},
						{"origin": [11, 22.5, -10.5], "size": [3, 3, 7], "inflate": 0.1, "uv": [129, 0]},
						{"origin": [11, 22.5, -19.5], "size": [3, 3, 5], "inflate": 0.1, "uv": [126, 46]},
						{"origin": [10.5, 22, -23.5], "size": [4, 4, 5], "pivot": [12.5, 24, -19], "rotation": [0, 0, -42.5], "uv": [93, 108]},
						{"origin": [10, 21.5, -20.5], "size": [5, 5, 3], "pivot": [12.5, 24, -19], "rotation": [0, 0, -42.5], "uv": [93, 119]},
						{"origin": [11, 22.5, -23.4], "size": [3, 3, 5], "inflate": 0.2, "pivot": [12.5, 24, -21], "rotation": [0, 0, -42.5], "uv": [124, 58]},
						{"origin": [10.25, 21.5, 5.5], "size": [4, 7, 3], "pivot": [13, 24.5, 7], "rotation": [0, 0, -35], "uv": [194, 231]}
					]
				},
				{
					"name": "blast7",
					"parent": "laser_left2",
					"pivot": [12.525, 23.99709, -22.37575],
					"cubes": [
						{
							"origin": [12.025, 23.49709, -23.37575],
							"size": [1, 1, 2],
							"inflate": -0.1,
							"uv": {
								"north": {"uv": [250, 83], "uv_size": [2, 1]},
								"east": {"uv": [248, 83], "uv_size": [2, 1]},
								"south": {"uv": [254, 83], "uv_size": [2, 1]},
								"west": {"uv": [252, 83], "uv_size": [2, 1]},
								"up": {"uv": [250, 81], "uv_size": [2, 2]},
								"down": {"uv": [252, 83], "uv_size": [2, -2]}
							}
						}
					]
				},
				{
					"name": "left_side",
					"parent": "toilet",
					"pivot": [9, 17, 0],
					"cubes": [
						{"origin": [8, 17.5, -11], "size": [9, 2, 25], "uv": [188, 229]},
						{"origin": [8, 17.5, -18], "size": [7, 2, 7], "uv": [184, 242]},
						{"origin": [8, 12.5, -18], "size": [7, 2, 7], "uv": [184, 242]},
						{"origin": [8, 12.5, -11], "size": [9, 2, 25], "uv": [188, 229]}
					]
				},
				{
					"name": "right_side",
					"parent": "toilet",
					"pivot": [-9, 17, 0],
					"cubes": [
						{"origin": [-17, 17.5, -11], "size": [9, 2, 25], "uv": [188, 229], "mirror": true},
						{"origin": [-15, 17.5, -18], "size": [7, 2, 7], "uv": [184, 242], "mirror": true},
						{"origin": [-15, 12.5, -18], "size": [7, 2, 7], "uv": [184, 242], "mirror": true},
						{"origin": [-17, 12.5, -11], "size": [9, 2, 25], "uv": [188, 229], "mirror": true}
					]
				},
				{
					"name": "left_side2",
					"parent": "toilet",
					"pivot": [10, 6.5, 2],
					"rotation": [-2.28135, 4.99046, 100.01429],
					"cubes": [
						{"origin": [9, 7, -9], "size": [9, 1, 25], "uv": [188, 229]},
						{"origin": [10, 4, 4], "size": [7, 3, 11], "uv": [149, 242]},
						{"origin": [14, 8, 3], "size": [3, 1, 12], "uv": [116, 243]},
						{"origin": [9, 5, 4], "size": [9, 1, 11], "inflate": -0.1, "uv": [148, 225]},
						{"origin": [9, 7, -16], "size": [7, 1, 7], "uv": [184, 242]},
						{"origin": [9, 3, -16], "size": [7, 1, 7], "uv": [184, 242]},
						{"origin": [9, 3, -9], "size": [9, 1, 25], "uv": [188, 229]}
					]
				},
				{
					"name": "right_side2",
					"parent": "toilet",
					"pivot": [-10, 6.5, 2],
					"rotation": [-2.28135, -4.99046, -100.01429],
					"cubes": [
						{"origin": [-18, 7, -9], "size": [9, 1, 25], "uv": [188, 229], "mirror": true},
						{"origin": [-17, 4, 4], "size": [7, 3, 11], "uv": [149, 242], "mirror": true},
						{"origin": [-17, 8, 3], "size": [3, 1, 12], "uv": [116, 243], "mirror": true},
						{"origin": [-18, 5, 4], "size": [9, 1, 11], "inflate": -0.1, "uv": [148, 225], "mirror": true},
						{"origin": [-16, 7, -16], "size": [7, 1, 7], "uv": [184, 242], "mirror": true},
						{"origin": [-16, 3, -16], "size": [7, 1, 7], "uv": [184, 242], "mirror": true},
						{"origin": [-18, 3, -9], "size": [9, 1, 25], "uv": [188, 229], "mirror": true}
					]
				},
				{
					"name": "core",
					"parent": "toilet",
					"pivot": [0, 18, -9],
					"cubes": [
						{"origin": [-4.5, 13.5, -15], "size": [9, 9, 1], "uv": [0, 162]},
						{"origin": [-5.5, 12.5, -14], "size": [11, 11, 2], "uv": [34, 186]},
						{"origin": [-3.5, 14.5, -17], "size": [7, 7, 2], "uv": [15, 173]},
						{"origin": [-3, 15, -19], "size": [6, 6, 2], "uv": [17, 208]},
						{"origin": [-6.5, 11.5, -12], "size": [13, 13, 2], "uv": [0, 184]},
						{"origin": [5.5, 21.5, -12], "size": [7, 1, 1], "pivot": [8, 24, -11.5], "rotation": [1.5741, 17.43127, -17.25867], "uv": [50, 180]},
						{"origin": [-12.5, 21.5, -12], "size": [7, 1, 1], "pivot": [-8, 24, -11.5], "rotation": [1.5741, -17.43127, 17.25867], "uv": [50, 180], "mirror": true},
						{"origin": [-2.5, 15.5, -19.6], "size": [5, 5, 4], "uv": [222, 73]}
					]
				},
				{
					"name": "core_blast",
					"parent": "core",
					"pivot": [0, 18, -19],
					"cubes": [
						{"origin": [-1.5, 16.5, -19.6], "size": [3, 3, 4], "inflate": -0.3, "uv": [222, 73]}
					]
				}
			]
		}
	]
}