{
    "scheme": "1.3",
    "name": "vox/clock",
    "texture": [ 64, 32 ],
    "scale": [ 0.5, 0.5, 0.5 ],
    "providesObj": true,
    "providesMtl": true,
    "limbs": {
        "seconds_4": {
            "size": [ 4, 4, 4 ],
            "texture": [ 0, 0 ],
            "anchor": [ 0.5, 0.5, 0.5 ],
            "origin": [ 0.5, -3.5, 0.0 ]
        },
        "short arm_3": {
            "size": [ 4, 4, 4 ],
            "texture": [ 0, 0 ],
            "anchor": [ 0.5, 0.5, 0.5 ],
            "origin": [ -3.5, -0.5, 0.0 ]
        },
        "main_1": {
            "size": [ 4, 4, 4 ],
            "texture": [ 0, 0 ],
            "anchor": [ 0.5, 0.5, 0.5 ],
            "origin": [ 0.0, 0.0, 0.0 ]
        },
        "long arm_2": {
            "size": [ 4, 4, 4 ],
            "texture": [ 0, 0 ],
            "anchor": [ 0.5, 0.5, 0.5 ],
            "origin": [ 0.5, -3.5, 0.0 ]
        }
    },
    "poses": {
        "standing": {
            "size": [ 1.0, 1.0, 1.0 ],
            "limbs": {
                "seconds_4": {
                    "translate": [ -0.5, 13.5, 0.0 ]
                },
                "short arm_3": {
                    "translate": [ -0.5, 13.5, 0.0 ],
                    "rotate": [ 0.0, 0.0, 90.0 ]
                },
                "main_1": {
                    "translate": [ -1.0, 13.0, -1.0 ]
                },
                "long arm_2": {
                    "translate": [ -0.5, 13.5, 0.0 ]
                }
            }
        },
        "flying": {
            "size": [ 1.0, 1.0, 1.0 ],
            "limbs": {
                "seconds_4": {
                    "translate": [ -1.0, 17.0, -0.0 ]
                },
                "short arm_3": {
                    "translate": [ 3.0, 14.0, -0.0 ]
                },
                "main_1": {
                    "translate": [ -1.0, 13.0, -1.0 ]
                },
                "long arm_2": {
                    "translate": [ -1.0, 17.0, -0.0 ]
                }
            }
        },
        "sneaking": {
            "size": [ 1.0, 1.0, 1.0 ],
            "limbs": {
                "seconds_4": {
                    "translate": [ -1.0, 17.0, -0.0 ]
                },
                "short arm_3": {
                    "translate": [ 3.0, 14.0, -0.0 ]
                },
                "main_1": {
                    "translate": [ -1.0, 13.0, -1.0 ]
                },
                "long arm_2": {
                    "translate": [ -1.0, 17.0, -0.0 ]
                }
            }
        },
        "riding": {
            "size": [ 1.0, 1.0, 1.0 ],
            "limbs": {
                "seconds_4": {
                    "translate": [ -1.0, 17.0, -0.0 ]
                },
                "short arm_3": {
                    "translate": [ 3.0, 14.0, -0.0 ]
                },
                "main_1": {
                    "translate": [ -1.0, 13.0, -1.0 ]
                },
                "long arm_2": {
                    "translate": [ -1.0, 17.0, -0.0 ]
                }
            }
        },
        "sleeping": {
            "size": [ 1.0, 1.0, 1.0 ],
            "limbs": {
                "seconds_4": {
                    "translate": [ -1.0, 17.0, -0.0 ]
                },
                "short arm_3": {
                    "translate": [ 3.0, 14.0, -0.0 ]
                },
                "main_1": {
                    "translate": [ -1.0, 13.0, -1.0 ]
                },
                "long arm_2": {
                    "translate": [ -1.0, 17.0, -0.0 ]
                }
            }
        }
    }
}