{
	"format_version": "1.12.0",
	"minecraft:geometry": [
		{
			"description": {
				"identifier": "geometry.ic_skibidi_mutant",
				"texture_width": 256,
				"texture_height": 256,
				"visible_bounds_width": 5,
				"visible_bounds_height": 6.5,
				"visible_bounds_offset": [0, 2.75, 0]
			},
			"bones": [
				{
					"name": "root",
					"pivot": [0, 16, 0]
				},
				{
					"name": "waist",
					"parent": "root",
					"pivot": [0, 36, 0],
					"cubes": [
						{"origin": [-5, 36, -3], "size": [10, 9, 6], "uv": [128, 166]}
					]
				},
				{
					"name": "body",
					"parent": "waist",
					"pivot": [0, 39, 0],
					"cubes": [
						{"origin": [-7, 40, -4], "size": [14, 11, 8], "inflate": 0.2, "uv": [128, 128]}
					]
				},
				{
					"name": "left_arm",
					"parent": "body",
					"pivot": [8, 49.5, 0],
					"cubes": [
						{"origin": [8, 32.5, -2.5], "size": [5, 18, 5], "uv": [128, 205]}
					]
				},
				{
					"name": "left_arm2",
					"parent": "left_arm",
					"pivot": [10.5, 33.5, 0],
					"cubes": [
						{"origin": [8, 13.5, -2.5], "size": [5, 19, 5], "uv": [202, 128]},
						{"origin": [8, 13.5, -2.5], "size": [5, 19, 5], "inflate": 0.2, "uv": [183, 200]}
					]
				},
				{
					"name": "right_arm",
					"parent": "body",
					"pivot": [-8, 49.5, 0],
					"cubes": [
						{"origin": [-13, 32.5, -2.5], "size": [5, 18, 5], "uv": [128, 205], "mirror": true}
					]
				},
				{
					"name": "right_arm2",
					"parent": "right_arm",
					"pivot": [-10.5, 33.5, 0],
					"cubes": [
						{"origin": [-13, 13.5, -2.5], "size": [5, 19, 5], "uv": [202, 128], "mirror": true},
						{"origin": [-13, 13.5, -2.5], "size": [5, 19, 5], "inflate": 0.2, "uv": [183, 200], "mirror": true}
					]
				},
				{
					"name": "toilet",
					"parent": "body",
					"pivot": [0, 32, 0],
					"cubes": [
						{
							"origin": [-7, 41, -7],
							"size": [14, 3, 14],
							"uv": {
								"north": {"uv": [14, 51], "uv_size": [14, 3]},
								"east": {"uv": [0, 51], "uv_size": [14, 3]},
								"south": {"uv": [42, 51], "uv_size": [14, 3]},
								"west": {"uv": [28, 51], "uv_size": [14, 3]},
								"up": {"uv": [14, 37], "uv_size": [14, 14]},
								"down": {"uv": [28, 51], "uv_size": [14, -14]}
							}
						},
						{
							"origin": [-9, 43, -7.5],
							"size": [9, 3, 15],
							"pivot": [0, 53, 0],
							"rotation": [0, 0, -77.5],
							"uv": {
								"north": {"uv": [15, 69], "uv_size": [9, 3]},
								"east": {"uv": [0, 69], "uv_size": [15, 3]},
								"south": {"uv": [39, 69], "uv_size": [9, 3]},
								"west": {"uv": [24, 69], "uv_size": [15, 3]},
								"up": {"uv": [15, 54], "uv_size": [9, 15]},
								"down": {"uv": [24, 69], "uv_size": [9, -15]}
							}
						},
						{
							"origin": [0, 43, -7.5],
							"size": [9, 3, 15],
							"pivot": [0, 53, 0],
							"rotation": [0, 0, 77.5],
							"uv": {
								"north": {"uv": [24, 69], "uv_size": [-9, 3]},
								"east": {"uv": [39, 69], "uv_size": [-15, 3]},
								"south": {"uv": [48, 69], "uv_size": [-9, 3]},
								"west": {"uv": [15, 69], "uv_size": [-15, 3]},
								"up": {"uv": [24, 54], "uv_size": [-9, 15]},
								"down": {"uv": [33, 69], "uv_size": [-9, -15]}
							}
						},
						{
							"origin": [-7.5, 43, -9],
							"size": [15, 3, 9],
							"pivot": [0, 53, 0],
							"rotation": [77.5, 0, 0],
							"uv": {
								"north": {"uv": [67, 32], "uv_size": [15, 3]},
								"east": {"uv": [58, 32], "uv_size": [9, 3]},
								"south": {"uv": [91, 32], "uv_size": [15, 3]},
								"west": {"uv": [82, 32], "uv_size": [9, 3]},
								"up": {"uv": [67, 23], "uv_size": [15, 9]},
								"down": {"uv": [82, 32], "uv_size": [15, -9]}
							}
						},
						{
							"origin": [-7.5, 43, 0],
							"size": [15, 3, 9],
							"pivot": [0, 53, 0],
							"rotation": [-77.5, 0, 0],
							"uv": {
								"north": {"uv": [67, 20], "uv_size": [15, 3]},
								"east": {"uv": [58, 20], "uv_size": [9, 3]},
								"south": {"uv": [91, 20], "uv_size": [15, 3]},
								"west": {"uv": [82, 20], "uv_size": [9, 3]},
								"up": {"uv": [67, 11], "uv_size": [15, 9]},
								"down": {"uv": [82, 20], "uv_size": [15, -9]}
							}
						},
						{
							"origin": [-8, 49.16026, -9.29852],
							"size": [16, 4, 2],
							"pivot": [0, 51.16026, -8.29852],
							"rotation": [-90, 0, 0],
							"uv": {
								"north": {"uv": [70, 2], "uv_size": [16, 4]},
								"east": {"uv": [68, 2], "uv_size": [2, 4]},
								"south": {"uv": [88, 2], "uv_size": [16, 4]},
								"west": {"uv": [86, 2], "uv_size": [2, 4]},
								"up": {"uv": [70, 0], "uv_size": [16, 2]},
								"down": {"uv": [86, 2], "uv_size": [16, -2]}
							}
						},
						{
							"origin": [-8, 49.16026, 7.29852],
							"size": [16, 4, 2],
							"pivot": [0, 51.16026, 8.29852],
							"rotation": [90, 0, 0],
							"uv": {
								"north": {"uv": [70, 2], "uv_size": [16, 4]},
								"east": {"uv": [68, 2], "uv_size": [2, 4]},
								"south": {"uv": [88, 2], "uv_size": [16, 4]},
								"west": {"uv": [86, 2], "uv_size": [2, 4]},
								"up": {"uv": [70, 0], "uv_size": [16, 2]},
								"down": {"uv": [86, 2], "uv_size": [16, -2]}
							}
						},
						{
							"origin": [7.27352, 49.16026, -8],
							"size": [2, 4, 16],
							"pivot": [8.29852, 51.16026, 0],
							"rotation": [0, 0, -90],
							"uv": {
								"north": {"uv": [40, 89], "uv_size": [2, 4]},
								"east": {"uv": [24, 89], "uv_size": [16, 4]},
								"south": {"uv": [58, 89], "uv_size": [2, 4]},
								"west": {"uv": [42, 89], "uv_size": [16, 4]},
								"up": {"uv": [40, 73], "uv_size": [2, 16]},
								"down": {"uv": [42, 89], "uv_size": [2, -16]}
							}
						},
						{
							"origin": [-9.27352, 49.16026, -8],
							"size": [2, 4, 16],
							"pivot": [-8.29852, 51.16026, 0],
							"rotation": [0, 0, 90],
							"uv": {
								"north": {"uv": [40, 89], "uv_size": [2, 4]},
								"east": {"uv": [24, 89], "uv_size": [16, 4]},
								"south": {"uv": [58, 89], "uv_size": [2, 4]},
								"west": {"uv": [42, 89], "uv_size": [16, 4]},
								"up": {"uv": [40, 73], "uv_size": [2, 16]},
								"down": {"uv": [42, 89], "uv_size": [2, -16]}
							}
						}
					]
				},
				{
					"name": "lid1",
					"parent": "toilet",
					"pivot": [0, 53, 9],
					"cubes": [
						{
							"origin": [-8, 50.16026, -9.29852],
							"size": [16, 4, 1],
							"pivot": [0, 52.16026, -8.29852],
							"rotation": [-90, 0, 0],
							"uv": {
								"north": {"uv": [98, 12], "uv_size": [16, 4]},
								"east": {"uv": [97, 12], "uv_size": [1, 4]},
								"south": {"uv": [115, 12], "uv_size": [16, 4]},
								"west": {"uv": [114, 12], "uv_size": [1, 4]},
								"up": {"uv": [98, 11], "uv_size": [16, 1]},
								"down": {"uv": [114, 12], "uv_size": [16, -1]}
							}
						},
						{
							"origin": [-9.27352, 50.16026, -8],
							"size": [1, 4, 16],
							"pivot": [-8.29852, 52.16026, 0],
							"rotation": [0, 0, 90],
							"uv": {
								"north": {"uv": [96, 73], "uv_size": [1, 4]},
								"east": {"uv": [80, 73], "uv_size": [16, 4]},
								"south": {"uv": [113, 73], "uv_size": [1, 4]},
								"west": {"uv": [97, 73], "uv_size": [16, 4]},
								"up": {"uv": [96, 57], "uv_size": [1, 16]},
								"down": {"uv": [97, 73], "uv_size": [1, -16]}
							}
						},
						{
							"origin": [-8, 50.16026, 8.29852],
							"size": [16, 4, 1],
							"pivot": [0, 52.16026, 8.29852],
							"rotation": [90, 0, 0],
							"uv": {
								"north": {"uv": [114, 12], "uv_size": [-16, 4]},
								"east": {"uv": [115, 12], "uv_size": [-1, 4]},
								"south": {"uv": [131, 12], "uv_size": [-16, 4]},
								"west": {"uv": [98, 12], "uv_size": [-1, 4]},
								"up": {"uv": [114, 11], "uv_size": [-16, 1]},
								"down": {"uv": [130, 12], "uv_size": [-16, -1]}
							}
						},
						{
							"origin": [8.27352, 50.16026, -8],
							"size": [1, 4, 16],
							"pivot": [8.29852, 52.16026, 0],
							"rotation": [0, 0, -90],
							"uv": {
								"north": {"uv": [96, 73], "uv_size": [1, 4]},
								"east": {"uv": [80, 73], "uv_size": [16, 4]},
								"south": {"uv": [113, 73], "uv_size": [1, 4]},
								"west": {"uv": [97, 73], "uv_size": [16, 4]},
								"up": {"uv": [96, 57], "uv_size": [1, 16]},
								"down": {"uv": [97, 73], "uv_size": [1, -16]}
							}
						}
					]
				},
				{
					"name": "back",
					"parent": "toilet",
					"pivot": [0, 53, 11],
					"cubes": [
						{
							"origin": [-2.5, 49, 10],
							"size": [5, 20, 5],
							"uv": {
								"north": {"uv": [6, 17], "uv_size": [5, 20]},
								"east": {"uv": [1, 17], "uv_size": [5, 20]},
								"south": {"uv": [16, 17], "uv_size": [5, 20]},
								"west": {"uv": [11, 17], "uv_size": [5, 20]},
								"up": {"uv": [6, 12], "uv_size": [5, 5]},
								"down": {"uv": [11, 17], "uv_size": [5, -5]}
							}
						}
					]
				},
				{
					"name": "flush",
					"parent": "toilet",
					"pivot": [0, 71, 13],
					"cubes": [
						{
							"origin": [-1, 68, 11.5],
							"size": [2, 2, 2],
							"uv": {
								"north": {"uv": [2, 2], "uv_size": [2, 2]},
								"east": {"uv": [0, 2], "uv_size": [2, 2]},
								"south": {"uv": [6, 2], "uv_size": [2, 2]},
								"west": {"uv": [4, 2], "uv_size": [2, 2]},
								"up": {"uv": [2, 0], "uv_size": [2, 2]},
								"down": {"uv": [4, 2], "uv_size": [2, -2]}
							}
						},
						{
							"origin": [2, 66, 11.5],
							"size": [2, 2, 2],
							"uv": {
								"north": {"uv": [2, 2], "uv_size": [2, 2]},
								"east": {"uv": [0, 2], "uv_size": [2, 2]},
								"south": {"uv": [6, 2], "uv_size": [2, 2]},
								"west": {"uv": [4, 2], "uv_size": [2, 2]},
								"up": {"uv": [2, 0], "uv_size": [2, 2]},
								"down": {"uv": [4, 2], "uv_size": [2, -2]}
							}
						},
						{
							"origin": [4, 65, 10.5],
							"size": [3, 4, 4],
							"uv": {
								"north": {"uv": [136, 4], "uv_size": [3, 4]},
								"east": {"uv": [132, 4], "uv_size": [4, 4]},
								"south": {"uv": [143, 4], "uv_size": [3, 4]},
								"west": {"uv": [139, 4], "uv_size": [4, 4]},
								"up": {"uv": [136, 0], "uv_size": [3, 4]},
								"down": {"uv": [139, 4], "uv_size": [3, -4]}
							}
						}
					]
				},
				{
					"name": "neck",
					"parent": "toilet",
					"pivot": [0, 44, 5.675],
					"rotation": [15, 0, 0],
					"cubes": [
						{
							"origin": [-2.5, 41.34478, 1.52888],
							"size": [5, 10, 5],
							"pivot": [0, 47.49954, 0.84149],
							"rotation": [25, 0, 0],
							"uv": {
								"north": {"uv": [82, 94], "uv_size": [5, 10]},
								"east": {"uv": [77, 94], "uv_size": [5, 10]},
								"south": {"uv": [92, 94], "uv_size": [5, 10]},
								"west": {"uv": [87, 94], "uv_size": [5, 10]},
								"up": {"uv": [82, 89], "uv_size": [5, 5]},
								"down": {"uv": [87, 94], "uv_size": [5, -5]}
							}
						}
					]
				},
				{
					"name": "neck2",
					"parent": "neck",
					"pivot": [0, 51.55658, 1.98278],
					"rotation": [-27.5, 0, 0],
					"cubes": [
						{
							"origin": [-2.575, 48.72074, -2.62002],
							"size": [5, 10, 5],
							"pivot": [0, 55.87551, -3.30741],
							"rotation": [25, 0, 0],
							"uv": {
								"north": {"uv": [61, 94], "uv_size": [5, 10]},
								"east": {"uv": [56, 94], "uv_size": [5, 10]},
								"south": {"uv": [71, 94], "uv_size": [5, 10]},
								"west": {"uv": [66, 94], "uv_size": [5, 10]},
								"up": {"uv": [61, 89], "uv_size": [5, 5]},
								"down": {"uv": [66, 94], "uv_size": [5, -5]}
							}
						}
					]
				},
				{
					"name": "head",
					"parent": "neck2",
					"pivot": [0, 60.55658, -2.01722],
					"cubes": [
						{
							"origin": [-5, 58.55658, -7.01722],
							"size": [10, 11, 10],
							"pivot": [0, 61.55658, -2.01722],
							"rotation": [10, 0, 0],
							"uv": {
								"north": {"uv": [10, 121], "uv_size": [10, 11]},
								"east": {"uv": [0, 121], "uv_size": [10, 11]},
								"south": {"uv": [30, 121], "uv_size": [10, 11]},
								"west": {"uv": [20, 121], "uv_size": [10, 11]},
								"up": {"uv": [10, 111], "uv_size": [10, 10]},
								"down": {"uv": [20, 121], "uv_size": [10, -10]}
							}
						}
					]
				},
				{
					"name": "eyes",
					"parent": "head",
					"pivot": [0, 63.67209, -6.87575],
					"rotation": [10, 0, 0],
					"cubes": [
						{
							"origin": [-3.5, 62.79709, -7.87575],
							"size": [2.25, 2.75, 2],
							"uv": {
								"north": {"uv": [2, 43], "uv_size": [2, 2]},
								"east": {"uv": [0, 43], "uv_size": [2, 2]},
								"south": {"uv": [6, 43], "uv_size": [2, 2]},
								"west": {"uv": [4, 43], "uv_size": [2, 2]},
								"up": {"uv": [2, 41], "uv_size": [2, 2]},
								"down": {"uv": [4, 43], "uv_size": [2, -2]}
							}
						},
						{
							"origin": [1.25, 62.79709, -7.87575],
							"size": [2.25, 2.75, 2],
							"uv": {
								"north": {"uv": [4, 43], "uv_size": [-2, 2]},
								"east": {"uv": [6, 43], "uv_size": [-2, 2]},
								"south": {"uv": [8, 43], "uv_size": [-2, 2]},
								"west": {"uv": [2, 43], "uv_size": [-2, 2]},
								"up": {"uv": [4, 41], "uv_size": [-2, 2]},
								"down": {"uv": [6, 43], "uv_size": [-2, -2]}
							}
						}
					]
				},
				{
					"name": "pupils",
					"parent": "eyes",
					"pivot": [0, 63.67209, -6.87575]
				},
				{
					"name": "1",
					"parent": "pupils",
					"pivot": [0, 63.67209, -6.87575],
					"cubes": [
						{
							"origin": [-2.85, 63.67161, -8.14756],
							"size": [1, 1, 1],
							"inflate": -0.1,
							"uv": {
								"north": {"uv": [1, 47], "uv_size": [1, 1]},
								"east": {"uv": [0, 47], "uv_size": [1, 1]},
								"south": {"uv": [3, 47], "uv_size": [1, 1]},
								"west": {"uv": [2, 47], "uv_size": [1, 1]},
								"up": {"uv": [1, 46], "uv_size": [1, 1]},
								"down": {"uv": [2, 47], "uv_size": [1, -1]}
							}
						}
					]
				},
				{
					"name": "2",
					"parent": "pupils",
					"pivot": [0, 63.67209, -6.87575],
					"cubes": [
						{
							"origin": [1.85, 63.67161, -8.14756],
							"size": [1, 1, 1],
							"inflate": -0.1,
							"uv": {
								"north": {"uv": [2, 47], "uv_size": [-1, 1]},
								"east": {"uv": [3, 47], "uv_size": [-1, 1]},
								"south": {"uv": [4, 47], "uv_size": [-1, 1]},
								"west": {"uv": [1, 47], "uv_size": [-1, 1]},
								"up": {"uv": [2, 46], "uv_size": [-1, 1]},
								"down": {"uv": [3, 47], "uv_size": [-1, -1]}
							}
						}
					]
				},
				{
					"name": "mouth",
					"parent": "head",
					"pivot": [0, 60.58158, -1.99222],
					"cubes": [
						{
							"origin": [-4.975, 59.48158, -6.99222],
							"size": [9.9, 3.1, 4],
							"pivot": [0, 61.58158, -1.99222],
							"rotation": [10, 0, 0],
							"uv": {
								"north": {"uv": [46, 135], "uv_size": [10, 3]},
								"east": {"uv": [42, 135], "uv_size": [4, 3]},
								"south": {"uv": [60, 135], "uv_size": [10, 3]},
								"west": {"uv": [56, 135], "uv_size": [4, 3]},
								"up": {"uv": [46, 131], "uv_size": [10, 4]},
								"down": {"uv": [56, 135], "uv_size": [10, -4]}
							}
						},
						{
							"origin": [-5, 58.55658, -7.01722],
							"size": [10, 5, 5],
							"pivot": [0, 61.55658, -2.01722],
							"rotation": [10, 0, 0],
							"uv": {
								"north": {"uv": [47, 144], "uv_size": [10, 5]},
								"east": {"uv": [42, 144], "uv_size": [5, 5]},
								"south": {"uv": [62, 144], "uv_size": [10, 5]},
								"west": {"uv": [57, 144], "uv_size": [5, 5]},
								"up": {"uv": [47, 139], "uv_size": [10, 5]},
								"down": {"uv": [57, 144], "uv_size": [10, -5]}
							}
						}
					]
				},
				{
					"name": "upper_mouth",
					"parent": "mouth",
					"pivot": [0, 60.58158, -1.99222],
					"cubes": [
						{
							"origin": [-4, 61.05658, -7.01722],
							"size": [8, 2, 0],
							"pivot": [0, 61.55658, -2.01722],
							"rotation": [10, 0, 0],
							"uv": {
								"north": {"uv": [0, 142], "uv_size": [8, 2]},
								"east": {"uv": [0, 142], "uv_size": [0, 2]},
								"south": {"uv": [8, 142], "uv_size": [8, 2]},
								"west": {"uv": [8, 142], "uv_size": [0, 2]},
								"up": {"uv": [0, 142], "uv_size": [8, 0]},
								"down": {"uv": [8, 142], "uv_size": [8, 0]}
							}
						}
					]
				},
				{
					"name": "lower_mouth2",
					"parent": "mouth",
					"pivot": [0, 60.58158, -1.99222],
					"cubes": [
						{
							"origin": [-4, 59.05658, -7.01722],
							"size": [8, 2, 0],
							"pivot": [0, 61.55658, -2.01722],
							"rotation": [10, 0, 0],
							"uv": {
								"north": {"uv": [0, 144], "uv_size": [8, -2]},
								"east": {"uv": [0, 142], "uv_size": [0, 2]},
								"south": {"uv": [8, 142], "uv_size": [8, 2]},
								"west": {"uv": [8, 142], "uv_size": [0, 2]},
								"up": {"uv": [0, 142], "uv_size": [8, 0]},
								"down": {"uv": [8, 142], "uv_size": [8, 0]}
							}
						}
					]
				},
				{
					"name": "teeth",
					"parent": "head",
					"pivot": [0, 60.55658, -3.01722]
				},
				{
					"name": "upper",
					"parent": "teeth",
					"pivot": [0, 61.05658, -2.01722],
					"cubes": [
						{
							"origin": [-3, 60.86015, -6.2625],
							"size": [6, 2, 4],
							"pivot": [0, 61.86015, -4.2625],
							"rotation": [-170, 0, 0],
							"uv": {
								"north": {"uv": [39, 60], "uv_size": [6, 2]},
								"east": {"uv": [35, 60], "uv_size": [4, 2]},
								"south": {"uv": [49, 60], "uv_size": [6, 2]},
								"west": {"uv": [45, 60], "uv_size": [4, 2]},
								"up": {"uv": [39, 56], "uv_size": [6, 4]},
								"down": {"uv": [45, 60], "uv_size": [6, -4]}
							}
						}
					]
				},
				{
					"name": "lower",
					"parent": "teeth",
					"pivot": [0, 61.20658, -2.01722],
					"cubes": [
						{
							"origin": [-3, 58.89053, -5.9152],
							"size": [6, 2, 4],
							"pivot": [0, 59.89053, -3.9152],
							"rotation": [170, 0, 180],
							"uv": {
								"north": {"uv": [39, 60], "uv_size": [6, 2]},
								"east": {"uv": [35, 60], "uv_size": [4, 2]},
								"south": {"uv": [49, 60], "uv_size": [6, 2]},
								"west": {"uv": [45, 60], "uv_size": [4, 2]},
								"up": {"uv": [39, 56], "uv_size": [6, 4]},
								"down": {"uv": [45, 60], "uv_size": [6, -4]}
							}
						}
					]
				},
				{
					"name": "left_leg",
					"parent": "root",
					"pivot": [4, 36, -0.5],
					"cubes": [
						{"origin": [1, 18, -2.5], "size": [5, 19, 5], "inflate": 0.1, "uv": [188, 176]}
					]
				},
				{
					"name": "left_leg2",
					"parent": "left_leg",
					"pivot": [3.5, 19, -0.5],
					"cubes": [
						{"origin": [1, 0, -2.5], "size": [5, 19, 5], "uv": [187, 147]}
					]
				},
				{
					"name": "right_leg",
					"parent": "root",
					"pivot": [-4, 36, -0.5],
					"cubes": [
						{"origin": [-6, 18, -2.5], "size": [5, 19, 5], "inflate": 0.1, "uv": [188, 176], "mirror": true}
					]
				},
				{
					"name": "right_leg2",
					"parent": "right_leg",
					"pivot": [-3.5, 19, -0.5],
					"cubes": [
						{"origin": [-6, 0, -2.5], "size": [5, 19, 5], "uv": [187, 147], "mirror": true}
					]
				}
			]
		}
	]
}