{
	"format_version": "1.8.0",
	"animations": {
		"animation.gojititan.looking": {
			"loop": true,
			"animation_length": 0.5,
			"bones": {
				"body": {
					"rotation": {
						"vector": ["query.target_x_rotation * 0.3", "query.target_y_rotation * 0.2", 0]
					}
				},
				"body2": {
					"rotation": {
						"vector": ["query.target_x_rotation * 0.3", "query.target_y_rotation * 0.2", 0]
					}
				},
				"head": {
					"rotation": {
						"vector": ["query.target_x_rotation * 0.3", "query.target_y_rotation * 0.2", 0]
					}
				},
				"Rightarm": {
					"rotation": {
						"vector": ["-query.target_x_rotation * 0.2", 0, 0]
					}
				},
				"Leftarm": {
					"rotation": {
						"vector": ["-query.target_x_rotation * 0.2", 0, 0]
					}
				}
			}
		},
		"animation.gojidraw_titan_clock_man.general": {
			"loop": true,
			"animation_length": 4,
			"bones": {
				"Root": {
					"position": {
						"vector": [0, -1, 0]
					}
				},
				"Leg2": {
					"rotation": {
						"vector": [4.99527, 0.21782, -2.4905]
					}
				},
				"bone3": {
					"rotation": {
						"vector": [-2.5, 0, 0]
					}
				},
				"Boot2": {
					"rotation": {
						"vector": [-15, 0, 0]
					}
				},
				"Leg3": {
					"rotation": {
						"vector": [-9.91615, 1.29876, 7.38733]
					}
				},
				"Boot3": {
					"rotation": {
						"vector": [0, 0, 0.01]
					}
				},
				"Cest": {
					"rotation": {
						"0.0": {
							"post": {
								"vector": [0.6, 0, 0]
							},
							"lerp_mode": "catmullrom"
						},
						"1.0": {
							"post": {
								"vector": [0, 0, -1.5]
							},
							"lerp_mode": "catmullrom"
						},
						"1.8": {
							"vector": [2.5, 0, 0]
						},
						"2.8": {
							"pre": {
								"vector": [2.49762, -0.10901, 2.49762]
							},
							"post": {
								"vector": [2.49762, -0.10901, 2.49762]
							},
							"lerp_mode": "catmullrom"
						},
						"4.0": {
							"post": {
								"vector": [0.6, 0, 0]
							},
							"lerp_mode": "catmullrom"
						}
					},
					"position": {
						"0.0": {
							"post": {
								"vector": [0, -0.12, 0]
							},
							"lerp_mode": "catmullrom"
						},
						"0.5": {
							"post": {
								"vector": [0, 0, 0]
							},
							"lerp_mode": "catmullrom"
						},
						"2.3": {
							"vector": [0, -0.5, 0]
						},
						"2.8": {
							"vector": [0, -0.5, 0]
						},
						"4.0": {
							"pre": {
								"vector": [0, -0.12, 0]
							},
							"post": {
								"vector": [0, -0.12, 0]
							},
							"lerp_mode": "catmullrom"
						}
					}
				},
				"Head": {
					"rotation": {
						"vector": [0, 0, 0.01]
					}
				},
				"arm": {
					"rotation": {
						"0.0": {
							"post": {
								"vector": [0, 0, 4.26]
							},
							"lerp_mode": "catmullrom"
						},
						"0.5": {
							"post": {
								"vector": [0, 0, 7.29]
							},
							"lerp_mode": "catmullrom"
						},
						"1.2": {
							"post": {
								"vector": [0, 0, 5]
							},
							"lerp_mode": "catmullrom"
						},
						"2.5": {
							"post": {
								"vector": [0, 0, 10]
							},
							"lerp_mode": "catmullrom"
						},
						"3.5": {
							"post": {
								"vector": [0, 0, 7.5]
							},
							"lerp_mode": "catmullrom"
						},
						"4.0": {
							"post": {
								"vector": [0, 0, 4.26]
							},
							"lerp_mode": "catmullrom"
						}
					},
					"position": {
						"0.0": {
							"vector": [0, -0.08, 0]
						},
						"1.0": {
							"vector": [0, 0, 0]
						},
						"2.5": {
							"vector": [0, -0.25, 0]
						},
						"3.5": {
							"vector": [0, -0.25, 0]
						},
						"4.0": {
							"vector": [0, -0.08, 0]
						}
					}
				},
				"armbone": {
					"rotation": {
						"vector": [-10, 0, 0]
					}
				},
				"arm2": {
					"rotation": {
						"0.0": {
							"post": {
								"vector": [0, 0, -4.26]
							},
							"lerp_mode": "catmullrom"
						},
						"0.5": {
							"post": {
								"vector": [0, 0, -7.29]
							},
							"lerp_mode": "catmullrom"
						},
						"1.2": {
							"post": {
								"vector": [0, 0, -5]
							},
							"lerp_mode": "catmullrom"
						},
						"2.5": {
							"post": {
								"vector": [0, 0, -10]
							},
							"lerp_mode": "catmullrom"
						},
						"3.5": {
							"post": {
								"vector": [0, 0, -7.5]
							},
							"lerp_mode": "catmullrom"
						},
						"4.0": {
							"post": {
								"vector": [0, 0, -4.26]
							},
							"lerp_mode": "catmullrom"
						}
					},
					"position": {
						"0.0": {
							"vector": [0, -0.08, 0]
						},
						"1.0": {
							"vector": [0, 0, 0]
						},
						"2.5": {
							"vector": [0, -0.25, 0]
						},
						"3.5": {
							"vector": [0, -0.25, 0]
						},
						"4.0": {
							"vector": [0, -0.08, 0]
						}
					}
				},
				"armbone2": {
					"rotation": {
						"vector": [-10, 0, 0]
					}
				},
				"Tie": {
					"rotation": {
						"vector": [0, 0, 0.01]
					}
				},
				"body2": {
					"rotation": {
						"vector": [5, 0, 0]
					},
					"position": {
						"0.0": {
							"post": {
								"vector": [0, 0, 0]
							},
							"lerp_mode": "catmullrom"
						},
						"2.0": {
							"post": {
								"vector": [0, -1, 0]
							},
							"lerp_mode": "catmullrom"
						},
						"4.0": {
							"post": {
								"vector": [0, 0, 0]
							},
							"lerp_mode": "catmullrom"
						}
					}
				},
				"bone5": {
					"rotation": {
						"0.0": {
							"post": {
								"vector": [-2.5, 0, 0]
							},
							"lerp_mode": "catmullrom"
						},
						"2.1": {
							"post": {
								"vector": [2.5, 0, 0]
							},
							"lerp_mode": "catmullrom"
						},
						"4.0": {
							"post": {
								"vector": [-2.5, 0, 0]
							},
							"lerp_mode": "catmullrom"
						}
					}
				},
				"Leftarm": {
					"rotation": {
						"0.0": {
							"post": {
								"vector": [-5, 0, 5]
							},
							"lerp_mode": "catmullrom"
						},
						"2.2": {
							"post": {
								"vector": [-4.99527, -0.21782, 2.5095]
							},
							"lerp_mode": "catmullrom"
						},
						"4.0": {
							"post": {
								"vector": [-5, 0, 5]
							},
							"lerp_mode": "catmullrom"
						}
					}
				},
				"Rightarm": {
					"rotation": {
						"0.0": {
							"post": {
								"vector": [-5, 0, -5]
							},
							"lerp_mode": "catmullrom"
						},
						"2.0": {
							"post": {
								"vector": [-4.99527, 0.21782, -2.5095]
							},
							"lerp_mode": "catmullrom"
						},
						"4.0": {
							"post": {
								"vector": [-5, 0, -5]
							},
							"lerp_mode": "catmullrom"
						}
					}
				},
				"bone6": {
					"rotation": {
						"vector": [-2.5, 0, 0]
					}
				}
			}
		},
		"animation.gojidraw_titan_clock_man.calm": {
			"loop": true,
			"bones": {
				"Circle": {
					"scale": {
						"vector": [0, 0, 0]
					}
				},
				"Circle3": {
					"scale": {
						"vector": [0, 0, 0]
					}
				}
			}
		},
		"animation.gojidraw_titan_clock_man.angry": {
			"loop": true,
			"animation_length": 0.5,
			"bones": {
				"Circle": {
					"rotation": {
						"0.0": {
							"vector": [0, 0, 395]
						},
						"0.5": {
							"vector": [0, 0, 755]
						}
					},
					"position": {
						"vector": [0, 0, 5]
					},
					"scale": {
						"vector": [1.4, 1.4, 1.4]
					}
				},
				"Circle3": {
					"rotation": {
						"0.0": {
							"vector": [0, 0, 0]
						},
						"0.5": {
							"vector": [0, 0, 360]
						}
					},
					"position": {
						"vector": [5, 0, 11]
					},
					"scale": {
						"vector": [3, 3, 3]
					}
				},
				"Chead2": {
					"rotation": {
						"vector": [0, 90, 12.5]
					},
					"position": {
						"vector": [1, 5, 18]
					}
				},
				"Chead": {
					"rotation": {
						"vector": ["180 + query.camera_rotation(0)", "query.camera_rotation(1)", 0]
					}
				},
				"bone7": {
					"rotation": {
						"vector": [-185, 0, 0]
					},
					"position": {
						"vector": [0, 2, 0]
					}
				}
			}
		},
		"animation.gojidraw_titan_clock_man.move": {
			"loop": true,
			"animation_length": 2,
			"bones": {
				"body": {
					"rotation": {
						"0.0": {
							"post": {
								"vector": [7.5, 0, 0]
							},
							"lerp_mode": "catmullrom"
						},
						"0.5": {
							"post": {
								"vector": [7.5, 5, 0]
							},
							"lerp_mode": "catmullrom"
						},
						"1.0": {
							"post": {
								"vector": [7.5, 0, 0]
							},
							"lerp_mode": "catmullrom"
						},
						"1.5": {
							"post": {
								"vector": [10, -5, 0]
							},
							"lerp_mode": "catmullrom"
						},
						"2.0": {
							"post": {
								"vector": [7.5, 0, 0]
							},
							"lerp_mode": "catmullrom"
						}
					},
					"position": {
						"0.0": {
							"post": {
								"vector": [0, 0, 0]
							},
							"lerp_mode": "catmullrom"
						},
						"0.5": {
							"post": {
								"vector": [0, -1, 0]
							},
							"lerp_mode": "catmullrom"
						},
						"1.0": {
							"post": {
								"vector": [0, 0, 0]
							},
							"lerp_mode": "catmullrom"
						},
						"1.5": {
							"post": {
								"vector": [0, -1, 0]
							},
							"lerp_mode": "catmullrom"
						},
						"2.0": {
							"post": {
								"vector": [0, 0, 0]
							},
							"lerp_mode": "catmullrom"
						}
					}
				},
				"Leg2": {
					"rotation": {
						"0.0": {
							"vector": [0, 0, 0]
						},
						"0.5": {
							"pre": {
								"vector": [22.5, 0, 0]
							},
							"post": {
								"vector": [22.5, 0, 0]
							},
							"lerp_mode": "catmullrom"
						},
						"1.0": {
							"post": {
								"vector": [15, 0, 0]
							},
							"lerp_mode": "catmullrom"
						},
						"1.5": {
							"vector": [-20, 0, 0]
						},
						"2.0": {
							"vector": [0, 0, 0]
						}
					}
				},
				"bone3": {
					"rotation": {
						"0.0": {
							"vector": [-12.614, -1.53295, -0.70909]
						},
						"1.0": {
							"vector": [-25, 0, 0]
						},
						"2.0": {
							"vector": [-12.614, -1.53295, -0.70909]
						}
					}
				},
				"Boot2": {
					"rotation": {
						"0.0": {
							"post": {
								"vector": [0, 0, 0]
							},
							"lerp_mode": "catmullrom"
						},
						"0.25": {
							"post": {
								"vector": [2.5, 0, 0]
							},
							"lerp_mode": "catmullrom"
						},
						"0.5": {
							"post": {
								"vector": [-10, 0, 0]
							},
							"lerp_mode": "catmullrom"
						},
						"0.75": {
							"post": {
								"vector": [7.5, 0, 0]
							},
							"lerp_mode": "catmullrom"
						},
						"1.0": {
							"post": {
								"vector": [12.5, 0, 0]
							},
							"lerp_mode": "catmullrom"
						},
						"1.25": {
							"post": {
								"vector": [4.96407, 0.58343, -0.40857]
							},
							"lerp_mode": "catmullrom"
						},
						"1.5": {
							"post": {
								"vector": [-7.53593, 0.58343, -0.40857]
							},
							"lerp_mode": "catmullrom"
						},
						"2.0": {
							"post": {
								"vector": [0, 0, 0]
							},
							"lerp_mode": "catmullrom"
						}
					}
				},
				"Cest": {
					"rotation": {
						"0.0": {
							"post": {
								"vector": [2.5, 0, 0]
							},
							"lerp_mode": "catmullrom"
						},
						"0.5": {
							"post": {
								"vector": [2.5, 5, 0]
							},
							"lerp_mode": "catmullrom"
						},
						"1.0": {
							"post": {
								"vector": [2.5, 0, 0]
							},
							"lerp_mode": "catmullrom"
						},
						"1.5": {
							"post": {
								"vector": [2.5, -5, 0]
							},
							"lerp_mode": "catmullrom"
						},
						"2.0": {
							"post": {
								"vector": [2.5, 0, 0]
							},
							"lerp_mode": "catmullrom"
						}
					}
				},
				"Root": {
					"position": {
						"0.0": {
							"post": {
								"vector": [0, 0, 0]
							},
							"lerp_mode": "catmullrom"
						},
						"0.25": {
							"vector": [0, 1, 0]
						},
						"0.5": {
							"pre": {
								"vector": [0, 0, 0]
							},
							"post": {
								"vector": [0, 0, 0]
							},
							"lerp_mode": "catmullrom"
						},
						"1.0": {
							"post": {
								"vector": [0, 0, 0]
							},
							"lerp_mode": "catmullrom"
						},
						"1.25": {
							"vector": [0, 1, 0]
						},
						"1.5": {
							"pre": {
								"vector": [0, 0, 0]
							},
							"post": {
								"vector": [0, 0, 0]
							},
							"lerp_mode": "catmullrom"
						},
						"2.0": {
							"post": {
								"vector": [0, 0, 0]
							},
							"lerp_mode": "catmullrom"
						}
					}
				},
				"Tie": {
					"rotation": {
						"0.0": {
							"post": {
								"vector": [-2.5, 0, 0]
							},
							"lerp_mode": "catmullrom"
						},
						"0.5": {
							"post": {
								"vector": [-2.5, -5, 0]
							},
							"lerp_mode": "catmullrom"
						},
						"1.0": {
							"post": {
								"vector": [-2.5, 0, 0]
							},
							"lerp_mode": "catmullrom"
						},
						"1.5": {
							"post": {
								"vector": [-2.5, 5, 0]
							},
							"lerp_mode": "catmullrom"
						},
						"2.0": {
							"post": {
								"vector": [-2.5, 0, 0]
							},
							"lerp_mode": "catmullrom"
						}
					}
				},
				"arm": {
					"rotation": {
						"0.0": {
							"post": {
								"vector": [2.5, 0, 0]
							},
							"lerp_mode": "catmullrom"
						},
						"0.5": {
							"post": {
								"vector": [30, 0, 0]
							},
							"lerp_mode": "catmullrom"
						},
						"1.0": {
							"post": {
								"vector": [0, 0, 0]
							},
							"lerp_mode": "catmullrom"
						},
						"1.5": {
							"post": {
								"vector": [-35, 0, 0]
							},
							"lerp_mode": "catmullrom"
						},
						"2.0": {
							"post": {
								"vector": [2.5, 0, 0]
							},
							"lerp_mode": "catmullrom"
						}
					}
				},
				"armbone": {
					"rotation": {
						"0.0": {
							"post": {
								"vector": [-7.5, 0, 0]
							},
							"lerp_mode": "catmullrom"
						},
						"0.5": {
							"post": {
								"vector": [-12.5, 0, 0]
							},
							"lerp_mode": "catmullrom"
						},
						"0.75": {
							"post": {
								"vector": [-2.5, 0, 0]
							},
							"lerp_mode": "catmullrom"
						},
						"1.0": {
							"post": {
								"vector": [2.5, 0, 0]
							},
							"lerp_mode": "catmullrom"
						},
						"1.5": {
							"post": {
								"vector": [-15, 0, 0]
							},
							"lerp_mode": "catmullrom"
						},
						"2.0": {
							"post": {
								"vector": [-7.5, 0, 0]
							},
							"lerp_mode": "catmullrom"
						}
					}
				},
				"arm2": {
					"rotation": {
						"0.0": {
							"post": {
								"vector": [-10, 0, 0]
							},
							"lerp_mode": "catmullrom"
						},
						"0.5": {
							"post": {
								"vector": [-32.5, 0, 0]
							},
							"lerp_mode": "catmullrom"
						},
						"1.0833": {
							"post": {
								"vector": [-5, 0, 0]
							},
							"lerp_mode": "catmullrom"
						},
						"1.5": {
							"post": {
								"vector": [22.5, 0, 0]
							},
							"lerp_mode": "catmullrom"
						},
						"2.0": {
							"post": {
								"vector": [-10, 0, 0]
							},
							"lerp_mode": "catmullrom"
						}
					}
				},
				"armbone2": {
					"rotation": {
						"0.0": {
							"post": {
								"vector": [0, 0, 0]
							},
							"lerp_mode": "catmullrom"
						},
						"0.25": {
							"post": {
								"vector": [-7.5, 0, 0]
							},
							"lerp_mode": "catmullrom"
						},
						"0.5": {
							"post": {
								"vector": [-17.5, 0, 0]
							},
							"lerp_mode": "catmullrom"
						},
						"0.8333": {
							"post": {
								"vector": [-20, 0, 0]
							},
							"lerp_mode": "catmullrom"
						},
						"1.0833": {
							"post": {
								"vector": [-22.49907, 0.06664, 0.01238]
							},
							"lerp_mode": "catmullrom"
						},
						"1.4167": {
							"post": {
								"vector": [-7.49907, 0.06664, 0.01238]
							},
							"lerp_mode": "catmullrom"
						},
						"1.8333": {
							"post": {
								"vector": [-4.7499, 0.69081, -1.85032]
							},
							"lerp_mode": "catmullrom"
						},
						"2.0": {
							"post": {
								"vector": [0, 0, 0]
							},
							"lerp_mode": "catmullrom"
						}
					}
				},
				"Leg3": {
					"rotation": {
						"0.0": {
							"post": {
								"vector": [15, 0, 0]
							},
							"lerp_mode": "catmullrom"
						},
						"0.5": {
							"vector": [-20, 0, 0]
						},
						"1.0": {
							"vector": [0, 0, 0]
						},
						"1.5": {
							"pre": {
								"vector": [22.5, 0, 0]
							},
							"post": {
								"vector": [22.5, 0, 0]
							},
							"lerp_mode": "catmullrom"
						},
						"2.0": {
							"post": {
								"vector": [15, 0, 0]
							},
							"lerp_mode": "catmullrom"
						}
					}
				},
				"Boot3": {
					"rotation": {
						"0.0": {
							"post": {
								"vector": [0, 0, 0]
							},
							"lerp_mode": "catmullrom"
						},
						"0.25": {
							"post": {
								"vector": [10, 0, 0]
							},
							"lerp_mode": "catmullrom"
						},
						"0.5": {
							"post": {
								"vector": [-20, 0, 0]
							},
							"lerp_mode": "catmullrom"
						},
						"0.75": {
							"post": {
								"vector": [-5, 0, 0]
							},
							"lerp_mode": "catmullrom"
						},
						"1.0": {
							"post": {
								"vector": [0, 0, 0]
							},
							"lerp_mode": "catmullrom"
						},
						"1.25": {
							"post": {
								"vector": [-5, 0, 0]
							},
							"lerp_mode": "catmullrom"
						},
						"1.5": {
							"post": {
								"vector": [-20, 0, 0]
							},
							"lerp_mode": "catmullrom"
						},
						"1.75": {
							"post": {
								"vector": [0, 0, 0]
							},
							"lerp_mode": "catmullrom"
						},
						"2.0": {
							"post": {
								"vector": [0, 0, 0]
							},
							"lerp_mode": "catmullrom"
						}
					}
				},
				"Head": {
					"rotation": {
						"vector": [0, 0, 0.01]
					}
				},
				"Right_t": {
					"rotation": {
						"0.0": {
							"post": {
								"vector": [0, 0, 5]
							},
							"lerp_mode": "catmullrom"
						},
						"0.25": {
							"post": {
								"vector": [0, 0, 2.5]
							},
							"lerp_mode": "catmullrom"
						},
						"0.5": {
							"post": {
								"vector": [0, 0, 5]
							},
							"lerp_mode": "catmullrom"
						},
						"1.0": {
							"post": {
								"vector": [0, 0, 10]
							},
							"lerp_mode": "catmullrom"
						},
						"1.25": {
							"post": {
								"vector": [0, 0, 5]
							},
							"lerp_mode": "catmullrom"
						},
						"1.5": {
							"post": {
								"vector": [0, 0, 7.5]
							},
							"lerp_mode": "catmullrom"
						},
						"2.0": {
							"post": {
								"vector": [0, 0, 5]
							},
							"lerp_mode": "catmullrom"
						}
					}
				},
				"Left_t": {
					"rotation": {
						"0.0": {
							"post": {
								"vector": [0, 0, -5]
							},
							"lerp_mode": "catmullrom"
						},
						"0.25": {
							"post": {
								"vector": [0, 0, -2.5]
							},
							"lerp_mode": "catmullrom"
						},
						"0.5": {
							"post": {
								"vector": [0, 0, -5]
							},
							"lerp_mode": "catmullrom"
						},
						"1.0": {
							"post": {
								"vector": [0, 0, -10]
							},
							"lerp_mode": "catmullrom"
						},
						"1.25": {
							"post": {
								"vector": [0, 0, -5]
							},
							"lerp_mode": "catmullrom"
						},
						"1.5": {
							"post": {
								"vector": [0, 0, -7.5]
							},
							"lerp_mode": "catmullrom"
						},
						"2.0": {
							"post": {
								"vector": [0, 0, -5]
							},
							"lerp_mode": "catmullrom"
						}
					}
				},
				"Rott": {
					"position": {
						"0.0": {
							"post": {
								"vector": [0, 0, 0]
							},
							"lerp_mode": "catmullrom"
						},
						"0.5": {
							"post": {
								"vector": [0, -2, 0]
							},
							"lerp_mode": "catmullrom"
						},
						"1.0": {
							"post": {
								"vector": [0, 0, 0]
							},
							"lerp_mode": "catmullrom"
						},
						"1.5": {
							"post": {
								"vector": [0, -2, 0]
							},
							"lerp_mode": "catmullrom"
						},
						"2.0": {
							"post": {
								"vector": [0, 0, 0]
							},
							"lerp_mode": "catmullrom"
						}
					}
				},
				"bone5": {
					"rotation": {
						"vector": [0, 0, 0.01]
					}
				},
				"Leftarm": {
					"rotation": {
						"0.0": {
							"post": {
								"vector": [0, 0, 2.5]
							},
							"lerp_mode": "catmullrom"
						},
						"0.5": {
							"post": {
								"vector": [0.91756, -4.48353, 4.75663]
							},
							"lerp_mode": "catmullrom"
						},
						"1.0": {
							"post": {
								"vector": [0, 0, 2.5]
							},
							"lerp_mode": "catmullrom"
						},
						"1.5": {
							"post": {
								"vector": [0.91756, -4.48353, 4.75663]
							},
							"lerp_mode": "catmullrom"
						},
						"2.0": {
							"post": {
								"vector": [0, 0, 2.5]
							},
							"lerp_mode": "catmullrom"
						}
					}
				},
				"Rightarm": {
					"rotation": {
						"0.0": {
							"post": {
								"vector": [0, 0, -2.5]
							},
							"lerp_mode": "catmullrom"
						},
						"0.5": {
							"post": {
								"vector": [0.91756, 4.48353, -4.75663]
							},
							"lerp_mode": "catmullrom"
						},
						"1.0": {
							"post": {
								"vector": [0, 0, -2.5]
							},
							"lerp_mode": "catmullrom"
						},
						"1.5": {
							"post": {
								"vector": [0.91756, 4.48353, -4.75663]
							},
							"lerp_mode": "catmullrom"
						},
						"2.0": {
							"post": {
								"vector": [0, 0, -2.5]
							},
							"lerp_mode": "catmullrom"
						}
					}
				},
				"bone6": {
					"rotation": {
						"0.0": {
							"vector": [-25, 0, 0]
						},
						"1.0": {
							"vector": [-12.614, -1.53295, -0.70909]
						},
						"2.0": {
							"vector": [-25, 0, 0]
						}
					}
				},
				"Rightleg": {
					"rotation": {
						"0.0": {
							"vector": [0, 0, 0]
						},
						"0.5": {
							"pre": {
								"vector": [27.5, 0, 0]
							},
							"post": {
								"vector": [27.5, 0, 0]
							},
							"lerp_mode": "catmullrom"
						},
						"1.0": {
							"post": {
								"vector": [-27.5, 0, 0]
							},
							"lerp_mode": "catmullrom"
						},
						"1.5": {
							"vector": [-30, 0, 0]
						},
						"2.0": {
							"vector": [0, 0, 0]
						}
					},
					"position": {
						"0.0": {
							"vector": [0, 0, 0]
						},
						"0.5": {
							"pre": {
								"vector": [0, -4, 0]
							},
							"post": {
								"vector": [0, -4, 0]
							},
							"lerp_mode": "catmullrom"
						},
						"1.0": {
							"post": {
								"vector": [0, 1, 0]
							},
							"lerp_mode": "catmullrom"
						},
						"1.5": {
							"vector": [0, -3, 0]
						},
						"2.0": {
							"vector": [0, 0, 0]
						}
					}
				},
				"bone10": {
					"rotation": {
						"0.0": {
							"vector": [2.5, 0, 0]
						},
						"0.5": {
							"pre": {
								"vector": [10, 0, 0]
							},
							"post": {
								"vector": [10, 0, 0]
							},
							"lerp_mode": "catmullrom"
						},
						"1.0": {
							"post": {
								"vector": [62.5, 0, 0]
							},
							"lerp_mode": "catmullrom"
						},
						"1.5": {
							"vector": [2.5, 0, 0]
						},
						"2.0": {
							"vector": [2.5, 0, 0]
						}
					}
				},
				"bone11": {
					"rotation": {
						"0.0": {
							"post": {
								"vector": [0, 0, 0]
							},
							"lerp_mode": "catmullrom"
						},
						"0.25": {
							"post": {
								"vector": [-17.5, 0, 0]
							},
							"lerp_mode": "catmullrom"
						},
						"0.4167": {
							"post": {
								"vector": [-30, 0, 0]
							},
							"lerp_mode": "catmullrom"
						},
						"0.6667": {
							"post": {
								"vector": [-22.5, 0, 0]
							},
							"lerp_mode": "catmullrom"
						},
						"0.8333": {
							"post": {
								"vector": [7.5, 0, 0]
							},
							"lerp_mode": "catmullrom"
						},
						"1.0833": {
							"post": {
								"vector": [12.5, 0, 0]
							},
							"lerp_mode": "catmullrom"
						},
						"1.25": {
							"post": {
								"vector": [5, 0, 0]
							},
							"lerp_mode": "catmullrom"
						},
						"1.4167": {
							"post": {
								"vector": [-15, 0, 0]
							},
							"lerp_mode": "catmullrom"
						},
						"1.6667": {
							"post": {
								"vector": [-2.5, 0, 0]
							},
							"lerp_mode": "catmullrom"
						},
						"2.0": {
							"post": {
								"vector": [0, 0, 0]
							},
							"lerp_mode": "catmullrom"
						}
					}
				},
				"Leftleg": {
					"rotation": {
						"0.0": {
							"post": {
								"vector": [-27.5, 0, 0]
							},
							"lerp_mode": "catmullrom"
						},
						"0.5": {
							"vector": [-30, 0, 0]
						},
						"1.0": {
							"vector": [0, 0, 0]
						},
						"1.5": {
							"pre": {
								"vector": [27.5, 0, 0]
							},
							"post": {
								"vector": [27.5, 0, 0]
							},
							"lerp_mode": "catmullrom"
						},
						"2.0": {
							"post": {
								"vector": [-27.5, 0, 0]
							},
							"lerp_mode": "catmullrom"
						}
					},
					"position": {
						"0.0": {
							"post": {
								"vector": [0, 1, 0]
							},
							"lerp_mode": "catmullrom"
						},
						"0.5": {
							"vector": [0, -3, 0]
						},
						"1.0": {
							"vector": [0, 0, 0]
						},
						"1.5": {
							"pre": {
								"vector": [0, -4, 0]
							},
							"post": {
								"vector": [0, -4, 0]
							},
							"lerp_mode": "catmullrom"
						},
						"2.0": {
							"post": {
								"vector": [0, 1, 0]
							},
							"lerp_mode": "catmullrom"
						}
					}
				},
				"bone2": {
					"rotation": {
						"0.0": {
							"post": {
								"vector": [62.5, 0, 0]
							},
							"lerp_mode": "catmullrom"
						},
						"0.5": {
							"vector": [2.5, 0, 0]
						},
						"1.0": {
							"vector": [2.5, 0, 0]
						},
						"1.5": {
							"pre": {
								"vector": [10, 0, 0]
							},
							"post": {
								"vector": [10, 0, 0]
							},
							"lerp_mode": "catmullrom"
						},
						"2.0": {
							"post": {
								"vector": [62.5, 0, 0]
							},
							"lerp_mode": "catmullrom"
						}
					}
				},
				"bone4": {
					"rotation": {
						"0.0": {
							"post": {
								"vector": [25, 0, 0]
							},
							"lerp_mode": "catmullrom"
						},
						"0.1667": {
							"post": {
								"vector": [10, 0, 0]
							},
							"lerp_mode": "catmullrom"
						},
						"0.3333": {
							"post": {
								"vector": [-15, 0, 0]
							},
							"lerp_mode": "catmullrom"
						},
						"0.5833": {
							"post": {
								"vector": [-20, 0, 0]
							},
							"lerp_mode": "catmullrom"
						},
						"0.75": {
							"post": {
								"vector": [-10, 0, 0]
							},
							"lerp_mode": "catmullrom"
						},
						"1.0833": {
							"post": {
								"vector": [-5, 0, 0]
							},
							"lerp_mode": "catmullrom"
						},
						"1.3333": {
							"post": {
								"vector": [-27.5, 0, 0]
							},
							"lerp_mode": "catmullrom"
						},
						"1.5": {
							"post": {
								"vector": [-33.33, 0, 0]
							},
							"lerp_mode": "catmullrom"
						},
						"1.5833": {
							"post": {
								"vector": [-10, 0, 0]
							},
							"lerp_mode": "catmullrom"
						},
						"1.6667": {
							"post": {
								"vector": [-22.5, 0, 0]
							},
							"lerp_mode": "catmullrom"
						},
						"2.0": {
							"post": {
								"vector": [25, 0, 0]
							},
							"lerp_mode": "catmullrom"
						}
					}
				}
			},
			"sound_effects": {
				"0.0": {
					"effect": "walk"
				},
				"1.1667": {
					"effect": "walk"
				}
			}
		},
		"animation.gojidraw_titan_clock_man.roar": {
			"animation_length": 0.75,
			"bones": {
				"Rott": {
					"position": {
						"vector": [0, -2, 0]
					}
				},
				"body": {
					"rotation": {
						"vector": [-7.5, 0, 0]
					}
				},
				"bone5": {
					"rotation": {
						"vector": [-10, 0, 0]
					}
				},
				"Leftarm": {
					"rotation": {
						"0.0": {
							"vector": [-7.44111, 1.31702, 14.94251]
						},
						"0.75": {
							"vector": [-7.44, 1.32, 14.94]
						}
					}
				},
				"bone3": {
					"rotation": {
						"vector": [-65.78131, 8.22004, -51.99411]
					}
				},
				"Rightarm": {
					"rotation": {
						"vector": [-7.44111, -1.31702, -14.94251]
					}
				},
				"bone6": {
					"rotation": {
						"vector": [-65.78131, -8.22004, 51.99411]
					}
				},
				"Rightleg": {
					"rotation": {
						"vector": [0, 0, -10]
					}
				},
				"bone10": {
					"rotation": {
						"vector": [0.79352, 0.38203, 0.08077]
					}
				},
				"bone11": {
					"rotation": {
						"vector": [0, 0, 7.5]
					}
				},
				"Leftleg": {
					"rotation": {
						"vector": [0, 0, 10]
					}
				},
				"bone2": {
					"rotation": {
						"vector": [0.79352, -0.38203, -0.08077]
					}
				},
				"bone4": {
					"rotation": {
						"vector": [0, 0, -7.5]
					}
				}
			}
		},
		"animation.gojidraw_titan_clock_man.attack2": {
			"animation_length": 1,
			"bones": {
				"body": {
					"rotation": {
						"0.0": {
							"post": {
								"vector": [0, 0, 0]
							},
							"lerp_mode": "catmullrom"
						},
						"0.25": {
							"post": {
								"vector": [8.33, 23.33, 0]
							},
							"lerp_mode": "catmullrom"
						},
						"0.375": {
							"post": {
								"vector": [6.66, -16.34, 0]
							},
							"lerp_mode": "catmullrom"
						},
						"0.6667": {
							"post": {
								"vector": [6.66, -16.34, 0]
							},
							"lerp_mode": "catmullrom"
						},
						"1.0": {
							"post": {
								"vector": [0, 0, 0]
							},
							"lerp_mode": "catmullrom"
						}
					}
				},
				"body2": {
					"rotation": {
						"0.0": {
							"post": {
								"vector": [0, 0, 0]
							},
							"lerp_mode": "catmullrom"
						},
						"0.0833": {
							"post": {
								"vector": [0, 5, 0]
							},
							"lerp_mode": "catmullrom"
						},
						"0.2083": {
							"post": {
								"vector": [0, 13.93, 0]
							},
							"lerp_mode": "catmullrom"
						},
						"0.3333": {
							"post": {
								"vector": [0, 17.63, 0]
							},
							"lerp_mode": "catmullrom"
						},
						"0.4167": {
							"post": {
								"vector": [0, -16.78, 0]
							},
							"lerp_mode": "catmullrom"
						},
						"0.5833": {
							"post": {
								"vector": [0, -16.78, 0]
							},
							"lerp_mode": "catmullrom"
						},
						"1.0": {
							"post": {
								"vector": [0, 0, 0]
							},
							"lerp_mode": "catmullrom"
						}
					}
				},
				"Leftarm": {
					"rotation": {
						"0.0": {
							"post": {
								"vector": [0, 0, 0]
							},
							"lerp_mode": "catmullrom"
						},
						"0.1667": {
							"post": {
								"vector": [70.62, -20, 29.84]
							},
							"lerp_mode": "catmullrom"
						},
						"0.375": {
							"post": {
								"vector": [-72.5, -10, 17.5]
							},
							"lerp_mode": "catmullrom"
						},
						"0.6667": {
							"post": {
								"vector": [-72.5, -40, 17.5]
							},
							"lerp_mode": "catmullrom"
						},
						"1.0": {
							"post": {
								"vector": [0, 0, 0]
							},
							"lerp_mode": "catmullrom"
						}
					}
				},
				"bone3": {
					"rotation": {
						"0.0": {
							"post": {
								"vector": [0, 0, 0]
							},
							"lerp_mode": "catmullrom"
						},
						"0.1667": {
							"post": {
								"vector": [-51.02, 2.5, 0]
							},
							"lerp_mode": "catmullrom"
						},
						"0.375": {
							"post": {
								"vector": [-37.05, -55, 0]
							},
							"lerp_mode": "catmullrom"
						},
						"0.6667": {
							"post": {
								"vector": [-37.05, -55, 0]
							},
							"lerp_mode": "catmullrom"
						},
						"1.0": {
							"post": {
								"vector": [0, 0, 0]
							},
							"lerp_mode": "catmullrom"
						}
					}
				},
				"bone": {
					"rotation": {
						"0.0": {
							"post": {
								"vector": [0, 0, 0]
							},
							"lerp_mode": "catmullrom"
						},
						"0.1667": {
							"post": {
								"vector": [-22.5, 0, 0]
							},
							"lerp_mode": "catmullrom"
						},
						"0.3333": {
							"post": {
								"vector": [-32.5, 0, 0]
							},
							"lerp_mode": "catmullrom"
						},
						"0.5833": {
							"post": {
								"vector": [7.19, 0, 0]
							},
							"lerp_mode": "catmullrom"
						},
						"0.7917": {
							"post": {
								"vector": [0, 0, 0]
							},
							"lerp_mode": "catmullrom"
						}
					}
				},
				"Rightarm": {
					"rotation": {
						"0.0": {
							"post": {
								"vector": [0, 0, 0]
							},
							"lerp_mode": "catmullrom"
						},
						"0.1667": {
							"post": {
								"vector": [10, 0, -15]
							},
							"lerp_mode": "catmullrom"
						},
						"0.3333": {
							"post": {
								"vector": [16.67, 0, -10]
							},
							"lerp_mode": "catmullrom"
						},
						"0.5833": {
							"post": {
								"vector": [20.42, 0, -6.25]
							},
							"lerp_mode": "catmullrom"
						},
						"0.7917": {
							"post": {
								"vector": [0, 0, 0]
							},
							"lerp_mode": "catmullrom"
						}
					}
				},
				"bone6": {
					"rotation": {
						"0.0": {
							"post": {
								"vector": [0, 0, 0]
							},
							"lerp_mode": "catmullrom"
						},
						"0.1667": {
							"post": {
								"vector": [-22.5, 0, 0]
							},
							"lerp_mode": "catmullrom"
						},
						"0.3333": {
							"post": {
								"vector": [-32.5, 0, 0]
							},
							"lerp_mode": "catmullrom"
						},
						"0.5833": {
							"post": {
								"vector": [7.19, 0, 0]
							},
							"lerp_mode": "catmullrom"
						},
						"0.7917": {
							"post": {
								"vector": [0, 0, 0]
							},
							"lerp_mode": "catmullrom"
						}
					}
				}
			}
		},
		"animation.gojidraw_titan_clock_man.attackshoot": {
			"animation_length": 1,
			"bones": {
				"body": {
					"rotation": {
						"0.0": {
							"post": {
								"vector": [0, 0, 0]
							},
							"lerp_mode": "catmullrom"
						},
						"0.25": {
							"post": {
								"vector": [2.5, 0, 0]
							},
							"lerp_mode": "catmullrom"
						},
						"0.375": {
							"post": {
								"vector": [0, 0, 0]
							},
							"lerp_mode": "catmullrom"
						},
						"0.5": {
							"post": {
								"vector": [2.5, 0, 0]
							},
							"lerp_mode": "catmullrom"
						},
						"0.75": {
							"post": {
								"vector": [-2.5, 0, 0]
							},
							"lerp_mode": "catmullrom"
						},
						"1.0": {
							"post": {
								"vector": [0, 0, 0]
							},
							"lerp_mode": "catmullrom"
						}
					}
				},
				"Leftarm": {
					"rotation": {
						"0.0": {
							"post": {
								"vector": [0, 0, 0]
							},
							"lerp_mode": "catmullrom"
						},
						"0.25": {
							"post": {
								"vector": [-54.38034, 6.6782, 10.59061]
							},
							"lerp_mode": "catmullrom"
						},
						"0.375": {
							"post": {
								"vector": [-34.38034, 6.6782, 10.59061]
							},
							"lerp_mode": "catmullrom"
						},
						"0.5": {
							"post": {
								"vector": [-54.38034, 6.6782, 10.59061]
							},
							"lerp_mode": "catmullrom"
						},
						"0.75": {
							"post": {
								"vector": [0, 0, 7.5]
							},
							"lerp_mode": "catmullrom"
						},
						"1.0": {
							"post": {
								"vector": [0, 0, 0]
							},
							"lerp_mode": "catmullrom"
						}
					},
					"position": {
						"vector": [0, 0, 0]
					}
				},
				"bone3": {
					"rotation": {
						"0.0": {
							"post": {
								"vector": [0, 0, 0]
							},
							"lerp_mode": "catmullrom"
						},
						"0.25": {
							"post": {
								"vector": [-37.5, 0, 0]
							},
							"lerp_mode": "catmullrom"
						},
						"0.375": {
							"post": {
								"vector": [-60, 0, 0]
							},
							"lerp_mode": "catmullrom"
						},
						"0.5": {
							"post": {
								"vector": [-37.5, 0, 0]
							},
							"lerp_mode": "catmullrom"
						},
						"0.75": {
							"post": {
								"vector": [-55, 0, 0]
							},
							"lerp_mode": "catmullrom"
						},
						"1.0": {
							"post": {
								"vector": [0, 0, 0]
							},
							"lerp_mode": "catmullrom"
						}
					}
				},
				"bone": {
					"rotation": {
						"0.0": {
							"post": {
								"vector": [0, 0, 0]
							},
							"lerp_mode": "catmullrom"
						},
						"0.25": {
							"post": {
								"vector": [-37.5, 0, 0]
							},
							"lerp_mode": "catmullrom"
						},
						"0.375": {
							"post": {
								"vector": [-60, 0, 0]
							},
							"lerp_mode": "catmullrom"
						},
						"0.5": {
							"post": {
								"vector": [-37.5, 0, 0]
							},
							"lerp_mode": "catmullrom"
						},
						"0.75": {
							"post": {
								"vector": [-55, 0, 0]
							},
							"lerp_mode": "catmullrom"
						},
						"1.0": {
							"post": {
								"vector": [0, 0, 0]
							},
							"lerp_mode": "catmullrom"
						}
					}
				}
			}
		}
	},
	"geckolib_format_version": 2
}